ISO-10303-21;
HEADER;
FILE_DESCRIPTION(('Open CASCADE Model'),'2;1');
FILE_NAME('Open CASCADE Shape Model','2026-10-03T14:30:28',('Author'),(
    'Open CASCADE'),'Open CASCADE STEP processor 8.0','build123d',
  'Unknown');
FILE_SCHEMA(('AUTOMOTIVE_DESIGN { 1 0 10303 214 1 1 1 1 }'));
ENDSEC;
DATA;
#1 = APPLICATION_PROTOCOL_DEFINITION('international standard',
  'automotive_design',2000,#2);
#2 = APPLICATION_CONTEXT(
  'core data for automotive mechanical design processes');
#3 = SHAPE_DEFINITION_REPRESENTATION(#4,#10);
#4 = PRODUCT_DEFINITION_SHAPE('','',#5);
#5 = PRODUCT_DEFINITION('design','',#6,#9);
#6 = PRODUCT_DEFINITION_FORMATION('','',#7);
#7 = PRODUCT('COMPOUND','COMPOUND','',(#8));
#8 = PRODUCT_CONTEXT('',#2,'mechanical');
#9 = PRODUCT_DEFINITION_CONTEXT('part definition',#2,'design');
#10 = SHAPE_REPRESENTATION('',(#11,#15,#2542,#3618),#3800);
#11 = AXIS2_PLACEMENT_3D('',#12,#13,#14);
#12 = CARTESIAN_POINT('',(0.,0.,0.));
#13 = DIRECTION('',(0.,0.,1.));
#14 = DIRECTION('',(1.,0.,-0.));
#15 = MANIFOLD_SOLID_BREP('',#16);
#16 = CLOSED_SHELL('',(#17,#2142,#2186,#2213,#2240,#2264,#2290,#2295,
    #2370,#2397,#2424,#2479,#2534,#2538));
#17 = ADVANCED_FACE('',(#18,#1227,#1484,#1690,#1888),#31,.F.);
#18 = FACE_BOUND('',#19,.F.);
#19 = EDGE_LOOP('',(#20,#200,#372,#394,#545,#579,#730,#757,#928,#950,
    #1075,#1104));
#20 = ORIENTED_EDGE('',*,*,#21,.F.);
#21 = EDGE_CURVE('',#22,#24,#26,.T.);
#22 = VERTEX_POINT('',#23);
#23 = CARTESIAN_POINT('',(637.,70.,320.3906));
#24 = VERTEX_POINT('',#25);
#25 = CARTESIAN_POINT('',(614.57627118644,700.,320.35023728813));
#26 = SURFACE_CURVE('',#27,(#30,#188),.PCURVE_S1.);
#27 = B_SPLINE_CURVE_WITH_KNOTS('',1,(#28,#29),.UNSPECIFIED.,.F.,.F.,(2,
    2),(0.,1.),.PIECEWISE_BEZIER_KNOTS.);
#28 = CARTESIAN_POINT('',(637.,70.,320.3906));
#29 = CARTESIAN_POINT('',(595.,1.25E+03,320.315));
#30 = PCURVE('',#31,#182);
#31 = B_SPLINE_SURFACE_WITH_KNOTS('',3,1,(
    (#32,#33)
    ,(#34,#35)
    ,(#36,#37)
    ,(#38,#39)
    ,(#40,#41)
    ,(#42,#43)
    ,(#44,#45)
    ,(#46,#47)
    ,(#48,#49)
    ,(#50,#51)
    ,(#52,#53)
    ,(#54,#55)
    ,(#56,#57)
    ,(#58,#59)
    ,(#60,#61)
    ,(#62,#63)
    ,(#64,#65)
    ,(#66,#67)
    ,(#68,#69)
    ,(#70,#71)
    ,(#72,#73)
    ,(#74,#75)
    ,(#76,#77)
    ,(#78,#79)
    ,(#80,#81)
    ,(#82,#83)
    ,(#84,#85)
    ,(#86,#87)
    ,(#88,#89)
    ,(#90,#91)
    ,(#92,#93)
    ,(#94,#95)
    ,(#96,#97)
    ,(#98,#99)
    ,(#100,#101)
    ,(#102,#103)
    ,(#104,#105)
    ,(#106,#107)
    ,(#108,#109)
    ,(#110,#111)
    ,(#112,#113)
    ,(#114,#115)
    ,(#116,#117)
    ,(#118,#119)
    ,(#120,#121)
    ,(#122,#123)
    ,(#124,#125)
    ,(#126,#127)
    ,(#128,#129)
    ,(#130,#131)
    ,(#132,#133)
    ,(#134,#135)
    ,(#136,#137)
    ,(#138,#139)
    ,(#140,#141)
    ,(#142,#143)
    ,(#144,#145)
    ,(#146,#147)
    ,(#148,#149)
    ,(#150,#151)
    ,(#152,#153)
    ,(#154,#155)
    ,(#156,#157)
    ,(#158,#159)
    ,(#160,#161)
    ,(#162,#163)
    ,(#164,#165)
    ,(#166,#167)
    ,(#168,#169)
    ,(#170,#171)
    ,(#172,#173)
    ,(#174,#175)
    ,(#176,#177)
    ,(#178,#179)
    ,(#180,#181
    )),.UNSPECIFIED.,.F.,.F.,.F.,(4,1,1,1,1,1,1,1,1,1,1,1,1,1,1,1,1,1,1,
    1,1,1,1,1,1,1,1,1,1,1,1,1,1,1,1,1,1,1,1,1,1,1,1,1,1,1,1,1,1,1,1,1,1,
    1,1,1,1,1,1,1,1,1,1,1,1,1,1,1,1,1,1,1,4),(2,2),(0.,0.602290749098,
    2.404195163889,5.390877787599,9.53783502204,14.811212941833,
    21.168224102279,28.557640970919,36.920344055938,46.189906318227,
    56.293201092913,67.151027277369,78.678751723806,90.786973582017,
    103.38221809289,116.36766772157,129.6439365401,143.1098896733,
    156.66350387727,170.20275863774,183.62654054901,196.83492362716,
    209.7314800419,222.22642362058,234.23415066751,245.67355320591,
    256.46841102628,266.54780885286,275.84668307948,284.30665462902,
    291.87739662659,298.51898314587,304.20614048882,308.93654449672,
    312.74854244333,315.7613401055,318.25492686834,320.63433219259,
    323.37208263219,326.84797765483,331.23690438694,336.60393347605,
    342.96065549783,350.28935173098,358.55356141965,367.70317019168,
    377.67717891754,388.40544688503,399.80998173333,411.80604409517,
    424.30319201548,437.20631608177,450.4168130167,463.83570926025,
    477.36134178096,490.89027054637,504.31890209268,517.54440021883,
    530.4655488931,542.98356380876,555.00285345793,566.43173302487,
    577.18309496217,587.17503935172,596.33146572971,604.58262650798,
    611.86564072992,618.12496569667,623.31282290334,627.3895736743,
    630.32403895349,632.09375710227,632.68517356591),(0.,1.),
  .UNSPECIFIED.);
#32 = CARTESIAN_POINT('',(637.,70.,320.3906));
#33 = CARTESIAN_POINT('',(595.,1.25E+03,320.315));
#34 = CARTESIAN_POINT('',(636.80340329614,70.,320.43129092769));
#35 = CARTESIAN_POINT('',(594.84145427108,1.25E+03,320.34781526427));
#36 = CARTESIAN_POINT('',(636.01859583381,70.,320.59351509148));
#37 = CARTESIAN_POINT('',(594.20854502726,1.25E+03,320.4786412028));
#38 = CARTESIAN_POINT('',(634.25846185191,70.,320.9554453979));
#39 = CARTESIAN_POINT('',(592.78908213864,1.25E+03,320.77052048217));
#40 = CARTESIAN_POINT('',(631.33976128673,70.,321.54937835448));
#41 = CARTESIAN_POINT('',(590.43529136026,1.25E+03,321.24949867297));
#42 = CARTESIAN_POINT('',(627.28466444295,70.,322.36181111259));
#43 = CARTESIAN_POINT('',(587.16505197012,1.25E+03,321.90468638112));
#44 = CARTESIAN_POINT('',(622.12398210385,70.,323.37464352801));
#45 = CARTESIAN_POINT('',(583.00321137407,1.25E+03,322.72148671614));
#46 = CARTESIAN_POINT('',(615.89693789864,70.,324.56588666272));
#47 = CARTESIAN_POINT('',(577.98140153116,1.25E+03,323.68216666348));
#48 = CARTESIAN_POINT('',(608.65087619432,70.,325.91045121194));
#49 = CARTESIAN_POINT('',(572.13780338252,1.25E+03,324.76649291285));
#50 = CARTESIAN_POINT('',(600.44090661875,70.,327.38094578503));
#51 = CARTESIAN_POINT('',(565.51686017641,1.25E+03,325.95237563308));
#52 = CARTESIAN_POINT('',(591.3294871818,70.,328.94842038065));
#53 = CARTESIAN_POINT('',(558.16894127564,1.25E+03,327.21646804891));
#54 = CARTESIAN_POINT('',(581.38594886419,70.,330.58300384588));
#55 = CARTESIAN_POINT('',(550.14995876144,1.25E+03,328.53468052087));
#56 = CARTESIAN_POINT('',(570.68596544341,70.,332.25440394257));
#57 = CARTESIAN_POINT('',(541.52093987372,1.25E+03,329.88258382465));
#58 = CARTESIAN_POINT('',(559.31097312536,70.,333.93226231701));
#59 = CARTESIAN_POINT('',(532.34755897206,1.25E+03,331.23569541694));
#60 = CARTESIAN_POINT('',(547.3475451199,70.,335.5863803047));
#61 = CARTESIAN_POINT('',(522.69963316121,1.25E+03,332.56966153604));
#62 = CARTESIAN_POINT('',(534.88672697412,70.,337.18685466412));
#63 = CARTESIAN_POINT('',(512.65058626945,1.25E+03,333.86036666462));
#64 = CARTESIAN_POINT('',(522.02333789217,70.,338.70417048247));
#65 = CARTESIAN_POINT('',(502.27688539691,1.25E+03,335.0840084536));
#66 = CARTESIAN_POINT('',(508.85524692586,70.,340.10933492597));
#67 = CARTESIAN_POINT('',(491.65745719828,1.25E+03,336.21720558546));
#68 = CARTESIAN_POINT('',(495.48261949529,70.,341.3740213838));
#69 = CARTESIAN_POINT('',(480.87308023814,1.25E+03,337.23711401919));
#70 = CARTESIAN_POINT('',(482.00718125208,70.,342.47111225802));
#71 = CARTESIAN_POINT('',(470.00579133232,1.25E+03,338.12186472421));
#72 = CARTESIAN_POINT('',(468.53135062732,70.,343.37438198446));
#73 = CARTESIAN_POINT('',(459.13818598977,1.25E+03,338.85030805198));
#74 = CARTESIAN_POINT('',(455.15802696957,70.,344.06211583922));
#75 = CARTESIAN_POINT('',(448.35324755611,1.25E+03,339.4049321284));
#76 = CARTESIAN_POINT('',(441.98822273449,70.,344.50695611486));
#77 = CARTESIAN_POINT('',(437.73243768911,1.25E+03,339.76367428618));
#78 = CARTESIAN_POINT('',(429.12046813463,70.,344.60914772089));
#79 = CARTESIAN_POINT('',(427.3552162376,1.25E+03,339.84608687169));
#80 = CARTESIAN_POINT('',(416.65463628733,70.,344.38010644151));
#81 = CARTESIAN_POINT('',(417.30212603817,1.25E+03,339.66137616251));
#82 = CARTESIAN_POINT('',(404.68539323603,70.,343.81758148844));
#83 = CARTESIAN_POINT('',(407.64951067422,1.25E+03,339.20772700681));
#84 = CARTESIAN_POINT('',(393.30383815592,70.,342.93246755051));
#85 = CARTESIAN_POINT('',(398.47083722252,1.25E+03,338.49392544396));
#86 = CARTESIAN_POINT('',(382.59645930631,70.,341.74198637041));
#87 = CARTESIAN_POINT('',(389.83585427928,1.25E+03,337.53385997614));
#88 = CARTESIAN_POINT('',(372.64448934565,70.,340.27101202311));
#89 = CARTESIAN_POINT('',(381.81007205294,1.25E+03,336.34759034122));
#90 = CARTESIAN_POINT('',(363.52315903192,70.,338.55082364881));
#91 = CARTESIAN_POINT('',(374.45416050961,1.25E+03,334.96034165226));
#92 = CARTESIAN_POINT('',(355.30091105374,70.,336.61798358786));
#93 = CARTESIAN_POINT('',(367.82331536592,1.25E+03,333.40159966763));
#94 = CARTESIAN_POINT('',(348.03862230261,70.,334.51267154907));
#95 = CARTESIAN_POINT('',(361.9666308892,1.25E+03,331.70376737828));
#96 = CARTESIAN_POINT('',(341.78817854327,70.,332.27671027268));
#97 = CARTESIAN_POINT('',(356.92595043812,1.25E+03,329.90057280054));
#98 = CARTESIAN_POINT('',(336.59152761053,70.,329.95078205774));
#99 = CARTESIAN_POINT('',(352.73510291172,1.25E+03,328.02482424012));
#100 = CARTESIAN_POINT('',(332.47485236443,70.,327.57034859574));
#101 = CARTESIAN_POINT('',(349.4152035197,1.25E+03,326.10511983528));
#102 = CARTESIAN_POINT('',(329.45100632855,70.,325.15333729453));
#103 = CARTESIAN_POINT('',(346.97661800689,1.25E+03,324.155917173));
#104 = CARTESIAN_POINT('',(327.50675230479,70.,322.6717576955));
#105 = CARTESIAN_POINT('',(345.40867121354,1.25E+03,322.15464330282));
#106 = CARTESIAN_POINT('',(326.77702796178,70.,320.04231483052));
#107 = CARTESIAN_POINT('',(344.82018384015,1.25E+03,320.03412486333));
#108 = CARTESIAN_POINT('',(327.46569209681,70.,317.47928191673));
#109 = CARTESIAN_POINT('',(345.37555814258,1.25E+03,317.96716283607));
#110 = CARTESIAN_POINT('',(329.4591630426,70.,315.32248953036));
#111 = CARTESIAN_POINT('',(346.98319600209,1.25E+03,316.22781413738));
#112 = CARTESIAN_POINT('',(332.50661910615,70.,313.48949954803));
#113 = CARTESIAN_POINT('',(349.4408218598,1.25E+03,314.7495964097));
#114 = CARTESIAN_POINT('',(336.63113951075,70.,311.88637587299));
#115 = CARTESIAN_POINT('',(352.76704799254,1.25E+03,313.45675473628));
#116 = CARTESIAN_POINT('',(341.82820200732,70.,310.50480267368));
#117 = CARTESIAN_POINT('',(356.95822742526,1.25E+03,312.34258280135));
#118 = CARTESIAN_POINT('',(348.07669474647,70.,309.34459996751));
#119 = CARTESIAN_POINT('',(361.99733447295,1.25E+03,311.40693545767));
#120 = CARTESIAN_POINT('',(355.33585946921,70.,308.40884778141));
#121 = CARTESIAN_POINT('',(367.85149957194,1.25E+03,310.65229659791));
#122 = CARTESIAN_POINT('',(363.55435724922,70.,307.6962514395));
#123 = CARTESIAN_POINT('',(374.47932036227,1.25E+03,310.07762212863));
#124 = CARTESIAN_POINT('',(372.67142010936,70.,307.20122419075));
#125 = CARTESIAN_POINT('',(381.83179041077,1.25E+03,309.67840660545));
#126 = CARTESIAN_POINT('',(382.61870105054,70.,306.91303510655));
#127 = CARTESIAN_POINT('',(389.85379116979,1.25E+03,309.44599605367));
#128 = CARTESIAN_POINT('',(393.32107682007,70.,306.81595892845));
#129 = CARTESIAN_POINT('',(398.48473937102,1.25E+03,309.36770881327));
#130 = CARTESIAN_POINT('',(404.69747746548,70.,306.88947157774));
#131 = CARTESIAN_POINT('',(407.65925602055,1.25E+03,309.42699320785));
#132 = CARTESIAN_POINT('',(416.66157505078,70.,307.10937959386));
#133 = CARTESIAN_POINT('',(417.30772181514,1.25E+03,309.60433838215));
#134 = CARTESIAN_POINT('',(429.12256478583,70.,307.44708546485));
#135 = CARTESIAN_POINT('',(427.35690708535,1.25E+03,309.87668182649));
#136 = CARTESIAN_POINT('',(441.98564687791,70.,307.87763194959));
#137 = CARTESIAN_POINT('',(437.73036038541,1.25E+03,310.22389673354));
#138 = CARTESIAN_POINT('',(455.15457720612,70.,308.35450978013));
#139 = CARTESIAN_POINT('',(448.35046548881,1.25E+03,310.60847562914));
#140 = CARTESIAN_POINT('',(468.52705491288,70.,308.93640486547));
#141 = CARTESIAN_POINT('',(459.13472170394,1.25E+03,311.07774585925));
#142 = CARTESIAN_POINT('',(482.0016430931,70.,309.60593381352));
#143 = CARTESIAN_POINT('',(470.00132507508,1.25E+03,311.61768855929));
#144 = CARTESIAN_POINT('',(495.47620538952,70.,310.3380092562));
#145 = CARTESIAN_POINT('',(480.86790757219,1.25E+03,312.2080719808));
#146 = CARTESIAN_POINT('',(508.84821542118,70.,311.11168093457));
#147 = CARTESIAN_POINT('',(491.65178662998,1.25E+03,312.83200075369));
#148 = CARTESIAN_POINT('',(522.01594563162,70.,311.90771854407));
#149 = CARTESIAN_POINT('',(502.27092389647,1.25E+03,313.4739665678));
#150 = CARTESIAN_POINT('',(534.87919486987,70.,312.7097089231));
#151 = CARTESIAN_POINT('',(512.64451199183,1.25E+03,314.1207330025));
#152 = CARTESIAN_POINT('',(547.34006798916,70.,313.50386383375));
#153 = CARTESIAN_POINT('',(522.69360321706,1.25E+03,314.76118051109));
#154 = CARTESIAN_POINT('',(559.30372187257,70.,314.27886493502));
#155 = CARTESIAN_POINT('',(532.34171118755,1.25E+03,315.38618139921));
#156 = CARTESIAN_POINT('',(570.67909234444,70.,315.02546431044));
#157 = CARTESIAN_POINT('',(541.51539705196,1.25E+03,315.9882776697));
#158 = CARTESIAN_POINT('',(581.37959051197,70.,315.73600337522));
#159 = CARTESIAN_POINT('',(550.14483105804,1.25E+03,316.56129304453));
#160 = CARTESIAN_POINT('',(591.32376445958,70.,316.40390514524));
#161 = CARTESIAN_POINT('',(558.16432617708,1.25E+03,317.09992350423));
#162 = CARTESIAN_POINT('',(600.43592093418,70.,317.02321822193));
#163 = CARTESIAN_POINT('',(565.51283946305,1.25E+03,317.59936953382));
#164 = CARTESIAN_POINT('',(608.64670251311,70.,317.58826929926));
#165 = CARTESIAN_POINT('',(572.13443751058,1.25E+03,318.0550558865));
#166 = CARTESIAN_POINT('',(615.89361596277,70.,318.09346219713));
#167 = CARTESIAN_POINT('',(577.97872255062,1.25E+03,318.46246951381));
#168 = CARTESIAN_POINT('',(622.12150783137,70.,318.53323684413));
#169 = CARTESIAN_POINT('',(583.00121599304,1.25E+03,318.8171264872));
#170 = CARTESIAN_POINT('',(627.28298366275,70.,318.90217744599));
#171 = CARTESIAN_POINT('',(587.16369650221,1.25E+03,319.11465923063));
#172 = CARTESIAN_POINT('',(631.33876766058,70.,319.19523776833));
#173 = CARTESIAN_POINT('',(590.43449004885,1.25E+03,319.35099820027));
#174 = CARTESIAN_POINT('',(634.25800015901,70.,319.40803600327));
#175 = CARTESIAN_POINT('',(592.78870980565,1.25E+03,319.52260968006));
#176 = CARTESIAN_POINT('',(636.01847085601,70.,319.53716370946));
#177 = CARTESIAN_POINT('',(594.20844423871,1.25E+03,319.62674492698));
#178 = CARTESIAN_POINT('',(636.8033935894,70.,319.59492125182));
#179 = CARTESIAN_POINT('',(594.84144644306,1.25E+03,319.67332359018));
#180 = CARTESIAN_POINT('',(637.,70.,319.6094));
#181 = CARTESIAN_POINT('',(595.,1.25E+03,319.685));
#182 = DEFINITIONAL_REPRESENTATION('',(#183),#187);
#183 = LINE('',#184,#185);
#184 = CARTESIAN_POINT('',(0.,0.));
#185 = VECTOR('',#186,1.);
#186 = DIRECTION('',(0.,1.));
#187 = ( GEOMETRIC_REPRESENTATION_CONTEXT(2) 
PARAMETRIC_REPRESENTATION_CONTEXT() REPRESENTATION_CONTEXT('2D SPACE',''
  ) );
#188 = PCURVE('',#189,#194);
#189 = B_SPLINE_SURFACE_WITH_KNOTS('',1,1,(
    (#190,#191)
    ,(#192,#193
    )),.UNSPECIFIED.,.F.,.F.,.F.,(2,2),(2,2),(0.,0.7812),(0.,1.),
  .PIECEWISE_BEZIER_KNOTS.);
#190 = CARTESIAN_POINT('',(637.,70.,319.6094));
#191 = CARTESIAN_POINT('',(595.,1.25E+03,319.685));
#192 = CARTESIAN_POINT('',(637.,70.,320.3906));
#193 = CARTESIAN_POINT('',(595.,1.25E+03,320.315));
#194 = DEFINITIONAL_REPRESENTATION('',(#195),#199);
#195 = LINE('',#196,#197);
#196 = CARTESIAN_POINT('',(0.7812,0.));
#197 = VECTOR('',#198,1.);
#198 = DIRECTION('',(0.,1.));
#199 = ( GEOMETRIC_REPRESENTATION_CONTEXT(2) 
PARAMETRIC_REPRESENTATION_CONTEXT() REPRESENTATION_CONTEXT('2D SPACE',''
  ) );
#200 = ORIENTED_EDGE('',*,*,#201,.T.);
#201 = EDGE_CURVE('',#22,#202,#204,.T.);
#202 = VERTEX_POINT('',#203);
#203 = CARTESIAN_POINT('',(637.,70.,319.6094));
#204 = SURFACE_CURVE('',#205,(#281,#288),.PCURVE_S1.);
#205 = B_SPLINE_CURVE_WITH_KNOTS('',3,(#206,#207,#208,#209,#210,#211,
    #212,#213,#214,#215,#216,#217,#218,#219,#220,#221,#222,#223,#224,
    #225,#226,#227,#228,#229,#230,#231,#232,#233,#234,#235,#236,#237,
    #238,#239,#240,#241,#242,#243,#244,#245,#246,#247,#248,#249,#250,
    #251,#252,#253,#254,#255,#256,#257,#258,#259,#260,#261,#262,#263,
    #264,#265,#266,#267,#268,#269,#270,#271,#272,#273,#274,#275,#276,
    #277,#278,#279,#280),.UNSPECIFIED.,.F.,.F.,(4,1,1,1,1,1,1,1,1,1,1,1,
    1,1,1,1,1,1,1,1,1,1,1,1,1,1,1,1,1,1,1,1,1,1,1,1,1,1,1,1,1,1,1,1,1,1,
    1,1,1,1,1,1,1,1,1,1,1,1,1,1,1,1,1,1,1,1,1,1,1,1,1,1,4),(0.,
    0.602290749098,2.404195163889,5.390877787599,9.53783502204,
    14.811212941833,21.168224102279,28.557640970919,36.920344055938,
    46.189906318227,56.293201092913,67.151027277369,78.678751723806,
    90.786973582017,103.38221809289,116.36766772157,129.6439365401,
    143.1098896733,156.66350387727,170.20275863774,183.62654054901,
    196.83492362716,209.7314800419,222.22642362058,234.23415066751,
    245.67355320591,256.46841102628,266.54780885286,275.84668307948,
    284.30665462902,291.87739662659,298.51898314587,304.20614048882,
    308.93654449672,312.74854244333,315.7613401055,318.25492686834,
    320.63433219259,323.37208263219,326.84797765483,331.23690438694,
    336.60393347605,342.96065549783,350.28935173098,358.55356141965,
    367.70317019168,377.67717891754,388.40544688503,399.80998173333,
    411.80604409517,424.30319201548,437.20631608177,450.4168130167,
    463.83570926025,477.36134178096,490.89027054637,504.31890209268,
    517.54440021883,530.4655488931,542.98356380876,555.00285345793,
    566.43173302487,577.18309496217,587.17503935172,596.33146572971,
    604.58262650798,611.86564072992,618.12496569667,623.31282290334,
    627.3895736743,630.32403895349,632.09375710227,632.68517356591),
  .UNSPECIFIED.);
#206 = CARTESIAN_POINT('',(637.,70.,320.3906));
#207 = CARTESIAN_POINT('',(636.80340329614,70.,320.43129092769));
#208 = CARTESIAN_POINT('',(636.01859583381,70.,320.59351509148));
#209 = CARTESIAN_POINT('',(634.25846185191,70.,320.9554453979));
#210 = CARTESIAN_POINT('',(631.33976128673,70.,321.54937835448));
#211 = CARTESIAN_POINT('',(627.28466444295,70.,322.36181111259));
#212 = CARTESIAN_POINT('',(622.12398210385,70.,323.37464352801));
#213 = CARTESIAN_POINT('',(615.89693789864,70.,324.56588666272));
#214 = CARTESIAN_POINT('',(608.65087619432,70.,325.91045121194));
#215 = CARTESIAN_POINT('',(600.44090661875,70.,327.38094578503));
#216 = CARTESIAN_POINT('',(591.3294871818,70.,328.94842038065));
#217 = CARTESIAN_POINT('',(581.38594886419,70.,330.58300384588));
#218 = CARTESIAN_POINT('',(570.68596544341,70.,332.25440394257));
#219 = CARTESIAN_POINT('',(559.31097312536,70.,333.93226231701));
#220 = CARTESIAN_POINT('',(547.3475451199,70.,335.5863803047));
#221 = CARTESIAN_POINT('',(534.88672697412,70.,337.18685466412));
#222 = CARTESIAN_POINT('',(522.02333789217,70.,338.70417048247));
#223 = CARTESIAN_POINT('',(508.85524692586,70.,340.10933492597));
#224 = CARTESIAN_POINT('',(495.48261949529,70.,341.3740213838));
#225 = CARTESIAN_POINT('',(482.00718125208,70.,342.47111225802));
#226 = CARTESIAN_POINT('',(468.53135062732,70.,343.37438198446));
#227 = CARTESIAN_POINT('',(455.15802696957,70.,344.06211583922));
#228 = CARTESIAN_POINT('',(441.98822273449,70.,344.50695611486));
#229 = CARTESIAN_POINT('',(429.12046813463,70.,344.60914772089));
#230 = CARTESIAN_POINT('',(416.65463628733,70.,344.38010644151));
#231 = CARTESIAN_POINT('',(404.68539323603,70.,343.81758148844));
#232 = CARTESIAN_POINT('',(393.30383815592,70.,342.93246755051));
#233 = CARTESIAN_POINT('',(382.59645930631,70.,341.74198637041));
#234 = CARTESIAN_POINT('',(372.64448934565,70.,340.27101202311));
#235 = CARTESIAN_POINT('',(363.52315903192,70.,338.55082364881));
#236 = CARTESIAN_POINT('',(355.30091105374,70.,336.61798358786));
#237 = CARTESIAN_POINT('',(348.03862230261,70.,334.51267154907));
#238 = CARTESIAN_POINT('',(341.78817854327,70.,332.27671027268));
#239 = CARTESIAN_POINT('',(336.59152761053,70.,329.95078205774));
#240 = CARTESIAN_POINT('',(332.47485236443,70.,327.57034859574));
#241 = CARTESIAN_POINT('',(329.45100632855,70.,325.15333729453));
#242 = CARTESIAN_POINT('',(327.50675230479,70.,322.6717576955));
#243 = CARTESIAN_POINT('',(326.77702796178,70.,320.04231483052));
#244 = CARTESIAN_POINT('',(327.46569209681,70.,317.47928191673));
#245 = CARTESIAN_POINT('',(329.4591630426,70.,315.32248953036));
#246 = CARTESIAN_POINT('',(332.50661910615,70.,313.48949954803));
#247 = CARTESIAN_POINT('',(336.63113951075,70.,311.88637587299));
#248 = CARTESIAN_POINT('',(341.82820200732,70.,310.50480267368));
#249 = CARTESIAN_POINT('',(348.07669474647,70.,309.34459996751));
#250 = CARTESIAN_POINT('',(355.33585946921,70.,308.40884778141));
#251 = CARTESIAN_POINT('',(363.55435724922,70.,307.6962514395));
#252 = CARTESIAN_POINT('',(372.67142010936,70.,307.20122419075));
#253 = CARTESIAN_POINT('',(382.61870105054,70.,306.91303510655));
#254 = CARTESIAN_POINT('',(393.32107682007,70.,306.81595892845));
#255 = CARTESIAN_POINT('',(404.69747746548,70.,306.88947157774));
#256 = CARTESIAN_POINT('',(416.66157505078,70.,307.10937959386));
#257 = CARTESIAN_POINT('',(429.12256478583,70.,307.44708546485));
#258 = CARTESIAN_POINT('',(441.98564687791,70.,307.87763194959));
#259 = CARTESIAN_POINT('',(455.15457720612,70.,308.35450978013));
#260 = CARTESIAN_POINT('',(468.52705491288,70.,308.93640486547));
#261 = CARTESIAN_POINT('',(482.0016430931,70.,309.60593381352));
#262 = CARTESIAN_POINT('',(495.47620538952,70.,310.3380092562));
#263 = CARTESIAN_POINT('',(508.84821542118,70.,311.11168093457));
#264 = CARTESIAN_POINT('',(522.01594563162,70.,311.90771854407));
#265 = CARTESIAN_POINT('',(534.87919486987,70.,312.7097089231));
#266 = CARTESIAN_POINT('',(547.34006798916,70.,313.50386383375));
#267 = CARTESIAN_POINT('',(559.30372187257,70.,314.27886493502));
#268 = CARTESIAN_POINT('',(570.67909234444,70.,315.02546431044));
#269 = CARTESIAN_POINT('',(581.37959051197,70.,315.73600337522));
#270 = CARTESIAN_POINT('',(591.32376445958,70.,316.40390514524));
#271 = CARTESIAN_POINT('',(600.43592093418,70.,317.02321822193));
#272 = CARTESIAN_POINT('',(608.64670251311,70.,317.58826929926));
#273 = CARTESIAN_POINT('',(615.89361596277,70.,318.09346219713));
#274 = CARTESIAN_POINT('',(622.12150783137,70.,318.53323684413));
#275 = CARTESIAN_POINT('',(627.28298366275,70.,318.90217744599));
#276 = CARTESIAN_POINT('',(631.33876766058,70.,319.19523776833));
#277 = CARTESIAN_POINT('',(634.25800015901,70.,319.40803600327));
#278 = CARTESIAN_POINT('',(636.01847085601,70.,319.53716370946));
#279 = CARTESIAN_POINT('',(636.8033935894,70.,319.59492125182));
#280 = CARTESIAN_POINT('',(637.,70.,319.6094));
#281 = PCURVE('',#31,#282);
#282 = DEFINITIONAL_REPRESENTATION('',(#283),#287);
#283 = LINE('',#284,#285);
#284 = CARTESIAN_POINT('',(0.,0.));
#285 = VECTOR('',#286,1.);
#286 = DIRECTION('',(1.,0.));
#287 = ( GEOMETRIC_REPRESENTATION_CONTEXT(2) 
PARAMETRIC_REPRESENTATION_CONTEXT() REPRESENTATION_CONTEXT('2D SPACE',''
  ) );
#288 = PCURVE('',#289,#294);
#289 = PLANE('',#290);
#290 = AXIS2_PLACEMENT_3D('',#291,#292,#293);
#291 = CARTESIAN_POINT('',(637.,70.,320.3906));
#292 = DIRECTION('',(-2.95412704641E-18,1.,-6.129367958539E-16));
#293 = DIRECTION('',(-0.999988385798,-3.851859888774E-34,
    4.819571539126E-03));
#294 = DEFINITIONAL_REPRESENTATION('',(#295),#371);
#295 = B_SPLINE_CURVE_WITH_KNOTS('',3,(#296,#297,#298,#299,#300,#301,
    #302,#303,#304,#305,#306,#307,#308,#309,#310,#311,#312,#313,#314,
    #315,#316,#317,#318,#319,#320,#321,#322,#323,#324,#325,#326,#327,
    #328,#329,#330,#331,#332,#333,#334,#335,#336,#337,#338,#339,#340,
    #341,#342,#343,#344,#345,#346,#347,#348,#349,#350,#351,#352,#353,
    #354,#355,#356,#357,#358,#359,#360,#361,#362,#363,#364,#365,#366,
    #367,#368,#369,#370),.UNSPECIFIED.,.F.,.F.,(4,1,1,1,1,1,1,1,1,1,1,1,
    1,1,1,1,1,1,1,1,1,1,1,1,1,1,1,1,1,1,1,1,1,1,1,1,1,1,1,1,1,1,1,1,1,1,
    1,1,1,1,1,1,1,1,1,1,1,1,1,1,1,1,1,1,1,1,1,1,1,1,1,1,4),(0.,
    0.602290749098,2.404195163889,5.390877787599,9.53783502204,
    14.811212941833,21.168224102279,28.557640970919,36.920344055938,
    46.189906318227,56.293201092913,67.151027277369,78.678751723806,
    90.786973582017,103.38221809289,116.36766772157,129.6439365401,
    143.1098896733,156.66350387727,170.20275863774,183.62654054901,
    196.83492362716,209.7314800419,222.22642362058,234.23415066751,
    245.67355320591,256.46841102628,266.54780885286,275.84668307948,
    284.30665462902,291.87739662659,298.51898314587,304.20614048882,
    308.93654449672,312.74854244333,315.7613401055,318.25492686834,
    320.63433219259,323.37208263219,326.84797765483,331.23690438694,
    336.60393347605,342.96065549783,350.28935173098,358.55356141965,
    367.70317019168,377.67717891754,388.40544688503,399.80998173333,
    411.80604409517,424.30319201548,437.20631608177,450.4168130167,
    463.83570926025,477.36134178096,490.89027054637,504.31890209268,
    517.54440021883,530.4655488931,542.98356380876,555.00285345793,
    566.43173302487,577.18309496217,587.17503935172,596.33146572971,
    604.58262650798,611.86564072992,618.12496569667,623.31282290334,
    627.3895736743,630.32403895349,632.09375710227,632.68517356591),
  .UNSPECIFIED.);
#296 = CARTESIAN_POINT('',(0.,0.));
#297 = CARTESIAN_POINT('',(0.19679053338,3.974294322673E-02));
#298 = CARTESIAN_POINT('',(0.982370731761,0.198182787198));
#299 = CARTESIAN_POINT('',(2.74422862011,0.551625798441));
#300 = CARTESIAN_POINT('',(5.665757789287,1.131484970789));
#301 = CARTESIAN_POINT('',(9.724723114148,1.924364463809));
#302 = CARTESIAN_POINT('',(14.890226934327,2.912312838261));
#303 = CARTESIAN_POINT('',(21.122940098892,4.073530452605));
#304 = CARTESIAN_POINT('',(28.375397871017,5.383156473018));
#305 = CARTESIAN_POINT('',(36.592359248132,6.814065431783));
#306 = CARTESIAN_POINT('',(45.711227419161,8.337608684642));
#307 = CARTESIAN_POINT('',(55.662528242456,9.92424957121));
#308 = CARTESIAN_POINT('',(66.370442823794,11.544060920357));
#309 = CARTESIAN_POINT('',(77.753389588855,13.167077218579));
#310 = CARTESIAN_POINT('',(89.724650788613,14.76351739788));
#311 = CARTESIAN_POINT('',(102.1930378126,16.303917364586));
#312 = CARTESIAN_POINT('',(115.06359030867,17.759219536599));
#313 = CARTESIAN_POINT('',(128.23830062867,19.100903103791));
#314 = CARTESIAN_POINT('',(141.6168679937,20.30112453873));
#315 = CARTESIAN_POINT('',(155.0974372384,21.333256832483));
#316 = CARTESIAN_POINT('',(168.5774647252,22.171568338419));
#317 = CARTESIAN_POINT('',(181.95394764497,22.794840515616));
#318 = CARTESIAN_POINT('',(195.12574286282,23.17620281112));
#319 = CARTESIAN_POINT('',(207.99384053373,23.216376166438));
#320 = CARTESIAN_POINT('',(220.4584237195,22.927257578804));
#321 = CARTESIAN_POINT('',(232.42481662834,22.30705253586));
#322 = CARTESIAN_POINT('',(243.80197365082,21.367094658887));
#323 = CARTESIAN_POINT('',(254.50349053355,20.125022326911));
#324 = CARTESIAN_POINT('',(264.44825544392,18.60610083263));
#325 = CARTESIAN_POINT('',(273.56118924974,16.841971532958));
#326 = CARTESIAN_POINT('',(281.77402627212,14.869526208066));
#327 = CARTESIAN_POINT('',(289.02608397558,12.729237500617));
#328 = CARTESIAN_POINT('',(295.26567876567,10.463177732284));
#329 = CARTESIAN_POINT('',(300.45105936603,8.112230900219));
#330 = CARTESIAN_POINT('',(304.55621413087,5.711984474202));
#331 = CARTESIAN_POINT('',(307.56837608831,3.28042760235));
#332 = CARTESIAN_POINT('',(309.5006473807,0.789506353531));
#333 = CARTESIAN_POINT('',(310.21769046055,-1.843422931235));
#334 = CARTESIAN_POINT('',(309.51668160332,-4.403107011385));
#335 = CARTESIAN_POINT('',(307.5128389949,-6.550266672496));
#336 = CARTESIAN_POINT('',(304.45658409877,-8.368547933595));
#337 = CARTESIAN_POINT('',(300.32438522795,-9.951774568477));
#338 = CARTESIAN_POINT('',(295.12072450025,-11.30828410742));
#339 = CARTESIAN_POINT('',(288.86671265242,-12.43835828099));
#340 = CARTESIAN_POINT('',(281.60312231448,-13.33911353538));
#341 = CARTESIAN_POINT('',(273.38128557672,-14.01209196306));
#342 = CARTESIAN_POINT('',(264.26194278475,-14.46317312578));
#343 = CARTESIAN_POINT('',(254.31338842539,-14.70341723077));
#344 = CARTESIAN_POINT('',(243.61066908984,-14.74891141575));
#345 = CARTESIAN_POINT('',(232.23475487172,-14.62057024349));
#346 = CARTESIAN_POINT('',(220.27185610229,-14.34300295721));
#347 = CARTESIAN_POINT('',(207.81263868929,-13.94524437693));
#348 = CARTESIAN_POINT('',(194.95178104124,-13.45270834829));
#349 = CARTESIAN_POINT('',(181.78530200647,-12.91236745449));
#350 = CARTESIAN_POINT('',(168.41578409536,-12.26602951444));
#351 = CARTESIAN_POINT('',(154.9445792544,-11.53156660074));
#352 = CARTESIAN_POINT('',(141.47370174424,-10.73455804359));
#353 = CARTESIAN_POINT('',(128.10557578381,-9.896447991824));
#354 = CARTESIAN_POINT('',(114.94183506626,-9.03695680991));
#355 = CARTESIAN_POINT('',(102.0826004744,-8.172980395433));
#356 = CARTESIAN_POINT('',(89.625699564622,-7.318778638816));
#357 = CARTESIAN_POINT('',(77.66591980276,-6.486126852804));
#358 = CARTESIAN_POINT('',(66.294279735845,-5.684711736774));
#359 = CARTESIAN_POINT('',(55.597330339917,-4.922609107912));
#360 = CARTESIAN_POINT('',(45.656490886319,-4.206788437298));
#361 = CARTESIAN_POINT('',(36.547425065827,-3.543565863428));
#362 = CARTESIAN_POINT('',(28.339462152658,-2.938948899513));
#363 = CARTESIAN_POINT('',(21.095067683432,-2.398834851244));
#364 = CARTESIAN_POINT('',(14.869367672204,-1.929049541476));
#365 = CARTESIAN_POINT('',(9.709729922876,-1.535237122553));
#366 = CARTESIAN_POINT('',(5.655405454927,-1.222633062746));
#367 = CARTESIAN_POINT('',(2.737232457369,-0.995767849418));
#368 = CARTESIAN_POINT('',(0.977404547053,-0.858156928484));
#369 = CARTESIAN_POINT('',(0.19276929652,-0.79661706566));
#370 = CARTESIAN_POINT('',(-3.765049286365E-03,-0.781190926985));
#371 = ( GEOMETRIC_REPRESENTATION_CONTEXT(2) 
PARAMETRIC_REPRESENTATION_CONTEXT() REPRESENTATION_CONTEXT('2D SPACE',''
  ) );
#372 = ORIENTED_EDGE('',*,*,#373,.T.);
#373 = EDGE_CURVE('',#202,#374,#376,.T.);
#374 = VERTEX_POINT('',#375);
#375 = CARTESIAN_POINT('',(614.57627118644,700.,319.64976271186));
#376 = SURFACE_CURVE('',#377,(#380,#387),.PCURVE_S1.);
#377 = B_SPLINE_CURVE_WITH_KNOTS('',1,(#378,#379),.UNSPECIFIED.,.F.,.F.,
  (2,2),(0.,1.),.PIECEWISE_BEZIER_KNOTS.);
#378 = CARTESIAN_POINT('',(637.,70.,319.6094));
#379 = CARTESIAN_POINT('',(595.,1.25E+03,319.685));
#380 = PCURVE('',#31,#381);
#381 = DEFINITIONAL_REPRESENTATION('',(#382),#386);
#382 = LINE('',#383,#384);
#383 = CARTESIAN_POINT('',(632.68517356591,0.));
#384 = VECTOR('',#385,1.);
#385 = DIRECTION('',(0.,1.));
#386 = ( GEOMETRIC_REPRESENTATION_CONTEXT(2) 
PARAMETRIC_REPRESENTATION_CONTEXT() REPRESENTATION_CONTEXT('2D SPACE',''
  ) );
#387 = PCURVE('',#189,#388);
#388 = DEFINITIONAL_REPRESENTATION('',(#389),#393);
#389 = LINE('',#390,#391);
#390 = CARTESIAN_POINT('',(0.,0.));
#391 = VECTOR('',#392,1.);
#392 = DIRECTION('',(0.,1.));
#393 = ( GEOMETRIC_REPRESENTATION_CONTEXT(2) 
PARAMETRIC_REPRESENTATION_CONTEXT() REPRESENTATION_CONTEXT('2D SPACE',''
  ) );
#394 = ORIENTED_EDGE('',*,*,#395,.T.);
#395 = EDGE_CURVE('',#374,#396,#398,.T.);
#396 = VERTEX_POINT('',#397);
#397 = CARTESIAN_POINT('',(545.08474576271,700.,314.88302825566));
#398 = SURFACE_CURVE('',#399,(#444,#492),.PCURVE_S1.);
#399 = B_SPLINE_CURVE_WITH_KNOTS('',8,(#400,#401,#402,#403,#404,#405,
    #406,#407,#408,#409,#410,#411,#412,#413,#414,#415,#416,#417,#418,
    #419,#420,#421,#422,#423,#424,#425,#426,#427,#428,#429,#430,#431,
    #432,#433,#434,#435,#436,#437,#438,#439,#440,#441,#442,#443),
  .UNSPECIFIED.,.F.,.F.,(9,7,7,7,7,7,9),(0.,0.244335586089,
    0.431659536034,0.570116368319,0.781873876223,0.887752630205,1.),
  .UNSPECIFIED.);
#400 = CARTESIAN_POINT('',(614.57627118644,700.,319.64976271186));
#401 = CARTESIAN_POINT('',(612.45461703122,700.,319.49351706284));
#402 = CARTESIAN_POINT('',(610.3328779327,700.,319.33842492386));
#403 = CARTESIAN_POINT('',(608.21105973198,700.,319.18441668903));
#404 = CARTESIAN_POINT('',(606.08916780839,700.,319.0314271121));
#405 = CARTESIAN_POINT('',(603.96720717524,700.,318.87939431331));
#406 = CARTESIAN_POINT('',(601.84518250636,700.,318.72825961483));
#407 = CARTESIAN_POINT('',(599.72309809349,700.,318.577968205));
#408 = CARTESIAN_POINT('',(595.97398345374,700.,318.31385582408));
#409 = CARTESIAN_POINT('',(594.34697628304,700.,318.19970783837));
#410 = CARTESIAN_POINT('',(592.71993836919,700.,318.08599900779));
#411 = CARTESIAN_POINT('',(591.09287055664,700.,317.9727179544));
#412 = CARTESIAN_POINT('',(589.46577484729,700.,317.85983840936));
#413 = CARTESIAN_POINT('',(587.83865312811,700.,317.74733556039));
#414 = CARTESIAN_POINT('',(586.21150589505,700.,317.63520231423));
#415 = CARTESIAN_POINT('',(583.38164295242,700.,317.44079457233));
#416 = CARTESIAN_POINT('',(582.17893807743,700.,317.35836231721));
#417 = CARTESIAN_POINT('',(580.9762206418,700.,317.27611346812));
#418 = CARTESIAN_POINT('',(579.77349108817,700.,317.19404203507));
#419 = CARTESIAN_POINT('',(578.57074978368,700.,317.11214303006));
#420 = CARTESIAN_POINT('',(577.36799706704,700.,317.03041182989));
#421 = CARTESIAN_POINT('',(576.16523329556,700.,316.9488435391));
#422 = CARTESIAN_POINT('',(573.122921572,700.,316.74292112682));
#423 = CARTESIAN_POINT('',(571.28335938072,700.,316.61877743343));
#424 = CARTESIAN_POINT('',(569.44377358592,700.,316.49498393301));
#425 = CARTESIAN_POINT('',(567.60416492166,700.,316.37153038693));
#426 = CARTESIAN_POINT('',(565.76453339339,700.,316.24841793969));
#427 = CARTESIAN_POINT('',(563.92488201469,700.,316.12560298343));
#428 = CARTESIAN_POINT('',(562.08520935118,700.,316.00310747607));
#429 = CARTESIAN_POINT('',(559.32566979245,700.,315.81982434966));
#430 = CARTESIAN_POINT('',(558.40581816694,700.,315.75880684625));
#431 = CARTESIAN_POINT('',(557.48596146224,700.,315.69786592463));
#432 = CARTESIAN_POINT('',(556.56609973576,700.,315.63700082799));
#433 = CARTESIAN_POINT('',(555.64623305058,700.,315.57621071443));
#434 = CARTESIAN_POINT('',(554.72636145016,700.,315.51549503844));
#435 = CARTESIAN_POINT('',(553.80648493308,700.,315.45485393235));
#436 = CARTESIAN_POINT('',(551.91139097387,700.,315.33008023288));
#437 = CARTESIAN_POINT('',(550.93617300098,700.,315.2659567791));
#438 = CARTESIAN_POINT('',(549.96094922313,700.,315.2019187347));
#439 = CARTESIAN_POINT('',(548.98571987749,700.,315.13796664196));
#440 = CARTESIAN_POINT('',(548.01048504714,700.,315.07410103315));
#441 = CARTESIAN_POINT('',(547.03524447728,700.,315.01032241847));
#442 = CARTESIAN_POINT('',(546.05999788502,700.,314.94663130634));
#443 = CARTESIAN_POINT('',(545.08474576271,700.,314.88302825566));
#444 = PCURVE('',#31,#445);
#445 = DEFINITIONAL_REPRESENTATION('',(#446),#491);
#446 = B_SPLINE_CURVE_WITH_KNOTS('',8,(#447,#448,#449,#450,#451,#452,
    #453,#454,#455,#456,#457,#458,#459,#460,#461,#462,#463,#464,#465,
    #466,#467,#468,#469,#470,#471,#472,#473,#474,#475,#476,#477,#478,
    #479,#480,#481,#482,#483,#484,#485,#486,#487,#488,#489,#490),
  .UNSPECIFIED.,.F.,.F.,(9,7,7,7,7,7,9),(0.,0.244335586089,
    0.431659536034,0.570116368319,0.781873876223,0.887752630205,1.),
  .UNSPECIFIED.);
#447 = CARTESIAN_POINT('',(632.68517356591,0.533898305085));
#448 = CARTESIAN_POINT('',(630.31260413438,0.533898305085));
#449 = CARTESIAN_POINT('',(627.94003473256,0.533898305085));
#450 = CARTESIAN_POINT('',(625.56746532776,0.533898305085));
#451 = CARTESIAN_POINT('',(623.19489592206,0.533898305085));
#452 = CARTESIAN_POINT('',(620.82232652466,0.533898305085));
#453 = CARTESIAN_POINT('',(618.44975713709,0.533898305085));
#454 = CARTESIAN_POINT('',(616.07718775103,0.533898305085));
#455 = CARTESIAN_POINT('',(611.88564848573,0.533898305085));
#456 = CARTESIAN_POINT('',(610.06667862116,0.533898305085));
#457 = CARTESIAN_POINT('',(608.24770872107,0.533898305085));
#458 = CARTESIAN_POINT('',(606.42873886546,0.533898305085));
#459 = CARTESIAN_POINT('',(604.60976901026,0.533898305085));
#460 = CARTESIAN_POINT('',(602.79079910963,0.533898305085));
#461 = CARTESIAN_POINT('',(600.97182924127,0.533898305085));
#462 = CARTESIAN_POINT('',(597.80840337558,0.533898305085));
#463 = CARTESIAN_POINT('',(596.46394738564,0.533898305085));
#464 = CARTESIAN_POINT('',(595.11949139181,0.533898305085));
#465 = CARTESIAN_POINT('',(593.77503539448,0.533898305085));
#466 = CARTESIAN_POINT('',(592.43057939684,0.533898305085));
#467 = CARTESIAN_POINT('',(591.08612340204,0.533898305085));
#468 = CARTESIAN_POINT('',(589.74166741035,0.533898305085));
#469 = CARTESIAN_POINT('',(586.34098460474,0.533898305085));
#470 = CARTESIAN_POINT('',(584.28475779337,0.533898305085));
#471 = CARTESIAN_POINT('',(582.22853096979,0.533898305085));
#472 = CARTESIAN_POINT('',(580.17230416032,0.533898305085));
#473 = CARTESIAN_POINT('',(578.11607735663,0.533898305085));
#474 = CARTESIAN_POINT('',(576.05985053254,0.533898305085));
#475 = CARTESIAN_POINT('',(574.00362371907,0.533898305085));
#476 = CARTESIAN_POINT('',(570.91928349554,0.533898305085));
#477 = CARTESIAN_POINT('',(569.891170088,0.533898305085));
#478 = CARTESIAN_POINT('',(568.86305668084,0.533898305085));
#479 = CARTESIAN_POINT('',(567.83494327395,0.533898305085));
#480 = CARTESIAN_POINT('',(566.80682986723,0.533898305085));
#481 = CARTESIAN_POINT('',(565.77871646058,0.533898305085));
#482 = CARTESIAN_POINT('',(564.75060305393,0.533898305085));
#483 = CARTESIAN_POINT('',(562.63253513403,0.533898305085));
#484 = CARTESIAN_POINT('',(561.54258055731,0.533898305085));
#485 = CARTESIAN_POINT('',(560.45262615084,0.533898305085));
#486 = CARTESIAN_POINT('',(559.36267167834,0.533898305085));
#487 = CARTESIAN_POINT('',(558.27271704219,0.533898305085));
#488 = CARTESIAN_POINT('',(557.18276244862,0.533898305085));
#489 = CARTESIAN_POINT('',(556.09280812927,0.533898305085));
#490 = CARTESIAN_POINT('',(555.00285361927,0.533898305085));
#491 = ( GEOMETRIC_REPRESENTATION_CONTEXT(2) 
PARAMETRIC_REPRESENTATION_CONTEXT() REPRESENTATION_CONTEXT('2D SPACE',''
  ) );
#492 = PCURVE('',#493,#498);
#493 = PLANE('',#494);
#494 = AXIS2_PLACEMENT_3D('',#495,#496,#497);
#495 = CARTESIAN_POINT('',(619.57627118644,700.,260.));
#496 = DIRECTION('',(-0.,-1.,0.));
#497 = DIRECTION('',(-1.,0.,0.));
#498 = DEFINITIONAL_REPRESENTATION('',(#499),#544);
#499 = B_SPLINE_CURVE_WITH_KNOTS('',8,(#500,#501,#502,#503,#504,#505,
    #506,#507,#508,#509,#510,#511,#512,#513,#514,#515,#516,#517,#518,
    #519,#520,#521,#522,#523,#524,#525,#526,#527,#528,#529,#530,#531,
    #532,#533,#534,#535,#536,#537,#538,#539,#540,#541,#542,#543),
  .UNSPECIFIED.,.F.,.F.,(9,7,7,7,7,7,9),(0.,0.244335586089,
    0.431659536034,0.570116368319,0.781873876223,0.887752630205,1.),
  .UNSPECIFIED.);
#500 = CARTESIAN_POINT('',(5.,-59.64976271186));
#501 = CARTESIAN_POINT('',(7.121654155212,-59.49351706284));
#502 = CARTESIAN_POINT('',(9.243393253735,-59.33842492386));
#503 = CARTESIAN_POINT('',(11.365211454456,-59.18441668903));
#504 = CARTESIAN_POINT('',(13.487103378044,-59.0314271121));
#505 = CARTESIAN_POINT('',(15.609064011195,-58.87939431331));
#506 = CARTESIAN_POINT('',(17.731088680071,-58.72825961483));
#507 = CARTESIAN_POINT('',(19.853173092949,-58.577968205));
#508 = CARTESIAN_POINT('',(23.602287732692,-58.31385582408));
#509 = CARTESIAN_POINT('',(25.229294903393,-58.19970783837));
#510 = CARTESIAN_POINT('',(26.856332817244,-58.08599900779));
#511 = CARTESIAN_POINT('',(28.483400629795,-57.9727179544));
#512 = CARTESIAN_POINT('',(30.11049633915,-57.85983840936));
#513 = CARTESIAN_POINT('',(31.737618058327,-57.74733556039));
#514 = CARTESIAN_POINT('',(33.364765291385,-57.63520231423));
#515 = CARTESIAN_POINT('',(36.194628234011,-57.44079457233));
#516 = CARTESIAN_POINT('',(37.397333109004,-57.35836231721));
#517 = CARTESIAN_POINT('',(38.600050544633,-57.27611346812));
#518 = CARTESIAN_POINT('',(39.802780098266,-57.19404203507));
#519 = CARTESIAN_POINT('',(41.005521402757,-57.11214303006));
#520 = CARTESIAN_POINT('',(42.208274119398,-57.03041182989));
#521 = CARTESIAN_POINT('',(43.411037890876,-56.9488435391));
#522 = CARTESIAN_POINT('',(46.45334961444,-56.74292112682));
#523 = CARTESIAN_POINT('',(48.292911805715,-56.61877743343));
#524 = CARTESIAN_POINT('',(50.13249760052,-56.49498393301));
#525 = CARTESIAN_POINT('',(51.972106264779,-56.37153038693));
#526 = CARTESIAN_POINT('',(53.811737793044,-56.24841793969));
#527 = CARTESIAN_POINT('',(55.651389171744,-56.12560298343));
#528 = CARTESIAN_POINT('',(57.491061835256,-56.00310747607));
#529 = CARTESIAN_POINT('',(60.250601393989,-55.81982434966));
#530 = CARTESIAN_POINT('',(61.170453019492,-55.75880684624));
#531 = CARTESIAN_POINT('',(62.090309724201,-55.69786592463));
#532 = CARTESIAN_POINT('',(63.010171450681,-55.63700082799));
#533 = CARTESIAN_POINT('',(63.930038135859,-55.57621071443));
#534 = CARTESIAN_POINT('',(64.849909736279,-55.51549503844));
#535 = CARTESIAN_POINT('',(65.769786253356,-55.45485393235));
#536 = CARTESIAN_POINT('',(67.664880212568,-55.33008023288));
#537 = CARTESIAN_POINT('',(68.640098185455,-55.2659567791));
#538 = CARTESIAN_POINT('',(69.615321963308,-55.2019187347));
#539 = CARTESIAN_POINT('',(70.590551308947,-55.13796664196));
#540 = CARTESIAN_POINT('',(71.565786139299,-55.07410103315));
#541 = CARTESIAN_POINT('',(72.541026709159,-55.01032241847));
#542 = CARTESIAN_POINT('',(73.516273301414,-54.94663130634));
#543 = CARTESIAN_POINT('',(74.491525423729,-54.88302825566));
#544 = ( GEOMETRIC_REPRESENTATION_CONTEXT(2) 
PARAMETRIC_REPRESENTATION_CONTEXT() REPRESENTATION_CONTEXT('2D SPACE',''
  ) );
#545 = ORIENTED_EDGE('',*,*,#546,.T.);
#546 = EDGE_CURVE('',#396,#547,#549,.T.);
#547 = VERTEX_POINT('',#548);
#548 = CARTESIAN_POINT('',(532.95762711864,1.23E+03,315.37912490648));
#549 = SURFACE_CURVE('',#550,(#556,#565),.PCURVE_S1.);
#550 = B_SPLINE_CURVE_WITH_KNOTS('',4,(#551,#552,#553,#554,#555),
  .UNSPECIFIED.,.F.,.F.,(5,5),(0.,1.),.PIECEWISE_BEZIER_KNOTS.);
#551 = CARTESIAN_POINT('',(545.08474576271,700.,314.88302825566));
#552 = CARTESIAN_POINT('',(542.05296610169,832.49999999999,
    315.00705241837));
#553 = CARTESIAN_POINT('',(539.02118644067,965.,315.13107658107));
#554 = CARTESIAN_POINT('',(535.98940677966,1.0975E+03,315.25510074378));
#555 = CARTESIAN_POINT('',(532.95762711864,1.23E+03,315.37912490648));
#556 = PCURVE('',#31,#557);
#557 = DEFINITIONAL_REPRESENTATION('',(#558),#564);
#558 = B_SPLINE_CURVE_WITH_KNOTS('',4,(#559,#560,#561,#562,#563),
  .UNSPECIFIED.,.F.,.F.,(5,5),(0.,1.),.PIECEWISE_BEZIER_KNOTS.);
#559 = CARTESIAN_POINT('',(555.00285345793,0.533898305085));
#560 = CARTESIAN_POINT('',(555.00285345793,0.646186440678));
#561 = CARTESIAN_POINT('',(555.00285345793,0.758474576271));
#562 = CARTESIAN_POINT('',(555.00285345793,0.870762711864));
#563 = CARTESIAN_POINT('',(555.00285345793,0.983050847458));
#564 = ( GEOMETRIC_REPRESENTATION_CONTEXT(2) 
PARAMETRIC_REPRESENTATION_CONTEXT() REPRESENTATION_CONTEXT('2D SPACE',''
  ) );
#565 = PCURVE('',#566,#571);
#566 = PLANE('',#567);
#567 = AXIS2_PLACEMENT_3D('',#568,#569,#570);
#568 = CARTESIAN_POINT('',(545.08474576271,700.,260.));
#569 = DIRECTION('',(-0.999738324522,-2.287536844246E-02,0.));
#570 = DIRECTION('',(-2.287536844246E-02,0.999738324522,0.));
#571 = DEFINITIONAL_REPRESENTATION('',(#572),#578);
#572 = B_SPLINE_CURVE_WITH_KNOTS('',4,(#573,#574,#575,#576,#577),
  .UNSPECIFIED.,.F.,.F.,(5,5),(0.,1.),.PIECEWISE_BEZIER_KNOTS.);
#573 = CARTESIAN_POINT('',(0.,-54.88302825566));
#574 = CARTESIAN_POINT('',(132.53468107598,-55.00705241837));
#575 = CARTESIAN_POINT('',(265.06936215196,-55.13107658107));
#576 = CARTESIAN_POINT('',(397.60404322795,-55.25510074378));
#577 = CARTESIAN_POINT('',(530.13872430393,-55.37912490648));
#578 = ( GEOMETRIC_REPRESENTATION_CONTEXT(2) 
PARAMETRIC_REPRESENTATION_CONTEXT() REPRESENTATION_CONTEXT('2D SPACE',''
  ) );
#579 = ORIENTED_EDGE('',*,*,#580,.F.);
#580 = EDGE_CURVE('',#581,#547,#583,.T.);
#581 = VERTEX_POINT('',#582);
#582 = CARTESIAN_POINT('',(595.71186440678,1.23E+03,319.68371864406));
#583 = SURFACE_CURVE('',#584,(#629,#677),.PCURVE_S1.);
#584 = B_SPLINE_CURVE_WITH_KNOTS('',8,(#585,#586,#587,#588,#589,#590,
    #591,#592,#593,#594,#595,#596,#597,#598,#599,#600,#601,#602,#603,
    #604,#605,#606,#607,#608,#609,#610,#611,#612,#613,#614,#615,#616,
    #617,#618,#619,#620,#621,#622,#623,#624,#625,#626,#627,#628),
  .UNSPECIFIED.,.F.,.F.,(9,7,7,7,7,7,9),(0.,0.244335586133,
    0.431659536045,0.570116368337,0.78187387629,0.887752630296,1.),
  .UNSPECIFIED.);
#585 = CARTESIAN_POINT('',(595.71186440678,1.23E+03,319.68371864406));
#586 = CARTESIAN_POINT('',(593.79590721206,1.23E+03,319.54262120146));
#587 = CARTESIAN_POINT('',(591.8798733067,1.23E+03,319.4025654345));
#588 = CARTESIAN_POINT('',(589.96376796848,1.23E+03,319.26348848587));
#589 = CARTESIAN_POINT('',(588.047596055,1.23E+03,319.12533143503));
#590 = CARTESIAN_POINT('',(586.13136209267,1.23E+03,318.98803840146));
#591 = CARTESIAN_POINT('',(584.21507030207,1.23E+03,318.85155639623));
#592 = CARTESIAN_POINT('',(582.29872455961,1.23E+03,318.71583592177));
#593 = CARTESIAN_POINT('',(578.9130911554,1.23E+03,318.4773295582));
#594 = CARTESIAN_POINT('',(577.44382431326,1.23E+03,318.37424835886));
#595 = CARTESIAN_POINT('',(575.97452971161,1.23E+03,318.27156373823));
#596 = CARTESIAN_POINT('',(574.5052081061,1.23E+03,318.169265421));
#597 = CARTESIAN_POINT('',(573.03586130839,1.23E+03,318.06732968539));
#598 = CARTESIAN_POINT('',(571.5664910265,1.23E+03,317.96573412499));
#599 = CARTESIAN_POINT('',(570.09709770154,1.23E+03,317.86447233377));
#600 = CARTESIAN_POINT('',(567.54159342206,1.23E+03,317.6889126595));
#601 = CARTESIAN_POINT('',(566.45549225106,1.23E+03,317.61447231203));
#602 = CARTESIAN_POINT('',(565.36937973754,1.23E+03,317.54019758916));
#603 = CARTESIAN_POINT('',(564.28325628119,1.23E+03,317.46608308166));
#604 = CARTESIAN_POINT('',(563.19712221327,1.23E+03,317.39212428508));
#605 = CARTESIAN_POINT('',(562.11097783937,1.23E+03,317.31831702445));
#606 = CARTESIAN_POINT('',(561.02482348213,1.23E+03,317.24465687891));
#607 = CARTESIAN_POINT('',(558.27746759005,1.23E+03,317.0586988956));
#608 = CARTESIAN_POINT('',(556.61625319652,1.23E+03,316.94659108467));
#609 = CARTESIAN_POINT('',(554.95501748839,1.23E+03,316.83479951514));
#610 = CARTESIAN_POINT('',(553.29376112768,1.23E+03,316.72331494089));
#611 = CARTESIAN_POINT('',(551.63248411808,1.23E+03,316.61213839547));
#612 = CARTESIAN_POINT('',(549.97118918527,1.23E+03,316.50123049906));
#613 = CARTESIAN_POINT('',(548.30987502978,1.23E+03,316.39061108052));
#614 = CARTESIAN_POINT('',(545.8178761968,1.23E+03,316.22509747674));
#615 = CARTESIAN_POINT('',(544.98720530821,1.23E+03,316.1699956947));
#616 = CARTESIAN_POINT('',(544.15652983281,1.23E+03,316.11496306975));
#617 = CARTESIAN_POINT('',(543.32584982248,1.23E+03,316.05999891846));
#618 = CARTESIAN_POINT('',(542.49516533419,1.23E+03,316.00510248054));
#619 = CARTESIAN_POINT('',(541.66447640719,1.23E+03,315.95027326337));
#620 = CARTESIAN_POINT('',(540.83378304021,1.23E+03,315.89551138647));
#621 = CARTESIAN_POINT('',(539.12242075227,1.23E+03,315.78283464939));
#622 = CARTESIAN_POINT('',(538.24175135774,1.23E+03,315.72492804308));
#623 = CARTESIAN_POINT('',(537.36107670571,1.23E+03,315.6670985646));
#624 = CARTESIAN_POINT('',(536.48039703165,1.23E+03,315.60934670507));
#625 = CARTESIAN_POINT('',(535.59971241935,1.23E+03,315.55167294569));
#626 = CARTESIAN_POINT('',(534.71902262017,1.23E+03,315.49407774602));
#627 = CARTESIAN_POINT('',(533.83832735778,1.23E+03,315.4365615638));
#628 = CARTESIAN_POINT('',(532.95762711864,1.23E+03,315.37912490648));
#629 = PCURVE('',#31,#630);
#630 = DEFINITIONAL_REPRESENTATION('',(#631),#676);
#631 = B_SPLINE_CURVE_WITH_KNOTS('',8,(#632,#633,#634,#635,#636,#637,
    #638,#639,#640,#641,#642,#643,#644,#645,#646,#647,#648,#649,#650,
    #651,#652,#653,#654,#655,#656,#657,#658,#659,#660,#661,#662,#663,
    #664,#665,#666,#667,#668,#669,#670,#671,#672,#673,#674,#675),
  .UNSPECIFIED.,.F.,.F.,(9,7,7,7,7,7,9),(0.,0.244335586133,
    0.431659536045,0.570116368337,0.78187387629,0.887752630296,1.),
  .UNSPECIFIED.);
#632 = CARTESIAN_POINT('',(632.68517356591,0.983050847458));
#633 = CARTESIAN_POINT('',(630.3126041378,0.983050847458));
#634 = CARTESIAN_POINT('',(627.94003473607,0.983050847458));
#635 = CARTESIAN_POINT('',(625.56746533172,0.983050847458));
#636 = CARTESIAN_POINT('',(623.19489592656,0.983050847458));
#637 = CARTESIAN_POINT('',(620.82232652877,0.983050847458));
#638 = CARTESIAN_POINT('',(618.4497571397,0.983050847458));
#639 = CARTESIAN_POINT('',(616.07718775202,0.983050847458));
#640 = CARTESIAN_POINT('',(611.88564848562,0.983050847458));
#641 = CARTESIAN_POINT('',(610.06667862007,0.983050847458));
#642 = CARTESIAN_POINT('',(608.24770872279,0.983050847458));
#643 = CARTESIAN_POINT('',(606.42873886516,0.983050847458));
#644 = CARTESIAN_POINT('',(604.60976900792,0.983050847458));
#645 = CARTESIAN_POINT('',(602.7907991102,0.983050847458));
#646 = CARTESIAN_POINT('',(600.97182924123,0.983050847458));
#647 = CARTESIAN_POINT('',(597.8084033753,0.983050847458));
#648 = CARTESIAN_POINT('',(596.46394738493,0.983050847458));
#649 = CARTESIAN_POINT('',(595.1194913911,0.983050847458));
#650 = CARTESIAN_POINT('',(593.77503539416,0.983050847458));
#651 = CARTESIAN_POINT('',(592.43057939694,0.983050847458));
#652 = CARTESIAN_POINT('',(591.08612340225,0.983050847458));
#653 = CARTESIAN_POINT('',(589.74166741032,0.983050847458));
#654 = CARTESIAN_POINT('',(586.34098460441,0.983050847458));
#655 = CARTESIAN_POINT('',(584.284757793,0.983050847458));
#656 = CARTESIAN_POINT('',(582.22853096981,0.983050847458));
#657 = CARTESIAN_POINT('',(580.17230416086,0.983050847458));
#658 = CARTESIAN_POINT('',(578.11607735497,0.983050847458));
#659 = CARTESIAN_POINT('',(576.05985053266,0.983050847458));
#660 = CARTESIAN_POINT('',(574.00362371887,0.983050847458));
#661 = CARTESIAN_POINT('',(570.91928349565,0.983050847458));
#662 = CARTESIAN_POINT('',(569.89117008816,0.983050847458));
#663 = CARTESIAN_POINT('',(568.86305668102,0.983050847458));
#664 = CARTESIAN_POINT('',(567.83494327411,0.983050847458));
#665 = CARTESIAN_POINT('',(566.80682986736,0.983050847458));
#666 = CARTESIAN_POINT('',(565.77871646066,0.983050847458));
#667 = CARTESIAN_POINT('',(564.75060305397,0.983050847458));
#668 = CARTESIAN_POINT('',(562.63253513511,0.983050847458));
#669 = CARTESIAN_POINT('',(561.54258056655,0.983050847458));
#670 = CARTESIAN_POINT('',(560.45262614927,0.983050847458));
#671 = CARTESIAN_POINT('',(559.36267167331,0.983050847458));
#672 = CARTESIAN_POINT('',(558.27271705195,0.983050847458));
#673 = CARTESIAN_POINT('',(557.18276246842,0.983050847458));
#674 = CARTESIAN_POINT('',(556.09280812854,0.983050847458));
#675 = CARTESIAN_POINT('',(555.00285361927,0.983050847458));
#676 = ( GEOMETRIC_REPRESENTATION_CONTEXT(2) 
PARAMETRIC_REPRESENTATION_CONTEXT() REPRESENTATION_CONTEXT('2D SPACE',''
  ) );
#677 = PCURVE('',#678,#683);
#678 = PLANE('',#679);
#679 = AXIS2_PLACEMENT_3D('',#680,#681,#682);
#680 = CARTESIAN_POINT('',(532.95762711864,1.23E+03,260.));
#681 = DIRECTION('',(-0.,1.,0.));
#682 = DIRECTION('',(1.,0.,0.));
#683 = DEFINITIONAL_REPRESENTATION('',(#684),#729);
#684 = B_SPLINE_CURVE_WITH_KNOTS('',8,(#685,#686,#687,#688,#689,#690,
    #691,#692,#693,#694,#695,#696,#697,#698,#699,#700,#701,#702,#703,
    #704,#705,#706,#707,#708,#709,#710,#711,#712,#713,#714,#715,#716,
    #717,#718,#719,#720,#721,#722,#723,#724,#725,#726,#727,#728),
  .UNSPECIFIED.,.F.,.F.,(9,7,7,7,7,7,9),(0.,0.244335586133,
    0.431659536045,0.570116368337,0.78187387629,0.887752630296,1.),
  .UNSPECIFIED.);
#685 = CARTESIAN_POINT('',(62.754237288136,-59.68371864406));
#686 = CARTESIAN_POINT('',(60.838280093418,-59.54262120146));
#687 = CARTESIAN_POINT('',(58.922246188059,-59.4025654345));
#688 = CARTESIAN_POINT('',(57.006140849841,-59.26348848587));
#689 = CARTESIAN_POINT('',(55.089968936358,-59.12533143503));
#690 = CARTESIAN_POINT('',(53.173734974029,-58.98803840146));
#691 = CARTESIAN_POINT('',(51.257443183432,-58.85155639623));
#692 = CARTESIAN_POINT('',(49.341097440968,-58.71583592177));
#693 = CARTESIAN_POINT('',(45.955464036757,-58.4773295582));
#694 = CARTESIAN_POINT('',(44.486197194624,-58.37424835886));
#695 = CARTESIAN_POINT('',(43.016902592971,-58.27156373823));
#696 = CARTESIAN_POINT('',(41.547580987457,-58.169265421));
#697 = CARTESIAN_POINT('',(40.078234189747,-58.06732968539));
#698 = CARTESIAN_POINT('',(38.608863907863,-57.96573412499));
#699 = CARTESIAN_POINT('',(37.139470582899,-57.86447233377));
#700 = CARTESIAN_POINT('',(34.583966303418,-57.6889126595));
#701 = CARTESIAN_POINT('',(33.497865132417,-57.61447231203));
#702 = CARTESIAN_POINT('',(32.411752618901,-57.54019758916));
#703 = CARTESIAN_POINT('',(31.325629162552,-57.46608308166));
#704 = CARTESIAN_POINT('',(30.239495094634,-57.39212428508));
#705 = CARTESIAN_POINT('',(29.15335072073,-57.31831702445));
#706 = CARTESIAN_POINT('',(28.067196363488,-57.24465687891));
#707 = CARTESIAN_POINT('',(25.319840471412,-57.0586988956));
#708 = CARTESIAN_POINT('',(23.658626077882,-56.94659108467));
#709 = CARTESIAN_POINT('',(21.99739036975,-56.83479951514));
#710 = CARTESIAN_POINT('',(20.336134009041,-56.72331494089));
#711 = CARTESIAN_POINT('',(18.674856999437,-56.61213839547));
#712 = CARTESIAN_POINT('',(17.013562066626,-56.50123049906));
#713 = CARTESIAN_POINT('',(15.352247911138,-56.39061108052));
#714 = CARTESIAN_POINT('',(12.860249078165,-56.22509747674));
#715 = CARTESIAN_POINT('',(12.029578189572,-56.1699956947));
#716 = CARTESIAN_POINT('',(11.19890271417,-56.11496306975));
#717 = CARTESIAN_POINT('',(10.36822270384,-56.05999891846));
#718 = CARTESIAN_POINT('',(9.537538215548,-56.00510248054));
#719 = CARTESIAN_POINT('',(8.706849288549,-55.95027326337));
#720 = CARTESIAN_POINT('',(7.87615592157,-55.89551138647));
#721 = CARTESIAN_POINT('',(6.164793633635,-55.78283464939));
#722 = CARTESIAN_POINT('',(5.284124239103,-55.72492804308));
#723 = CARTESIAN_POINT('',(4.403449587074,-55.6670985646));
#724 = CARTESIAN_POINT('',(3.522769913009,-55.60934670507));
#725 = CARTESIAN_POINT('',(2.642085300714,-55.55167294569));
#726 = CARTESIAN_POINT('',(1.76139550153,-55.49407774602));
#727 = CARTESIAN_POINT('',(0.880700239139,-55.4365615638));
#728 = CARTESIAN_POINT('',(0.,-55.37912490648));
#729 = ( GEOMETRIC_REPRESENTATION_CONTEXT(2) 
PARAMETRIC_REPRESENTATION_CONTEXT() REPRESENTATION_CONTEXT('2D SPACE',''
  ) );
#730 = ORIENTED_EDGE('',*,*,#731,.T.);
#731 = EDGE_CURVE('',#581,#732,#734,.T.);
#732 = VERTEX_POINT('',#733);
#733 = CARTESIAN_POINT('',(595.,1.25E+03,319.685));
#734 = SURFACE_CURVE('',#735,(#738,#745),.PCURVE_S1.);
#735 = B_SPLINE_CURVE_WITH_KNOTS('',1,(#736,#737),.UNSPECIFIED.,.F.,.F.,
  (2,2),(0.,1.),.PIECEWISE_BEZIER_KNOTS.);
#736 = CARTESIAN_POINT('',(637.,70.,319.6094));
#737 = CARTESIAN_POINT('',(595.,1.25E+03,319.685));
#738 = PCURVE('',#31,#739);
#739 = DEFINITIONAL_REPRESENTATION('',(#740),#744);
#740 = LINE('',#741,#742);
#741 = CARTESIAN_POINT('',(632.68517356591,0.));
#742 = VECTOR('',#743,1.);
#743 = DIRECTION('',(0.,1.));
#744 = ( GEOMETRIC_REPRESENTATION_CONTEXT(2) 
PARAMETRIC_REPRESENTATION_CONTEXT() REPRESENTATION_CONTEXT('2D SPACE',''
  ) );
#745 = PCURVE('',#746,#751);
#746 = B_SPLINE_SURFACE_WITH_KNOTS('',1,1,(
    (#747,#748)
    ,(#749,#750
    )),.UNSPECIFIED.,.F.,.F.,.F.,(2,2),(2,2),(0.,0.7812),(0.,1.),
  .PIECEWISE_BEZIER_KNOTS.);
#747 = CARTESIAN_POINT('',(637.,70.,319.6094));
#748 = CARTESIAN_POINT('',(595.,1.25E+03,319.685));
#749 = CARTESIAN_POINT('',(637.,70.,320.3906));
#750 = CARTESIAN_POINT('',(595.,1.25E+03,320.315));
#751 = DEFINITIONAL_REPRESENTATION('',(#752),#756);
#752 = LINE('',#753,#754);
#753 = CARTESIAN_POINT('',(0.,0.));
#754 = VECTOR('',#755,1.);
#755 = DIRECTION('',(0.,1.));
#756 = ( GEOMETRIC_REPRESENTATION_CONTEXT(2) 
PARAMETRIC_REPRESENTATION_CONTEXT() REPRESENTATION_CONTEXT('2D SPACE',''
  ) );
#757 = ORIENTED_EDGE('',*,*,#758,.F.);
#758 = EDGE_CURVE('',#759,#732,#761,.T.);
#759 = VERTEX_POINT('',#760);
#760 = CARTESIAN_POINT('',(595.,1.25E+03,320.315));
#761 = SURFACE_CURVE('',#762,(#838,#844),.PCURVE_S1.);
#762 = B_SPLINE_CURVE_WITH_KNOTS('',3,(#763,#764,#765,#766,#767,#768,
    #769,#770,#771,#772,#773,#774,#775,#776,#777,#778,#779,#780,#781,
    #782,#783,#784,#785,#786,#787,#788,#789,#790,#791,#792,#793,#794,
    #795,#796,#797,#798,#799,#800,#801,#802,#803,#804,#805,#806,#807,
    #808,#809,#810,#811,#812,#813,#814,#815,#816,#817,#818,#819,#820,
    #821,#822,#823,#824,#825,#826,#827,#828,#829,#830,#831,#832,#833,
    #834,#835,#836,#837),.UNSPECIFIED.,.F.,.F.,(4,1,1,1,1,1,1,1,1,1,1,1,
    1,1,1,1,1,1,1,1,1,1,1,1,1,1,1,1,1,1,1,1,1,1,1,1,1,1,1,1,1,1,1,1,1,1,
    1,1,1,1,1,1,1,1,1,1,1,1,1,1,1,1,1,1,1,1,1,1,1,1,1,1,4),(0.,
    0.485718346047,1.938867067653,4.347482086774,7.691802437129,
    11.944526565994,17.07114846958,23.030355621709,29.774471012854,
    37.249924450183,45.397742816865,54.154054255943,63.450606228876,
    73.21530127582,83.372756526531,93.844893323852,104.55156172588,
    115.41120134944,126.3415353849,137.26028922398,148.08591979759,
    158.7378416348,169.13829035637,179.21485775853,188.89850860283,
    198.12383323058,206.82936373087,214.95791036521,222.45700248345,
    229.27956018469,235.3849972795,240.74111544021,245.32753265227,
    249.14237459413,252.21656648656,254.64624202057,256.65719908737,
    258.57607434886,260.7839376066,263.58707875389,267.12653579592,
    271.45478506133,276.58117378857,282.49141268628,289.15609791907,
    296.53481467071,304.57837009479,313.23019910083,322.42740462366,
    332.10164846384,342.17999356087,352.58573877562,363.23936533605,
    374.06105585504,384.9688240169,395.87925044062,406.70879201023,
    417.37451630551,427.79479749444,437.88997081352,447.58294633704,
    456.79978469747,465.47023787272,473.52825754171,480.91247236267,
    487.56663428063,493.4400328467,498.48787556183,502.67163137366,
    505.95933360831,508.32583786572,509.75302992118,510.22997868219),
  .UNSPECIFIED.);
#763 = CARTESIAN_POINT('',(595.,1.25E+03,320.315));
#764 = CARTESIAN_POINT('',(594.84145427108,1.25E+03,320.34781526427));
#765 = CARTESIAN_POINT('',(594.20854502726,1.25E+03,320.4786412028));
#766 = CARTESIAN_POINT('',(592.78908213864,1.25E+03,320.77052048217));
#767 = CARTESIAN_POINT('',(590.43529136026,1.25E+03,321.24949867297));
#768 = CARTESIAN_POINT('',(587.16505197012,1.25E+03,321.90468638112));
#769 = CARTESIAN_POINT('',(583.00321137407,1.25E+03,322.72148671614));
#770 = CARTESIAN_POINT('',(577.98140153116,1.25E+03,323.68216666348));
#771 = CARTESIAN_POINT('',(572.13780338252,1.25E+03,324.76649291285));
#772 = CARTESIAN_POINT('',(565.51686017641,1.25E+03,325.95237563308));
#773 = CARTESIAN_POINT('',(558.16894127564,1.25E+03,327.21646804891));
#774 = CARTESIAN_POINT('',(550.14995876144,1.25E+03,328.53468052087));
#775 = CARTESIAN_POINT('',(541.52093987372,1.25E+03,329.88258382465));
#776 = CARTESIAN_POINT('',(532.34755897206,1.25E+03,331.23569541694));
#777 = CARTESIAN_POINT('',(522.69963316121,1.25E+03,332.56966153604));
#778 = CARTESIAN_POINT('',(512.65058626945,1.25E+03,333.86036666462));
#779 = CARTESIAN_POINT('',(502.27688539691,1.25E+03,335.0840084536));
#780 = CARTESIAN_POINT('',(491.65745719828,1.25E+03,336.21720558546));
#781 = CARTESIAN_POINT('',(480.87308023814,1.25E+03,337.23711401919));
#782 = CARTESIAN_POINT('',(470.00579133232,1.25E+03,338.12186472421));
#783 = CARTESIAN_POINT('',(459.13818598977,1.25E+03,338.85030805198));
#784 = CARTESIAN_POINT('',(448.35324755611,1.25E+03,339.4049321284));
#785 = CARTESIAN_POINT('',(437.73243768911,1.25E+03,339.76367428618));
#786 = CARTESIAN_POINT('',(427.3552162376,1.25E+03,339.84608687169));
#787 = CARTESIAN_POINT('',(417.30212603817,1.25E+03,339.66137616251));
#788 = CARTESIAN_POINT('',(407.64951067422,1.25E+03,339.20772700681));
#789 = CARTESIAN_POINT('',(398.47083722252,1.25E+03,338.49392544396));
#790 = CARTESIAN_POINT('',(389.83585427928,1.25E+03,337.53385997614));
#791 = CARTESIAN_POINT('',(381.81007205294,1.25E+03,336.34759034122));
#792 = CARTESIAN_POINT('',(374.45416050961,1.25E+03,334.96034165226));
#793 = CARTESIAN_POINT('',(367.82331536592,1.25E+03,333.40159966763));
#794 = CARTESIAN_POINT('',(361.9666308892,1.25E+03,331.70376737828));
#795 = CARTESIAN_POINT('',(356.92595043812,1.25E+03,329.90057280054));
#796 = CARTESIAN_POINT('',(352.73510291172,1.25E+03,328.02482424012));
#797 = CARTESIAN_POINT('',(349.4152035197,1.25E+03,326.10511983528));
#798 = CARTESIAN_POINT('',(346.97661800689,1.25E+03,324.155917173));
#799 = CARTESIAN_POINT('',(345.40867121354,1.25E+03,322.15464330282));
#800 = CARTESIAN_POINT('',(344.82018384015,1.25E+03,320.03412486333));
#801 = CARTESIAN_POINT('',(345.37555814258,1.25E+03,317.96716283607));
#802 = CARTESIAN_POINT('',(346.98319600209,1.25E+03,316.22781413738));
#803 = CARTESIAN_POINT('',(349.4408218598,1.25E+03,314.7495964097));
#804 = CARTESIAN_POINT('',(352.76704799254,1.25E+03,313.45675473628));
#805 = CARTESIAN_POINT('',(356.95822742526,1.25E+03,312.34258280135));
#806 = CARTESIAN_POINT('',(361.99733447295,1.25E+03,311.40693545767));
#807 = CARTESIAN_POINT('',(367.85149957194,1.25E+03,310.65229659791));
#808 = CARTESIAN_POINT('',(374.47932036227,1.25E+03,310.07762212863));
#809 = CARTESIAN_POINT('',(381.83179041077,1.25E+03,309.67840660545));
#810 = CARTESIAN_POINT('',(389.85379116979,1.25E+03,309.44599605367));
#811 = CARTESIAN_POINT('',(398.48473937102,1.25E+03,309.36770881327));
#812 = CARTESIAN_POINT('',(407.65925602055,1.25E+03,309.42699320785));
#813 = CARTESIAN_POINT('',(417.30772181514,1.25E+03,309.60433838215));
#814 = CARTESIAN_POINT('',(427.35690708535,1.25E+03,309.87668182649));
#815 = CARTESIAN_POINT('',(437.73036038541,1.25E+03,310.22389673354));
#816 = CARTESIAN_POINT('',(448.35046548881,1.25E+03,310.60847562914));
#817 = CARTESIAN_POINT('',(459.13472170394,1.25E+03,311.07774585925));
#818 = CARTESIAN_POINT('',(470.00132507508,1.25E+03,311.61768855929));
#819 = CARTESIAN_POINT('',(480.86790757219,1.25E+03,312.2080719808));
#820 = CARTESIAN_POINT('',(491.65178662998,1.25E+03,312.83200075369));
#821 = CARTESIAN_POINT('',(502.27092389647,1.25E+03,313.4739665678));
#822 = CARTESIAN_POINT('',(512.64451199183,1.25E+03,314.1207330025));
#823 = CARTESIAN_POINT('',(522.69360321706,1.25E+03,314.76118051109));
#824 = CARTESIAN_POINT('',(532.34171118755,1.25E+03,315.38618139921));
#825 = CARTESIAN_POINT('',(541.51539705196,1.25E+03,315.9882776697));
#826 = CARTESIAN_POINT('',(550.14483105804,1.25E+03,316.56129304453));
#827 = CARTESIAN_POINT('',(558.16432617708,1.25E+03,317.09992350423));
#828 = CARTESIAN_POINT('',(565.51283946305,1.25E+03,317.59936953382));
#829 = CARTESIAN_POINT('',(572.13443751058,1.25E+03,318.0550558865));
#830 = CARTESIAN_POINT('',(577.97872255062,1.25E+03,318.46246951381));
#831 = CARTESIAN_POINT('',(583.00121599304,1.25E+03,318.8171264872));
#832 = CARTESIAN_POINT('',(587.16369650221,1.25E+03,319.11465923063));
#833 = CARTESIAN_POINT('',(590.43449004885,1.25E+03,319.35099820027));
#834 = CARTESIAN_POINT('',(592.78870980565,1.25E+03,319.52260968006));
#835 = CARTESIAN_POINT('',(594.20844423871,1.25E+03,319.62674492698));
#836 = CARTESIAN_POINT('',(594.84144644306,1.25E+03,319.67332359018));
#837 = CARTESIAN_POINT('',(595.,1.25E+03,319.685));
#838 = PCURVE('',#31,#839);
#839 = DEFINITIONAL_REPRESENTATION('',(#840),#843);
#840 = B_SPLINE_CURVE_WITH_KNOTS('',1,(#841,#842),.UNSPECIFIED.,.F.,.F.,
  (2,2),(0.,510.22997868219),.PIECEWISE_BEZIER_KNOTS.);
#841 = CARTESIAN_POINT('',(0.,1.));
#842 = CARTESIAN_POINT('',(632.68517356591,1.));
#843 = ( GEOMETRIC_REPRESENTATION_CONTEXT(2) 
PARAMETRIC_REPRESENTATION_CONTEXT() REPRESENTATION_CONTEXT('2D SPACE',''
  ) );
#844 = PCURVE('',#845,#850);
#845 = PLANE('',#846);
#846 = AXIS2_PLACEMENT_3D('',#847,#848,#849);
#847 = CARTESIAN_POINT('',(595.,1.25E+03,320.315));
#848 = DIRECTION('',(-1.898130568671E-15,1.,-1.598248142125E-14));
#849 = DIRECTION('',(-0.999988385798,-1.821079810816E-15,
    4.819571539126E-03));
#850 = DEFINITIONAL_REPRESENTATION('',(#851),#927);
#851 = B_SPLINE_CURVE_WITH_KNOTS('',3,(#852,#853,#854,#855,#856,#857,
    #858,#859,#860,#861,#862,#863,#864,#865,#866,#867,#868,#869,#870,
    #871,#872,#873,#874,#875,#876,#877,#878,#879,#880,#881,#882,#883,
    #884,#885,#886,#887,#888,#889,#890,#891,#892,#893,#894,#895,#896,
    #897,#898,#899,#900,#901,#902,#903,#904,#905,#906,#907,#908,#909,
    #910,#911,#912,#913,#914,#915,#916,#917,#918,#919,#920,#921,#922,
    #923,#924,#925,#926),.UNSPECIFIED.,.F.,.F.,(4,1,1,1,1,1,1,1,1,1,1,1,
    1,1,1,1,1,1,1,1,1,1,1,1,1,1,1,1,1,1,1,1,1,1,1,1,1,1,1,1,1,1,1,1,1,1,
    1,1,1,1,1,1,1,1,1,1,1,1,1,1,1,1,1,1,1,1,1,1,1,1,1,1,4),(0.,
    0.485718346047,1.938867067653,4.347482086774,7.691802437129,
    11.944526565994,17.07114846958,23.030355621709,29.774471012854,
    37.249924450183,45.397742816865,54.154054255943,63.450606228876,
    73.21530127582,83.372756526531,93.844893323852,104.55156172588,
    115.41120134944,126.3415353849,137.26028922398,148.08591979759,
    158.7378416348,169.13829035637,179.21485775853,188.89850860283,
    198.12383323058,206.82936373087,214.95791036521,222.45700248345,
    229.27956018469,235.3849972795,240.74111544021,245.32753265227,
    249.14237459413,252.21656648656,254.64624202057,256.65719908737,
    258.57607434886,260.7839376066,263.58707875389,267.12653579592,
    271.45478506133,276.58117378857,282.49141268628,289.15609791907,
    296.53481467071,304.57837009479,313.23019910083,322.42740462366,
    332.10164846384,342.17999356087,352.58573877562,363.23936533605,
    374.06105585504,384.9688240169,395.87925044062,406.70879201023,
    417.37451630551,427.79479749444,437.88997081352,447.58294633704,
    456.79978469747,465.47023787272,473.52825754171,480.91247236267,
    487.56663428063,493.4400328467,498.48787556183,502.67163137366,
    505.95933360831,508.32583786572,509.75302992118,510.22997868219),
  .UNSPECIFIED.);
#852 = CARTESIAN_POINT('',(0.,0.));
#853 = CARTESIAN_POINT('',(0.158702043048,3.205076066679E-02));
#854 = CARTESIAN_POINT('',(0.792234461098,0.159824828386));
#855 = CARTESIAN_POINT('',(2.213087596863,0.444859514872));
#856 = CARTESIAN_POINT('',(4.56915950749,0.912487879669));
#857 = CARTESIAN_POINT('',(7.842518640442,1.551906825652));
#858 = CARTESIAN_POINT('',(12.008247527683,2.348639385694));
#859 = CARTESIAN_POINT('',(17.03462911201,3.285105203713));
#860 = CARTESIAN_POINT('',(22.883385379852,4.341255220176));
#861 = CARTESIAN_POINT('',(29.509967135591,5.49521405789));
#862 = CARTESIAN_POINT('',(36.863893079969,6.723877971485));
#863 = CARTESIAN_POINT('',(44.8891356794,8.003427073556));
#864 = CARTESIAN_POINT('',(53.524550664351,9.309726548675));
#865 = CARTESIAN_POINT('',(62.704346442625,10.618610660144));
#866 = CARTESIAN_POINT('',(72.358589345655,11.906062417645));
#867 = CARTESIAN_POINT('',(82.413740171457,13.148320455311));
#868 = CARTESIAN_POINT('',(92.79321799087,14.321951239193));
#869 = CARTESIAN_POINT('',(103.41798437796,15.40395411596));
#870 = CARTESIAN_POINT('',(114.20715160782,16.371874628008));
#871 = CARTESIAN_POINT('',(125.07857841806,17.204239381035));
#872 = CARTESIAN_POINT('',(135.94956832677,17.880297047112));
#873 = CARTESIAN_POINT('',(146.7370545524,18.38293589969));
#874 = CARTESIAN_POINT('',(157.35947005066,18.690486138));
#875 = CARTESIAN_POINT('',(167.73696817236,18.722884005192));
#876 = CARTESIAN_POINT('',(177.78905138669,18.489723853875));
#877 = CARTESIAN_POINT('',(187.43936824866,17.989558496661));
#878 = CARTESIAN_POINT('',(196.61449487969,17.231527950715));
#879 = CARTESIAN_POINT('',(205.24475043028,16.229856715251));
#880 = CARTESIAN_POINT('',(213.26472213219,15.004920026314));
#881 = CARTESIAN_POINT('',(220.61386229818,13.582235107224));
#882 = CARTESIAN_POINT('',(227.23711796139,11.991553393601));
#883 = CARTESIAN_POINT('',(233.08555159321,10.2655141134));
#884 = CARTESIAN_POINT('',(238.11748287554,8.438046558294));
#885 = CARTESIAN_POINT('',(242.29924142421,6.542121693725));
#886 = CARTESIAN_POINT('',(245.60985010554,4.606439092098));
#887 = CARTESIAN_POINT('',(248.03901297444,2.645506130927));
#888 = CARTESIAN_POINT('',(249.59729627476,0.636698672202));
#889 = CARTESIAN_POINT('',(250.17555682302,-1.486631396157));
#890 = CARTESIAN_POINT('',(249.61022709945,-3.550892751117));
#891 = CARTESIAN_POINT('',(247.99422499589,-5.282473122981));
#892 = CARTESIAN_POINT('',(245.52950330546,-6.748828978705));
#893 = CARTESIAN_POINT('',(242.19708486125,-8.025624651997));
#894 = CARTESIAN_POINT('',(238.00058427439,-9.119583957601));
#895 = CARTESIAN_POINT('',(232.95702633259,-10.03093409757));
#896 = CARTESIAN_POINT('',(227.09929218909,-10.7573496253));
#897 = CARTESIAN_POINT('',(220.4687786909,-11.30007416376));
#898 = CARTESIAN_POINT('',(213.1144699877,-11.66384929498));
#899 = CARTESIAN_POINT('',(205.09144227854,-11.85759454095));
#900 = CARTESIAN_POINT('',(196.46021700793,-11.8942833998));
#901 = CARTESIAN_POINT('',(187.28609263848,-11.79078245443));
#902 = CARTESIAN_POINT('',(177.63859363087,-11.56693786872));
#903 = CARTESIAN_POINT('',(167.59083765265,-11.24616482011));
#904 = CARTESIAN_POINT('',(157.21917825906,-10.84895834539));
#905 = CARTESIAN_POINT('',(146.60105000521,-10.41319956007));
#906 = CARTESIAN_POINT('',(135.81918072206,-9.89195928584));
#907 = CARTESIAN_POINT('',(124.95530585032,-9.29965048447));
#908 = CARTESIAN_POINT('',(114.09169495503,-8.656901648056));
#909 = CARTESIAN_POINT('',(103.31094821275,-7.981006445019));
#910 = CARTESIAN_POINT('',(92.695028279244,-7.287868395089));
#911 = CARTESIAN_POINT('',(82.324677801936,-6.591113222123));
#912 = CARTESIAN_POINT('',(72.27878997147,-5.902240837754));
#913 = CARTESIAN_POINT('',(62.633806292548,-5.230747461939));
#914 = CARTESIAN_POINT('',(53.46312881923,-4.584444949012));
#915 = CARTESIAN_POINT('',(44.836556725739,-3.969846054768));
#916 = CARTESIAN_POINT('',(36.819750714774,-3.392571320402));
#917 = CARTESIAN_POINT('',(29.473729891796,-2.857714405991));
#918 = CARTESIAN_POINT('',(22.854404961821,-2.370120080252));
#919 = CARTESIAN_POINT('',(17.012151357607,-1.934544234874));
#920 = CARTESIAN_POINT('',(11.9914255421,-1.555685114094));
#921 = CARTESIAN_POINT('',(7.830427357158,-1.238094453672));
#922 = CARTESIAN_POINT('',(4.560810850747,-0.98599440544));
#923 = CARTESIAN_POINT('',(2.207445530136,-0.80303858824));
#924 = CARTESIAN_POINT('',(0.78822947343,-0.6920620391));
#925 = CARTESIAN_POINT('',(0.155459110097,-0.642433117468));
#926 = CARTESIAN_POINT('',(-3.036330069649E-03,-0.629992683053));
#927 = ( GEOMETRIC_REPRESENTATION_CONTEXT(2) 
PARAMETRIC_REPRESENTATION_CONTEXT() REPRESENTATION_CONTEXT('2D SPACE',''
  ) );
#928 = ORIENTED_EDGE('',*,*,#929,.F.);
#929 = EDGE_CURVE('',#930,#759,#932,.T.);
#930 = VERTEX_POINT('',#931);
#931 = CARTESIAN_POINT('',(595.71186440678,1.23E+03,320.31628135593));
#932 = SURFACE_CURVE('',#933,(#936,#943),.PCURVE_S1.);
#933 = B_SPLINE_CURVE_WITH_KNOTS('',1,(#934,#935),.UNSPECIFIED.,.F.,.F.,
  (2,2),(0.,1.),.PIECEWISE_BEZIER_KNOTS.);
#934 = CARTESIAN_POINT('',(637.,70.,320.3906));
#935 = CARTESIAN_POINT('',(595.,1.25E+03,320.315));
#936 = PCURVE('',#31,#937);
#937 = DEFINITIONAL_REPRESENTATION('',(#938),#942);
#938 = LINE('',#939,#940);
#939 = CARTESIAN_POINT('',(0.,0.));
#940 = VECTOR('',#941,1.);
#941 = DIRECTION('',(0.,1.));
#942 = ( GEOMETRIC_REPRESENTATION_CONTEXT(2) 
PARAMETRIC_REPRESENTATION_CONTEXT() REPRESENTATION_CONTEXT('2D SPACE',''
  ) );
#943 = PCURVE('',#746,#944);
#944 = DEFINITIONAL_REPRESENTATION('',(#945),#949);
#945 = LINE('',#946,#947);
#946 = CARTESIAN_POINT('',(0.7812,0.));
#947 = VECTOR('',#948,1.);
#948 = DIRECTION('',(0.,1.));
#949 = ( GEOMETRIC_REPRESENTATION_CONTEXT(2) 
PARAMETRIC_REPRESENTATION_CONTEXT() REPRESENTATION_CONTEXT('2D SPACE',''
  ) );
#950 = ORIENTED_EDGE('',*,*,#951,.F.);
#951 = EDGE_CURVE('',#952,#930,#954,.T.);
#952 = VERTEX_POINT('',#953);
#953 = CARTESIAN_POINT('',(532.95762711864,1.23E+03,331.24493347392));
#954 = SURFACE_CURVE('',#955,(#993,#1034),.PCURVE_S1.);
#955 = B_SPLINE_CURVE_WITH_KNOTS('',8,(#956,#957,#958,#959,#960,#961,
    #962,#963,#964,#965,#966,#967,#968,#969,#970,#971,#972,#973,#974,
    #975,#976,#977,#978,#979,#980,#981,#982,#983,#984,#985,#986,#987,
    #988,#989,#990,#991,#992),.UNSPECIFIED.,.F.,.F.,(9,7,7,7,7,9),(0.,
    0.147614557059,0.356690315776,0.517517790256,0.758758942638,1.),
  .UNSPECIFIED.);
#956 = CARTESIAN_POINT('',(532.95762711864,1.23E+03,331.24493347392));
#957 = CARTESIAN_POINT('',(534.12133485545,1.23E+03,331.07852930447));
#958 = CARTESIAN_POINT('',(535.28483098658,1.23E+03,330.9106458155));
#959 = CARTESIAN_POINT('',(536.44811362999,1.23E+03,330.74128535993));
#960 = CARTESIAN_POINT('',(537.61118090797,1.23E+03,330.57045028936));
#961 = CARTESIAN_POINT('',(538.77403094715,1.23E+03,330.39814295404));
#962 = CARTESIAN_POINT('',(539.93666187855,1.23E+03,330.22436570288));
#963 = CARTESIAN_POINT('',(541.09907183752,1.23E+03,330.04912088344));
#964 = CARTESIAN_POINT('',(543.90733750801,1.23E+03,329.62212532317));
#965 = CARTESIAN_POINT('',(545.55296895801,1.23E+03,329.3689001872));
#966 = CARTESIAN_POINT('',(547.19814707922,1.23E+03,329.11273525195));
#967 = CARTESIAN_POINT('',(548.84286593064,1.23E+03,328.85363290137));
#968 = CARTESIAN_POINT('',(550.48711748869,1.23E+03,328.59158199865));
#969 = CARTESIAN_POINT('',(552.13089953643,1.23E+03,328.32660717741));
#970 = CARTESIAN_POINT('',(553.77420084077,1.23E+03,328.05867905052));
#971 = CARTESIAN_POINT('',(556.68071865023,1.23E+03,327.57943059154));
#972 = CARTESIAN_POINT('',(557.94413380278,1.23E+03,327.36931482083));
#973 = CARTESIAN_POINT('',(559.20725722533,1.23E+03,327.15744783569));
#974 = CARTESIAN_POINT('',(560.47008645155,1.23E+03,326.94383148694));
#975 = CARTESIAN_POINT('',(561.73261724324,1.23E+03,326.72845851306));
#976 = CARTESIAN_POINT('',(562.99484509884,1.23E+03,326.51132033281));
#977 = CARTESIAN_POINT('',(564.2567669125,1.23E+03,326.29241564382));
#978 = CARTESIAN_POINT('',(567.41079539133,1.23E+03,325.74072052213));
#979 = CARTESIAN_POINT('',(569.30251427222,1.23E+03,325.40571375873));
#980 = CARTESIAN_POINT('',(571.19352331189,1.23E+03,325.06670475582));
#981 = CARTESIAN_POINT('',(573.0838002347,1.23E+03,324.72363654386));
#982 = CARTESIAN_POINT('',(574.97334459991,1.23E+03,324.37654491869));
#983 = CARTESIAN_POINT('',(576.86212498731,1.23E+03,324.0253367986));
#984 = CARTESIAN_POINT('',(578.75013415026,1.23E+03,323.67001923015));
#985 = CARTESIAN_POINT('',(582.52456768869,1.23E+03,322.95107059924));
#986 = CARTESIAN_POINT('',(584.41099227861,1.23E+03,322.58744063245));
#987 = CARTESIAN_POINT('',(586.29660770402,1.23E+03,322.21962133726));
#988 = CARTESIAN_POINT('',(588.18139535396,1.23E+03,321.84757508422));
#989 = CARTESIAN_POINT('',(590.06533567793,1.23E+03,321.47126155179));
#990 = CARTESIAN_POINT('',(591.94840831138,1.23E+03,321.09063833317));
#991 = CARTESIAN_POINT('',(593.83059201197,1.23E+03,320.70566081904));
#992 = CARTESIAN_POINT('',(595.71186440678,1.23E+03,320.31628135593));
#993 = PCURVE('',#31,#994);
#994 = DEFINITIONAL_REPRESENTATION('',(#995),#1033);
#995 = B_SPLINE_CURVE_WITH_KNOTS('',8,(#996,#997,#998,#999,#1000,#1001,
    #1002,#1003,#1004,#1005,#1006,#1007,#1008,#1009,#1010,#1011,#1012,
    #1013,#1014,#1015,#1016,#1017,#1018,#1019,#1020,#1021,#1022,#1023,
    #1024,#1025,#1026,#1027,#1028,#1029,#1030,#1031,#1032),
  .UNSPECIFIED.,.F.,.F.,(9,7,7,7,7,9),(0.,0.147614557059,0.356690315776,
    0.517517790256,0.758758942638,1.),.UNSPECIFIED.);
#996 = CARTESIAN_POINT('',(78.678751723806,0.983050847458));
#997 = CARTESIAN_POINT('',(77.226986439636,0.983050847458));
#998 = CARTESIAN_POINT('',(75.775221097204,0.983050847458));
#999 = CARTESIAN_POINT('',(74.323455713793,0.983050847458));
#1000 = CARTESIAN_POINT('',(72.87169030113,0.983050847458));
#1001 = CARTESIAN_POINT('',(71.419924865384,0.983050847458));
#1002 = CARTESIAN_POINT('',(69.968159407167,0.983050847458));
#1003 = CARTESIAN_POINT('',(68.516393921535,0.983050847458));
#1004 = CARTESIAN_POINT('',(65.008401801068,0.983050847458));
#1005 = CARTESIAN_POINT('',(62.952175169651,0.983050847458));
#1006 = CARTESIAN_POINT('',(60.895948429818,0.983050847458));
#1007 = CARTESIAN_POINT('',(58.839721705615,0.983050847458));
#1008 = CARTESIAN_POINT('',(56.783494729986,0.983050847458));
#1009 = CARTESIAN_POINT('',(54.727267909124,0.983050847458));
#1010 = CARTESIAN_POINT('',(52.671040932928,0.983050847458));
#1011 = CARTESIAN_POINT('',(49.033101088634,0.983050847458));
#1012 = CARTESIAN_POINT('',(47.451388257221,0.983050847458));
#1013 = CARTESIAN_POINT('',(45.869675342659,0.983050847458));
#1014 = CARTESIAN_POINT('',(44.287962468185,0.983050847458));
#1015 = CARTESIAN_POINT('',(42.706249566095,0.983050847458));
#1016 = CARTESIAN_POINT('',(41.124536549207,0.983050847458));
#1017 = CARTESIAN_POINT('',(39.542823506608,0.983050847458));
#1018 = CARTESIAN_POINT('',(35.58854135854,0.983050847458));
#1019 = CARTESIAN_POINT('',(33.215972234042,0.983050847458));
#1020 = CARTESIAN_POINT('',(30.843403373549,0.983050847458));
#1021 = CARTESIAN_POINT('',(28.47083320172,0.983050847458));
#1022 = CARTESIAN_POINT('',(26.098264615149,0.983050847458));
#1023 = CARTESIAN_POINT('',(23.725694598529,0.983050847458));
#1024 = CARTESIAN_POINT('',(21.353125023575,0.983050847458));
#1025 = CARTESIAN_POINT('',(16.607986324892,0.983050847458));
#1026 = CARTESIAN_POINT('',(14.235417307108,0.983050847458));
#1027 = CARTESIAN_POINT('',(11.862848168264,0.983050847458));
#1028 = CARTESIAN_POINT('',(9.490278872337,0.983050847458));
#1029 = CARTESIAN_POINT('',(7.117709402522,0.983050847458));
#1030 = CARTESIAN_POINT('',(4.745139776196,0.983050847458));
#1031 = CARTESIAN_POINT('',(2.372570004999,0.983050847458));
#1032 = CARTESIAN_POINT('',(0.,0.983050847458));
#1033 = ( GEOMETRIC_REPRESENTATION_CONTEXT(2) 
PARAMETRIC_REPRESENTATION_CONTEXT() REPRESENTATION_CONTEXT('2D SPACE',''
  ) );
#1034 = PCURVE('',#678,#1035);
#1035 = DEFINITIONAL_REPRESENTATION('',(#1036),#1074);
#1036 = B_SPLINE_CURVE_WITH_KNOTS('',8,(#1037,#1038,#1039,#1040,#1041,
    #1042,#1043,#1044,#1045,#1046,#1047,#1048,#1049,#1050,#1051,#1052,
    #1053,#1054,#1055,#1056,#1057,#1058,#1059,#1060,#1061,#1062,#1063,
    #1064,#1065,#1066,#1067,#1068,#1069,#1070,#1071,#1072,#1073),
  .UNSPECIFIED.,.F.,.F.,(9,7,7,7,7,9),(0.,0.147614557059,0.356690315776,
    0.517517790256,0.758758942638,1.),.UNSPECIFIED.);
#1037 = CARTESIAN_POINT('',(0.,-71.24493347392));
#1038 = CARTESIAN_POINT('',(1.163707736808,-71.07852930447));
#1039 = CARTESIAN_POINT('',(2.327203867945,-70.9106458155));
#1040 = CARTESIAN_POINT('',(3.490486511352,-70.74128535993));
#1041 = CARTESIAN_POINT('',(4.653553789326,-70.57045028936));
#1042 = CARTESIAN_POINT('',(5.816403828512,-70.39814295404));
#1043 = CARTESIAN_POINT('',(6.979034759914,-70.22436570288));
#1044 = CARTESIAN_POINT('',(8.141444718884,-70.04912088344));
#1045 = CARTESIAN_POINT('',(10.94971038937,-69.62212532317));
#1046 = CARTESIAN_POINT('',(12.595341839372,-69.3689001872));
#1047 = CARTESIAN_POINT('',(14.240519960579,-69.11273525195));
#1048 = CARTESIAN_POINT('',(15.885238812002,-68.85363290137));
#1049 = CARTESIAN_POINT('',(17.52949037005,-68.59158199865));
#1050 = CARTESIAN_POINT('',(19.173272417788,-68.32660717741));
#1051 = CARTESIAN_POINT('',(20.816573722132,-68.05867905052));
#1052 = CARTESIAN_POINT('',(23.723091531589,-67.57943059154));
#1053 = CARTESIAN_POINT('',(24.986506684136,-67.36931482083));
#1054 = CARTESIAN_POINT('',(26.249630106694,-67.15744783569));
#1055 = CARTESIAN_POINT('',(27.512459332911,-66.94383148694));
#1056 = CARTESIAN_POINT('',(28.774990124601,-66.72845851306));
#1057 = CARTESIAN_POINT('',(30.037217980202,-66.51132033281));
#1058 = CARTESIAN_POINT('',(31.299139793861,-66.29241564382));
#1059 = CARTESIAN_POINT('',(34.453168272686,-65.74072052213));
#1060 = CARTESIAN_POINT('',(36.344887153578,-65.40571375873));
#1061 = CARTESIAN_POINT('',(38.235896193248,-65.06670475582));
#1062 = CARTESIAN_POINT('',(40.126173116056,-64.72363654386));
#1063 = CARTESIAN_POINT('',(42.015717481269,-64.37654491869));
#1064 = CARTESIAN_POINT('',(43.904497868674,-64.0253367986));
#1065 = CARTESIAN_POINT('',(45.792507031618,-63.67001923015));
#1066 = CARTESIAN_POINT('',(49.566940570047,-62.95107059924));
#1067 = CARTESIAN_POINT('',(51.453365159974,-62.58744063245));
#1068 = CARTESIAN_POINT('',(53.338980585385,-62.21962133726));
#1069 = CARTESIAN_POINT('',(55.223768235318,-61.84757508422));
#1070 = CARTESIAN_POINT('',(57.107708559292,-61.47126155179));
#1071 = CARTESIAN_POINT('',(58.990781192743,-61.09063833317));
#1072 = CARTESIAN_POINT('',(60.872964893331,-60.70566081904));
#1073 = CARTESIAN_POINT('',(62.754237288136,-60.31628135593));
#1074 = ( GEOMETRIC_REPRESENTATION_CONTEXT(2) 
PARAMETRIC_REPRESENTATION_CONTEXT() REPRESENTATION_CONTEXT('2D SPACE',''
  ) );
#1075 = ORIENTED_EDGE('',*,*,#1076,.F.);
#1076 = EDGE_CURVE('',#1077,#952,#1079,.T.);
#1077 = VERTEX_POINT('',#1078);
#1078 = CARTESIAN_POINT('',(545.08474576271,700.,332.45218831683));
#1079 = SURFACE_CURVE('',#1080,(#1086,#1095),.PCURVE_S1.);
#1080 = B_SPLINE_CURVE_WITH_KNOTS('',4,(#1081,#1082,#1083,#1084,#1085),
  .UNSPECIFIED.,.F.,.F.,(5,5),(0.,1.),.PIECEWISE_BEZIER_KNOTS.);
#1081 = CARTESIAN_POINT('',(545.08474576271,700.,332.45218831683));
#1082 = CARTESIAN_POINT('',(542.05296610169,832.5,332.15037460611));
#1083 = CARTESIAN_POINT('',(539.02118644067,964.99999999999,
    331.84856089538));
#1084 = CARTESIAN_POINT('',(535.98940677966,1.0975E+03,331.54674718465)
  );
#1085 = CARTESIAN_POINT('',(532.95762711864,1.23E+03,331.24493347392));
#1086 = PCURVE('',#31,#1087);
#1087 = DEFINITIONAL_REPRESENTATION('',(#1088),#1094);
#1088 = B_SPLINE_CURVE_WITH_KNOTS('',4,(#1089,#1090,#1091,#1092,#1093),
  .UNSPECIFIED.,.F.,.F.,(5,5),(0.,1.),.PIECEWISE_BEZIER_KNOTS.);
#1089 = CARTESIAN_POINT('',(78.678751723806,0.533898305085));
#1090 = CARTESIAN_POINT('',(78.678751723806,0.646186440678));
#1091 = CARTESIAN_POINT('',(78.678751723806,0.758474576271));
#1092 = CARTESIAN_POINT('',(78.678751723806,0.870762711864));
#1093 = CARTESIAN_POINT('',(78.678751723806,0.983050847458));
#1094 = ( GEOMETRIC_REPRESENTATION_CONTEXT(2) 
PARAMETRIC_REPRESENTATION_CONTEXT() REPRESENTATION_CONTEXT('2D SPACE',''
  ) );
#1095 = PCURVE('',#566,#1096);
#1096 = DEFINITIONAL_REPRESENTATION('',(#1097),#1103);
#1097 = B_SPLINE_CURVE_WITH_KNOTS('',4,(#1098,#1099,#1100,#1101,#1102),
  .UNSPECIFIED.,.F.,.F.,(5,5),(0.,1.),.PIECEWISE_BEZIER_KNOTS.);
#1098 = CARTESIAN_POINT('',(0.,-72.45218831683));
#1099 = CARTESIAN_POINT('',(132.53468107598,-72.15037460611));
#1100 = CARTESIAN_POINT('',(265.06936215196,-71.84856089538));
#1101 = CARTESIAN_POINT('',(397.60404322795,-71.54674718465));
#1102 = CARTESIAN_POINT('',(530.13872430393,-71.24493347392));
#1103 = ( GEOMETRIC_REPRESENTATION_CONTEXT(2) 
PARAMETRIC_REPRESENTATION_CONTEXT() REPRESENTATION_CONTEXT('2D SPACE',''
  ) );
#1104 = ORIENTED_EDGE('',*,*,#1105,.T.);
#1105 = EDGE_CURVE('',#1077,#24,#1106,.T.);
#1106 = SURFACE_CURVE('',#1107,(#1145,#1186),.PCURVE_S1.);
#1107 = B_SPLINE_CURVE_WITH_KNOTS('',8,(#1108,#1109,#1110,#1111,#1112,
    #1113,#1114,#1115,#1116,#1117,#1118,#1119,#1120,#1121,#1122,#1123,
    #1124,#1125,#1126,#1127,#1128,#1129,#1130,#1131,#1132,#1133,#1134,
    #1135,#1136,#1137,#1138,#1139,#1140,#1141,#1142,#1143,#1144),
  .UNSPECIFIED.,.F.,.F.,(9,7,7,7,7,9),(0.,0.147614566241,0.356690333246,
    0.517517810059,0.758758958499,1.),.UNSPECIFIED.);
#1108 = CARTESIAN_POINT('',(545.08474576271,700.,332.45218831683));
#1109 = CARTESIAN_POINT('',(546.37338902177,700.,332.26791901583));
#1110 = CARTESIAN_POINT('',(547.6617979637,700.,332.08201157481));
#1111 = CARTESIAN_POINT('',(548.94997050243,700.,331.89446859959));
#1112 = CARTESIAN_POINT('',(550.23790455738,700.,331.70529269439));
#1113 = CARTESIAN_POINT('',(551.52559805338,700.,331.51448646188));
#1114 = CARTESIAN_POINT('',(552.8130489207,700.,331.32205250313));
#1115 = CARTESIAN_POINT('',(554.10025509506,700.,331.12799341766));
#1116 = CARTESIAN_POINT('',(557.21001585237,700.,330.65515566201));
#1117 = CARTESIAN_POINT('',(559.03232209681,700.,330.37474430597));
#1118 = CARTESIAN_POINT('',(560.85412635506,700.,330.09107753234));
#1119 = CARTESIAN_POINT('',(562.67542203477,700.,329.80415798311));
#1120 = CARTESIAN_POINT('',(564.49620028043,700.,329.51397332101));
#1121 = CARTESIAN_POINT('',(566.31645859194,700.,329.22055083156));
#1122 = CARTESIAN_POINT('',(568.13618456482,700.,328.92385796704));
#1123 = CARTESIAN_POINT('',(571.35474582297,700.,328.39315744352));
#1124 = CARTESIAN_POINT('',(572.75380107843,700.,328.16048366829));
#1125 = CARTESIAN_POINT('',(574.15253329304,700.,327.92587066691));
#1126 = CARTESIAN_POINT('',(575.55093972197,700.,327.68932049119));
#1127 = CARTESIAN_POINT('',(576.94901567954,700.,327.45082509876));
#1128 = CARTESIAN_POINT('',(578.34675619055,700.,327.21037498542));
#1129 = CARTESIAN_POINT('',(579.74415780585,700.,326.96796871061));
#1130 = CARTESIAN_POINT('',(583.23680242072,700.,326.35704366388));
#1131 = CARTESIAN_POINT('',(585.33161600579,700.,325.98607061599));
#1132 = CARTESIAN_POINT('',(587.42564351163,700.,325.61066565434));
#1133 = CARTESIAN_POINT('',(589.51886044646,700.,325.2307656607));
#1134 = CARTESIAN_POINT('',(591.61126600005,700.,324.84641033299));
#1135 = CARTESIAN_POINT('',(593.70282571426,700.,324.45749653468));
#1136 = CARTESIAN_POINT('',(595.7935313561,700.,324.06403210695));
#1137 = CARTESIAN_POINT('',(599.97318766008,700.,323.26789723088));
#1138 = CARTESIAN_POINT('',(602.0621385479,700.,322.86522799844));
#1139 = CARTESIAN_POINT('',(604.15019341281,700.,322.45791966938));
#1140 = CARTESIAN_POINT('',(606.23733164971,700.,322.04593057344));
#1141 = CARTESIAN_POINT('',(608.323531611,700.,321.62921605966));
#1142 = CARTESIAN_POINT('',(610.40877074386,700.,321.20772916871));
#1143 = CARTESIAN_POINT('',(612.49302552404,700.,320.78142050211));
#1144 = CARTESIAN_POINT('',(614.57627118644,700.,320.35023728813));
#1145 = PCURVE('',#31,#1146);
#1146 = DEFINITIONAL_REPRESENTATION('',(#1147),#1185);
#1147 = B_SPLINE_CURVE_WITH_KNOTS('',8,(#1148,#1149,#1150,#1151,#1152,
    #1153,#1154,#1155,#1156,#1157,#1158,#1159,#1160,#1161,#1162,#1163,
    #1164,#1165,#1166,#1167,#1168,#1169,#1170,#1171,#1172,#1173,#1174,
    #1175,#1176,#1177,#1178,#1179,#1180,#1181,#1182,#1183,#1184),
  .UNSPECIFIED.,.F.,.F.,(9,7,7,7,7,9),(0.,0.147614566241,0.356690333246,
    0.517517810059,0.758758958499,1.),.UNSPECIFIED.);
#1148 = CARTESIAN_POINT('',(78.678751723806,0.533898305085));
#1149 = CARTESIAN_POINT('',(77.226986456135,0.533898305085));
#1150 = CARTESIAN_POINT('',(75.775221122895,0.533898305085));
#1151 = CARTESIAN_POINT('',(74.323455743537,0.533898305085));
#1152 = CARTESIAN_POINT('',(72.871690331259,0.533898305085));
#1153 = CARTESIAN_POINT('',(71.419924893002,0.533898305085));
#1154 = CARTESIAN_POINT('',(69.968159429456,0.533898305085));
#1155 = CARTESIAN_POINT('',(68.516393935057,0.533898305085));
#1156 = CARTESIAN_POINT('',(65.008401828316,0.533898305085));
#1157 = CARTESIAN_POINT('',(62.952175219753,0.533898305085));
#1158 = CARTESIAN_POINT('',(60.895948489339,0.533898305085));
#1159 = CARTESIAN_POINT('',(58.839721776306,0.533898305085));
#1160 = CARTESIAN_POINT('',(56.783494780456,0.533898305085));
#1161 = CARTESIAN_POINT('',(54.727267958761,0.533898305085));
#1162 = CARTESIAN_POINT('',(52.671040962213,0.533898305085));
#1163 = CARTESIAN_POINT('',(49.033101105849,0.533898305085));
#1164 = CARTESIAN_POINT('',(47.451388287291,0.533898305085));
#1165 = CARTESIAN_POINT('',(45.869675375162,0.533898305085));
#1166 = CARTESIAN_POINT('',(44.287962508136,0.533898305085));
#1167 = CARTESIAN_POINT('',(42.706249610035,0.533898305085));
#1168 = CARTESIAN_POINT('',(41.124536582752,0.533898305085));
#1169 = CARTESIAN_POINT('',(39.542823526513,0.533898305085));
#1170 = CARTESIAN_POINT('',(35.588541401881,0.533898305085));
#1171 = CARTESIAN_POINT('',(33.215972311944,0.533898305085));
#1172 = CARTESIAN_POINT('',(30.843403519498,0.533898305085));
#1173 = CARTESIAN_POINT('',(28.470833250532,0.533898305085));
#1174 = CARTESIAN_POINT('',(26.098264766545,0.533898305085));
#1175 = CARTESIAN_POINT('',(23.725694672404,0.533898305085));
#1176 = CARTESIAN_POINT('',(21.353125075734,0.533898305085));
#1177 = CARTESIAN_POINT('',(16.607986389952,0.533898305085));
#1178 = CARTESIAN_POINT('',(14.235417420217,0.533898305085));
#1179 = CARTESIAN_POINT('',(11.862848314233,0.533898305085));
#1180 = CARTESIAN_POINT('',(9.490279031466,0.533898305085));
#1181 = CARTESIAN_POINT('',(7.117709553005,0.533898305085));
#1182 = CARTESIAN_POINT('',(4.745139898407,0.533898305085));
#1183 = CARTESIAN_POINT('',(2.372570080762,0.533898305085));
#1184 = CARTESIAN_POINT('',(0.,0.533898305085));
#1185 = ( GEOMETRIC_REPRESENTATION_CONTEXT(2) 
PARAMETRIC_REPRESENTATION_CONTEXT() REPRESENTATION_CONTEXT('2D SPACE',''
  ) );
#1186 = PCURVE('',#493,#1187);
#1187 = DEFINITIONAL_REPRESENTATION('',(#1188),#1226);
#1188 = B_SPLINE_CURVE_WITH_KNOTS('',8,(#1189,#1190,#1191,#1192,#1193,
    #1194,#1195,#1196,#1197,#1198,#1199,#1200,#1201,#1202,#1203,#1204,
    #1205,#1206,#1207,#1208,#1209,#1210,#1211,#1212,#1213,#1214,#1215,
    #1216,#1217,#1218,#1219,#1220,#1221,#1222,#1223,#1224,#1225),
  .UNSPECIFIED.,.F.,.F.,(9,7,7,7,7,9),(0.,0.147614566241,0.356690333246,
    0.517517810059,0.758758958499,1.),.UNSPECIFIED.);
#1189 = CARTESIAN_POINT('',(74.491525423729,-72.45218831683));
#1190 = CARTESIAN_POINT('',(73.202882164663,-72.26791901583));
#1191 = CARTESIAN_POINT('',(71.914473222741,-72.08201157481));
#1192 = CARTESIAN_POINT('',(70.626300684004,-71.89446859959));
#1193 = CARTESIAN_POINT('',(69.338366629054,-71.70529269439));
#1194 = CARTESIAN_POINT('',(68.050673133056,-71.51448646188));
#1195 = CARTESIAN_POINT('',(66.763222265734,-71.32205250313));
#1196 = CARTESIAN_POINT('',(65.476016091374,-71.12799341766));
#1197 = CARTESIAN_POINT('',(62.366255334064,-70.65515566201));
#1198 = CARTESIAN_POINT('',(60.543949089626,-70.37474430597));
#1199 = CARTESIAN_POINT('',(58.722144831372,-70.09107753234));
#1200 = CARTESIAN_POINT('',(56.900849151667,-69.80415798311));
#1201 = CARTESIAN_POINT('',(55.080070906007,-69.51397332101));
#1202 = CARTESIAN_POINT('',(53.259812594495,-69.22055083156));
#1203 = CARTESIAN_POINT('',(51.440086621619,-68.92385796704));
#1204 = CARTESIAN_POINT('',(48.221525363466,-68.39315744352));
#1205 = CARTESIAN_POINT('',(46.822470108002,-68.16048366829));
#1206 = CARTESIAN_POINT('',(45.423737893401,-67.92587066691));
#1207 = CARTESIAN_POINT('',(44.025331464465,-67.68932049119));
#1208 = CARTESIAN_POINT('',(42.627255506897,-67.45082509876));
#1209 = CARTESIAN_POINT('',(41.229514995882,-67.21037498542));
#1210 = CARTESIAN_POINT('',(39.832113380586,-66.96796871061));
#1211 = CARTESIAN_POINT('',(36.339468765721,-66.35704366388));
#1212 = CARTESIAN_POINT('',(34.24465518065,-65.98607061599));
#1213 = CARTESIAN_POINT('',(32.150627674805,-65.61066565434));
#1214 = CARTESIAN_POINT('',(30.057410739972,-65.2307656607));
#1215 = CARTESIAN_POINT('',(27.965005186388,-64.84641033299));
#1216 = CARTESIAN_POINT('',(25.873445472181,-64.45749653468));
#1217 = CARTESIAN_POINT('',(23.782739830338,-64.06403210695));
#1218 = CARTESIAN_POINT('',(19.603083526359,-63.26789723088));
#1219 = CARTESIAN_POINT('',(17.514132638534,-62.86522799844));
#1220 = CARTESIAN_POINT('',(15.426077773626,-62.45791966938));
#1221 = CARTESIAN_POINT('',(13.338939536727,-62.04593057344));
#1222 = CARTESIAN_POINT('',(11.252739575432,-61.62921605966));
#1223 = CARTESIAN_POINT('',(9.167500442579,-61.20772916871));
#1224 = CARTESIAN_POINT('',(7.083245662392,-60.78142050211));
#1225 = CARTESIAN_POINT('',(5.,-60.35023728813));
#1226 = ( GEOMETRIC_REPRESENTATION_CONTEXT(2) 
PARAMETRIC_REPRESENTATION_CONTEXT() REPRESENTATION_CONTEXT('2D SPACE',''
  ) );
#1227 = FACE_BOUND('',#1228,.F.);
#1228 = EDGE_LOOP('',(#1229));
#1229 = ORIENTED_EDGE('',*,*,#1230,.F.);
#1230 = EDGE_CURVE('',#1231,#1231,#1233,.T.);
#1231 = VERTEX_POINT('',#1232);
#1232 = CARTESIAN_POINT('',(482.75,470.,340.59638933171));
#1233 = SURFACE_CURVE('',#1234,(#1289,#1384),.PCURVE_S1.);
#1234 = B_SPLINE_CURVE_WITH_KNOTS('',7,(#1235,#1236,#1237,#1238,#1239,
    #1240,#1241,#1242,#1243,#1244,#1245,#1246,#1247,#1248,#1249,#1250,
    #1251,#1252,#1253,#1254,#1255,#1256,#1257,#1258,#1259,#1260,#1261,
    #1262,#1263,#1264,#1265,#1266,#1267,#1268,#1269,#1270,#1271,#1272,
    #1273,#1274,#1275,#1276,#1277,#1278,#1279,#1280,#1281,#1282,#1283,
    #1284,#1285,#1286,#1287,#1288),.UNSPECIFIED.,.T.,.F.,(8,5,5,6,6,6,6,
    6,6,8),(0.,6.926292578652E-02,1.,17.362098275158,35.456335951424,
    39.260881234581,39.38157059961,60.01966165929,75.795212786854,
    80.007834321461),.UNSPECIFIED.);
#1235 = CARTESIAN_POINT('',(482.75,470.,340.59638933171));
#1236 = CARTESIAN_POINT('',(482.75,469.99728546568,340.59640152684));
#1237 = CARTESIAN_POINT('',(482.74999687039,469.99457083495,
    340.59641397157));
#1238 = CARTESIAN_POINT('',(482.74999061327,469.99185616958,
    340.59642666546));
#1239 = CARTESIAN_POINT('',(482.74998123075,469.98914153136,
    340.59643960807));
#1240 = CARTESIAN_POINT('',(482.74996872492,469.98642698207,
    340.59645279895));
#1241 = CARTESIAN_POINT('',(482.74974310602,469.94723720563,
    340.59664682372));
#1242 = CARTESIAN_POINT('',(482.74886731626,469.90809172409,
    340.59689241826));
#1243 = CARTESIAN_POINT('',(482.74748974535,469.87169745324,
    340.59716560047));
#1244 = CARTESIAN_POINT('',(482.7455505171,469.8353445712,
    340.59748330578));
#1245 = CARTESIAN_POINT('',(482.74305041508,469.79903458667,
    340.59784545903));
#1246 = CARTESIAN_POINT('',(482.68600434596,469.12344218914,
    340.60542106378));
#1247 = CARTESIAN_POINT('',(482.4428886949,468.53014332906,
    340.62745370401));
#1248 = CARTESIAN_POINT('',(482.10645991136,468.08023210167,
    340.65614351054));
#1249 = CARTESIAN_POINT('',(481.71284880993,467.74321519819,
    340.68866397841));
#1250 = CARTESIAN_POINT('',(481.29664792879,467.50632362442,
    340.72227244196));
#1251 = CARTESIAN_POINT('',(480.87309816388,467.35456308821,
    340.75580579337));
#1252 = CARTESIAN_POINT('',(479.94744641274,467.2067856903,
    340.82774903871));
#1253 = CARTESIAN_POINT('',(479.46819245731,467.22831625,340.8642917441)
  );
#1254 = CARTESIAN_POINT('',(478.98563077839,467.3494173248,
    340.90028642839));
#1255 = CARTESIAN_POINT('',(478.5074225266,467.57482845957,
    340.93514030867));
#1256 = CARTESIAN_POINT('',(478.05903616413,467.9135919141,
    340.96697860918));
#1257 = CARTESIAN_POINT('',(477.68374746473,468.37905266309,
    340.99264456132));
#1258 = CARTESIAN_POINT('',(477.39194347805,469.11707786397,
    341.01086487712));
#1259 = CARTESIAN_POINT('',(477.34780296708,469.25065084861,
    341.01352061337));
#1260 = CARTESIAN_POINT('',(477.31105148035,469.38894353559,
    341.01560959117));
#1261 = CARTESIAN_POINT('',(477.2824344959,469.53112541689,341.017082198
    ));
#1262 = CARTESIAN_POINT('',(477.26255910753,469.67615251967,
    341.01789963923));
#1263 = CARTESIAN_POINT('',(477.25180118476,469.82275337575,
    341.01804057953));
#1264 = CARTESIAN_POINT('',(477.25011831191,469.97407027913,
    341.01749421755));
#1265 = CARTESIAN_POINT('',(477.25007575228,469.97872293384,
    341.01747674366));
#1266 = CARTESIAN_POINT('',(477.25004237691,469.98337565418,
    341.01745859504));
#1267 = CARTESIAN_POINT('',(477.25001818603,469.98802839684,
    341.01743977186));
#1268 = CARTESIAN_POINT('',(477.25000317949,469.99268111667,
    341.01742027433));
#1269 = CARTESIAN_POINT('',(477.24999735686,469.99733376668,
    341.0174001027));
#1270 = CARTESIAN_POINT('',(477.25057536503,470.79757724401,
    341.01381464569));
#1271 = CARTESIAN_POINT('',(477.51921303019,471.49996470839,
    340.99097791374));
#1272 = CARTESIAN_POINT('',(477.94623730564,472.04395864435,
    340.95719706248));
#1273 = CARTESIAN_POINT('',(478.4558389489,472.41853510502,
    340.91758776867));
#1274 = CARTESIAN_POINT('',(478.98042247177,472.64082748959,
    340.87711106823));
#1275 = CARTESIAN_POINT('',(479.49783869095,472.75757539618,
    340.83732475047));
#1276 = CARTESIAN_POINT('',(480.45423930974,472.74369880273,
    340.76409577875));
#1277 = CARTESIAN_POINT('',(480.86054433438,472.6679795275,
    340.73309231349));
#1278 = CARTESIAN_POINT('',(481.26338300255,472.51790790166,
    340.7024473268));
#1279 = CARTESIAN_POINT('',(481.65616331103,472.28800820301,
    340.67271508438));
#1280 = CARTESIAN_POINT('',(482.02112938419,471.97197384533,
    340.64536729991));
#1281 = CARTESIAN_POINT('',(482.32936147397,471.56266737843,
    340.62279313493));
#1282 = CARTESIAN_POINT('',(482.59723099016,470.91578668863,
    340.60442881328));
#1283 = CARTESIAN_POINT('',(482.64632095845,470.77309529139,
    340.6011678696));
#1284 = CARTESIAN_POINT('',(482.68698862996,470.62479379252,
    340.5985988347));
#1285 = CARTESIAN_POINT('',(482.71828574506,470.4718909351,
    340.59679447353));
#1286 = CARTESIAN_POINT('',(482.73944277071,470.31567849269,
    340.59581168154));
#1287 = CARTESIAN_POINT('',(482.75,470.15774765274,340.59568064533));
#1288 = CARTESIAN_POINT('',(482.75,470.,340.59638933171));
#1289 = PCURVE('',#31,#1290);
#1290 = DEFINITIONAL_REPRESENTATION('',(#1291),#1383);
#1291 = B_SPLINE_CURVE_WITH_KNOTS('',3,(#1292,#1293,#1294,#1295,#1296,
    #1297,#1298,#1299,#1300,#1301,#1302,#1303,#1304,#1305,#1306,#1307,
    #1308,#1309,#1310,#1311,#1312,#1313,#1314,#1315,#1316,#1317,#1318,
    #1319,#1320,#1321,#1322,#1323,#1324,#1325,#1326,#1327,#1328,#1329,
    #1330,#1331,#1332,#1333,#1334,#1335,#1336,#1337,#1338,#1339,#1340,
    #1341,#1342,#1343,#1344,#1345,#1346,#1347,#1348,#1349,#1350,#1351,
    #1352,#1353,#1354,#1355,#1356,#1357,#1358,#1359,#1360,#1361,#1362,
    #1363,#1364,#1365,#1366,#1367,#1368,#1369,#1370,#1371,#1372,#1373,
    #1374,#1375,#1376,#1377,#1378,#1379,#1380,#1381,#1382),
  .UNSPECIFIED.,.T.,.F.,(4,1,1,1,1,1,1,1,1,1,1,1,1,1,1,1,1,1,1,1,1,1,1,1
    ,1,1,1,1,1,1,1,1,1,1,1,1,1,1,1,1,1,1,1,1,1,1,1,1,1,1,1,1,1,1,1,1,1,1
    ,1,1,1,1,1,1,1,1,1,1,1,1,1,1,1,1,1,1,1,1,1,1,1,1,1,1,1,1,1,1,4),(0.,
    0.909179935471,1.818359870942,2.727539806413,3.636719741885,
    4.545899677356,5.455079612827,6.364259548298,7.273439483769,
    8.18261941924,9.091799354711,10.000979290183,10.910159225654,
    11.819339161125,12.728519096596,13.637699032067,14.546878967538,
    15.456058903009,16.365238838481,17.274418773952,18.183598709423,
    19.092778644894,20.001958580365,20.911138515836,21.820318451308,
    22.729498386779,23.63867832225,24.547858257721,25.457038193192,
    26.366218128663,27.275398064134,28.184577999606,29.093757935077,
    30.002937870548,30.912117806019,31.82129774149,32.730477676961,
    33.639657612432,34.548837547904,35.458017483375,36.367197418846,
    37.276377354317,38.185557289788,39.094737225259,40.00391716073,
    40.913097096202,41.822277031673,42.731456967144,43.640636902615,
    44.549816838086,45.458996773557,46.368176709028,47.2773566445,
    48.186536579971,49.095716515442,50.004896450913,50.914076386384,
    51.823256321855,52.732436257326,53.641616192798,54.550796128269,
    55.45997606374,56.369155999211,57.278335934682,58.187515870153,
    59.096695805624,60.005875741096,60.915055676567,61.824235612038,
    62.733415547509,63.64259548298,64.551775418451,65.460955353923,
    66.370135289394,67.279315224865,68.188495160336,69.097675095807,
    70.006855031278,70.916034966749,71.825214902221,72.734394837692,
    73.643574773163,74.552754708634,75.461934644105,76.371114579576,
    77.280294515047,78.189474450519,79.09865438599,80.007834321461),
  .QUASI_UNIFORM_KNOTS.);
#1292 = CARTESIAN_POINT('',(151.49221921387,0.338983050847));
#1293 = CARTESIAN_POINT('',(151.49309010124,0.338912441356));
#1294 = CARTESIAN_POINT('',(151.50337424045,0.338771494263));
#1295 = CARTESIAN_POINT('',(151.54212861114,0.338564647883));
#1296 = CARTESIAN_POINT('',(151.60187149537,0.338367765365));
#1297 = CARTESIAN_POINT('',(151.6804057535,0.338180527769));
#1298 = CARTESIAN_POINT('',(151.77563266787,0.338003873302));
#1299 = CARTESIAN_POINT('',(151.8855692958,0.337838170341));
#1300 = CARTESIAN_POINT('',(152.00835062059,0.33768373411));
#1301 = CARTESIAN_POINT('',(152.14223594996,0.337540714139));
#1302 = CARTESIAN_POINT('',(152.28561434121,0.337409149201));
#1303 = CARTESIAN_POINT('',(152.43701043464,0.337288976346));
#1304 = CARTESIAN_POINT('',(152.59509033444,0.337180051323));
#1305 = CARTESIAN_POINT('',(152.75866753857,0.337082165138));
#1306 = CARTESIAN_POINT('',(152.9267092102,0.336995060937));
#1307 = CARTESIAN_POINT('',(153.09834155309,0.336918450193));
#1308 = CARTESIAN_POINT('',(153.27285888072,0.336852028645));
#1309 = CARTESIAN_POINT('',(153.44971918785,0.336795491646));
#1310 = CARTESIAN_POINT('',(153.62859032899,0.336748550396));
#1311 = CARTESIAN_POINT('',(153.80920750414,0.336710943947));
#1312 = CARTESIAN_POINT('',(153.99193507357,0.336682466503));
#1313 = CARTESIAN_POINT('',(154.17569984057,0.336662937492));
#1314 = CARTESIAN_POINT('',(154.35828987681,0.336652321394));
#1315 = CARTESIAN_POINT('',(154.54048903534,0.336650669298));
#1316 = CARTESIAN_POINT('',(154.72217092757,0.336658034296));
#1317 = CARTESIAN_POINT('',(154.90332309344,0.336674493699));
#1318 = CARTESIAN_POINT('',(155.08377257817,0.336700143079));
#1319 = CARTESIAN_POINT('',(155.26325946241,0.336735097873));
#1320 = CARTESIAN_POINT('',(155.4414171548,0.336779492947));
#1321 = CARTESIAN_POINT('',(155.61777766332,0.336833482717));
#1322 = CARTESIAN_POINT('',(155.79177017044,0.336897241118));
#1323 = CARTESIAN_POINT('',(155.96272139448,0.336970961606));
#1324 = CARTESIAN_POINT('',(156.12985548159,0.337054857175));
#1325 = CARTESIAN_POINT('',(156.29229396692,0.337149160298));
#1326 = CARTESIAN_POINT('',(156.44905590502,0.337254123139));
#1327 = CARTESIAN_POINT('',(156.5990572289,0.337370016771));
#1328 = CARTESIAN_POINT('',(156.74111299798,0.337497134093));
#1329 = CARTESIAN_POINT('',(156.87392883296,0.337635778941));
#1330 = CARTESIAN_POINT('',(156.99613268508,0.337786306729));
#1331 = CARTESIAN_POINT('',(157.10615604256,0.337948972775));
#1332 = CARTESIAN_POINT('',(157.20267701638,0.338124498347));
#1333 = CARTESIAN_POINT('',(157.28296641895,0.338311958132));
#1334 = CARTESIAN_POINT('',(157.3436119743,0.338508302394));
#1335 = CARTESIAN_POINT('',(157.38286266824,0.338711567827));
#1336 = CARTESIAN_POINT('',(157.39924027669,0.338919106397));
#1337 = CARTESIAN_POINT('',(157.3919333986,0.33912687582));
#1338 = CARTESIAN_POINT('',(157.36261209639,0.339326360354));
#1339 = CARTESIAN_POINT('',(157.31337574063,0.339518242784));
#1340 = CARTESIAN_POINT('',(157.24608724003,0.339701423926));
#1341 = CARTESIAN_POINT('',(157.16255238239,0.339875440143));
#1342 = CARTESIAN_POINT('',(157.06447802472,0.340039806128));
#1343 = CARTESIAN_POINT('',(156.95348707408,0.340194181906));
#1344 = CARTESIAN_POINT('',(156.83111599233,0.340338319094));
#1345 = CARTESIAN_POINT('',(156.6988149319,0.340472066212));
#1346 = CARTESIAN_POINT('',(156.55794532169,0.340595357861));
#1347 = CARTESIAN_POINT('',(156.40977649966,0.340708207679));
#1348 = CARTESIAN_POINT('',(156.25548116957,0.340810699546));
#1349 = CARTESIAN_POINT('',(156.09612994661,0.340902978284));
#1350 = CARTESIAN_POINT('',(155.93268513773,0.340985239309));
#1351 = CARTESIAN_POINT('',(155.76599388972,0.34105771717));
#1352 = CARTESIAN_POINT('',(155.59678100334,0.341120672766));
#1353 = CARTESIAN_POINT('',(155.42564106479,0.341174379053));
#1354 = CARTESIAN_POINT('',(155.25303196818,0.341219105249));
#1355 = CARTESIAN_POINT('',(155.0792628596,0.341255098627));
#1356 = CARTESIAN_POINT('',(154.9045032831,0.341282566512));
#1357 = CARTESIAN_POINT('',(154.72871435239,0.34130164789));
#1358 = CARTESIAN_POINT('',(154.55187284944,0.341312413383));
#1359 = CARTESIAN_POINT('',(154.37310479789,0.341314748101));
#1360 = CARTESIAN_POINT('',(154.19389239579,0.341308659603));
#1361 = CARTESIAN_POINT('',(154.01631359126,0.341294221249));
#1362 = CARTESIAN_POINT('',(153.83974530234,0.341271202283));
#1363 = CARTESIAN_POINT('',(153.66442861411,0.341239445094));
#1364 = CARTESIAN_POINT('',(153.49051410407,0.341198764198));
#1365 = CARTESIAN_POINT('',(153.31831763956,0.341148973303));
#1366 = CARTESIAN_POINT('',(153.14825182597,0.341089878058));
#1367 = CARTESIAN_POINT('',(152.9808443595,0.341021277998));
#1368 = CARTESIAN_POINT('',(152.81673308981,0.340942966025));
#1369 = CARTESIAN_POINT('',(152.65666731608,0.340854728537));
#1370 = CARTESIAN_POINT('',(152.50150741648,0.340756345423));
#1371 = CARTESIAN_POINT('',(152.35222488588,0.340647589971));
#1372 = CARTESIAN_POINT('',(152.20990238147,0.340528229226));
#1373 = CARTESIAN_POINT('',(152.07573330185,0.340398022663));
#1374 = CARTESIAN_POINT('',(151.95102319585,0.340256727139));
#1375 = CARTESIAN_POINT('',(151.83718428951,0.340104078393));
#1376 = CARTESIAN_POINT('',(151.73575567979,0.339939860115));
#1377 = CARTESIAN_POINT('',(151.64832771064,0.339763646157));
#1378 = CARTESIAN_POINT('',(151.57811623683,0.33957790757));
#1379 = CARTESIAN_POINT('',(151.52703761909,0.339384304748));
#1380 = CARTESIAN_POINT('',(151.49684487082,0.339185086408));
#1381 = CARTESIAN_POINT('',(151.49121934921,0.339050411239));
#1382 = CARTESIAN_POINT('',(151.49221921387,0.338983050847));
#1383 = ( GEOMETRIC_REPRESENTATION_CONTEXT(2) 
PARAMETRIC_REPRESENTATION_CONTEXT() REPRESENTATION_CONTEXT('2D SPACE',''
  ) );
#1384 = PCURVE('',#1385,#1390);
#1385 = CYLINDRICAL_SURFACE('',#1386,2.75);
#1386 = AXIS2_PLACEMENT_3D('',#1387,#1388,#1389);
#1387 = CARTESIAN_POINT('',(480.,470.,250.));
#1388 = DIRECTION('',(0.,0.,1.));
#1389 = DIRECTION('',(1.,0.,-0.));
#1390 = DEFINITIONAL_REPRESENTATION('',(#1391),#1483);
#1391 = B_SPLINE_CURVE_WITH_KNOTS('',3,(#1392,#1393,#1394,#1395,#1396,
    #1397,#1398,#1399,#1400,#1401,#1402,#1403,#1404,#1405,#1406,#1407,
    #1408,#1409,#1410,#1411,#1412,#1413,#1414,#1415,#1416,#1417,#1418,
    #1419,#1420,#1421,#1422,#1423,#1424,#1425,#1426,#1427,#1428,#1429,
    #1430,#1431,#1432,#1433,#1434,#1435,#1436,#1437,#1438,#1439,#1440,
    #1441,#1442,#1443,#1444,#1445,#1446,#1447,#1448,#1449,#1450,#1451,
    #1452,#1453,#1454,#1455,#1456,#1457,#1458,#1459,#1460,#1461,#1462,
    #1463,#1464,#1465,#1466,#1467,#1468,#1469,#1470,#1471,#1472,#1473,
    #1474,#1475,#1476,#1477,#1478,#1479,#1480,#1481,#1482),
  .UNSPECIFIED.,.F.,.F.,(4,1,1,1,1,1,1,1,1,1,1,1,1,1,1,1,1,1,1,1,1,1,1,1
    ,1,1,1,1,1,1,1,1,1,1,1,1,1,1,1,1,1,1,1,1,1,1,1,1,1,1,1,1,1,1,1,1,1,1
    ,1,1,1,1,1,1,1,1,1,1,1,1,1,1,1,1,1,1,1,1,1,1,1,1,1,1,1,1,1,1,4),(0.,
    0.909179935471,1.818359870942,2.727539806413,3.636719741885,
    4.545899677356,5.455079612827,6.364259548298,7.273439483769,
    8.18261941924,9.091799354711,10.000979290183,10.910159225654,
    11.819339161125,12.728519096596,13.637699032067,14.546878967538,
    15.456058903009,16.365238838481,17.274418773952,18.183598709423,
    19.092778644894,20.001958580365,20.911138515836,21.820318451308,
    22.729498386779,23.63867832225,24.547858257721,25.457038193192,
    26.366218128663,27.275398064134,28.184577999606,29.093757935077,
    30.002937870548,30.912117806019,31.82129774149,32.730477676961,
    33.639657612432,34.548837547904,35.458017483375,36.367197418846,
    37.276377354317,38.185557289788,39.094737225259,40.00391716073,
    40.913097096202,41.822277031673,42.731456967144,43.640636902615,
    44.549816838086,45.458996773557,46.368176709028,47.2773566445,
    48.186536579971,49.095716515442,50.004896450913,50.914076386384,
    51.823256321855,52.732436257326,53.641616192798,54.550796128269,
    55.45997606374,56.369155999211,57.278335934682,58.187515870153,
    59.096695805624,60.005875741096,60.915055676567,61.824235612038,
    62.733415547509,63.64259548298,64.551775418451,65.460955353923,
    66.370135289394,67.279315224865,68.188495160336,69.097675095807,
    70.006855031278,70.916034966749,71.825214902221,72.734394837692,
    73.643574773163,74.552754708634,75.461934644105,76.371114579576,
    77.280294515047,78.189474450519,79.09865438599,80.007834321461),
  .QUASI_UNIFORM_KNOTS.);
#1392 = CARTESIAN_POINT('',(6.28318530718,90.596389331717));
#1393 = CARTESIAN_POINT('',(6.252897887318,90.596754852433));
#1394 = CARTESIAN_POINT('',(6.192403194716,90.598119110841));
#1395 = CARTESIAN_POINT('',(6.102911767232,90.601875909285));
#1396 = CARTESIAN_POINT('',(6.016334167974,90.607144819592));
#1397 = CARTESIAN_POINT('',(5.932047950146,90.613759248854));
#1398 = CARTESIAN_POINT('',(5.850056627586,90.621555826558));
#1399 = CARTESIAN_POINT('',(5.770208935396,90.630382272487));
#1400 = CARTESIAN_POINT('',(5.69240445191,90.640095665557));
#1401 = CARTESIAN_POINT('',(5.616535827855,90.650563302949));
#1402 = CARTESIAN_POINT('',(5.542501841463,90.661662881951));
#1403 = CARTESIAN_POINT('',(5.47020124699,90.673282878099));
#1404 = CARTESIAN_POINT('',(5.399531209123,90.685322885532));
#1405 = CARTESIAN_POINT('',(5.330383786785,90.697693974923));
#1406 = CARTESIAN_POINT('',(5.262642038502,90.710319074282));
#1407 = CARTESIAN_POINT('',(5.196175720119,90.723133288707));
#1408 = CARTESIAN_POINT('',(5.130835234185,90.736084482137));
#1409 = CARTESIAN_POINT('',(5.066449628681,90.749132905451));
#1410 = CARTESIAN_POINT('',(5.002807414997,90.762254403132));
#1411 = CARTESIAN_POINT('',(4.939700124164,90.775430277908));
#1412 = CARTESIAN_POINT('',(4.876731148727,90.788686956133));
#1413 = CARTESIAN_POINT('',(4.814001057825,90.80194979613));
#1414 = CARTESIAN_POINT('',(4.752031567982,90.815060256332));
#1415 = CARTESIAN_POINT('',(4.690329036367,90.828072131921));
#1416 = CARTESIAN_POINT('',(4.628691971383,90.840975208885));
#1417 = CARTESIAN_POINT('',(4.566873315838,90.853767720702));
#1418 = CARTESIAN_POINT('',(4.504673399525,90.866436933634));
#1419 = CARTESIAN_POINT('',(4.441915232362,90.878964348877));
#1420 = CARTESIAN_POINT('',(4.378449318896,90.891324308652));
#1421 = CARTESIAN_POINT('',(4.314148691042,90.903484369694));
#1422 = CARTESIAN_POINT('',(4.248904755268,90.915405203219));
#1423 = CARTESIAN_POINT('',(4.182621169112,90.927040621549));
#1424 = CARTESIAN_POINT('',(4.115206564279,90.938337571655));
#1425 = CARTESIAN_POINT('',(4.046566086694,90.949236134358));
#1426 = CARTESIAN_POINT('',(3.976591839803,90.959669533979));
#1427 = CARTESIAN_POINT('',(3.905153123411,90.969564100543));
#1428 = CARTESIAN_POINT('',(3.8320844956,90.978839411314));
#1429 = CARTESIAN_POINT('',(3.75718086879,90.987407762436));
#1430 = CARTESIAN_POINT('',(3.680167642201,90.995176140856));
#1431 = CARTESIAN_POINT('',(3.600768486862,91.002038864978));
#1432 = CARTESIAN_POINT('',(3.518417703084,91.007905050128));
#1433 = CARTESIAN_POINT('',(3.433314787688,91.012596105033));
#1434 = CARTESIAN_POINT('',(3.346472763923,91.015896741864));
#1435 = CARTESIAN_POINT('',(3.258193712279,91.017699098664));
#1436 = CARTESIAN_POINT('',(3.168998110024,91.017916321727));
#1437 = CARTESIAN_POINT('',(3.079919232311,91.016511804689));
#1438 = CARTESIAN_POINT('',(2.993923851111,91.013636624411));
#1439 = CARTESIAN_POINT('',(2.910149324697,91.009429826093));
#1440 = CARTESIAN_POINT('',(2.828593718003,91.004021149711));
#1441 = CARTESIAN_POINT('',(2.749067375188,90.997533076351));
#1442 = CARTESIAN_POINT('',(2.671463350302,90.990081109244));
#1443 = CARTESIAN_POINT('',(2.595676428684,90.981774297492));
#1444 = CARTESIAN_POINT('',(2.521618008765,90.972715482984));
#1445 = CARTESIAN_POINT('',(2.449206668714,90.963001428184));
#1446 = CARTESIAN_POINT('',(2.378366278835,90.952722801049));
#1447 = CARTESIAN_POINT('',(2.309022797054,90.941964041944));
#1448 = CARTESIAN_POINT('',(2.241101824618,90.93080312443));
#1449 = CARTESIAN_POINT('',(2.174526099797,90.919311225071));
#1450 = CARTESIAN_POINT('',(2.109212921742,90.907552317371));
#1451 = CARTESIAN_POINT('',(2.045071294498,90.895582701839));
#1452 = CARTESIAN_POINT('',(1.981998716362,90.883450496618));
#1453 = CARTESIAN_POINT('',(1.919877319307,90.871195066527));
#1454 = CARTESIAN_POINT('',(1.858569901237,90.858846542183));
#1455 = CARTESIAN_POINT('',(1.797913326181,90.846424932336));
#1456 = CARTESIAN_POINT('',(1.737718239573,90.833940752727));
#1457 = CARTESIAN_POINT('',(1.677741247747,90.821390062671));
#1458 = CARTESIAN_POINT('',(1.617755452726,90.808770508799));
#1459 = CARTESIAN_POINT('',(1.557249118201,90.796019174611));
#1460 = CARTESIAN_POINT('',(1.496507113357,90.783242529349));
#1461 = CARTESIAN_POINT('',(1.436026138437,90.770589176077));
#1462 = CARTESIAN_POINT('',(1.375365506448,90.758014558295));
#1463 = CARTESIAN_POINT('',(1.314362763198,90.745536612124));
#1464 = CARTESIAN_POINT('',(1.252810746003,90.733167308963));
#1465 = CARTESIAN_POINT('',(1.19054453296,90.720930998578));
#1466 = CARTESIAN_POINT('',(1.127416610264,90.708859494085));
#1467 = CARTESIAN_POINT('',(1.063300143909,90.696993388922));
#1468 = CARTESIAN_POINT('',(0.99808292562,90.685381703992));
#1469 = CARTESIAN_POINT('',(0.93166206092,90.674081982104));
#1470 = CARTESIAN_POINT('',(0.863936793686,90.663160263083));
#1471 = CARTESIAN_POINT('',(0.794800247982,90.652691088876));
#1472 = CARTESIAN_POINT('',(0.724130337268,90.642757508014));
#1473 = CARTESIAN_POINT('',(0.651779282872,90.633451052678));
#1474 = CARTESIAN_POINT('',(0.577565498966,90.624871825954));
#1475 = CARTESIAN_POINT('',(0.50125582363,90.617128175754));
#1476 = CARTESIAN_POINT('',(0.422585771937,90.610337911882));
#1477 = CARTESIAN_POINT('',(0.341143806973,90.604623763839));
#1478 = CARTESIAN_POINT('',(0.25779179818,90.600218027737));
#1479 = CARTESIAN_POINT('',(0.17282193929,90.597259107304));
#1480 = CARTESIAN_POINT('',(8.669409358356E-02,90.595870517725));
#1481 = CARTESIAN_POINT('',(2.889908445241E-02,90.596027699659));
#1482 = CARTESIAN_POINT('',(0.,90.596389331717));
#1483 = ( GEOMETRIC_REPRESENTATION_CONTEXT(2) 
PARAMETRIC_REPRESENTATION_CONTEXT() REPRESENTATION_CONTEXT('2D SPACE',''
  ) );
#1484 = FACE_BOUND('',#1485,.F.);
#1485 = EDGE_LOOP('',(#1486));
#1486 = ORIENTED_EDGE('',*,*,#1487,.F.);
#1487 = EDGE_CURVE('',#1488,#1488,#1490,.T.);
#1488 = VERTEX_POINT('',#1489);
#1489 = CARTESIAN_POINT('',(382.75,470.,339.94890887531));
#1490 = SURFACE_CURVE('',#1491,(#1539,#1612),.PCURVE_S1.);
#1491 = B_SPLINE_CURVE_WITH_KNOTS('',6,(#1492,#1493,#1494,#1495,#1496,
    #1497,#1498,#1499,#1500,#1501,#1502,#1503,#1504,#1505,#1506,#1507,
    #1508,#1509,#1510,#1511,#1512,#1513,#1514,#1515,#1516,#1517,#1518,
    #1519,#1520,#1521,#1522,#1523,#1524,#1525,#1526,#1527,#1528,#1529,
    #1530,#1531,#1532,#1533,#1534,#1535,#1536,#1537,#1538),
  .UNSPECIFIED.,.T.,.F.,(7,5,5,5,5,5,5,5,5,7),(0.,8.466902710348E-02,
    0.397544356315,0.658911008864,0.69004835982,0.733796305712,1.,
    1.300978182257,1.359581601284,1.37630710725),.UNSPECIFIED.);
#1492 = CARTESIAN_POINT('',(382.75,470.,339.94890887531));
#1493 = CARTESIAN_POINT('',(382.75,469.78080173822,339.94987450519));
#1494 = CARTESIAN_POINT('',(382.729033519,469.56080804496,
    339.94794683692));
#1495 = CARTESIAN_POINT('',(382.68681653658,469.34625624476,
    339.94306007196));
#1496 = CARTESIAN_POINT('',(382.62583582307,469.14180079281,
    339.93552299587));
#1497 = CARTESIAN_POINT('',(382.54945152905,468.94988381277,
    339.92576804435));
#1498 = CARTESIAN_POINT('',(382.1300853021,468.11036601716,
    339.87106340528));
#1499 = CARTESIAN_POINT('',(381.64578881227,467.65539938619,
    339.80502149509));
#1500 = CARTESIAN_POINT('',(381.09587177507,467.36448094757,
    339.7277750013));
#1501 = CARTESIAN_POINT('',(380.53481496792,467.21267357952,
    339.64662893943));
#1502 = CARTESIAN_POINT('',(379.98295357938,467.19180544712,
    339.56440965482));
#1503 = CARTESIAN_POINT('',(378.96161356373,467.40959880754,
    339.40850446123));
#1504 = CARTESIAN_POINT('',(378.52130677602,467.60400942142,
    339.33973273674));
#1505 = CARTESIAN_POINT('',(378.08641335084,467.89671768117,
    339.27047686746));
#1506 = CARTESIAN_POINT('',(377.69294288263,468.32128151117,
    339.20578864526));
#1507 = CARTESIAN_POINT('',(377.39987481034,468.88180454317,
    339.15611052616));
#1508 = CARTESIAN_POINT('',(377.27509578328,469.62083964195,
    339.13264681063));
#1509 = CARTESIAN_POINT('',(377.26446782666,469.70047121315,
    339.13057110668));
#1510 = CARTESIAN_POINT('',(377.25659883069,469.78084156399,
    339.12893593807));
#1511 = CARTESIAN_POINT('',(377.25156299758,469.86171156097,
    339.12775488108));
#1512 = CARTESIAN_POINT('',(377.2493989382,469.94282508909,
    339.12703560995));
#1513 = CARTESIAN_POINT('',(377.25109446805,470.1378329075,
    339.12641827407));
#1514 = CARTESIAN_POINT('',(377.2577592836,470.25173422114,
    339.1269723933));
#1515 = CARTESIAN_POINT('',(377.27006272007,470.36481976159,
    339.12843898382));
#1516 = CARTESIAN_POINT('',(377.28785513187,470.47640987228,
    339.13079600296));
#1517 = CARTESIAN_POINT('',(377.3108728949,470.58593887538,
    339.13400166053));
#1518 = CARTESIAN_POINT('',(377.50829841682,471.34414237294,
    339.16229012008));
#1519 = CARTESIAN_POINT('',(377.84764725454,471.86419435962,
    339.21433791255));
#1520 = CARTESIAN_POINT('',(378.27080481487,472.25319096498,
    339.27964704578));
#1521 = CARTESIAN_POINT('',(378.72365202073,472.51750597435,
    339.34908601931));
#1522 = CARTESIAN_POINT('',(379.18393082277,472.66980702523,
    339.41888258272));
#1523 = CARTESIAN_POINT('',(380.20090955933,472.79604389821,
    339.57173651594));
#1524 = CARTESIAN_POINT('',(380.73082554807,472.73735845808,
    339.65063480769));
#1525 = CARTESIAN_POINT('',(381.26466158936,472.55387052279,
    339.72896996801));
#1526 = CARTESIAN_POINT('',(381.78220799698,472.23590241988,
    339.80404609655));
#1527 = CARTESIAN_POINT('',(382.22937597474,471.76322756845,
    339.86882003543));
#1528 = CARTESIAN_POINT('',(382.57443403731,470.97692080602,
    339.9202897296));
#1529 = CARTESIAN_POINT('',(382.62407525889,470.84264105934,
    339.92777174585));
#1530 = CARTESIAN_POINT('',(382.66604290212,470.70269595608,
    339.93420320643));
#1531 = CARTESIAN_POINT('',(382.69943452296,470.55792759261,
    339.93946146368));
#1532 = CARTESIAN_POINT('',(382.72352361249,470.40955544471,
    339.94344543378));
#1533 = CARTESIAN_POINT('',(382.74182256877,470.21625794759,
    339.94682624941));
#1534 = CARTESIAN_POINT('',(382.74508631738,470.17317737865,
    339.94746706065));
#1535 = CARTESIAN_POINT('',(382.74754108356,470.12997231162,
    339.94799657853));
#1536 = CARTESIAN_POINT('',(382.74918018175,470.08668128864,
    339.94841375259));
#1537 = CARTESIAN_POINT('',(382.75,470.04334374317,339.94871793395));
#1538 = CARTESIAN_POINT('',(382.75,470.,339.94890887531));
#1539 = PCURVE('',#31,#1540);
#1540 = DEFINITIONAL_REPRESENTATION('',(#1541),#1611);
#1541 = B_SPLINE_CURVE_WITH_KNOTS('',3,(#1542,#1543,#1544,#1545,#1546,
    #1547,#1548,#1549,#1550,#1551,#1552,#1553,#1554,#1555,#1556,#1557,
    #1558,#1559,#1560,#1561,#1562,#1563,#1564,#1565,#1566,#1567,#1568,
    #1569,#1570,#1571,#1572,#1573,#1574,#1575,#1576,#1577,#1578,#1579,
    #1580,#1581,#1582,#1583,#1584,#1585,#1586,#1587,#1588,#1589,#1590,
    #1591,#1592,#1593,#1594,#1595,#1596,#1597,#1598,#1599,#1600,#1601,
    #1602,#1603,#1604,#1605,#1606,#1607,#1608,#1609,#1610),
  .UNSPECIFIED.,.T.,.F.,(4,1,1,1,1,1,1,1,1,1,1,1,1,1,1,1,1,1,1,1,1,1,1,1
    ,1,1,1,1,1,1,1,1,1,1,1,1,1,1,1,1,1,1,1,1,1,1,1,1,1,1,1,1,1,1,1,1,1,1
    ,1,1,1,1,1,1,1,1,4),(0.,2.085313798864E-02,4.170627597727E-02,
    6.255941396591E-02,8.341255195455E-02,0.104265689943,0.125118827932,
    0.14597196592,0.166825103909,0.187678241898,0.208531379886,
    0.229384517875,0.250237655864,0.271090793852,0.291943931841,
    0.31279706983,0.333650207818,0.354503345807,0.375356483795,
    0.396209621784,0.417062759773,0.437915897761,0.45876903575,
    0.479622173739,0.500475311727,0.521328449716,0.542181587705,
    0.563034725693,0.583887863682,0.60474100167,0.625594139659,
    0.646447277648,0.667300415636,0.688153553625,0.709006691614,
    0.729859829602,0.750712967591,0.77156610558,0.792419243568,
    0.813272381557,0.834125519545,0.854978657534,0.875831795523,
    0.896684933511,0.9175380715,0.938391209489,0.959244347477,
    0.980097485466,1.000950623455,1.021803761443,1.042656899432,
    1.06351003742,1.084363175409,1.105216313398,1.126069451386,
    1.146922589375,1.167775727364,1.188628865352,1.209482003341,
    1.23033514133,1.251188279318,1.272041417307,1.292894555295,
    1.313747693284,1.334600831273,1.355453969261,1.37630710725),
  .QUASI_UNIFORM_KNOTS.);
#1542 = CARTESIAN_POINT('',(258.72175594578,0.338983050847));
#1543 = CARTESIAN_POINT('',(258.72079375422,0.33889137493));
#1544 = CARTESIAN_POINT('',(258.73339402194,0.338708271417));
#1545 = CARTESIAN_POINT('',(258.79205625861,0.338440587291));
#1546 = CARTESIAN_POINT('',(258.88715031947,0.338187098871));
#1547 = CARTESIAN_POINT('',(259.01365882065,0.337951536376));
#1548 = CARTESIAN_POINT('',(259.16469616941,0.337737501924));
#1549 = CARTESIAN_POINT('',(259.33451166309,0.337546027797));
#1550 = CARTESIAN_POINT('',(259.52072463541,0.337375411417));
#1551 = CARTESIAN_POINT('',(259.72039462882,0.337224802081));
#1552 = CARTESIAN_POINT('',(259.93106476701,0.337093248814));
#1553 = CARTESIAN_POINT('',(260.15048198356,0.336979955494));
#1554 = CARTESIAN_POINT('',(260.37667185997,0.336884212498));
#1555 = CARTESIAN_POINT('',(260.6079183346,0.336805415003));
#1556 = CARTESIAN_POINT('',(260.84276945872,0.33674305811));
#1557 = CARTESIAN_POINT('',(261.08003421127,0.336696738046));
#1558 = CARTESIAN_POINT('',(261.31878913147,0.336666152206));
#1559 = CARTESIAN_POINT('',(261.55835470685,0.336651097769));
#1560 = CARTESIAN_POINT('',(261.79838299552,0.336651477174));
#1561 = CARTESIAN_POINT('',(262.0385306223,0.336667277557));
#1562 = CARTESIAN_POINT('',(262.27967910541,0.336698647529));
#1563 = CARTESIAN_POINT('',(262.51938054403,0.336745610574));
#1564 = CARTESIAN_POINT('',(262.75415908981,0.33680821039));
#1565 = CARTESIAN_POINT('',(262.98526169587,0.336887102535));
#1566 = CARTESIAN_POINT('',(263.21175184347,0.336983015077));
#1567 = CARTESIAN_POINT('',(263.43242413676,0.337096763852));
#1568 = CARTESIAN_POINT('',(263.64536644985,0.337229129783));
#1569 = CARTESIAN_POINT('',(263.84814466419,0.337380783936));
#1570 = CARTESIAN_POINT('',(264.03781249492,0.33755220608));
#1571 = CARTESIAN_POINT('',(264.2109614344,0.337743628004));
#1572 = CARTESIAN_POINT('',(264.36374827305,0.337954930746));
#1573 = CARTESIAN_POINT('',(264.49193541142,0.338185747957));
#1574 = CARTESIAN_POINT('',(264.59086574309,0.338434837267));
#1575 = CARTESIAN_POINT('',(264.65564988228,0.338702219983));
#1576 = CARTESIAN_POINT('',(264.68005639225,0.338978175224));
#1577 = CARTESIAN_POINT('',(264.66241384543,0.339254419573));
#1578 = CARTESIAN_POINT('',(264.60383582025,0.339523623595));
#1579 = CARTESIAN_POINT('',(264.50863905525,0.339777595326));
#1580 = CARTESIAN_POINT('',(264.38396904715,0.340009907058));
#1581 = CARTESIAN_POINT('',(264.23413392908,0.340222207515));
#1582 = CARTESIAN_POINT('',(264.06355696624,0.340414252376));
#1583 = CARTESIAN_POINT('',(263.87603844575,0.340586396245));
#1584 = CARTESIAN_POINT('',(263.67495323618,0.340738924914));
#1585 = CARTESIAN_POINT('',(263.46319701124,0.340872234372));
#1586 = CARTESIAN_POINT('',(263.24320231539,0.340986782505));
#1587 = CARTESIAN_POINT('',(263.01692678528,0.341083103291));
#1588 = CARTESIAN_POINT('',(262.78588310854,0.341161798276));
#1589 = CARTESIAN_POINT('',(262.55103008865,0.341223556463));
#1590 = CARTESIAN_POINT('',(262.31317776021,0.341269083235));
#1591 = CARTESIAN_POINT('',(262.07147540292,0.341299364736));
#1592 = CARTESIAN_POINT('',(261.82908470519,0.341314676173));
#1593 = CARTESIAN_POINT('',(261.58817926666,0.341314549973));
#1594 = CARTESIAN_POINT('',(261.3479460641,0.341299023376));
#1595 = CARTESIAN_POINT('',(261.10875612884,0.341267904299));
#1596 = CARTESIAN_POINT('',(260.87104706072,0.341220968052));
#1597 = CARTESIAN_POINT('',(260.63562248024,0.341157904639));
#1598 = CARTESIAN_POINT('',(260.40357177588,0.34107833287));
#1599 = CARTESIAN_POINT('',(260.17629161375,0.340981796643));
#1600 = CARTESIAN_POINT('',(259.95547997775,0.340867765715));
#1601 = CARTESIAN_POINT('',(259.74313819295,0.340735636369));
#1602 = CARTESIAN_POINT('',(259.54156834482,0.340584727992));
#1603 = CARTESIAN_POINT('',(259.3533809825,0.340414296103));
#1604 = CARTESIAN_POINT('',(259.18146613102,0.340223483671));
#1605 = CARTESIAN_POINT('',(259.02910061454,0.340011502819));
#1606 = CARTESIAN_POINT('',(258.89954664559,0.33977695667));
#1607 = CARTESIAN_POINT('',(258.80084082164,0.339524431713));
#1608 = CARTESIAN_POINT('',(258.73797843966,0.339257674492));
#1609 = CARTESIAN_POINT('',(258.72234304817,0.339074786417));
#1610 = CARTESIAN_POINT('',(258.72175594578,0.338983050847));
#1611 = ( GEOMETRIC_REPRESENTATION_CONTEXT(2) 
PARAMETRIC_REPRESENTATION_CONTEXT() REPRESENTATION_CONTEXT('2D SPACE',''
  ) );
#1612 = PCURVE('',#1613,#1618);
#1613 = CYLINDRICAL_SURFACE('',#1614,2.75);
#1614 = AXIS2_PLACEMENT_3D('',#1615,#1616,#1617);
#1615 = CARTESIAN_POINT('',(380.,470.,250.));
#1616 = DIRECTION('',(0.,0.,1.));
#1617 = DIRECTION('',(1.,0.,-0.));
#1618 = DEFINITIONAL_REPRESENTATION('',(#1619),#1689);
#1619 = B_SPLINE_CURVE_WITH_KNOTS('',3,(#1620,#1621,#1622,#1623,#1624,
    #1625,#1626,#1627,#1628,#1629,#1630,#1631,#1632,#1633,#1634,#1635,
    #1636,#1637,#1638,#1639,#1640,#1641,#1642,#1643,#1644,#1645,#1646,
    #1647,#1648,#1649,#1650,#1651,#1652,#1653,#1654,#1655,#1656,#1657,
    #1658,#1659,#1660,#1661,#1662,#1663,#1664,#1665,#1666,#1667,#1668,
    #1669,#1670,#1671,#1672,#1673,#1674,#1675,#1676,#1677,#1678,#1679,
    #1680,#1681,#1682,#1683,#1684,#1685,#1686,#1687,#1688),
  .UNSPECIFIED.,.F.,.F.,(4,1,1,1,1,1,1,1,1,1,1,1,1,1,1,1,1,1,1,1,1,1,1,1
    ,1,1,1,1,1,1,1,1,1,1,1,1,1,1,1,1,1,1,1,1,1,1,1,1,1,1,1,1,1,1,1,1,1,1
    ,1,1,1,1,1,1,1,1,4),(0.,2.085313798864E-02,4.170627597727E-02,
    6.255941396591E-02,8.341255195455E-02,0.104265689943,0.125118827932,
    0.14597196592,0.166825103909,0.187678241898,0.208531379886,
    0.229384517875,0.250237655864,0.271090793852,0.291943931841,
    0.31279706983,0.333650207818,0.354503345807,0.375356483795,
    0.396209621784,0.417062759773,0.437915897761,0.45876903575,
    0.479622173739,0.500475311727,0.521328449716,0.542181587705,
    0.563034725693,0.583887863682,0.60474100167,0.625594139659,
    0.646447277648,0.667300415636,0.688153553625,0.709006691614,
    0.729859829602,0.750712967591,0.77156610558,0.792419243568,
    0.813272381557,0.834125519545,0.854978657534,0.875831795523,
    0.896684933511,0.9175380715,0.938391209489,0.959244347477,
    0.980097485466,1.000950623455,1.021803761443,1.042656899432,
    1.06351003742,1.084363175409,1.105216313398,1.126069451386,
    1.146922589375,1.167775727364,1.188628865352,1.209482003341,
    1.23033514133,1.251188279318,1.272041417307,1.292894555295,
    1.313747693284,1.334600831273,1.355453969261,1.37630710725),
  .QUASI_UNIFORM_KNOTS.);
#1620 = CARTESIAN_POINT('',(6.28318530718,89.948908875312));
#1621 = CARTESIAN_POINT('',(6.243869409185,89.949409686873));
#1622 = CARTESIAN_POINT('',(6.165269262829,89.948556904562));
#1623 = CARTESIAN_POINT('',(6.048795935894,89.942153821232));
#1624 = CARTESIAN_POINT('',(5.935395177657,89.931003538821));
#1625 = CARTESIAN_POINT('',(5.825614600831,89.915701852917));
#1626 = CARTESIAN_POINT('',(5.720488816551,89.897077984313));
#1627 = CARTESIAN_POINT('',(5.620237175841,89.875834676875));
#1628 = CARTESIAN_POINT('',(5.523693368911,89.852266053625));
#1629 = CARTESIAN_POINT('',(5.430280700993,89.826734247447));
#1630 = CARTESIAN_POINT('',(5.339467125408,89.799542826138));
#1631 = CARTESIAN_POINT('',(5.250874878725,89.770970709166));
#1632 = CARTESIAN_POINT('',(5.164207230766,89.741263075597));
#1633 = CARTESIAN_POINT('',(5.079222030207,89.710633815622));
#1634 = CARTESIAN_POINT('',(4.995693821619,89.679264816519));
#1635 = CARTESIAN_POINT('',(4.913383556298,89.647306367295));
#1636 = CARTESIAN_POINT('',(4.83200950398,89.614876254132));
#1637 = CARTESIAN_POINT('',(4.751234124091,89.58206297398));
#1638 = CARTESIAN_POINT('',(4.670619810342,89.548913784729));
#1639 = CARTESIAN_POINT('',(4.589731003588,89.515479290934));
#1640 = CARTESIAN_POINT('',(4.507723822927,89.481647050738));
#1641 = CARTESIAN_POINT('',(4.424887835541,89.447762562455));
#1642 = CARTESIAN_POINT('',(4.341801798942,89.414306963309));
#1643 = CARTESIAN_POINT('',(4.257393506855,89.381116911259));
#1644 = CARTESIAN_POINT('',(4.171231933533,89.348330244166));
#1645 = CARTESIAN_POINT('',(4.08286671881,89.316128388218));
#1646 = CARTESIAN_POINT('',(3.991962070296,89.284798647991));
#1647 = CARTESIAN_POINT('',(3.898226425266,89.254710817642));
#1648 = CARTESIAN_POINT('',(3.801405906059,89.226316851938));
#1649 = CARTESIAN_POINT('',(3.701260196737,89.200144202844));
#1650 = CARTESIAN_POINT('',(3.597565905697,89.17679166004));
#1651 = CARTESIAN_POINT('',(3.490031975713,89.156921736183));
#1652 = CARTESIAN_POINT('',(3.378524103743,89.14126459527));
#1653 = CARTESIAN_POINT('',(3.262104917146,89.130579489865));
#1654 = CARTESIAN_POINT('',(3.143680031846,89.125856144137));
#1655 = CARTESIAN_POINT('',(3.025159346763,89.127385932166));
#1656 = CARTESIAN_POINT('',(2.908040339498,89.135023203417));
#1657 = CARTESIAN_POINT('',(2.79443294597,89.148132802445));
#1658 = CARTESIAN_POINT('',(2.686202153725,89.165641985266));
#1659 = CARTESIAN_POINT('',(2.581956596609,89.186872423137));
#1660 = CARTESIAN_POINT('',(2.481382049979,89.211139454877));
#1661 = CARTESIAN_POINT('',(2.384084378168,89.2378522367));
#1662 = CARTESIAN_POINT('',(2.289820959896,89.266486887932));
#1663 = CARTESIAN_POINT('',(2.198364988318,89.296593758322));
#1664 = CARTESIAN_POINT('',(2.109479613683,89.327795213069));
#1665 = CARTESIAN_POINT('',(2.022873199261,89.359787225401));
#1666 = CARTESIAN_POINT('',(1.938186393113,89.392335221243));
#1667 = CARTESIAN_POINT('',(1.854941348948,89.425289107964));
#1668 = CARTESIAN_POINT('',(1.772680257836,89.458527314709));
#1669 = CARTESIAN_POINT('',(1.690452323654,89.492165602337));
#1670 = CARTESIAN_POINT('',(1.608797473819,89.525773560757));
#1671 = CARTESIAN_POINT('',(1.527960805246,89.559039088725));
#1672 = CARTESIAN_POINT('',(1.447118535856,89.592068369486));
#1673 = CARTESIAN_POINT('',(1.365834707174,89.62480978105));
#1674 = CARTESIAN_POINT('',(1.283674702222,89.657208259065));
#1675 = CARTESIAN_POINT('',(1.200301649386,89.68916393506));
#1676 = CARTESIAN_POINT('',(1.115433761441,89.720543220587));
#1677 = CARTESIAN_POINT('',(1.028830001233,89.751175832413));
#1678 = CARTESIAN_POINT('',(0.940259709547,89.780855607622));
#1679 = CARTESIAN_POINT('',(0.84946975329,89.809340217994));
#1680 = CARTESIAN_POINT('',(0.756145014677,89.836351497405));
#1681 = CARTESIAN_POINT('',(0.659874473909,89.861574417834));
#1682 = CARTESIAN_POINT('',(0.560091432618,89.884660857947));
#1683 = CARTESIAN_POINT('',(0.456120681732,89.905215552751));
#1684 = CARTESIAN_POINT('',(0.346861897407,89.922848526383));
#1685 = CARTESIAN_POINT('',(0.233917910753,89.936551738176));
#1686 = CARTESIAN_POINT('',(0.117850298645,89.945700356524));
#1687 = CARTESIAN_POINT('',(3.934085210919E-02,89.948453663996));
#1688 = CARTESIAN_POINT('',(0.,89.948908875312));
#1689 = ( GEOMETRIC_REPRESENTATION_CONTEXT(2) 
PARAMETRIC_REPRESENTATION_CONTEXT() REPRESENTATION_CONTEXT('2D SPACE',''
  ) );
#1690 = FACE_BOUND('',#1691,.F.);
#1691 = EDGE_LOOP('',(#1692));
#1692 = ORIENTED_EDGE('',*,*,#1693,.F.);
#1693 = EDGE_CURVE('',#1694,#1694,#1696,.T.);
#1694 = VERTEX_POINT('',#1695);
#1695 = CARTESIAN_POINT('',(382.75,470.,307.85329725725));
#1696 = SURFACE_CURVE('',#1697,(#1742,#1815),.PCURVE_S1.);
#1697 = B_SPLINE_CURVE_WITH_KNOTS('',8,(#1698,#1699,#1700,#1701,#1702,
    #1703,#1704,#1705,#1706,#1707,#1708,#1709,#1710,#1711,#1712,#1713,
    #1714,#1715,#1716,#1717,#1718,#1719,#1720,#1721,#1722,#1723,#1724,
    #1725,#1726,#1727,#1728,#1729,#1730,#1731,#1732,#1733,#1734,#1735,
    #1736,#1737,#1738,#1739,#1740,#1741),.UNSPECIFIED.,.T.,.F.,(9,7,7,7,
    7,7,9),(0.,0.522299895231,1.,1.106315800466,1.461374115419,
    1.897521736497,1.988491660583),.UNSPECIFIED.);
#1698 = CARTESIAN_POINT('',(382.75,470.,307.85329725725));
#1699 = CARTESIAN_POINT('',(382.75,470.70690578188,307.85491483625));
#1700 = CARTESIAN_POINT('',(382.54238984273,471.34631716119,
    307.86133141183));
#1701 = CARTESIAN_POINT('',(382.19588152067,471.87105791174,
    307.87080679042));
#1702 = CARTESIAN_POINT('',(381.76440292691,472.262745997,307.882554844)
  );
#1703 = CARTESIAN_POINT('',(381.29999432383,472.53252758924,
    307.89555908713));
#1704 = CARTESIAN_POINT('',(380.82816753753,472.69180150393,
    307.90916466826));
#1705 = CARTESIAN_POINT('',(380.36217266394,472.76912642967,
    307.92296792282));
#1706 = CARTESIAN_POINT('',(379.43156676838,472.72716165702,
    307.95140605142));
#1707 = CARTESIAN_POINT('',(379.00201001591,472.62558499808,
    307.96489841893));
#1708 = CARTESIAN_POINT('',(378.57148972719,472.44787496041,
    307.97874969692));
#1709 = CARTESIAN_POINT('',(378.15050443197,472.17565407309,
    307.99262657037));
#1710 = CARTESIAN_POINT('',(377.76485787961,471.79476035127,
    308.00562746108));
#1711 = CARTESIAN_POINT('',(377.45349200326,471.30238546288,
    308.01608073126));
#1712 = CARTESIAN_POINT('',(377.26603146594,470.71078424151,
    308.02167993257));
#1713 = CARTESIAN_POINT('',(377.24737072812,469.92124936902,
    308.02049588761));
#1714 = CARTESIAN_POINT('',(377.25255806449,469.77718181141,
    308.0199585411));
#1715 = CARTESIAN_POINT('',(377.26638718587,469.63401397417,
    308.01909996489));
#1716 = CARTESIAN_POINT('',(377.2886493297,469.49287750249,
    308.01793160554));
#1717 = CARTESIAN_POINT('',(377.31892717025,469.35478077129,
    308.01647348571));
#1718 = CARTESIAN_POINT('',(377.35664211685,469.22059862092,
    308.01475211756));
#1719 = CARTESIAN_POINT('',(377.40109131218,469.09106848338,
    308.01279862963));
#1720 = CARTESIAN_POINT('',(377.61973633566,468.5517550639,
    308.00346176125));
#1721 = CARTESIAN_POINT('',(377.85166323891,468.19950377636,
    307.99416231297));
#1722 = CARTESIAN_POINT('',(378.12645003426,467.90900810063,
    307.98365661892));
#1723 = CARTESIAN_POINT('',(378.42810258508,467.67724215963,
    307.9726068682));
#1724 = CARTESIAN_POINT('',(378.74516568577,467.50017628625,
    307.96145983539));
#1725 = CARTESIAN_POINT('',(379.07045112296,467.37376817485,
    307.95047713315));
#1726 = CARTESIAN_POINT('',(379.40076573682,467.29495403278,
    307.93976546492));
#1727 = CARTESIAN_POINT('',(380.14922110302,467.22294539181,
    307.91645972595));
#1728 = CARTESIAN_POINT('',(380.55548610845,467.25137751269,
    307.90439710181));
#1729 = CARTESIAN_POINT('',(380.96094895964,467.35022793135,
    307.89303339266));
#1730 = CARTESIAN_POINT('',(381.36274982004,467.52286574801,
    307.8824465317));
#1731 = CARTESIAN_POINT('',(381.74965455551,467.77373732629,
    307.87287799775));
#1732 = CARTESIAN_POINT('',(382.10205473427,468.10836629313,
    307.86473281526));
#1733 = CARTESIAN_POINT('',(382.39196762691,468.53335353887,
    307.85857955435));
#1734 = CARTESIAN_POINT('',(382.62288852554,469.16546740135,
    307.85443507705));
#1735 = CARTESIAN_POINT('',(382.65805644904,469.27807119339,
    307.85384524404));
#1736 = CARTESIAN_POINT('',(382.68809321914,469.39380075707,
    307.85338911277));
#1737 = CARTESIAN_POINT('',(382.71259902119,469.51218855201,
    307.85307365314));
#1738 = CARTESIAN_POINT('',(382.73123572609,469.63268380343,
    307.85290437906));
#1739 = CARTESIAN_POINT('',(382.74374931693,469.75464954697,
    307.85288496536));
#1740 = CARTESIAN_POINT('',(382.75,469.87736024866,307.85301662652));
#1741 = CARTESIAN_POINT('',(382.75,470.,307.85329725725));
#1742 = PCURVE('',#31,#1743);
#1743 = DEFINITIONAL_REPRESENTATION('',(#1744),#1814);
#1744 = B_SPLINE_CURVE_WITH_KNOTS('',3,(#1745,#1746,#1747,#1748,#1749,
    #1750,#1751,#1752,#1753,#1754,#1755,#1756,#1757,#1758,#1759,#1760,
    #1761,#1762,#1763,#1764,#1765,#1766,#1767,#1768,#1769,#1770,#1771,
    #1772,#1773,#1774,#1775,#1776,#1777,#1778,#1779,#1780,#1781,#1782,
    #1783,#1784,#1785,#1786,#1787,#1788,#1789,#1790,#1791,#1792,#1793,
    #1794,#1795,#1796,#1797,#1798,#1799,#1800,#1801,#1802,#1803,#1804,
    #1805,#1806,#1807,#1808,#1809,#1810,#1811,#1812,#1813),
  .UNSPECIFIED.,.T.,.F.,(4,1,1,1,1,1,1,1,1,1,1,1,1,1,1,1,1,1,1,1,1,1,1,1
    ,1,1,1,1,1,1,1,1,1,1,1,1,1,1,1,1,1,1,1,1,1,1,1,1,1,1,1,1,1,1,1,1,1,1
    ,1,1,1,1,1,1,1,1,4),(0.,3.012866152398E-02,6.025732304796E-02,
    9.038598457194E-02,0.120514646096,0.15064330762,0.180771969144,
    0.210900630668,0.241029292192,0.271157953716,0.30128661524,
    0.331415276764,0.361543938288,0.391672599812,0.421801261336,
    0.45192992286,0.482058584384,0.512187245908,0.542315907432,
    0.572444568956,0.60257323048,0.632701892004,0.662830553528,
    0.692959215052,0.723087876575,0.753216538099,0.783345199623,
    0.813473861147,0.843602522671,0.873731184195,0.903859845719,
    0.933988507243,0.964117168767,0.994245830291,1.024374491815,
    1.054503153339,1.084631814863,1.114760476387,1.144889137911,
    1.175017799435,1.205146460959,1.235275122483,1.265403784007,
    1.295532445531,1.325661107055,1.355789768579,1.385918430103,
    1.416047091627,1.446175753151,1.476304414675,1.506433076199,
    1.536561737723,1.566690399247,1.596819060771,1.626947722295,
    1.657076383819,1.687205045343,1.717333706867,1.747462368391,
    1.777591029915,1.807719691439,1.837848352963,1.867977014487,
    1.898105676011,1.928234337535,1.958362999059,1.988491660583),
  .QUASI_UNIFORM_KNOTS.);
#1745 = CARTESIAN_POINT('',(375.44321813929,0.338983050847));
#1746 = CARTESIAN_POINT('',(375.44243634456,0.339075240534));
#1747 = CARTESIAN_POINT('',(375.42717680262,0.3392559264));
#1748 = CARTESIAN_POINT('',(375.36754394697,0.339514010533));
#1749 = CARTESIAN_POINT('',(375.27560349604,0.339757116201));
#1750 = CARTESIAN_POINT('',(375.1554706827,0.339983803394));
#1751 = CARTESIAN_POINT('',(375.01106124842,0.340192986715));
#1752 = CARTESIAN_POINT('',(374.84605238887,0.340383956103));
#1753 = CARTESIAN_POINT('',(374.66387476863,0.34055632266));
#1754 = CARTESIAN_POINT('',(374.46768872393,0.340709981684));
#1755 = CARTESIAN_POINT('',(374.26036055473,0.340845069583));
#1756 = CARTESIAN_POINT('',(374.04443696763,0.340961921146));
#1757 = CARTESIAN_POINT('',(373.82211936895,0.341061024679));
#1758 = CARTESIAN_POINT('',(373.59523805615,0.341142973636));
#1759 = CARTESIAN_POINT('',(373.36522438427,0.341208412615));
#1760 = CARTESIAN_POINT('',(373.13308358562,0.341257972593));
#1761 = CARTESIAN_POINT('',(372.89934955514,0.341292197751));
#1762 = CARTESIAN_POINT('',(372.66407884799,0.341311434432));
#1763 = CARTESIAN_POINT('',(372.42665384517,0.341315767259));
#1764 = CARTESIAN_POINT('',(372.18623336021,0.341304656402));
#1765 = CARTESIAN_POINT('',(371.94990768907,0.341278308134));
#1766 = CARTESIAN_POINT('',(371.71550019703,0.341236616249));
#1767 = CARTESIAN_POINT('',(371.48346077121,0.341179129625));
#1768 = CARTESIAN_POINT('',(371.25428661312,0.341105225268));
#1769 = CARTESIAN_POINT('',(371.02914730244,0.341014193132));
#1770 = CARTESIAN_POINT('',(370.8096598958,0.340905326489));
#1771 = CARTESIAN_POINT('',(370.59789834151,0.340777995712));
#1772 = CARTESIAN_POINT('',(370.39634467047,0.340631714509));
#1773 = CARTESIAN_POINT('',(370.20785818909,0.340466198696));
#1774 = CARTESIAN_POINT('',(370.03564066236,0.340281422315));
#1775 = CARTESIAN_POINT('',(369.88319967092,0.34007766601));
#1776 = CARTESIAN_POINT('',(369.75431379361,0.339855587322));
#1777 = CARTESIAN_POINT('',(369.65297321988,0.33961621357));
#1778 = CARTESIAN_POINT('',(369.5833881386,0.339361239139));
#1779 = CARTESIAN_POINT('',(369.54971235585,0.339092213439));
#1780 = CARTESIAN_POINT('',(369.55679045962,0.338813906791));
#1781 = CARTESIAN_POINT('',(369.60499928899,0.33854204917));
#1782 = CARTESIAN_POINT('',(369.6910057095,0.338281384221));
#1783 = CARTESIAN_POINT('',(369.81005099884,0.338037770782));
#1784 = CARTESIAN_POINT('',(369.95505373169,0.337815753452));
#1785 = CARTESIAN_POINT('',(370.12180350897,0.337614809711));
#1786 = CARTESIAN_POINT('',(370.30651170337,0.337434599266));
#1787 = CARTESIAN_POINT('',(370.50582561608,0.337274611423));
#1788 = CARTESIAN_POINT('',(370.7168130468,0.337134291063));
#1789 = CARTESIAN_POINT('',(370.93695516081,0.337013036379));
#1790 = CARTESIAN_POINT('',(371.16413598778,0.336910230941));
#1791 = CARTESIAN_POINT('',(371.39663732929,0.336825266713));
#1792 = CARTESIAN_POINT('',(371.63311562507,0.336757568917));
#1793 = CARTESIAN_POINT('',(371.87264578992,0.336706622548));
#1794 = CARTESIAN_POINT('',(372.11451541112,0.336671990441));
#1795 = CARTESIAN_POINT('',(372.35895072221,0.336653363491));
#1796 = CARTESIAN_POINT('',(372.60132499252,0.336650198243));
#1797 = CARTESIAN_POINT('',(372.84248528915,0.336662838983));
#1798 = CARTESIAN_POINT('',(373.08225770562,0.336691545245));
#1799 = CARTESIAN_POINT('',(373.3203069936,0.336736643547));
#1800 = CARTESIAN_POINT('',(373.55590619515,0.336798486731));
#1801 = CARTESIAN_POINT('',(373.78799834171,0.336877464886));
#1802 = CARTESIAN_POINT('',(374.01517978448,0.336974002321));
#1803 = CARTESIAN_POINT('',(374.23570482443,0.337088558766));
#1804 = CARTESIAN_POINT('',(374.44748339572,0.337221627591));
#1805 = CARTESIAN_POINT('',(374.64808510987,0.337373741748));
#1806 = CARTESIAN_POINT('',(374.83472466644,0.337545451771));
#1807 = CARTESIAN_POINT('',(375.00431528742,0.337737407861));
#1808 = CARTESIAN_POINT('',(375.15326852689,0.337950053519));
#1809 = CARTESIAN_POINT('',(375.27824037865,0.33818476894));
#1810 = CARTESIAN_POINT('',(375.37334280304,0.338439599356));
#1811 = CARTESIAN_POINT('',(375.43160813241,0.338707631861));
#1812 = CARTESIAN_POINT('',(375.44415818304,0.338891135858));
#1813 = CARTESIAN_POINT('',(375.44321813929,0.338983050847));
#1814 = ( GEOMETRIC_REPRESENTATION_CONTEXT(2) 
PARAMETRIC_REPRESENTATION_CONTEXT() REPRESENTATION_CONTEXT('2D SPACE',''
  ) );
#1815 = PCURVE('',#1613,#1816);
#1816 = DEFINITIONAL_REPRESENTATION('',(#1817),#1887);
#1817 = B_SPLINE_CURVE_WITH_KNOTS('',3,(#1818,#1819,#1820,#1821,#1822,
    #1823,#1824,#1825,#1826,#1827,#1828,#1829,#1830,#1831,#1832,#1833,
    #1834,#1835,#1836,#1837,#1838,#1839,#1840,#1841,#1842,#1843,#1844,
    #1845,#1846,#1847,#1848,#1849,#1850,#1851,#1852,#1853,#1854,#1855,
    #1856,#1857,#1858,#1859,#1860,#1861,#1862,#1863,#1864,#1865,#1866,
    #1867,#1868,#1869,#1870,#1871,#1872,#1873,#1874,#1875,#1876,#1877,
    #1878,#1879,#1880,#1881,#1882,#1883,#1884,#1885,#1886),
  .UNSPECIFIED.,.F.,.F.,(4,1,1,1,1,1,1,1,1,1,1,1,1,1,1,1,1,1,1,1,1,1,1,1
    ,1,1,1,1,1,1,1,1,1,1,1,1,1,1,1,1,1,1,1,1,1,1,1,1,1,1,1,1,1,1,1,1,1,1
    ,1,1,1,1,1,1,1,1,4),(0.,3.012866152398E-02,6.025732304796E-02,
    9.038598457194E-02,0.120514646096,0.15064330762,0.180771969144,
    0.210900630668,0.241029292192,0.271157953716,0.30128661524,
    0.331415276764,0.361543938288,0.391672599812,0.421801261336,
    0.45192992286,0.482058584384,0.512187245908,0.542315907432,
    0.572444568956,0.60257323048,0.632701892004,0.662830553528,
    0.692959215052,0.723087876575,0.753216538099,0.783345199623,
    0.813473861147,0.843602522671,0.873731184195,0.903859845719,
    0.933988507243,0.964117168767,0.994245830291,1.024374491815,
    1.054503153339,1.084631814863,1.114760476387,1.144889137911,
    1.175017799435,1.205146460959,1.235275122483,1.265403784007,
    1.295532445531,1.325661107055,1.355789768579,1.385918430103,
    1.416047091627,1.446175753151,1.476304414675,1.506433076199,
    1.536561737723,1.566690399247,1.596819060771,1.626947722295,
    1.657076383819,1.687205045343,1.717333706867,1.747462368391,
    1.777591029915,1.807719691439,1.837848352963,1.867977014487,
    1.898105676011,1.928234337535,1.958362999059,1.988491660583),
  .QUASI_UNIFORM_KNOTS.);
#1818 = CARTESIAN_POINT('',(0.,57.853297257251));
#1819 = CARTESIAN_POINT('',(3.953253225802E-02,57.853547137238));
#1820 = CARTESIAN_POINT('',(0.117110149838,57.854340866431));
#1821 = CARTESIAN_POINT('',(0.229368468397,57.856323363539));
#1822 = CARTESIAN_POINT('',(0.337906781621,57.859003579537));
#1823 = CARTESIAN_POINT('',(0.442994648799,57.862301960321));
#1824 = CARTESIAN_POINT('',(0.544862935455,57.866145247045));
#1825 = CARTESIAN_POINT('',(0.643707243105,57.870466445766));
#1826 = CARTESIAN_POINT('',(0.739703707916,57.875203422189));
#1827 = CARTESIAN_POINT('',(0.833017848144,57.880298561286));
#1828 = CARTESIAN_POINT('',(0.923814392227,57.88569871126));
#1829 = CARTESIAN_POINT('',(1.01226733192,57.891355520484));
#1830 = CARTESIAN_POINT('',(1.09857098409,57.897226067267));
#1831 = CARTESIAN_POINT('',(1.182952100427,57.903273755589));
#1832 = CARTESIAN_POINT('',(1.265684042551,57.909469493023));
#1833 = CARTESIAN_POINT('',(1.347102895369,57.915793048905));
#1834 = CARTESIAN_POINT('',(1.427632919857,57.922235047797));
#1835 = CARTESIAN_POINT('',(1.507804942341,57.928798070911));
#1836 = CARTESIAN_POINT('',(1.588344691985,57.935502838135));
#1837 = CARTESIAN_POINT('',(1.670063780506,57.942377553235));
#1838 = CARTESIAN_POINT('',(1.751090095593,57.949219195649));
#1839 = CARTESIAN_POINT('',(1.832703578306,57.956086562032));
#1840 = CARTESIAN_POINT('',(1.915339513931,57.962963298518));
#1841 = CARTESIAN_POINT('',(1.999485234991,57.969829577606));
#1842 = CARTESIAN_POINT('',(2.085484896484,57.976643433506));
#1843 = CARTESIAN_POINT('',(2.173625929544,57.983346160714));
#1844 = CARTESIAN_POINT('',(2.264141584569,57.989861274676));
#1845 = CARTESIAN_POINT('',(2.357229834852,57.996095359772));
#1846 = CARTESIAN_POINT('',(2.45306406039,58.0019387302));
#1847 = CARTESIAN_POINT('',(2.551802960804,58.007266601672));
#1848 = CARTESIAN_POINT('',(2.653601627239,58.011940782047));
#1849 = CARTESIAN_POINT('',(2.758612956643,58.015811875922));
#1850 = CARTESIAN_POINT('',(2.867022112125,58.018722740393));
#1851 = CARTESIAN_POINT('',(2.978952776829,58.020510973501));
#1852 = CARTESIAN_POINT('',(3.094844764476,58.021019297511));
#1853 = CARTESIAN_POINT('',(3.214063843518,58.020081332312));
#1854 = CARTESIAN_POINT('',(3.331533576499,58.017724742959));
#1855 = CARTESIAN_POINT('',(3.446733479675,58.014090562759));
#1856 = CARTESIAN_POINT('',(3.558359581379,58.009380235987));
#1857 = CARTESIAN_POINT('',(3.665123639782,58.003871308031));
#1858 = CARTESIAN_POINT('',(3.767792321198,57.99773281527));
#1859 = CARTESIAN_POINT('',(3.866883517958,57.991114657929));
#1860 = CARTESIAN_POINT('',(3.962837182066,57.984147077866));
#1861 = CARTESIAN_POINT('',(4.056009665606,57.976941934404));
#1862 = CARTESIAN_POINT('',(4.146715422832,57.969593489632));
#1863 = CARTESIAN_POINT('',(4.235252889998,57.962179357786));
#1864 = CARTESIAN_POINT('',(4.321932059529,57.954761288841));
#1865 = CARTESIAN_POINT('',(4.40709099873,57.947386451198));
#1866 = CARTESIAN_POINT('',(4.491132208075,57.94008688375));
#1867 = CARTESIAN_POINT('',(4.574467233437,57.932885771371));
#1868 = CARTESIAN_POINT('',(4.657784754926,57.925778257296));
#1869 = CARTESIAN_POINT('',(4.740066070868,57.918886104969));
#1870 = CARTESIAN_POINT('',(4.822125328541,57.912193169757));
#1871 = CARTESIAN_POINT('',(4.904494372675,57.90570590869));
#1872 = CARTESIAN_POINT('',(4.987679400861,57.899432655647));
#1873 = CARTESIAN_POINT('',(5.072086288184,57.893389174635));
#1874 = CARTESIAN_POINT('',(5.158046439205,57.887597171479));
#1875 = CARTESIAN_POINT('',(5.245826456327,57.882084693791));
#1876 = CARTESIAN_POINT('',(5.33565286801,57.8768860194));
#1877 = CARTESIAN_POINT('',(5.42774199272,57.872041702665));
#1878 = CARTESIAN_POINT('',(5.522340785233,57.867598500793));
#1879 = CARTESIAN_POINT('',(5.619759318485,57.863609622255));
#1880 = CARTESIAN_POINT('',(5.720455812422,57.860133806793));
#1881 = CARTESIAN_POINT('',(5.824933477429,57.857238757001));
#1882 = CARTESIAN_POINT('',(5.934326974158,57.85498833196));
#1883 = CARTESIAN_POINT('',(6.048368758544,57.853490389154));
#1884 = CARTESIAN_POINT('',(6.164993046333,57.852862447824));
#1885 = CARTESIAN_POINT('',(6.243766015401,57.853045678304));
#1886 = CARTESIAN_POINT('',(6.28318530718,57.853297257251));
#1887 = ( GEOMETRIC_REPRESENTATION_CONTEXT(2) 
PARAMETRIC_REPRESENTATION_CONTEXT() REPRESENTATION_CONTEXT('2D SPACE',''
  ) );
#1888 = FACE_BOUND('',#1889,.F.);
#1889 = EDGE_LOOP('',(#1890));
#1890 = ORIENTED_EDGE('',*,*,#1891,.F.);
#1891 = EDGE_CURVE('',#1892,#1892,#1894,.T.);
#1892 = VERTEX_POINT('',#1893);
#1893 = CARTESIAN_POINT('',(482.75,470.,310.55227665515));
#1894 = SURFACE_CURVE('',#1895,(#1952,#2047),.PCURVE_S1.);
#1895 = B_SPLINE_CURVE_WITH_KNOTS('',7,(#1896,#1897,#1898,#1899,#1900,
    #1901,#1902,#1903,#1904,#1905,#1906,#1907,#1908,#1909,#1910,#1911,
    #1912,#1913,#1914,#1915,#1916,#1917,#1918,#1919,#1920,#1921,#1922,
    #1923,#1924,#1925,#1926,#1927,#1928,#1929,#1930,#1931,#1932,#1933,
    #1934,#1935,#1936,#1937,#1938,#1939,#1940,#1941,#1942,#1943,#1944,
    #1945,#1946,#1947,#1948,#1949,#1950,#1951),.UNSPECIFIED.,.T.,.F.,(8,
    6,6,6,6,6,6,6,6,8),(0.,1.416640817883E-02,1.,2.032778086431,
    2.371336748564,2.462684429258,3.02202843816,4.439616828227,
    4.841834555143,4.948453212246),.UNSPECIFIED.);
#1896 = CARTESIAN_POINT('',(482.75,470.,310.55227665515));
#1897 = CARTESIAN_POINT('',(482.75,470.00878713922,310.55229642608));
#1898 = CARTESIAN_POINT('',(482.74996724267,470.01757464394,
    310.55231443876));
#1899 = CARTESIAN_POINT('',(482.74990172299,470.02636222485,
    310.55233069227));
#1900 = CARTESIAN_POINT('',(482.7498034401,470.03514959009,
    310.55234518589));
#1901 = CARTESIAN_POINT('',(482.74967239729,470.0439364452,
    310.55235791915));
#1902 = CARTESIAN_POINT('',(482.74950860201,470.05272249316,
    310.55236889177));
#1903 = CARTESIAN_POINT('',(482.7356352092,470.6728473061,
    310.55301915873));
#1904 = CARTESIAN_POINT('',(482.56278617676,471.250792789,
    310.54503111058));
#1905 = CARTESIAN_POINT('',(482.26675920222,471.73302901159,
    310.53023314858));
#1906 = CARTESIAN_POINT('',(481.89836716489,472.10280187602,
    310.51134333733));
#1907 = CARTESIAN_POINT('',(481.50415910559,472.37030667376,
    310.49090658576));
#1908 = CARTESIAN_POINT('',(481.10733774262,472.55407670135,
    310.47022261614));
#1909 = CARTESIAN_POINT('',(480.25007999019,472.77582396809,
    310.42528007384));
#1910 = CARTESIAN_POINT('',(479.80680996063,472.80206551349,
    310.40191558655));
#1911 = CARTESIAN_POINT('',(479.35976371047,472.74680527968,
    310.37825826224));
#1912 = CARTESIAN_POINT('',(478.91645574905,472.61011408338,
    310.35470616418));
#1913 = CARTESIAN_POINT('',(478.49101828361,472.38642479066,
    310.33197762799));
#1914 = CARTESIAN_POINT('',(478.10420121927,472.06453231693,
    310.31111126156));
#1915 = CARTESIAN_POINT('',(477.67820004233,471.48435919913,
    310.28768157107));
#1916 = CARTESIAN_POINT('',(477.58067131346,471.32926328846,
    310.28227294511));
#1917 = CARTESIAN_POINT('',(477.49283563853,471.16198213899,
    310.27734423645));
#1918 = CARTESIAN_POINT('',(477.41670526069,470.98298175061,
    310.27299942018));
#1919 = CARTESIAN_POINT('',(477.35425500009,470.7935178791,
    310.26934227719));
#1920 = CARTESIAN_POINT('',(477.30742225393,470.59563603614,
    310.26647639421));
#1921 = CARTESIAN_POINT('',(477.27019734563,470.3372740179,
    310.26397329931));
#1922 = CARTESIAN_POINT('',(477.26355144292,470.2819959634,
    310.26350603863));
#1923 = CARTESIAN_POINT('',(477.25819579341,470.22640485805,
    310.26310488759));
#1924 = CARTESIAN_POINT('',(477.25415134776,470.170571039,
    310.26277107407));
#1925 = CARTESIAN_POINT('',(477.25143300632,470.1145676093,
    310.2625055226));
#1926 = CARTESIAN_POINT('',(477.25004912328,470.058470399,
    310.26230882902));
#1927 = CARTESIAN_POINT('',(477.24970640693,469.65876764309,
    310.26139994659));
#1928 = CARTESIAN_POINT('',(477.299497068,469.31704509011,
    310.26321502405));
#1929 = CARTESIAN_POINT('',(477.39838423813,468.99363717502,
    310.26761160096));
#1930 = CARTESIAN_POINT('',(477.53675153929,468.69960640961,
    310.27412260964));
#1931 = CARTESIAN_POINT('',(477.70391576848,468.43996717683,
    310.28221629861));
#1932 = CARTESIAN_POINT('',(477.88958775259,468.21525288505,
    310.29136378916));
#1933 = CARTESIAN_POINT('',(478.59317570831,467.53509611184,
    310.32647316833));
#1934 = CARTESIAN_POINT('',(479.16450545305,467.25481878016,
    310.35569434101));
#1935 = CARTESIAN_POINT('',(479.7765620438,467.13540729813,
    310.38755925991));
#1936 = CARTESIAN_POINT('',(480.40140715834,467.15391646736,
    310.42057976719));
#1937 = CARTESIAN_POINT('',(481.00924898141,467.31102910597,
    310.45318127808));
#1938 = CARTESIAN_POINT('',(481.56844220478,467.63105604856,
    310.48370278083));
#1939 = CARTESIAN_POINT('',(482.18084204651,468.31256476849,
    310.51797084242));
#1940 = CARTESIAN_POINT('',(482.30775935681,468.47925795674,
    310.52513763186));
#1941 = CARTESIAN_POINT('',(482.42346747164,468.66312512397,
    310.53174932455));
#1942 = CARTESIAN_POINT('',(482.52502145462,468.86402474017,
    310.53764581983));
#1943 = CARTESIAN_POINT('',(482.60930391948,469.08056433235,
    310.54265479691));
#1944 = CARTESIAN_POINT('',(482.67302503006,469.31010048454,
    310.54659171484));
#1945 = CARTESIAN_POINT('',(482.72324538546,469.61199636984,
    310.54996706385));
#1946 = CARTESIAN_POINT('',(482.73209631303,469.6758348004,
    310.55058591037));
#1947 = CARTESIAN_POINT('',(482.73922888369,469.7401528788,
    310.55111360688));
#1948 = CARTESIAN_POINT('',(482.7446060694,469.80484370127,
    310.5515479035));
#1949 = CARTESIAN_POINT('',(482.74820137503,469.86979476811,
    310.55188710903));
#1950 = CARTESIAN_POINT('',(482.75,469.93488804094,310.55213015424));
#1951 = CARTESIAN_POINT('',(482.75,470.,310.55227665515));
#1952 = PCURVE('',#31,#1953);
#1953 = DEFINITIONAL_REPRESENTATION('',(#1954),#2046);
#1954 = B_SPLINE_CURVE_WITH_KNOTS('',3,(#1955,#1956,#1957,#1958,#1959,
    #1960,#1961,#1962,#1963,#1964,#1965,#1966,#1967,#1968,#1969,#1970,
    #1971,#1972,#1973,#1974,#1975,#1976,#1977,#1978,#1979,#1980,#1981,
    #1982,#1983,#1984,#1985,#1986,#1987,#1988,#1989,#1990,#1991,#1992,
    #1993,#1994,#1995,#1996,#1997,#1998,#1999,#2000,#2001,#2002,#2003,
    #2004,#2005,#2006,#2007,#2008,#2009,#2010,#2011,#2012,#2013,#2014,
    #2015,#2016,#2017,#2018,#2019,#2020,#2021,#2022,#2023,#2024,#2025,
    #2026,#2027,#2028,#2029,#2030,#2031,#2032,#2033,#2034,#2035,#2036,
    #2037,#2038,#2039,#2040,#2041,#2042,#2043,#2044,#2045),
  .UNSPECIFIED.,.T.,.F.,(4,1,1,1,1,1,1,1,1,1,1,1,1,1,1,1,1,1,1,1,1,1,1,1
    ,1,1,1,1,1,1,1,1,1,1,1,1,1,1,1,1,1,1,1,1,1,1,1,1,1,1,1,1,1,1,1,1,1,1
    ,1,1,1,1,1,1,1,1,1,1,1,1,1,1,1,1,1,1,1,1,1,1,1,1,1,1,1,1,1,1,4),(0.,
    5.623242286643E-02,0.112464845733,0.168697268599,0.224929691466,
    0.281162114332,0.337394537199,0.393626960065,0.449859382931,
    0.506091805798,0.562324228664,0.618556651531,0.674789074397,
    0.731021497264,0.78725392013,0.843486342997,0.899718765863,
    0.955951188729,1.012183611596,1.068416034462,1.124648457329,
    1.180880880195,1.237113303062,1.293345725928,1.349578148794,
    1.405810571661,1.462042994527,1.518275417394,1.57450784026,
    1.630740263127,1.686972685993,1.743205108859,1.799437531726,
    1.855669954592,1.911902377459,1.968134800325,2.024367223192,
    2.080599646058,2.136832068925,2.193064491791,2.249296914657,
    2.305529337524,2.36176176039,2.417994183257,2.474226606123,
    2.53045902899,2.586691451856,2.642923874722,2.699156297589,
    2.755388720455,2.811621143322,2.867853566188,2.924085989055,
    2.980318411921,3.036550834787,3.092783257654,3.14901568052,
    3.205248103387,3.261480526253,3.31771294912,3.373945371986,
    3.430177794852,3.486410217719,3.542642640585,3.598875063452,
    3.655107486318,3.711339909185,3.767572332051,3.823804754918,
    3.880037177784,3.93626960065,3.992502023517,4.048734446383,
    4.10496686925,4.161199292116,4.217431714983,4.273664137849,
    4.329896560715,4.386128983582,4.442361406448,4.498593829315,
    4.554826252181,4.611058675048,4.667291097914,4.72352352078,
    4.779755943647,4.835988366513,4.89222078938,4.948453212246),
  .QUASI_UNIFORM_KNOTS.);
#1955 = CARTESIAN_POINT('',(482.52462473834,0.338983050847));
#1956 = CARTESIAN_POINT('',(482.52561680646,0.339052269479));
#1957 = CARTESIAN_POINT('',(482.51965761075,0.33918956143));
#1958 = CARTESIAN_POINT('',(482.48851763211,0.339390349061));
#1959 = CARTESIAN_POINT('',(482.43676275984,0.339584098941));
#1960 = CARTESIAN_POINT('',(482.36612810306,0.339769529454));
#1961 = CARTESIAN_POINT('',(482.27839352382,0.339945554789));
#1962 = CARTESIAN_POINT('',(482.17537163636,0.340111364376));
#1963 = CARTESIAN_POINT('',(482.05887110398,0.340266371169));
#1964 = CARTESIAN_POINT('',(481.93066652565,0.340410195079));
#1965 = CARTESIAN_POINT('',(481.79246654602,0.340542636974));
#1966 = CARTESIAN_POINT('',(481.64588239731,0.340663655225));
#1967 = CARTESIAN_POINT('',(481.49239643768,0.340773341539));
#1968 = CARTESIAN_POINT('',(481.3333302488,0.340871897068));
#1969 = CARTESIAN_POINT('',(481.16981450229,0.340959608148));
#1970 = CARTESIAN_POINT('',(481.0027522151,0.341036823232));
#1971 = CARTESIAN_POINT('',(480.83280672134,0.341103925409));
#1972 = CARTESIAN_POINT('',(480.66029744385,0.341161321405));
#1973 = CARTESIAN_POINT('',(480.48543981428,0.341209369048));
#1974 = CARTESIAN_POINT('',(480.30730087079,0.341248534415));
#1975 = CARTESIAN_POINT('',(480.12791873329,0.341278625653));
#1976 = CARTESIAN_POINT('',(479.94799748143,0.341299666702));
#1977 = CARTESIAN_POINT('',(479.76749294955,0.341311791755));
#1978 = CARTESIAN_POINT('',(479.58662726697,0.341315060739));
#1979 = CARTESIAN_POINT('',(479.40561701805,0.341309508756));
#1980 = CARTESIAN_POINT('',(479.22474608518,0.341295132836));
#1981 = CARTESIAN_POINT('',(479.04434613249,0.341271895486));
#1982 = CARTESIAN_POINT('',(478.86480183514,0.34123972374));
#1983 = CARTESIAN_POINT('',(478.68654947671,0.341198509413));
#1984 = CARTESIAN_POINT('',(478.51007731931,0.341148109031));
#1985 = CARTESIAN_POINT('',(478.33592550428,0.341088343858));
#1986 = CARTESIAN_POINT('',(478.16468604692,0.341018999866));
#1987 = CARTESIAN_POINT('',(477.99700291227,0.340939827815));
#1988 = CARTESIAN_POINT('',(477.83357165903,0.340850542969));
#1989 = CARTESIAN_POINT('',(477.67514071537,0.340750826157));
#1990 = CARTESIAN_POINT('',(477.52250654258,0.340640319807));
#1991 = CARTESIAN_POINT('',(477.37653159737,0.340518642754));
#1992 = CARTESIAN_POINT('',(477.23807719189,0.340385334963));
#1993 = CARTESIAN_POINT('',(477.10825394219,0.340240063845));
#1994 = CARTESIAN_POINT('',(476.98966962058,0.340083118611));
#1995 = CARTESIAN_POINT('',(476.88428371823,0.339914714265));
#1996 = CARTESIAN_POINT('',(476.794191451,0.339735616681));
#1997 = CARTESIAN_POINT('',(476.72142661312,0.339546997246));
#1998 = CARTESIAN_POINT('',(476.66800844447,0.339350421587));
#1999 = CARTESIAN_POINT('',(476.63595107989,0.339148040011));
#2000 = CARTESIAN_POINT('',(476.62637715486,0.338942820617));
#2001 = CARTESIAN_POINT('',(476.63962820367,0.338738724635));
#2002 = CARTESIAN_POINT('',(476.67496055446,0.338538679952));
#2003 = CARTESIAN_POINT('',(476.7311025228,0.338344917128));
#2004 = CARTESIAN_POINT('',(476.8063629277,0.338159344097));
#2005 = CARTESIAN_POINT('',(476.89878166918,0.337983453863));
#2006 = CARTESIAN_POINT('',(477.00624854324,0.337818365612));
#2007 = CARTESIAN_POINT('',(477.12660462758,0.337664836862));
#2008 = CARTESIAN_POINT('',(477.25777442081,0.337523289106));
#2009 = CARTESIAN_POINT('',(477.3977533661,0.337393832817));
#2010 = CARTESIAN_POINT('',(477.54513574283,0.337276299257));
#2011 = CARTESIAN_POINT('',(477.69739071058,0.337170258022));
#2012 = CARTESIAN_POINT('',(477.85402259497,0.337075210634));
#2013 = CARTESIAN_POINT('',(478.01468531156,0.336990716373));
#2014 = CARTESIAN_POINT('',(478.17898816892,0.336916371848));
#2015 = CARTESIAN_POINT('',(478.346547898,0.33685181647));
#2016 = CARTESIAN_POINT('',(478.51697470656,0.336796730986));
#2017 = CARTESIAN_POINT('',(478.68987601269,0.336750837872));
#2018 = CARTESIAN_POINT('',(478.86485544222,0.336713901228));
#2019 = CARTESIAN_POINT('',(479.04151309597,0.336685726804));
#2020 = CARTESIAN_POINT('',(479.21944547748,0.336666161996));
#2021 = CARTESIAN_POINT('',(479.39824551221,0.336655095846));
#2022 = CARTESIAN_POINT('',(479.57750254269,0.33665245904));
#2023 = CARTESIAN_POINT('',(479.75680233037,0.336658223913));
#2024 = CARTESIAN_POINT('',(479.93572705551,0.336672404442));
#2025 = CARTESIAN_POINT('',(480.11385531867,0.336695056254));
#2026 = CARTESIAN_POINT('',(480.29076213716,0.336726276616));
#2027 = CARTESIAN_POINT('',(480.46601895884,0.33676620445));
#2028 = CARTESIAN_POINT('',(480.63919360973,0.336815020305));
#2029 = CARTESIAN_POINT('',(480.80985048617,0.336872946433));
#2030 = CARTESIAN_POINT('',(480.97754983118,0.336940246524));
#2031 = CARTESIAN_POINT('',(481.1418504255,0.337017226688));
#2032 = CARTESIAN_POINT('',(481.30229953005,0.337104231794));
#2033 = CARTESIAN_POINT('',(481.45847040238,0.337201659124));
#2034 = CARTESIAN_POINT('',(481.60982225864,0.337309907429));
#2035 = CARTESIAN_POINT('',(481.75622287167,0.337429567045));
#2036 = CARTESIAN_POINT('',(481.89598650322,0.337560705847));
#2037 = CARTESIAN_POINT('',(482.02649446327,0.337703361028));
#2038 = CARTESIAN_POINT('',(482.146188061,0.337857630021));
#2039 = CARTESIAN_POINT('',(482.25314269159,0.338023161569));
#2040 = CARTESIAN_POINT('',(482.34545102302,0.338199297728));
#2041 = CARTESIAN_POINT('',(482.42111563727,0.338385014771));
#2042 = CARTESIAN_POINT('',(482.47809484478,0.338579017586));
#2043 = CARTESIAN_POINT('',(482.51422647291,0.338779421166));
#2044 = CARTESIAN_POINT('',(482.52373749926,0.338915137998));
#2045 = CARTESIAN_POINT('',(482.52462473834,0.338983050847));
#2046 = ( GEOMETRIC_REPRESENTATION_CONTEXT(2) 
PARAMETRIC_REPRESENTATION_CONTEXT() REPRESENTATION_CONTEXT('2D SPACE',''
  ) );
#2047 = PCURVE('',#1385,#2048);
#2048 = DEFINITIONAL_REPRESENTATION('',(#2049),#2141);
#2049 = B_SPLINE_CURVE_WITH_KNOTS('',3,(#2050,#2051,#2052,#2053,#2054,
    #2055,#2056,#2057,#2058,#2059,#2060,#2061,#2062,#2063,#2064,#2065,
    #2066,#2067,#2068,#2069,#2070,#2071,#2072,#2073,#2074,#2075,#2076,
    #2077,#2078,#2079,#2080,#2081,#2082,#2083,#2084,#2085,#2086,#2087,
    #2088,#2089,#2090,#2091,#2092,#2093,#2094,#2095,#2096,#2097,#2098,
    #2099,#2100,#2101,#2102,#2103,#2104,#2105,#2106,#2107,#2108,#2109,
    #2110,#2111,#2112,#2113,#2114,#2115,#2116,#2117,#2118,#2119,#2120,
    #2121,#2122,#2123,#2124,#2125,#2126,#2127,#2128,#2129,#2130,#2131,
    #2132,#2133,#2134,#2135,#2136,#2137,#2138,#2139,#2140),
  .UNSPECIFIED.,.F.,.F.,(4,1,1,1,1,1,1,1,1,1,1,1,1,1,1,1,1,1,1,1,1,1,1,1
    ,1,1,1,1,1,1,1,1,1,1,1,1,1,1,1,1,1,1,1,1,1,1,1,1,1,1,1,1,1,1,1,1,1,1
    ,1,1,1,1,1,1,1,1,1,1,1,1,1,1,1,1,1,1,1,1,1,1,1,1,1,1,1,1,1,1,4),(0.,
    5.623242286643E-02,0.112464845733,0.168697268599,0.224929691466,
    0.281162114332,0.337394537199,0.393626960065,0.449859382931,
    0.506091805798,0.562324228664,0.618556651531,0.674789074397,
    0.731021497264,0.78725392013,0.843486342997,0.899718765863,
    0.955951188729,1.012183611596,1.068416034462,1.124648457329,
    1.180880880195,1.237113303062,1.293345725928,1.349578148794,
    1.405810571661,1.462042994527,1.518275417394,1.57450784026,
    1.630740263127,1.686972685993,1.743205108859,1.799437531726,
    1.855669954592,1.911902377459,1.968134800325,2.024367223192,
    2.080599646058,2.136832068925,2.193064491791,2.249296914657,
    2.305529337524,2.36176176039,2.417994183257,2.474226606123,
    2.53045902899,2.586691451856,2.642923874722,2.699156297589,
    2.755388720455,2.811621143322,2.867853566188,2.924085989055,
    2.980318411921,3.036550834787,3.092783257654,3.14901568052,
    3.205248103387,3.261480526253,3.31771294912,3.373945371986,
    3.430177794852,3.486410217719,3.542642640585,3.598875063452,
    3.655107486318,3.711339909185,3.767572332051,3.823804754918,
    3.880037177784,3.93626960065,3.992502023517,4.048734446383,
    4.10496686925,4.161199292116,4.217431714983,4.273664137849,
    4.329896560715,4.386128983582,4.442361406448,4.498593829315,
    4.554826252181,4.611058675048,4.667291097914,4.72352352078,
    4.779755943647,4.835988366513,4.89222078938,4.948453212246),
  .QUASI_UNIFORM_KNOTS.);
#2050 = CARTESIAN_POINT('',(0.,60.552276655159));
#2051 = CARTESIAN_POINT('',(2.969329367918E-02,60.552461885926));
#2052 = CARTESIAN_POINT('',(8.861735242793E-02,60.552431753769));
#2053 = CARTESIAN_POINT('',(0.175455948568,60.551264151855));
#2054 = CARTESIAN_POINT('',(0.260547864196,60.549051052016));
#2055 = CARTESIAN_POINT('',(0.343831399093,60.545878010763));
#2056 = CARTESIAN_POINT('',(0.425255474521,60.541833154494));
#2057 = CARTESIAN_POINT('',(0.504804778696,60.537006740499));
#2058 = CARTESIAN_POINT('',(0.582483737501,60.531489206251));
#2059 = CARTESIAN_POINT('',(0.658312839171,60.525369623655));
#2060 = CARTESIAN_POINT('',(0.732324220829,60.518734045197));
#2061 = CARTESIAN_POINT('',(0.804560812309,60.511663877505));
#2062 = CARTESIAN_POINT('',(0.875078189427,60.504234253401));
#2063 = CARTESIAN_POINT('',(0.943949572851,60.496512382562));
#2064 = CARTESIAN_POINT('',(1.011272877639,60.488555989224));
#2065 = CARTESIAN_POINT('',(1.077182387359,60.480411423162));
#2066 = CARTESIAN_POINT('',(1.14185366086,60.472112990474));
#2067 = CARTESIAN_POINT('',(1.205541961001,60.463677731895));
#2068 = CARTESIAN_POINT('',(1.268501439687,60.455117191181));
#2069 = CARTESIAN_POINT('',(1.331352598004,60.446385775696));
#2070 = CARTESIAN_POINT('',(1.393647800849,60.437584041216));
#2071 = CARTESIAN_POINT('',(1.455392883176,60.42874751239));
#2072 = CARTESIAN_POINT('',(1.516851323614,60.419874526715));
#2073 = CARTESIAN_POINT('',(1.578188406112,60.410976383872));
#2074 = CARTESIAN_POINT('',(1.639567481276,60.402063908252));
#2075 = CARTESIAN_POINT('',(1.701126605131,60.393151049518));
#2076 = CARTESIAN_POINT('',(1.762988525496,60.384253917835));
#2077 = CARTESIAN_POINT('',(1.825262860471,60.375391042377));
#2078 = CARTESIAN_POINT('',(1.888051352347,60.366583302083));
#2079 = CARTESIAN_POINT('',(1.951453137594,60.357853944125));
#2080 = CARTESIAN_POINT('',(2.01557068583,60.349228579268));
#2081 = CARTESIAN_POINT('',(2.080516062978,60.340735181966));
#2082 = CARTESIAN_POINT('',(2.146417316906,60.332404094628));
#2083 = CARTESIAN_POINT('',(2.213425041194,60.324268010448));
#2084 = CARTESIAN_POINT('',(2.281717789049,60.31636203782));
#2085 = CARTESIAN_POINT('',(2.351509991019,60.308723459855));
#2086 = CARTESIAN_POINT('',(2.42304703197,60.301392631888));
#2087 = CARTESIAN_POINT('',(2.496642428313,60.294409631936));
#2088 = CARTESIAN_POINT('',(2.572548767362,60.28782676137));
#2089 = CARTESIAN_POINT('',(2.65058234445,60.281769318465));
#2090 = CARTESIAN_POINT('',(2.730815371527,60.276331215624));
#2091 = CARTESIAN_POINT('',(2.813167201933,60.271614027349));
#2092 = CARTESIAN_POINT('',(2.897478143273,60.267717199925));
#2093 = CARTESIAN_POINT('',(2.983499045862,60.264740285619));
#2094 = CARTESIAN_POINT('',(3.070829047755,60.2627837962));
#2095 = CARTESIAN_POINT('',(3.158833692188,60.261907494486));
#2096 = CARTESIAN_POINT('',(3.246489688904,60.262135766967));
#2097 = CARTESIAN_POINT('',(3.333202449086,60.263439035683));
#2098 = CARTESIAN_POINT('',(3.418612117727,60.265761231309));
#2099 = CARTESIAN_POINT('',(3.502410726028,60.269025670923));
#2100 = CARTESIAN_POINT('',(3.584368041459,60.273142003486));
#2101 = CARTESIAN_POINT('',(3.664310980014,60.278011897858));
#2102 = CARTESIAN_POINT('',(3.742120440071,60.283533842557));
#2103 = CARTESIAN_POINT('',(3.81773975182,60.289609508816));
#2104 = CARTESIAN_POINT('',(3.891153323464,60.29614310472));
#2105 = CARTESIAN_POINT('',(3.962510018873,60.303067160939));
#2106 = CARTESIAN_POINT('',(4.031675457716,60.310258522705));
#2107 = CARTESIAN_POINT('',(4.098957012633,60.317692740826));
#2108 = CARTESIAN_POINT('',(4.164682236405,60.3253527171));
#2109 = CARTESIAN_POINT('',(4.229136596528,60.333219155715));
#2110 = CARTESIAN_POINT('',(4.292575395618,60.341273121793));
#2111 = CARTESIAN_POINT('',(4.355219108316,60.349495355823));
#2112 = CARTESIAN_POINT('',(4.417255533385,60.357866457364));
#2113 = CARTESIAN_POINT('',(4.478841857986,60.36636683582));
#2114 = CARTESIAN_POINT('',(4.540108060376,60.374976723629));
#2115 = CARTESIAN_POINT('',(4.601160982709,60.383676172731));
#2116 = CARTESIAN_POINT('',(4.662089045405,60.392445055513));
#2117 = CARTESIAN_POINT('',(4.722967438793,60.401263064553));
#2118 = CARTESIAN_POINT('',(4.783863672379,60.410109712698));
#2119 = CARTESIAN_POINT('',(4.844843344188,60.418964333024));
#2120 = CARTESIAN_POINT('',(4.905975988984,60.427806078895));
#2121 = CARTESIAN_POINT('',(4.967340857382,60.436613923779));
#2122 = CARTESIAN_POINT('',(5.029032489684,60.445366661939));
#2123 = CARTESIAN_POINT('',(5.091165916543,60.454042905827));
#2124 = CARTESIAN_POINT('',(5.153881456349,60.462621095829));
#2125 = CARTESIAN_POINT('',(5.217348560825,60.471079463887));
#2126 = CARTESIAN_POINT('',(5.281770021278,60.479396169283));
#2127 = CARTESIAN_POINT('',(5.347380702297,60.487548791851));
#2128 = CARTESIAN_POINT('',(5.414461245429,60.495516223372));
#2129 = CARTESIAN_POINT('',(5.48328847239,60.503271608775));
#2130 = CARTESIAN_POINT('',(5.554311655416,60.510808689925));
#2131 = CARTESIAN_POINT('',(5.627467159454,60.518042900748));
#2132 = CARTESIAN_POINT('',(5.702574246683,60.524842543718));
#2133 = CARTESIAN_POINT('',(5.779800341338,60.531128660725));
#2134 = CARTESIAN_POINT('',(5.859149746233,60.536803174655));
#2135 = CARTESIAN_POINT('',(5.940584761457,60.541768215714));
#2136 = CARTESIAN_POINT('',(6.023976902792,60.545920674541));
#2137 = CARTESIAN_POINT('',(6.109157999165,60.549154663426));
#2138 = CARTESIAN_POINT('',(6.195806488882,60.551357118348));
#2139 = CARTESIAN_POINT('',(6.254049357218,60.552099321599));
#2140 = CARTESIAN_POINT('',(6.28318530718,60.552276655159));
#2141 = ( GEOMETRIC_REPRESENTATION_CONTEXT(2) 
PARAMETRIC_REPRESENTATION_CONTEXT() REPRESENTATION_CONTEXT('2D SPACE',''
  ) );
#2142 = ADVANCED_FACE('',(#2143),#189,.F.);
#2143 = FACE_BOUND('',#2144,.F.);
#2144 = EDGE_LOOP('',(#2145,#2146,#2167,#2168));
#2145 = ORIENTED_EDGE('',*,*,#373,.F.);
#2146 = ORIENTED_EDGE('',*,*,#2147,.T.);
#2147 = EDGE_CURVE('',#202,#22,#2148,.T.);
#2148 = SURFACE_CURVE('',#2149,(#2153,#2160),.PCURVE_S1.);
#2149 = LINE('',#2150,#2151);
#2150 = CARTESIAN_POINT('',(637.,70.,319.6094));
#2151 = VECTOR('',#2152,1.);
#2152 = DIRECTION('',(0.,0.,1.));
#2153 = PCURVE('',#189,#2154);
#2154 = DEFINITIONAL_REPRESENTATION('',(#2155),#2159);
#2155 = LINE('',#2156,#2157);
#2156 = CARTESIAN_POINT('',(0.,0.));
#2157 = VECTOR('',#2158,1.);
#2158 = DIRECTION('',(1.,0.));
#2159 = ( GEOMETRIC_REPRESENTATION_CONTEXT(2) 
PARAMETRIC_REPRESENTATION_CONTEXT() REPRESENTATION_CONTEXT('2D SPACE',''
  ) );
#2160 = PCURVE('',#289,#2161);
#2161 = DEFINITIONAL_REPRESENTATION('',(#2162),#2166);
#2162 = LINE('',#2163,#2164);
#2163 = CARTESIAN_POINT('',(-3.765049286365E-03,-0.781190926985));
#2164 = VECTOR('',#2165,1.);
#2165 = DIRECTION('',(4.819571539126E-03,0.999988385798));
#2166 = ( GEOMETRIC_REPRESENTATION_CONTEXT(2) 
PARAMETRIC_REPRESENTATION_CONTEXT() REPRESENTATION_CONTEXT('2D SPACE',''
  ) );
#2167 = ORIENTED_EDGE('',*,*,#21,.T.);
#2168 = ORIENTED_EDGE('',*,*,#2169,.T.);
#2169 = EDGE_CURVE('',#24,#374,#2170,.T.);
#2170 = SURFACE_CURVE('',#2171,(#2174,#2180),.PCURVE_S1.);
#2171 = B_SPLINE_CURVE_WITH_KNOTS('',1,(#2172,#2173),.UNSPECIFIED.,.F.,
  .F.,(2,2),(0.,1.),.PIECEWISE_BEZIER_KNOTS.);
#2172 = CARTESIAN_POINT('',(614.57627118644,700.,320.35023728813));
#2173 = CARTESIAN_POINT('',(614.57627118644,700.,319.64976271186));
#2174 = PCURVE('',#189,#2175);
#2175 = DEFINITIONAL_REPRESENTATION('',(#2176),#2179);
#2176 = B_SPLINE_CURVE_WITH_KNOTS('',1,(#2177,#2178),.UNSPECIFIED.,.F.,
  .F.,(2,2),(0.,1.),.PIECEWISE_BEZIER_KNOTS.);
#2177 = CARTESIAN_POINT('',(0.7812,0.533898305085));
#2178 = CARTESIAN_POINT('',(0.,0.533898305085));
#2179 = ( GEOMETRIC_REPRESENTATION_CONTEXT(2) 
PARAMETRIC_REPRESENTATION_CONTEXT() REPRESENTATION_CONTEXT('2D SPACE',''
  ) );
#2180 = PCURVE('',#493,#2181);
#2181 = DEFINITIONAL_REPRESENTATION('',(#2182),#2185);
#2182 = B_SPLINE_CURVE_WITH_KNOTS('',1,(#2183,#2184),.UNSPECIFIED.,.F.,
  .F.,(2,2),(0.,1.),.PIECEWISE_BEZIER_KNOTS.);
#2183 = CARTESIAN_POINT('',(5.,-60.35023728813));
#2184 = CARTESIAN_POINT('',(5.,-59.64976271186));
#2185 = ( GEOMETRIC_REPRESENTATION_CONTEXT(2) 
PARAMETRIC_REPRESENTATION_CONTEXT() REPRESENTATION_CONTEXT('2D SPACE',''
  ) );
#2186 = ADVANCED_FACE('',(#2187),#493,.F.);
#2187 = FACE_BOUND('',#2188,.F.);
#2188 = EDGE_LOOP('',(#2189,#2210,#2211,#2212));
#2189 = ORIENTED_EDGE('',*,*,#2190,.F.);
#2190 = EDGE_CURVE('',#396,#1077,#2191,.T.);
#2191 = SURFACE_CURVE('',#2192,(#2196,#2203),.PCURVE_S1.);
#2192 = LINE('',#2193,#2194);
#2193 = CARTESIAN_POINT('',(545.08474576271,700.,260.));
#2194 = VECTOR('',#2195,1.);
#2195 = DIRECTION('',(0.,-0.,1.));
#2196 = PCURVE('',#493,#2197);
#2197 = DEFINITIONAL_REPRESENTATION('',(#2198),#2202);
#2198 = LINE('',#2199,#2200);
#2199 = CARTESIAN_POINT('',(74.491525423729,0.));
#2200 = VECTOR('',#2201,1.);
#2201 = DIRECTION('',(0.,-1.));
#2202 = ( GEOMETRIC_REPRESENTATION_CONTEXT(2) 
PARAMETRIC_REPRESENTATION_CONTEXT() REPRESENTATION_CONTEXT('2D SPACE',''
  ) );
#2203 = PCURVE('',#566,#2204);
#2204 = DEFINITIONAL_REPRESENTATION('',(#2205),#2209);
#2205 = LINE('',#2206,#2207);
#2206 = CARTESIAN_POINT('',(0.,0.));
#2207 = VECTOR('',#2208,1.);
#2208 = DIRECTION('',(0.,-1.));
#2209 = ( GEOMETRIC_REPRESENTATION_CONTEXT(2) 
PARAMETRIC_REPRESENTATION_CONTEXT() REPRESENTATION_CONTEXT('2D SPACE',''
  ) );
#2210 = ORIENTED_EDGE('',*,*,#395,.F.);
#2211 = ORIENTED_EDGE('',*,*,#2169,.F.);
#2212 = ORIENTED_EDGE('',*,*,#1105,.F.);
#2213 = ADVANCED_FACE('',(#2214),#566,.F.);
#2214 = FACE_BOUND('',#2215,.F.);
#2215 = EDGE_LOOP('',(#2216,#2217,#2218,#2219));
#2216 = ORIENTED_EDGE('',*,*,#546,.F.);
#2217 = ORIENTED_EDGE('',*,*,#2190,.T.);
#2218 = ORIENTED_EDGE('',*,*,#1076,.T.);
#2219 = ORIENTED_EDGE('',*,*,#2220,.F.);
#2220 = EDGE_CURVE('',#547,#952,#2221,.T.);
#2221 = SURFACE_CURVE('',#2222,(#2226,#2233),.PCURVE_S1.);
#2222 = LINE('',#2223,#2224);
#2223 = CARTESIAN_POINT('',(532.95762711864,1.23E+03,260.));
#2224 = VECTOR('',#2225,1.);
#2225 = DIRECTION('',(0.,-0.,1.));
#2226 = PCURVE('',#566,#2227);
#2227 = DEFINITIONAL_REPRESENTATION('',(#2228),#2232);
#2228 = LINE('',#2229,#2230);
#2229 = CARTESIAN_POINT('',(530.13872430393,0.));
#2230 = VECTOR('',#2231,1.);
#2231 = DIRECTION('',(0.,-1.));
#2232 = ( GEOMETRIC_REPRESENTATION_CONTEXT(2) 
PARAMETRIC_REPRESENTATION_CONTEXT() REPRESENTATION_CONTEXT('2D SPACE',''
  ) );
#2233 = PCURVE('',#678,#2234);
#2234 = DEFINITIONAL_REPRESENTATION('',(#2235),#2239);
#2235 = LINE('',#2236,#2237);
#2236 = CARTESIAN_POINT('',(0.,0.));
#2237 = VECTOR('',#2238,1.);
#2238 = DIRECTION('',(0.,-1.));
#2239 = ( GEOMETRIC_REPRESENTATION_CONTEXT(2) 
PARAMETRIC_REPRESENTATION_CONTEXT() REPRESENTATION_CONTEXT('2D SPACE',''
  ) );
#2240 = ADVANCED_FACE('',(#2241),#678,.F.);
#2241 = FACE_BOUND('',#2242,.F.);
#2242 = EDGE_LOOP('',(#2243,#2244,#2245,#2246));
#2243 = ORIENTED_EDGE('',*,*,#580,.T.);
#2244 = ORIENTED_EDGE('',*,*,#2220,.T.);
#2245 = ORIENTED_EDGE('',*,*,#951,.T.);
#2246 = ORIENTED_EDGE('',*,*,#2247,.T.);
#2247 = EDGE_CURVE('',#930,#581,#2248,.T.);
#2248 = SURFACE_CURVE('',#2249,(#2252,#2258),.PCURVE_S1.);
#2249 = B_SPLINE_CURVE_WITH_KNOTS('',1,(#2250,#2251),.UNSPECIFIED.,.F.,
  .F.,(2,2),(0.,1.),.PIECEWISE_BEZIER_KNOTS.);
#2250 = CARTESIAN_POINT('',(595.71186440678,1.23E+03,320.31628135593));
#2251 = CARTESIAN_POINT('',(595.71186440678,1.23E+03,319.68371864406));
#2252 = PCURVE('',#678,#2253);
#2253 = DEFINITIONAL_REPRESENTATION('',(#2254),#2257);
#2254 = B_SPLINE_CURVE_WITH_KNOTS('',1,(#2255,#2256),.UNSPECIFIED.,.F.,
  .F.,(2,2),(0.,1.),.PIECEWISE_BEZIER_KNOTS.);
#2255 = CARTESIAN_POINT('',(62.754237288136,-60.31628135593));
#2256 = CARTESIAN_POINT('',(62.754237288136,-59.68371864406));
#2257 = ( GEOMETRIC_REPRESENTATION_CONTEXT(2) 
PARAMETRIC_REPRESENTATION_CONTEXT() REPRESENTATION_CONTEXT('2D SPACE',''
  ) );
#2258 = PCURVE('',#746,#2259);
#2259 = DEFINITIONAL_REPRESENTATION('',(#2260),#2263);
#2260 = B_SPLINE_CURVE_WITH_KNOTS('',1,(#2261,#2262),.UNSPECIFIED.,.F.,
  .F.,(2,2),(0.,1.),.PIECEWISE_BEZIER_KNOTS.);
#2261 = CARTESIAN_POINT('',(0.7812,0.983050847458));
#2262 = CARTESIAN_POINT('',(0.,0.983050847458));
#2263 = ( GEOMETRIC_REPRESENTATION_CONTEXT(2) 
PARAMETRIC_REPRESENTATION_CONTEXT() REPRESENTATION_CONTEXT('2D SPACE',''
  ) );
#2264 = ADVANCED_FACE('',(#2265),#746,.F.);
#2265 = FACE_BOUND('',#2266,.F.);
#2266 = EDGE_LOOP('',(#2267,#2268,#2269,#2270));
#2267 = ORIENTED_EDGE('',*,*,#731,.F.);
#2268 = ORIENTED_EDGE('',*,*,#2247,.F.);
#2269 = ORIENTED_EDGE('',*,*,#929,.T.);
#2270 = ORIENTED_EDGE('',*,*,#2271,.F.);
#2271 = EDGE_CURVE('',#732,#759,#2272,.T.);
#2272 = SURFACE_CURVE('',#2273,(#2277,#2283),.PCURVE_S1.);
#2273 = LINE('',#2274,#2275);
#2274 = CARTESIAN_POINT('',(595.,1.25E+03,319.685));
#2275 = VECTOR('',#2276,1.);
#2276 = DIRECTION('',(0.,0.,1.));
#2277 = PCURVE('',#746,#2278);
#2278 = DEFINITIONAL_REPRESENTATION('',(#2279),#2282);
#2279 = B_SPLINE_CURVE_WITH_KNOTS('',1,(#2280,#2281),.UNSPECIFIED.,.F.,
  .F.,(2,2),(0.,0.63),.PIECEWISE_BEZIER_KNOTS.);
#2280 = CARTESIAN_POINT('',(0.,1.));
#2281 = CARTESIAN_POINT('',(0.7812,1.));
#2282 = ( GEOMETRIC_REPRESENTATION_CONTEXT(2) 
PARAMETRIC_REPRESENTATION_CONTEXT() REPRESENTATION_CONTEXT('2D SPACE',''
  ) );
#2283 = PCURVE('',#845,#2284);
#2284 = DEFINITIONAL_REPRESENTATION('',(#2285),#2289);
#2285 = LINE('',#2286,#2287);
#2286 = CARTESIAN_POINT('',(-3.036330069649E-03,-0.629992683053));
#2287 = VECTOR('',#2288,1.);
#2288 = DIRECTION('',(4.819571539126E-03,0.999988385798));
#2289 = ( GEOMETRIC_REPRESENTATION_CONTEXT(2) 
PARAMETRIC_REPRESENTATION_CONTEXT() REPRESENTATION_CONTEXT('2D SPACE',''
  ) );
#2290 = ADVANCED_FACE('',(#2291),#845,.T.);
#2291 = FACE_BOUND('',#2292,.F.);
#2292 = EDGE_LOOP('',(#2293,#2294));
#2293 = ORIENTED_EDGE('',*,*,#758,.T.);
#2294 = ORIENTED_EDGE('',*,*,#2271,.T.);
#2295 = ADVANCED_FACE('',(#2296,#2300,#2335),#289,.F.);
#2296 = FACE_BOUND('',#2297,.F.);
#2297 = EDGE_LOOP('',(#2298,#2299));
#2298 = ORIENTED_EDGE('',*,*,#201,.F.);
#2299 = ORIENTED_EDGE('',*,*,#2147,.F.);
#2300 = FACE_BOUND('',#2301,.F.);
#2301 = EDGE_LOOP('',(#2302));
#2302 = ORIENTED_EDGE('',*,*,#2303,.T.);
#2303 = EDGE_CURVE('',#2304,#2304,#2306,.T.);
#2304 = VERTEX_POINT('',#2305);
#2305 = CARTESIAN_POINT('',(546.75,70.,324.));
#2306 = SURFACE_CURVE('',#2307,(#2312,#2323),.PCURVE_S1.);
#2307 = CIRCLE('',#2308,2.75);
#2308 = AXIS2_PLACEMENT_3D('',#2309,#2310,#2311);
#2309 = CARTESIAN_POINT('',(544.,70.,324.));
#2310 = DIRECTION('',(0.,-1.,2.22044604925E-16));
#2311 = DIRECTION('',(1.,0.,0.));
#2312 = PCURVE('',#289,#2313);
#2313 = DEFINITIONAL_REPRESENTATION('',(#2314),#2322);
#2314 = ( BOUNDED_CURVE() B_SPLINE_CURVE(2,(#2315,#2316,#2317,#2318,
#2319,#2320,#2321),.UNSPECIFIED.,.T.,.F.) B_SPLINE_CURVE_WITH_KNOTS((1,2
    ,2,2,2,1),(-2.094395102393,0.,2.094395102393,4.188790204786,
6.28318530718,8.377580409573),.UNSPECIFIED.) CURVE() 
GEOMETRIC_REPRESENTATION_ITEM() RATIONAL_B_SPLINE_CURVE((1.,0.5,1.,0.5,
1.,0.5,1.)) REPRESENTATION_ITEM('') );
#2315 = CARTESIAN_POINT('',(90.266347579751,3.174391748292));
#2316 = CARTESIAN_POINT('',(90.289303872386,7.937476149038));
#2317 = CARTESIAN_POINT('',(94.402777817484,5.536053216066));
#2318 = CARTESIAN_POINT('',(98.516251762581,3.134630283094));
#2319 = CARTESIAN_POINT('',(94.379821524848,0.77296881532));
#2320 = CARTESIAN_POINT('',(90.243391287115,-1.588692652454));
#2321 = CARTESIAN_POINT('',(90.266347579751,3.174391748292));
#2322 = ( GEOMETRIC_REPRESENTATION_CONTEXT(2) 
PARAMETRIC_REPRESENTATION_CONTEXT() REPRESENTATION_CONTEXT('2D SPACE',''
  ) );
#2323 = PCURVE('',#2324,#2329);
#2324 = CYLINDRICAL_SURFACE('',#2325,2.75);
#2325 = AXIS2_PLACEMENT_3D('',#2326,#2327,#2328);
#2326 = CARTESIAN_POINT('',(544.,100.,324.));
#2327 = DIRECTION('',(0.,-1.,2.22044604925E-16));
#2328 = DIRECTION('',(1.,0.,0.));
#2329 = DEFINITIONAL_REPRESENTATION('',(#2330),#2334);
#2330 = LINE('',#2331,#2332);
#2331 = CARTESIAN_POINT('',(0.,30.));
#2332 = VECTOR('',#2333,1.);
#2333 = DIRECTION('',(1.,0.));
#2334 = ( GEOMETRIC_REPRESENTATION_CONTEXT(2) 
PARAMETRIC_REPRESENTATION_CONTEXT() REPRESENTATION_CONTEXT('2D SPACE',''
  ) );
#2335 = FACE_BOUND('',#2336,.F.);
#2336 = EDGE_LOOP('',(#2337));
#2337 = ORIENTED_EDGE('',*,*,#2338,.T.);
#2338 = EDGE_CURVE('',#2339,#2339,#2341,.T.);
#2339 = VERTEX_POINT('',#2340);
#2340 = CARTESIAN_POINT('',(431.,70.,325.));
#2341 = SURFACE_CURVE('',#2342,(#2347,#2358),.PCURVE_S1.);
#2342 = CIRCLE('',#2343,11.);
#2343 = AXIS2_PLACEMENT_3D('',#2344,#2345,#2346);
#2344 = CARTESIAN_POINT('',(420.,70.,325.));
#2345 = DIRECTION('',(0.,-1.,2.22044604925E-16));
#2346 = DIRECTION('',(1.,0.,0.));
#2347 = PCURVE('',#289,#2348);
#2348 = DEFINITIONAL_REPRESENTATION('',(#2349),#2357);
#2349 = ( BOUNDED_CURVE() B_SPLINE_CURVE(2,(#2350,#2351,#2352,#2353,
#2354,#2355,#2356),.UNSPECIFIED.,.T.,.F.) B_SPLINE_CURVE_WITH_KNOTS((1,2
    ,2,2,2,1),(-2.094395102393,0.,2.094395102393,4.188790204786,
6.28318530718,8.377580409573),.UNSPECIFIED.) CURVE() 
GEOMETRIC_REPRESENTATION_ITEM() RATIONAL_B_SPLINE_CURVE((1.,0.5,1.,0.5,
1.,0.5,1.)) REPRESENTATION_ITEM('') );
#2350 = CARTESIAN_POINT('',(206.01982280736,3.616514728436));
#2351 = CARTESIAN_POINT('',(206.1116479779,22.668852331419));
#2352 = CARTESIAN_POINT('',(222.56554375829,13.063160599532));
#2353 = CARTESIAN_POINT('',(239.01943953869,3.457468867645));
#2354 = CARTESIAN_POINT('',(222.47371858775,-5.989177003451));
#2355 = CARTESIAN_POINT('',(205.92799763682,-15.43582287454));
#2356 = CARTESIAN_POINT('',(206.01982280736,3.616514728436));
#2357 = ( GEOMETRIC_REPRESENTATION_CONTEXT(2) 
PARAMETRIC_REPRESENTATION_CONTEXT() REPRESENTATION_CONTEXT('2D SPACE',''
  ) );
#2358 = PCURVE('',#2359,#2364);
#2359 = CYLINDRICAL_SURFACE('',#2360,11.);
#2360 = AXIS2_PLACEMENT_3D('',#2361,#2362,#2363);
#2361 = CARTESIAN_POINT('',(420.,1.231E+03,325.));
#2362 = DIRECTION('',(0.,-1.,2.22044604925E-16));
#2363 = DIRECTION('',(1.,0.,0.));
#2364 = DEFINITIONAL_REPRESENTATION('',(#2365),#2369);
#2365 = LINE('',#2366,#2367);
#2366 = CARTESIAN_POINT('',(0.,1.161E+03));
#2367 = VECTOR('',#2368,1.);
#2368 = DIRECTION('',(1.,0.));
#2369 = ( GEOMETRIC_REPRESENTATION_CONTEXT(2) 
PARAMETRIC_REPRESENTATION_CONTEXT() REPRESENTATION_CONTEXT('2D SPACE',''
  ) );
#2370 = ADVANCED_FACE('',(#2371),#1385,.F.);
#2371 = FACE_BOUND('',#2372,.F.);
#2372 = EDGE_LOOP('',(#2373,#2374,#2395,#2396));
#2373 = ORIENTED_EDGE('',*,*,#1230,.T.);
#2374 = ORIENTED_EDGE('',*,*,#2375,.F.);
#2375 = EDGE_CURVE('',#1892,#1231,#2376,.T.);
#2376 = SEAM_CURVE('',#2377,(#2381,#2388),.PCURVE_S1.);
#2377 = LINE('',#2378,#2379);
#2378 = CARTESIAN_POINT('',(482.75,470.,250.));
#2379 = VECTOR('',#2380,1.);
#2380 = DIRECTION('',(0.,0.,1.));
#2381 = PCURVE('',#1385,#2382);
#2382 = DEFINITIONAL_REPRESENTATION('',(#2383),#2387);
#2383 = LINE('',#2384,#2385);
#2384 = CARTESIAN_POINT('',(0.,-0.));
#2385 = VECTOR('',#2386,1.);
#2386 = DIRECTION('',(0.,1.));
#2387 = ( GEOMETRIC_REPRESENTATION_CONTEXT(2) 
PARAMETRIC_REPRESENTATION_CONTEXT() REPRESENTATION_CONTEXT('2D SPACE',''
  ) );
#2388 = PCURVE('',#1385,#2389);
#2389 = DEFINITIONAL_REPRESENTATION('',(#2390),#2394);
#2390 = LINE('',#2391,#2392);
#2391 = CARTESIAN_POINT('',(6.28318530718,-0.));
#2392 = VECTOR('',#2393,1.);
#2393 = DIRECTION('',(0.,1.));
#2394 = ( GEOMETRIC_REPRESENTATION_CONTEXT(2) 
PARAMETRIC_REPRESENTATION_CONTEXT() REPRESENTATION_CONTEXT('2D SPACE',''
  ) );
#2395 = ORIENTED_EDGE('',*,*,#1891,.T.);
#2396 = ORIENTED_EDGE('',*,*,#2375,.T.);
#2397 = ADVANCED_FACE('',(#2398),#1613,.F.);
#2398 = FACE_BOUND('',#2399,.F.);
#2399 = EDGE_LOOP('',(#2400,#2401,#2422,#2423));
#2400 = ORIENTED_EDGE('',*,*,#1487,.T.);
#2401 = ORIENTED_EDGE('',*,*,#2402,.F.);
#2402 = EDGE_CURVE('',#1694,#1488,#2403,.T.);
#2403 = SEAM_CURVE('',#2404,(#2408,#2415),.PCURVE_S1.);
#2404 = LINE('',#2405,#2406);
#2405 = CARTESIAN_POINT('',(382.75,470.,250.));
#2406 = VECTOR('',#2407,1.);
#2407 = DIRECTION('',(0.,0.,1.));
#2408 = PCURVE('',#1613,#2409);
#2409 = DEFINITIONAL_REPRESENTATION('',(#2410),#2414);
#2410 = LINE('',#2411,#2412);
#2411 = CARTESIAN_POINT('',(0.,-0.));
#2412 = VECTOR('',#2413,1.);
#2413 = DIRECTION('',(0.,1.));
#2414 = ( GEOMETRIC_REPRESENTATION_CONTEXT(2) 
PARAMETRIC_REPRESENTATION_CONTEXT() REPRESENTATION_CONTEXT('2D SPACE',''
  ) );
#2415 = PCURVE('',#1613,#2416);
#2416 = DEFINITIONAL_REPRESENTATION('',(#2417),#2421);
#2417 = LINE('',#2418,#2419);
#2418 = CARTESIAN_POINT('',(6.28318530718,-0.));
#2419 = VECTOR('',#2420,1.);
#2420 = DIRECTION('',(0.,1.));
#2421 = ( GEOMETRIC_REPRESENTATION_CONTEXT(2) 
PARAMETRIC_REPRESENTATION_CONTEXT() REPRESENTATION_CONTEXT('2D SPACE',''
  ) );
#2422 = ORIENTED_EDGE('',*,*,#1693,.T.);
#2423 = ORIENTED_EDGE('',*,*,#2402,.T.);
#2424 = ADVANCED_FACE('',(#2425),#2324,.F.);
#2425 = FACE_BOUND('',#2426,.F.);
#2426 = EDGE_LOOP('',(#2427,#2428,#2451,#2478));
#2427 = ORIENTED_EDGE('',*,*,#2303,.F.);
#2428 = ORIENTED_EDGE('',*,*,#2429,.F.);
#2429 = EDGE_CURVE('',#2430,#2304,#2432,.T.);
#2430 = VERTEX_POINT('',#2431);
#2431 = CARTESIAN_POINT('',(546.75,100.,324.));
#2432 = SEAM_CURVE('',#2433,(#2437,#2444),.PCURVE_S1.);
#2433 = LINE('',#2434,#2435);
#2434 = CARTESIAN_POINT('',(546.75,100.,324.));
#2435 = VECTOR('',#2436,1.);
#2436 = DIRECTION('',(0.,-1.,2.22044604925E-16));
#2437 = PCURVE('',#2324,#2438);
#2438 = DEFINITIONAL_REPRESENTATION('',(#2439),#2443);
#2439 = LINE('',#2440,#2441);
#2440 = CARTESIAN_POINT('',(6.28318530718,-0.));
#2441 = VECTOR('',#2442,1.);
#2442 = DIRECTION('',(0.,1.));
#2443 = ( GEOMETRIC_REPRESENTATION_CONTEXT(2) 
PARAMETRIC_REPRESENTATION_CONTEXT() REPRESENTATION_CONTEXT('2D SPACE',''
  ) );
#2444 = PCURVE('',#2324,#2445);
#2445 = DEFINITIONAL_REPRESENTATION('',(#2446),#2450);
#2446 = LINE('',#2447,#2448);
#2447 = CARTESIAN_POINT('',(0.,-0.));
#2448 = VECTOR('',#2449,1.);
#2449 = DIRECTION('',(0.,1.));
#2450 = ( GEOMETRIC_REPRESENTATION_CONTEXT(2) 
PARAMETRIC_REPRESENTATION_CONTEXT() REPRESENTATION_CONTEXT('2D SPACE',''
  ) );
#2451 = ORIENTED_EDGE('',*,*,#2452,.T.);
#2452 = EDGE_CURVE('',#2430,#2430,#2453,.T.);
#2453 = SURFACE_CURVE('',#2454,(#2459,#2466),.PCURVE_S1.);
#2454 = CIRCLE('',#2455,2.75);
#2455 = AXIS2_PLACEMENT_3D('',#2456,#2457,#2458);
#2456 = CARTESIAN_POINT('',(544.,100.,324.));
#2457 = DIRECTION('',(0.,-1.,2.22044604925E-16));
#2458 = DIRECTION('',(1.,0.,0.));
#2459 = PCURVE('',#2324,#2460);
#2460 = DEFINITIONAL_REPRESENTATION('',(#2461),#2465);
#2461 = LINE('',#2462,#2463);
#2462 = CARTESIAN_POINT('',(0.,0.));
#2463 = VECTOR('',#2464,1.);
#2464 = DIRECTION('',(1.,0.));
#2465 = ( GEOMETRIC_REPRESENTATION_CONTEXT(2) 
PARAMETRIC_REPRESENTATION_CONTEXT() REPRESENTATION_CONTEXT('2D SPACE',''
  ) );
#2466 = PCURVE('',#2467,#2472);
#2467 = PLANE('',#2468);
#2468 = AXIS2_PLACEMENT_3D('',#2469,#2470,#2471);
#2469 = CARTESIAN_POINT('',(544.,100.,324.));
#2470 = DIRECTION('',(0.,-1.,2.22044604925E-16));
#2471 = DIRECTION('',(1.,0.,0.));
#2472 = DEFINITIONAL_REPRESENTATION('',(#2473),#2477);
#2473 = CIRCLE('',#2474,2.75);
#2474 = AXIS2_PLACEMENT_2D('',#2475,#2476);
#2475 = CARTESIAN_POINT('',(0.,0.));
#2476 = DIRECTION('',(1.,0.));
#2477 = ( GEOMETRIC_REPRESENTATION_CONTEXT(2) 
PARAMETRIC_REPRESENTATION_CONTEXT() REPRESENTATION_CONTEXT('2D SPACE',''
  ) );
#2478 = ORIENTED_EDGE('',*,*,#2429,.T.);
#2479 = ADVANCED_FACE('',(#2480),#2359,.F.);
#2480 = FACE_BOUND('',#2481,.F.);
#2481 = EDGE_LOOP('',(#2482,#2483,#2506,#2533));
#2482 = ORIENTED_EDGE('',*,*,#2338,.F.);
#2483 = ORIENTED_EDGE('',*,*,#2484,.F.);
#2484 = EDGE_CURVE('',#2485,#2339,#2487,.T.);
#2485 = VERTEX_POINT('',#2486);
#2486 = CARTESIAN_POINT('',(431.,1.231E+03,325.));
#2487 = SEAM_CURVE('',#2488,(#2492,#2499),.PCURVE_S1.);
#2488 = LINE('',#2489,#2490);
#2489 = CARTESIAN_POINT('',(431.,1.231E+03,325.));
#2490 = VECTOR('',#2491,1.);
#2491 = DIRECTION('',(0.,-1.,2.22044604925E-16));
#2492 = PCURVE('',#2359,#2493);
#2493 = DEFINITIONAL_REPRESENTATION('',(#2494),#2498);
#2494 = LINE('',#2495,#2496);
#2495 = CARTESIAN_POINT('',(6.28318530718,-0.));
#2496 = VECTOR('',#2497,1.);
#2497 = DIRECTION('',(0.,1.));
#2498 = ( GEOMETRIC_REPRESENTATION_CONTEXT(2) 
PARAMETRIC_REPRESENTATION_CONTEXT() REPRESENTATION_CONTEXT('2D SPACE',''
  ) );
#2499 = PCURVE('',#2359,#2500);
#2500 = DEFINITIONAL_REPRESENTATION('',(#2501),#2505);
#2501 = LINE('',#2502,#2503);
#2502 = CARTESIAN_POINT('',(0.,-0.));
#2503 = VECTOR('',#2504,1.);
#2504 = DIRECTION('',(0.,1.));
#2505 = ( GEOMETRIC_REPRESENTATION_CONTEXT(2) 
PARAMETRIC_REPRESENTATION_CONTEXT() REPRESENTATION_CONTEXT('2D SPACE',''
  ) );
#2506 = ORIENTED_EDGE('',*,*,#2507,.T.);
#2507 = EDGE_CURVE('',#2485,#2485,#2508,.T.);
#2508 = SURFACE_CURVE('',#2509,(#2514,#2521),.PCURVE_S1.);
#2509 = CIRCLE('',#2510,11.);
#2510 = AXIS2_PLACEMENT_3D('',#2511,#2512,#2513);
#2511 = CARTESIAN_POINT('',(420.,1.231E+03,325.));
#2512 = DIRECTION('',(0.,-1.,2.22044604925E-16));
#2513 = DIRECTION('',(1.,0.,0.));
#2514 = PCURVE('',#2359,#2515);
#2515 = DEFINITIONAL_REPRESENTATION('',(#2516),#2520);
#2516 = LINE('',#2517,#2518);
#2517 = CARTESIAN_POINT('',(0.,0.));
#2518 = VECTOR('',#2519,1.);
#2519 = DIRECTION('',(1.,0.));
#2520 = ( GEOMETRIC_REPRESENTATION_CONTEXT(2) 
PARAMETRIC_REPRESENTATION_CONTEXT() REPRESENTATION_CONTEXT('2D SPACE',''
  ) );
#2521 = PCURVE('',#2522,#2527);
#2522 = PLANE('',#2523);
#2523 = AXIS2_PLACEMENT_3D('',#2524,#2525,#2526);
#2524 = CARTESIAN_POINT('',(420.,1.231E+03,325.));
#2525 = DIRECTION('',(0.,-1.,2.22044604925E-16));
#2526 = DIRECTION('',(1.,0.,0.));
#2527 = DEFINITIONAL_REPRESENTATION('',(#2528),#2532);
#2528 = CIRCLE('',#2529,11.);
#2529 = AXIS2_PLACEMENT_2D('',#2530,#2531);
#2530 = CARTESIAN_POINT('',(0.,0.));
#2531 = DIRECTION('',(1.,0.));
#2532 = ( GEOMETRIC_REPRESENTATION_CONTEXT(2) 
PARAMETRIC_REPRESENTATION_CONTEXT() REPRESENTATION_CONTEXT('2D SPACE',''
  ) );
#2533 = ORIENTED_EDGE('',*,*,#2484,.T.);
#2534 = ADVANCED_FACE('',(#2535),#2467,.T.);
#2535 = FACE_BOUND('',#2536,.F.);
#2536 = EDGE_LOOP('',(#2537));
#2537 = ORIENTED_EDGE('',*,*,#2452,.F.);
#2538 = ADVANCED_FACE('',(#2539),#2522,.T.);
#2539 = FACE_BOUND('',#2540,.F.);
#2540 = EDGE_LOOP('',(#2541));
#2541 = ORIENTED_EDGE('',*,*,#2507,.F.);
#2542 = MANIFOLD_SOLID_BREP('',#2543);
#2543 = CLOSED_SHELL('',(#2544,#3019,#3234,#3406,#3461,#3611));
#2544 = ADVANCED_FACE('',(#2545),#2558,.F.);
#2545 = FACE_BOUND('',#2546,.F.);
#2546 = EDGE_LOOP('',(#2547,#2727,#2857,#2891));
#2547 = ORIENTED_EDGE('',*,*,#2548,.F.);
#2548 = EDGE_CURVE('',#2549,#2551,#2553,.T.);
#2549 = VERTEX_POINT('',#2550);
#2550 = CARTESIAN_POINT('',(614.57627118644,700.,320.35023728813));
#2551 = VERTEX_POINT('',#2552);
#2552 = CARTESIAN_POINT('',(595.71186440678,1.23E+03,320.31628135593));
#2553 = SURFACE_CURVE('',#2554,(#2557,#2715),.PCURVE_S1.);
#2554 = B_SPLINE_CURVE_WITH_KNOTS('',1,(#2555,#2556),.UNSPECIFIED.,.F.,
  .F.,(2,2),(0.,1.),.PIECEWISE_BEZIER_KNOTS.);
#2555 = CARTESIAN_POINT('',(637.,70.,320.3906));
#2556 = CARTESIAN_POINT('',(595.,1.25E+03,320.315));
#2557 = PCURVE('',#2558,#2709);
#2558 = B_SPLINE_SURFACE_WITH_KNOTS('',3,1,(
    (#2559,#2560)
    ,(#2561,#2562)
    ,(#2563,#2564)
    ,(#2565,#2566)
    ,(#2567,#2568)
    ,(#2569,#2570)
    ,(#2571,#2572)
    ,(#2573,#2574)
    ,(#2575,#2576)
    ,(#2577,#2578)
    ,(#2579,#2580)
    ,(#2581,#2582)
    ,(#2583,#2584)
    ,(#2585,#2586)
    ,(#2587,#2588)
    ,(#2589,#2590)
    ,(#2591,#2592)
    ,(#2593,#2594)
    ,(#2595,#2596)
    ,(#2597,#2598)
    ,(#2599,#2600)
    ,(#2601,#2602)
    ,(#2603,#2604)
    ,(#2605,#2606)
    ,(#2607,#2608)
    ,(#2609,#2610)
    ,(#2611,#2612)
    ,(#2613,#2614)
    ,(#2615,#2616)
    ,(#2617,#2618)
    ,(#2619,#2620)
    ,(#2621,#2622)
    ,(#2623,#2624)
    ,(#2625,#2626)
    ,(#2627,#2628)
    ,(#2629,#2630)
    ,(#2631,#2632)
    ,(#2633,#2634)
    ,(#2635,#2636)
    ,(#2637,#2638)
    ,(#2639,#2640)
    ,(#2641,#2642)
    ,(#2643,#2644)
    ,(#2645,#2646)
    ,(#2647,#2648)
    ,(#2649,#2650)
    ,(#2651,#2652)
    ,(#2653,#2654)
    ,(#2655,#2656)
    ,(#2657,#2658)
    ,(#2659,#2660)
    ,(#2661,#2662)
    ,(#2663,#2664)
    ,(#2665,#2666)
    ,(#2667,#2668)
    ,(#2669,#2670)
    ,(#2671,#2672)
    ,(#2673,#2674)
    ,(#2675,#2676)
    ,(#2677,#2678)
    ,(#2679,#2680)
    ,(#2681,#2682)
    ,(#2683,#2684)
    ,(#2685,#2686)
    ,(#2687,#2688)
    ,(#2689,#2690)
    ,(#2691,#2692)
    ,(#2693,#2694)
    ,(#2695,#2696)
    ,(#2697,#2698)
    ,(#2699,#2700)
    ,(#2701,#2702)
    ,(#2703,#2704)
    ,(#2705,#2706)
    ,(#2707,#2708
    )),.UNSPECIFIED.,.F.,.F.,.F.,(4,1,1,1,1,1,1,1,1,1,1,1,1,1,1,1,1,1,1,
    1,1,1,1,1,1,1,1,1,1,1,1,1,1,1,1,1,1,1,1,1,1,1,1,1,1,1,1,1,1,1,1,1,1,
    1,1,1,1,1,1,1,1,1,1,1,1,1,1,1,1,1,1,1,4),(2,2),(0.,0.602290749098,
    2.404195163889,5.390877787599,9.53783502204,14.811212941833,
    21.168224102279,28.557640970919,36.920344055938,46.189906318227,
    56.293201092913,67.151027277369,78.678751723806,90.786973582017,
    103.38221809289,116.36766772157,129.6439365401,143.1098896733,
    156.66350387727,170.20275863774,183.62654054901,196.83492362716,
    209.7314800419,222.22642362058,234.23415066751,245.67355320591,
    256.46841102628,266.54780885286,275.84668307948,284.30665462902,
    291.87739662659,298.51898314587,304.20614048882,308.93654449672,
    312.74854244333,315.7613401055,318.25492686834,320.63433219259,
    323.37208263219,326.84797765483,331.23690438694,336.60393347605,
    342.96065549783,350.28935173098,358.55356141965,367.70317019168,
    377.67717891754,388.40544688503,399.80998173333,411.80604409517,
    424.30319201548,437.20631608177,450.4168130167,463.83570926025,
    477.36134178096,490.89027054637,504.31890209268,517.54440021883,
    530.4655488931,542.98356380876,555.00285345793,566.43173302487,
    577.18309496217,587.17503935172,596.33146572971,604.58262650798,
    611.86564072992,618.12496569667,623.31282290334,627.3895736743,
    630.32403895349,632.09375710227,632.68517356591),(0.,1.),
  .UNSPECIFIED.);
#2559 = CARTESIAN_POINT('',(637.,70.,320.3906));
#2560 = CARTESIAN_POINT('',(595.,1.25E+03,320.315));
#2561 = CARTESIAN_POINT('',(636.80340329614,70.,320.43129092769));
#2562 = CARTESIAN_POINT('',(594.84145427108,1.25E+03,320.34781526427));
#2563 = CARTESIAN_POINT('',(636.01859583381,70.,320.59351509148));
#2564 = CARTESIAN_POINT('',(594.20854502726,1.25E+03,320.4786412028));
#2565 = CARTESIAN_POINT('',(634.25846185191,70.,320.9554453979));
#2566 = CARTESIAN_POINT('',(592.78908213864,1.25E+03,320.77052048217));
#2567 = CARTESIAN_POINT('',(631.33976128673,70.,321.54937835448));
#2568 = CARTESIAN_POINT('',(590.43529136026,1.25E+03,321.24949867297));
#2569 = CARTESIAN_POINT('',(627.28466444295,70.,322.36181111259));
#2570 = CARTESIAN_POINT('',(587.16505197012,1.25E+03,321.90468638112));
#2571 = CARTESIAN_POINT('',(622.12398210385,70.,323.37464352801));
#2572 = CARTESIAN_POINT('',(583.00321137407,1.25E+03,322.72148671614));
#2573 = CARTESIAN_POINT('',(615.89693789864,70.,324.56588666272));
#2574 = CARTESIAN_POINT('',(577.98140153116,1.25E+03,323.68216666348));
#2575 = CARTESIAN_POINT('',(608.65087619432,70.,325.91045121194));
#2576 = CARTESIAN_POINT('',(572.13780338252,1.25E+03,324.76649291285));
#2577 = CARTESIAN_POINT('',(600.44090661875,70.,327.38094578503));
#2578 = CARTESIAN_POINT('',(565.51686017641,1.25E+03,325.95237563308));
#2579 = CARTESIAN_POINT('',(591.3294871818,70.,328.94842038065));
#2580 = CARTESIAN_POINT('',(558.16894127564,1.25E+03,327.21646804891));
#2581 = CARTESIAN_POINT('',(581.38594886419,70.,330.58300384588));
#2582 = CARTESIAN_POINT('',(550.14995876144,1.25E+03,328.53468052087));
#2583 = CARTESIAN_POINT('',(570.68596544341,70.,332.25440394257));
#2584 = CARTESIAN_POINT('',(541.52093987372,1.25E+03,329.88258382465));
#2585 = CARTESIAN_POINT('',(559.31097312536,70.,333.93226231701));
#2586 = CARTESIAN_POINT('',(532.34755897206,1.25E+03,331.23569541694));
#2587 = CARTESIAN_POINT('',(547.3475451199,70.,335.5863803047));
#2588 = CARTESIAN_POINT('',(522.69963316121,1.25E+03,332.56966153604));
#2589 = CARTESIAN_POINT('',(534.88672697412,70.,337.18685466412));
#2590 = CARTESIAN_POINT('',(512.65058626945,1.25E+03,333.86036666462));
#2591 = CARTESIAN_POINT('',(522.02333789217,70.,338.70417048247));
#2592 = CARTESIAN_POINT('',(502.27688539691,1.25E+03,335.0840084536));
#2593 = CARTESIAN_POINT('',(508.85524692586,70.,340.10933492597));
#2594 = CARTESIAN_POINT('',(491.65745719828,1.25E+03,336.21720558546));
#2595 = CARTESIAN_POINT('',(495.48261949529,70.,341.3740213838));
#2596 = CARTESIAN_POINT('',(480.87308023814,1.25E+03,337.23711401919));
#2597 = CARTESIAN_POINT('',(482.00718125208,70.,342.47111225802));
#2598 = CARTESIAN_POINT('',(470.00579133232,1.25E+03,338.12186472421));
#2599 = CARTESIAN_POINT('',(468.53135062732,70.,343.37438198446));
#2600 = CARTESIAN_POINT('',(459.13818598977,1.25E+03,338.85030805198));
#2601 = CARTESIAN_POINT('',(455.15802696957,70.,344.06211583922));
#2602 = CARTESIAN_POINT('',(448.35324755611,1.25E+03,339.4049321284));
#2603 = CARTESIAN_POINT('',(441.98822273449,70.,344.50695611486));
#2604 = CARTESIAN_POINT('',(437.73243768911,1.25E+03,339.76367428618));
#2605 = CARTESIAN_POINT('',(429.12046813463,70.,344.60914772089));
#2606 = CARTESIAN_POINT('',(427.3552162376,1.25E+03,339.84608687169));
#2607 = CARTESIAN_POINT('',(416.65463628733,70.,344.38010644151));
#2608 = CARTESIAN_POINT('',(417.30212603817,1.25E+03,339.66137616251));
#2609 = CARTESIAN_POINT('',(404.68539323603,70.,343.81758148844));
#2610 = CARTESIAN_POINT('',(407.64951067422,1.25E+03,339.20772700681));
#2611 = CARTESIAN_POINT('',(393.30383815592,70.,342.93246755051));
#2612 = CARTESIAN_POINT('',(398.47083722252,1.25E+03,338.49392544396));
#2613 = CARTESIAN_POINT('',(382.59645930631,70.,341.74198637041));
#2614 = CARTESIAN_POINT('',(389.83585427928,1.25E+03,337.53385997614));
#2615 = CARTESIAN_POINT('',(372.64448934565,70.,340.27101202311));
#2616 = CARTESIAN_POINT('',(381.81007205294,1.25E+03,336.34759034122));
#2617 = CARTESIAN_POINT('',(363.52315903192,70.,338.55082364881));
#2618 = CARTESIAN_POINT('',(374.45416050961,1.25E+03,334.96034165226));
#2619 = CARTESIAN_POINT('',(355.30091105374,70.,336.61798358786));
#2620 = CARTESIAN_POINT('',(367.82331536592,1.25E+03,333.40159966763));
#2621 = CARTESIAN_POINT('',(348.03862230261,70.,334.51267154907));
#2622 = CARTESIAN_POINT('',(361.9666308892,1.25E+03,331.70376737828));
#2623 = CARTESIAN_POINT('',(341.78817854327,70.,332.27671027268));
#2624 = CARTESIAN_POINT('',(356.92595043812,1.25E+03,329.90057280054));
#2625 = CARTESIAN_POINT('',(336.59152761053,70.,329.95078205774));
#2626 = CARTESIAN_POINT('',(352.73510291172,1.25E+03,328.02482424012));
#2627 = CARTESIAN_POINT('',(332.47485236443,70.,327.57034859574));
#2628 = CARTESIAN_POINT('',(349.4152035197,1.25E+03,326.10511983528));
#2629 = CARTESIAN_POINT('',(329.45100632855,70.,325.15333729453));
#2630 = CARTESIAN_POINT('',(346.97661800689,1.25E+03,324.155917173));
#2631 = CARTESIAN_POINT('',(327.50675230479,70.,322.6717576955));
#2632 = CARTESIAN_POINT('',(345.40867121354,1.25E+03,322.15464330282));
#2633 = CARTESIAN_POINT('',(326.77702796178,70.,320.04231483052));
#2634 = CARTESIAN_POINT('',(344.82018384015,1.25E+03,320.03412486333));
#2635 = CARTESIAN_POINT('',(327.46569209681,70.,317.47928191673));
#2636 = CARTESIAN_POINT('',(345.37555814258,1.25E+03,317.96716283607));
#2637 = CARTESIAN_POINT('',(329.4591630426,70.,315.32248953036));
#2638 = CARTESIAN_POINT('',(346.98319600209,1.25E+03,316.22781413738));
#2639 = CARTESIAN_POINT('',(332.50661910615,70.,313.48949954803));
#2640 = CARTESIAN_POINT('',(349.4408218598,1.25E+03,314.7495964097));
#2641 = CARTESIAN_POINT('',(336.63113951075,70.,311.88637587299));
#2642 = CARTESIAN_POINT('',(352.76704799254,1.25E+03,313.45675473628));
#2643 = CARTESIAN_POINT('',(341.82820200732,70.,310.50480267368));
#2644 = CARTESIAN_POINT('',(356.95822742526,1.25E+03,312.34258280135));
#2645 = CARTESIAN_POINT('',(348.07669474647,70.,309.34459996751));
#2646 = CARTESIAN_POINT('',(361.99733447295,1.25E+03,311.40693545767));
#2647 = CARTESIAN_POINT('',(355.33585946921,70.,308.40884778141));
#2648 = CARTESIAN_POINT('',(367.85149957194,1.25E+03,310.65229659791));
#2649 = CARTESIAN_POINT('',(363.55435724922,70.,307.6962514395));
#2650 = CARTESIAN_POINT('',(374.47932036227,1.25E+03,310.07762212863));
#2651 = CARTESIAN_POINT('',(372.67142010936,70.,307.20122419075));
#2652 = CARTESIAN_POINT('',(381.83179041077,1.25E+03,309.67840660545));
#2653 = CARTESIAN_POINT('',(382.61870105054,70.,306.91303510655));
#2654 = CARTESIAN_POINT('',(389.85379116979,1.25E+03,309.44599605367));
#2655 = CARTESIAN_POINT('',(393.32107682007,70.,306.81595892845));
#2656 = CARTESIAN_POINT('',(398.48473937102,1.25E+03,309.36770881327));
#2657 = CARTESIAN_POINT('',(404.69747746548,70.,306.88947157774));
#2658 = CARTESIAN_POINT('',(407.65925602055,1.25E+03,309.42699320785));
#2659 = CARTESIAN_POINT('',(416.66157505078,70.,307.10937959386));
#2660 = CARTESIAN_POINT('',(417.30772181514,1.25E+03,309.60433838215));
#2661 = CARTESIAN_POINT('',(429.12256478583,70.,307.44708546485));
#2662 = CARTESIAN_POINT('',(427.35690708535,1.25E+03,309.87668182649));
#2663 = CARTESIAN_POINT('',(441.98564687791,70.,307.87763194959));
#2664 = CARTESIAN_POINT('',(437.73036038541,1.25E+03,310.22389673354));
#2665 = CARTESIAN_POINT('',(455.15457720612,70.,308.35450978013));
#2666 = CARTESIAN_POINT('',(448.35046548881,1.25E+03,310.60847562914));
#2667 = CARTESIAN_POINT('',(468.52705491288,70.,308.93640486547));
#2668 = CARTESIAN_POINT('',(459.13472170394,1.25E+03,311.07774585925));
#2669 = CARTESIAN_POINT('',(482.0016430931,70.,309.60593381352));
#2670 = CARTESIAN_POINT('',(470.00132507508,1.25E+03,311.61768855929));
#2671 = CARTESIAN_POINT('',(495.47620538952,70.,310.3380092562));
#2672 = CARTESIAN_POINT('',(480.86790757219,1.25E+03,312.2080719808));
#2673 = CARTESIAN_POINT('',(508.84821542118,70.,311.11168093457));
#2674 = CARTESIAN_POINT('',(491.65178662998,1.25E+03,312.83200075369));
#2675 = CARTESIAN_POINT('',(522.01594563162,70.,311.90771854407));
#2676 = CARTESIAN_POINT('',(502.27092389647,1.25E+03,313.4739665678));
#2677 = CARTESIAN_POINT('',(534.87919486987,70.,312.7097089231));
#2678 = CARTESIAN_POINT('',(512.64451199183,1.25E+03,314.1207330025));
#2679 = CARTESIAN_POINT('',(547.34006798916,70.,313.50386383375));
#2680 = CARTESIAN_POINT('',(522.69360321706,1.25E+03,314.76118051109));
#2681 = CARTESIAN_POINT('',(559.30372187257,70.,314.27886493502));
#2682 = CARTESIAN_POINT('',(532.34171118755,1.25E+03,315.38618139921));
#2683 = CARTESIAN_POINT('',(570.67909234444,70.,315.02546431044));
#2684 = CARTESIAN_POINT('',(541.51539705196,1.25E+03,315.9882776697));
#2685 = CARTESIAN_POINT('',(581.37959051197,70.,315.73600337522));
#2686 = CARTESIAN_POINT('',(550.14483105804,1.25E+03,316.56129304453));
#2687 = CARTESIAN_POINT('',(591.32376445958,70.,316.40390514524));
#2688 = CARTESIAN_POINT('',(558.16432617708,1.25E+03,317.09992350423));
#2689 = CARTESIAN_POINT('',(600.43592093418,70.,317.02321822193));
#2690 = CARTESIAN_POINT('',(565.51283946305,1.25E+03,317.59936953382));
#2691 = CARTESIAN_POINT('',(608.64670251311,70.,317.58826929926));
#2692 = CARTESIAN_POINT('',(572.13443751058,1.25E+03,318.0550558865));
#2693 = CARTESIAN_POINT('',(615.89361596277,70.,318.09346219713));
#2694 = CARTESIAN_POINT('',(577.97872255062,1.25E+03,318.46246951381));
#2695 = CARTESIAN_POINT('',(622.12150783137,70.,318.53323684413));
#2696 = CARTESIAN_POINT('',(583.00121599304,1.25E+03,318.8171264872));
#2697 = CARTESIAN_POINT('',(627.28298366275,70.,318.90217744599));
#2698 = CARTESIAN_POINT('',(587.16369650221,1.25E+03,319.11465923063));
#2699 = CARTESIAN_POINT('',(631.33876766058,70.,319.19523776833));
#2700 = CARTESIAN_POINT('',(590.43449004885,1.25E+03,319.35099820027));
#2701 = CARTESIAN_POINT('',(634.25800015901,70.,319.40803600327));
#2702 = CARTESIAN_POINT('',(592.78870980565,1.25E+03,319.52260968006));
#2703 = CARTESIAN_POINT('',(636.01847085601,70.,319.53716370946));
#2704 = CARTESIAN_POINT('',(594.20844423871,1.25E+03,319.62674492698));
#2705 = CARTESIAN_POINT('',(636.8033935894,70.,319.59492125182));
#2706 = CARTESIAN_POINT('',(594.84144644306,1.25E+03,319.67332359018));
#2707 = CARTESIAN_POINT('',(637.,70.,319.6094));
#2708 = CARTESIAN_POINT('',(595.,1.25E+03,319.685));
#2709 = DEFINITIONAL_REPRESENTATION('',(#2710),#2714);
#2710 = LINE('',#2711,#2712);
#2711 = CARTESIAN_POINT('',(0.,0.));
#2712 = VECTOR('',#2713,1.);
#2713 = DIRECTION('',(0.,1.));
#2714 = ( GEOMETRIC_REPRESENTATION_CONTEXT(2) 
PARAMETRIC_REPRESENTATION_CONTEXT() REPRESENTATION_CONTEXT('2D SPACE',''
  ) );
#2715 = PCURVE('',#2716,#2721);
#2716 = B_SPLINE_SURFACE_WITH_KNOTS('',1,1,(
    (#2717,#2718)
    ,(#2719,#2720
    )),.UNSPECIFIED.,.F.,.F.,.F.,(2,2),(2,2),(0.,0.7812),(0.,1.),
  .PIECEWISE_BEZIER_KNOTS.);
#2717 = CARTESIAN_POINT('',(637.,70.,319.6094));
#2718 = CARTESIAN_POINT('',(595.,1.25E+03,319.685));
#2719 = CARTESIAN_POINT('',(637.,70.,320.3906));
#2720 = CARTESIAN_POINT('',(595.,1.25E+03,320.315));
#2721 = DEFINITIONAL_REPRESENTATION('',(#2722),#2726);
#2722 = LINE('',#2723,#2724);
#2723 = CARTESIAN_POINT('',(0.7812,0.));
#2724 = VECTOR('',#2725,1.);
#2725 = DIRECTION('',(0.,1.));
#2726 = ( GEOMETRIC_REPRESENTATION_CONTEXT(2) 
PARAMETRIC_REPRESENTATION_CONTEXT() REPRESENTATION_CONTEXT('2D SPACE',''
  ) );
#2727 = ORIENTED_EDGE('',*,*,#2728,.F.);
#2728 = EDGE_CURVE('',#2729,#2549,#2731,.T.);
#2729 = VERTEX_POINT('',#2730);
#2730 = CARTESIAN_POINT('',(545.08474576271,700.,332.45218831683));
#2731 = SURFACE_CURVE('',#2732,(#2770,#2811),.PCURVE_S1.);
#2732 = B_SPLINE_CURVE_WITH_KNOTS('',8,(#2733,#2734,#2735,#2736,#2737,
    #2738,#2739,#2740,#2741,#2742,#2743,#2744,#2745,#2746,#2747,#2748,
    #2749,#2750,#2751,#2752,#2753,#2754,#2755,#2756,#2757,#2758,#2759,
    #2760,#2761,#2762,#2763,#2764,#2765,#2766,#2767,#2768,#2769),
  .UNSPECIFIED.,.F.,.F.,(9,7,7,7,7,9),(0.,0.147614566241,0.356690333246,
    0.517517810059,0.758758958499,1.),.UNSPECIFIED.);
#2733 = CARTESIAN_POINT('',(545.08474576271,700.,332.45218831683));
#2734 = CARTESIAN_POINT('',(546.37338902177,700.,332.26791901583));
#2735 = CARTESIAN_POINT('',(547.6617979637,700.,332.08201157481));
#2736 = CARTESIAN_POINT('',(548.94997050243,700.,331.89446859959));
#2737 = CARTESIAN_POINT('',(550.23790455738,700.,331.70529269439));
#2738 = CARTESIAN_POINT('',(551.52559805338,700.,331.51448646188));
#2739 = CARTESIAN_POINT('',(552.8130489207,700.,331.32205250313));
#2740 = CARTESIAN_POINT('',(554.10025509506,700.,331.12799341766));
#2741 = CARTESIAN_POINT('',(557.21001585237,700.,330.65515566201));
#2742 = CARTESIAN_POINT('',(559.03232209681,700.,330.37474430597));
#2743 = CARTESIAN_POINT('',(560.85412635506,700.,330.09107753234));
#2744 = CARTESIAN_POINT('',(562.67542203477,700.,329.80415798311));
#2745 = CARTESIAN_POINT('',(564.49620028043,700.,329.51397332101));
#2746 = CARTESIAN_POINT('',(566.31645859194,700.,329.22055083156));
#2747 = CARTESIAN_POINT('',(568.13618456482,700.,328.92385796704));
#2748 = CARTESIAN_POINT('',(571.35474582297,700.,328.39315744352));
#2749 = CARTESIAN_POINT('',(572.75380107843,700.,328.16048366829));
#2750 = CARTESIAN_POINT('',(574.15253329304,700.,327.92587066691));
#2751 = CARTESIAN_POINT('',(575.55093972197,700.,327.68932049119));
#2752 = CARTESIAN_POINT('',(576.94901567954,700.,327.45082509876));
#2753 = CARTESIAN_POINT('',(578.34675619055,700.,327.21037498542));
#2754 = CARTESIAN_POINT('',(579.74415780585,700.,326.96796871061));
#2755 = CARTESIAN_POINT('',(583.23680242072,700.,326.35704366388));
#2756 = CARTESIAN_POINT('',(585.33161600579,700.,325.98607061599));
#2757 = CARTESIAN_POINT('',(587.42564351163,700.,325.61066565434));
#2758 = CARTESIAN_POINT('',(589.51886044646,700.,325.2307656607));
#2759 = CARTESIAN_POINT('',(591.61126600005,700.,324.84641033299));
#2760 = CARTESIAN_POINT('',(593.70282571426,700.,324.45749653468));
#2761 = CARTESIAN_POINT('',(595.7935313561,700.,324.06403210695));
#2762 = CARTESIAN_POINT('',(599.97318766008,700.,323.26789723088));
#2763 = CARTESIAN_POINT('',(602.0621385479,700.,322.86522799844));
#2764 = CARTESIAN_POINT('',(604.15019341281,700.,322.45791966938));
#2765 = CARTESIAN_POINT('',(606.23733164971,700.,322.04593057344));
#2766 = CARTESIAN_POINT('',(608.323531611,700.,321.62921605966));
#2767 = CARTESIAN_POINT('',(610.40877074386,700.,321.20772916871));
#2768 = CARTESIAN_POINT('',(612.49302552404,700.,320.78142050211));
#2769 = CARTESIAN_POINT('',(614.57627118644,700.,320.35023728813));
#2770 = PCURVE('',#2558,#2771);
#2771 = DEFINITIONAL_REPRESENTATION('',(#2772),#2810);
#2772 = B_SPLINE_CURVE_WITH_KNOTS('',8,(#2773,#2774,#2775,#2776,#2777,
    #2778,#2779,#2780,#2781,#2782,#2783,#2784,#2785,#2786,#2787,#2788,
    #2789,#2790,#2791,#2792,#2793,#2794,#2795,#2796,#2797,#2798,#2799,
    #2800,#2801,#2802,#2803,#2804,#2805,#2806,#2807,#2808,#2809),
  .UNSPECIFIED.,.F.,.F.,(9,7,7,7,7,9),(0.,0.147614566241,0.356690333246,
    0.517517810059,0.758758958499,1.),.UNSPECIFIED.);
#2773 = CARTESIAN_POINT('',(78.678751723806,0.533898305085));
#2774 = CARTESIAN_POINT('',(77.226986456135,0.533898305085));
#2775 = CARTESIAN_POINT('',(75.775221122895,0.533898305085));
#2776 = CARTESIAN_POINT('',(74.323455743537,0.533898305085));
#2777 = CARTESIAN_POINT('',(72.871690331259,0.533898305085));
#2778 = CARTESIAN_POINT('',(71.419924893002,0.533898305085));
#2779 = CARTESIAN_POINT('',(69.968159429456,0.533898305085));
#2780 = CARTESIAN_POINT('',(68.516393935057,0.533898305085));
#2781 = CARTESIAN_POINT('',(65.008401828316,0.533898305085));
#2782 = CARTESIAN_POINT('',(62.952175219753,0.533898305085));
#2783 = CARTESIAN_POINT('',(60.895948489339,0.533898305085));
#2784 = CARTESIAN_POINT('',(58.839721776306,0.533898305085));
#2785 = CARTESIAN_POINT('',(56.783494780456,0.533898305085));
#2786 = CARTESIAN_POINT('',(54.727267958761,0.533898305085));
#2787 = CARTESIAN_POINT('',(52.671040962213,0.533898305085));
#2788 = CARTESIAN_POINT('',(49.033101105849,0.533898305085));
#2789 = CARTESIAN_POINT('',(47.451388287291,0.533898305085));
#2790 = CARTESIAN_POINT('',(45.869675375162,0.533898305085));
#2791 = CARTESIAN_POINT('',(44.287962508136,0.533898305085));
#2792 = CARTESIAN_POINT('',(42.706249610035,0.533898305085));
#2793 = CARTESIAN_POINT('',(41.124536582752,0.533898305085));
#2794 = CARTESIAN_POINT('',(39.542823526513,0.533898305085));
#2795 = CARTESIAN_POINT('',(35.588541401881,0.533898305085));
#2796 = CARTESIAN_POINT('',(33.215972311944,0.533898305085));
#2797 = CARTESIAN_POINT('',(30.843403519498,0.533898305085));
#2798 = CARTESIAN_POINT('',(28.470833250532,0.533898305085));
#2799 = CARTESIAN_POINT('',(26.098264766545,0.533898305085));
#2800 = CARTESIAN_POINT('',(23.725694672404,0.533898305085));
#2801 = CARTESIAN_POINT('',(21.353125075734,0.533898305085));
#2802 = CARTESIAN_POINT('',(16.607986389952,0.533898305085));
#2803 = CARTESIAN_POINT('',(14.235417420217,0.533898305085));
#2804 = CARTESIAN_POINT('',(11.862848314233,0.533898305085));
#2805 = CARTESIAN_POINT('',(9.490279031466,0.533898305085));
#2806 = CARTESIAN_POINT('',(7.117709553005,0.533898305085));
#2807 = CARTESIAN_POINT('',(4.745139898407,0.533898305085));
#2808 = CARTESIAN_POINT('',(2.372570080762,0.533898305085));
#2809 = CARTESIAN_POINT('',(0.,0.533898305085));
#2810 = ( GEOMETRIC_REPRESENTATION_CONTEXT(2) 
PARAMETRIC_REPRESENTATION_CONTEXT() REPRESENTATION_CONTEXT('2D SPACE',''
  ) );
#2811 = PCURVE('',#2812,#2817);
#2812 = PLANE('',#2813);
#2813 = AXIS2_PLACEMENT_3D('',#2814,#2815,#2816);
#2814 = CARTESIAN_POINT('',(619.57627118644,700.,260.));
#2815 = DIRECTION('',(-0.,-1.,0.));
#2816 = DIRECTION('',(-1.,0.,0.));
#2817 = DEFINITIONAL_REPRESENTATION('',(#2818),#2856);
#2818 = B_SPLINE_CURVE_WITH_KNOTS('',8,(#2819,#2820,#2821,#2822,#2823,
    #2824,#2825,#2826,#2827,#2828,#2829,#2830,#2831,#2832,#2833,#2834,
    #2835,#2836,#2837,#2838,#2839,#2840,#2841,#2842,#2843,#2844,#2845,
    #2846,#2847,#2848,#2849,#2850,#2851,#2852,#2853,#2854,#2855),
  .UNSPECIFIED.,.F.,.F.,(9,7,7,7,7,9),(0.,0.147614566241,0.356690333246,
    0.517517810059,0.758758958499,1.),.UNSPECIFIED.);
#2819 = CARTESIAN_POINT('',(74.491525423729,-72.45218831683));
#2820 = CARTESIAN_POINT('',(73.202882164663,-72.26791901583));
#2821 = CARTESIAN_POINT('',(71.914473222741,-72.08201157481));
#2822 = CARTESIAN_POINT('',(70.626300684004,-71.89446859959));
#2823 = CARTESIAN_POINT('',(69.338366629054,-71.70529269439));
#2824 = CARTESIAN_POINT('',(68.050673133056,-71.51448646188));
#2825 = CARTESIAN_POINT('',(66.763222265734,-71.32205250313));
#2826 = CARTESIAN_POINT('',(65.476016091374,-71.12799341766));
#2827 = CARTESIAN_POINT('',(62.366255334064,-70.65515566201));
#2828 = CARTESIAN_POINT('',(60.543949089626,-70.37474430597));
#2829 = CARTESIAN_POINT('',(58.722144831372,-70.09107753234));
#2830 = CARTESIAN_POINT('',(56.900849151667,-69.80415798311));
#2831 = CARTESIAN_POINT('',(55.080070906007,-69.51397332101));
#2832 = CARTESIAN_POINT('',(53.259812594495,-69.22055083156));
#2833 = CARTESIAN_POINT('',(51.440086621619,-68.92385796704));
#2834 = CARTESIAN_POINT('',(48.221525363466,-68.39315744352));
#2835 = CARTESIAN_POINT('',(46.822470108002,-68.16048366829));
#2836 = CARTESIAN_POINT('',(45.423737893401,-67.92587066691));
#2837 = CARTESIAN_POINT('',(44.025331464465,-67.68932049119));
#2838 = CARTESIAN_POINT('',(42.627255506897,-67.45082509876));
#2839 = CARTESIAN_POINT('',(41.229514995882,-67.21037498542));
#2840 = CARTESIAN_POINT('',(39.832113380586,-66.96796871061));
#2841 = CARTESIAN_POINT('',(36.339468765721,-66.35704366388));
#2842 = CARTESIAN_POINT('',(34.24465518065,-65.98607061599));
#2843 = CARTESIAN_POINT('',(32.150627674805,-65.61066565434));
#2844 = CARTESIAN_POINT('',(30.057410739972,-65.2307656607));
#2845 = CARTESIAN_POINT('',(27.965005186388,-64.84641033299));
#2846 = CARTESIAN_POINT('',(25.873445472181,-64.45749653468));
#2847 = CARTESIAN_POINT('',(23.782739830338,-64.06403210695));
#2848 = CARTESIAN_POINT('',(19.603083526359,-63.26789723088));
#2849 = CARTESIAN_POINT('',(17.514132638534,-62.86522799844));
#2850 = CARTESIAN_POINT('',(15.426077773626,-62.45791966938));
#2851 = CARTESIAN_POINT('',(13.338939536727,-62.04593057344));
#2852 = CARTESIAN_POINT('',(11.252739575432,-61.62921605966));
#2853 = CARTESIAN_POINT('',(9.167500442579,-61.20772916871));
#2854 = CARTESIAN_POINT('',(7.083245662392,-60.78142050211));
#2855 = CARTESIAN_POINT('',(5.,-60.35023728813));
#2856 = ( GEOMETRIC_REPRESENTATION_CONTEXT(2) 
PARAMETRIC_REPRESENTATION_CONTEXT() REPRESENTATION_CONTEXT('2D SPACE',''
  ) );
#2857 = ORIENTED_EDGE('',*,*,#2858,.T.);
#2858 = EDGE_CURVE('',#2729,#2859,#2861,.T.);
#2859 = VERTEX_POINT('',#2860);
#2860 = CARTESIAN_POINT('',(532.95762711864,1.23E+03,331.24493347392));
#2861 = SURFACE_CURVE('',#2862,(#2868,#2877),.PCURVE_S1.);
#2862 = B_SPLINE_CURVE_WITH_KNOTS('',4,(#2863,#2864,#2865,#2866,#2867),
  .UNSPECIFIED.,.F.,.F.,(5,5),(0.,1.),.PIECEWISE_BEZIER_KNOTS.);
#2863 = CARTESIAN_POINT('',(545.08474576271,700.,332.45218831683));
#2864 = CARTESIAN_POINT('',(542.05296610169,832.5,332.15037460611));
#2865 = CARTESIAN_POINT('',(539.02118644067,964.99999999999,
    331.84856089538));
#2866 = CARTESIAN_POINT('',(535.98940677966,1.0975E+03,331.54674718465)
  );
#2867 = CARTESIAN_POINT('',(532.95762711864,1.23E+03,331.24493347392));
#2868 = PCURVE('',#2558,#2869);
#2869 = DEFINITIONAL_REPRESENTATION('',(#2870),#2876);
#2870 = B_SPLINE_CURVE_WITH_KNOTS('',4,(#2871,#2872,#2873,#2874,#2875),
  .UNSPECIFIED.,.F.,.F.,(5,5),(0.,1.),.PIECEWISE_BEZIER_KNOTS.);
#2871 = CARTESIAN_POINT('',(78.678751723806,0.533898305085));
#2872 = CARTESIAN_POINT('',(78.678751723806,0.646186440678));
#2873 = CARTESIAN_POINT('',(78.678751723806,0.758474576271));
#2874 = CARTESIAN_POINT('',(78.678751723806,0.870762711864));
#2875 = CARTESIAN_POINT('',(78.678751723806,0.983050847458));
#2876 = ( GEOMETRIC_REPRESENTATION_CONTEXT(2) 
PARAMETRIC_REPRESENTATION_CONTEXT() REPRESENTATION_CONTEXT('2D SPACE',''
  ) );
#2877 = PCURVE('',#2878,#2883);
#2878 = PLANE('',#2879);
#2879 = AXIS2_PLACEMENT_3D('',#2880,#2881,#2882);
#2880 = CARTESIAN_POINT('',(545.08474576271,700.,260.));
#2881 = DIRECTION('',(-0.999738324522,-2.287536844246E-02,0.));
#2882 = DIRECTION('',(-2.287536844246E-02,0.999738324522,0.));
#2883 = DEFINITIONAL_REPRESENTATION('',(#2884),#2890);
#2884 = B_SPLINE_CURVE_WITH_KNOTS('',4,(#2885,#2886,#2887,#2888,#2889),
  .UNSPECIFIED.,.F.,.F.,(5,5),(0.,1.),.PIECEWISE_BEZIER_KNOTS.);
#2885 = CARTESIAN_POINT('',(0.,-72.45218831683));
#2886 = CARTESIAN_POINT('',(132.53468107598,-72.15037460611));
#2887 = CARTESIAN_POINT('',(265.06936215196,-71.84856089538));
#2888 = CARTESIAN_POINT('',(397.60404322795,-71.54674718465));
#2889 = CARTESIAN_POINT('',(530.13872430393,-71.24493347392));
#2890 = ( GEOMETRIC_REPRESENTATION_CONTEXT(2) 
PARAMETRIC_REPRESENTATION_CONTEXT() REPRESENTATION_CONTEXT('2D SPACE',''
  ) );
#2891 = ORIENTED_EDGE('',*,*,#2892,.T.);
#2892 = EDGE_CURVE('',#2859,#2551,#2893,.T.);
#2893 = SURFACE_CURVE('',#2894,(#2932,#2973),.PCURVE_S1.);
#2894 = B_SPLINE_CURVE_WITH_KNOTS('',8,(#2895,#2896,#2897,#2898,#2899,
    #2900,#2901,#2902,#2903,#2904,#2905,#2906,#2907,#2908,#2909,#2910,
    #2911,#2912,#2913,#2914,#2915,#2916,#2917,#2918,#2919,#2920,#2921,
    #2922,#2923,#2924,#2925,#2926,#2927,#2928,#2929,#2930,#2931),
  .UNSPECIFIED.,.F.,.F.,(9,7,7,7,7,9),(0.,0.147614557059,0.356690315776,
    0.517517790256,0.758758942638,1.),.UNSPECIFIED.);
#2895 = CARTESIAN_POINT('',(532.95762711864,1.23E+03,331.24493347392));
#2896 = CARTESIAN_POINT('',(534.12133485545,1.23E+03,331.07852930447));
#2897 = CARTESIAN_POINT('',(535.28483098658,1.23E+03,330.9106458155));
#2898 = CARTESIAN_POINT('',(536.44811362999,1.23E+03,330.74128535993));
#2899 = CARTESIAN_POINT('',(537.61118090797,1.23E+03,330.57045028936));
#2900 = CARTESIAN_POINT('',(538.77403094715,1.23E+03,330.39814295404));
#2901 = CARTESIAN_POINT('',(539.93666187855,1.23E+03,330.22436570288));
#2902 = CARTESIAN_POINT('',(541.09907183752,1.23E+03,330.04912088344));
#2903 = CARTESIAN_POINT('',(543.90733750801,1.23E+03,329.62212532317));
#2904 = CARTESIAN_POINT('',(545.55296895801,1.23E+03,329.3689001872));
#2905 = CARTESIAN_POINT('',(547.19814707922,1.23E+03,329.11273525195));
#2906 = CARTESIAN_POINT('',(548.84286593064,1.23E+03,328.85363290137));
#2907 = CARTESIAN_POINT('',(550.48711748869,1.23E+03,328.59158199865));
#2908 = CARTESIAN_POINT('',(552.13089953643,1.23E+03,328.32660717741));
#2909 = CARTESIAN_POINT('',(553.77420084077,1.23E+03,328.05867905052));
#2910 = CARTESIAN_POINT('',(556.68071865023,1.23E+03,327.57943059154));
#2911 = CARTESIAN_POINT('',(557.94413380278,1.23E+03,327.36931482083));
#2912 = CARTESIAN_POINT('',(559.20725722533,1.23E+03,327.15744783569));
#2913 = CARTESIAN_POINT('',(560.47008645155,1.23E+03,326.94383148694));
#2914 = CARTESIAN_POINT('',(561.73261724324,1.23E+03,326.72845851306));
#2915 = CARTESIAN_POINT('',(562.99484509884,1.23E+03,326.51132033281));
#2916 = CARTESIAN_POINT('',(564.2567669125,1.23E+03,326.29241564382));
#2917 = CARTESIAN_POINT('',(567.41079539133,1.23E+03,325.74072052213));
#2918 = CARTESIAN_POINT('',(569.30251427222,1.23E+03,325.40571375873));
#2919 = CARTESIAN_POINT('',(571.19352331189,1.23E+03,325.06670475582));
#2920 = CARTESIAN_POINT('',(573.0838002347,1.23E+03,324.72363654386));
#2921 = CARTESIAN_POINT('',(574.97334459991,1.23E+03,324.37654491869));
#2922 = CARTESIAN_POINT('',(576.86212498731,1.23E+03,324.0253367986));
#2923 = CARTESIAN_POINT('',(578.75013415026,1.23E+03,323.67001923015));
#2924 = CARTESIAN_POINT('',(582.52456768869,1.23E+03,322.95107059924));
#2925 = CARTESIAN_POINT('',(584.41099227861,1.23E+03,322.58744063245));
#2926 = CARTESIAN_POINT('',(586.29660770402,1.23E+03,322.21962133726));
#2927 = CARTESIAN_POINT('',(588.18139535396,1.23E+03,321.84757508422));
#2928 = CARTESIAN_POINT('',(590.06533567793,1.23E+03,321.47126155179));
#2929 = CARTESIAN_POINT('',(591.94840831138,1.23E+03,321.09063833317));
#2930 = CARTESIAN_POINT('',(593.83059201197,1.23E+03,320.70566081904));
#2931 = CARTESIAN_POINT('',(595.71186440678,1.23E+03,320.31628135593));
#2932 = PCURVE('',#2558,#2933);
#2933 = DEFINITIONAL_REPRESENTATION('',(#2934),#2972);
#2934 = B_SPLINE_CURVE_WITH_KNOTS('',8,(#2935,#2936,#2937,#2938,#2939,
    #2940,#2941,#2942,#2943,#2944,#2945,#2946,#2947,#2948,#2949,#2950,
    #2951,#2952,#2953,#2954,#2955,#2956,#2957,#2958,#2959,#2960,#2961,
    #2962,#2963,#2964,#2965,#2966,#2967,#2968,#2969,#2970,#2971),
  .UNSPECIFIED.,.F.,.F.,(9,7,7,7,7,9),(0.,0.147614557059,0.356690315776,
    0.517517790256,0.758758942638,1.),.UNSPECIFIED.);
#2935 = CARTESIAN_POINT('',(78.678751723806,0.983050847458));
#2936 = CARTESIAN_POINT('',(77.226986439636,0.983050847458));
#2937 = CARTESIAN_POINT('',(75.775221097204,0.983050847458));
#2938 = CARTESIAN_POINT('',(74.323455713793,0.983050847458));
#2939 = CARTESIAN_POINT('',(72.87169030113,0.983050847458));
#2940 = CARTESIAN_POINT('',(71.419924865384,0.983050847458));
#2941 = CARTESIAN_POINT('',(69.968159407167,0.983050847458));
#2942 = CARTESIAN_POINT('',(68.516393921535,0.983050847458));
#2943 = CARTESIAN_POINT('',(65.008401801068,0.983050847458));
#2944 = CARTESIAN_POINT('',(62.952175169651,0.983050847458));
#2945 = CARTESIAN_POINT('',(60.895948429818,0.983050847458));
#2946 = CARTESIAN_POINT('',(58.839721705615,0.983050847458));
#2947 = CARTESIAN_POINT('',(56.783494729986,0.983050847458));
#2948 = CARTESIAN_POINT('',(54.727267909124,0.983050847458));
#2949 = CARTESIAN_POINT('',(52.671040932928,0.983050847458));
#2950 = CARTESIAN_POINT('',(49.033101088634,0.983050847458));
#2951 = CARTESIAN_POINT('',(47.451388257221,0.983050847458));
#2952 = CARTESIAN_POINT('',(45.869675342659,0.983050847458));
#2953 = CARTESIAN_POINT('',(44.287962468185,0.983050847458));
#2954 = CARTESIAN_POINT('',(42.706249566095,0.983050847458));
#2955 = CARTESIAN_POINT('',(41.124536549207,0.983050847458));
#2956 = CARTESIAN_POINT('',(39.542823506608,0.983050847458));
#2957 = CARTESIAN_POINT('',(35.58854135854,0.983050847458));
#2958 = CARTESIAN_POINT('',(33.215972234042,0.983050847458));
#2959 = CARTESIAN_POINT('',(30.843403373549,0.983050847458));
#2960 = CARTESIAN_POINT('',(28.47083320172,0.983050847458));
#2961 = CARTESIAN_POINT('',(26.098264615149,0.983050847458));
#2962 = CARTESIAN_POINT('',(23.725694598529,0.983050847458));
#2963 = CARTESIAN_POINT('',(21.353125023575,0.983050847458));
#2964 = CARTESIAN_POINT('',(16.607986324892,0.983050847458));
#2965 = CARTESIAN_POINT('',(14.235417307108,0.983050847458));
#2966 = CARTESIAN_POINT('',(11.862848168264,0.983050847458));
#2967 = CARTESIAN_POINT('',(9.490278872337,0.983050847458));
#2968 = CARTESIAN_POINT('',(7.117709402522,0.983050847458));
#2969 = CARTESIAN_POINT('',(4.745139776196,0.983050847458));
#2970 = CARTESIAN_POINT('',(2.372570004999,0.983050847458));
#2971 = CARTESIAN_POINT('',(0.,0.983050847458));
#2972 = ( GEOMETRIC_REPRESENTATION_CONTEXT(2) 
PARAMETRIC_REPRESENTATION_CONTEXT() REPRESENTATION_CONTEXT('2D SPACE',''
  ) );
#2973 = PCURVE('',#2974,#2979);
#2974 = PLANE('',#2975);
#2975 = AXIS2_PLACEMENT_3D('',#2976,#2977,#2978);
#2976 = CARTESIAN_POINT('',(532.95762711864,1.23E+03,260.));
#2977 = DIRECTION('',(-0.,1.,0.));
#2978 = DIRECTION('',(1.,0.,0.));
#2979 = DEFINITIONAL_REPRESENTATION('',(#2980),#3018);
#2980 = B_SPLINE_CURVE_WITH_KNOTS('',8,(#2981,#2982,#2983,#2984,#2985,
    #2986,#2987,#2988,#2989,#2990,#2991,#2992,#2993,#2994,#2995,#2996,
    #2997,#2998,#2999,#3000,#3001,#3002,#3003,#3004,#3005,#3006,#3007,
    #3008,#3009,#3010,#3011,#3012,#3013,#3014,#3015,#3016,#3017),
  .UNSPECIFIED.,.F.,.F.,(9,7,7,7,7,9),(0.,0.147614557059,0.356690315776,
    0.517517790256,0.758758942638,1.),.UNSPECIFIED.);
#2981 = CARTESIAN_POINT('',(0.,-71.24493347392));
#2982 = CARTESIAN_POINT('',(1.163707736808,-71.07852930447));
#2983 = CARTESIAN_POINT('',(2.327203867945,-70.9106458155));
#2984 = CARTESIAN_POINT('',(3.490486511352,-70.74128535993));
#2985 = CARTESIAN_POINT('',(4.653553789326,-70.57045028936));
#2986 = CARTESIAN_POINT('',(5.816403828512,-70.39814295404));
#2987 = CARTESIAN_POINT('',(6.979034759914,-70.22436570288));
#2988 = CARTESIAN_POINT('',(8.141444718884,-70.04912088344));
#2989 = CARTESIAN_POINT('',(10.94971038937,-69.62212532317));
#2990 = CARTESIAN_POINT('',(12.595341839372,-69.3689001872));
#2991 = CARTESIAN_POINT('',(14.240519960579,-69.11273525195));
#2992 = CARTESIAN_POINT('',(15.885238812002,-68.85363290137));
#2993 = CARTESIAN_POINT('',(17.52949037005,-68.59158199865));
#2994 = CARTESIAN_POINT('',(19.173272417788,-68.32660717741));
#2995 = CARTESIAN_POINT('',(20.816573722132,-68.05867905052));
#2996 = CARTESIAN_POINT('',(23.723091531589,-67.57943059154));
#2997 = CARTESIAN_POINT('',(24.986506684136,-67.36931482083));
#2998 = CARTESIAN_POINT('',(26.249630106694,-67.15744783569));
#2999 = CARTESIAN_POINT('',(27.512459332911,-66.94383148694));
#3000 = CARTESIAN_POINT('',(28.774990124601,-66.72845851306));
#3001 = CARTESIAN_POINT('',(30.037217980202,-66.51132033281));
#3002 = CARTESIAN_POINT('',(31.299139793861,-66.29241564382));
#3003 = CARTESIAN_POINT('',(34.453168272686,-65.74072052213));
#3004 = CARTESIAN_POINT('',(36.344887153578,-65.40571375873));
#3005 = CARTESIAN_POINT('',(38.235896193248,-65.06670475582));
#3006 = CARTESIAN_POINT('',(40.126173116056,-64.72363654386));
#3007 = CARTESIAN_POINT('',(42.015717481269,-64.37654491869));
#3008 = CARTESIAN_POINT('',(43.904497868674,-64.0253367986));
#3009 = CARTESIAN_POINT('',(45.792507031618,-63.67001923015));
#3010 = CARTESIAN_POINT('',(49.566940570047,-62.95107059924));
#3011 = CARTESIAN_POINT('',(51.453365159974,-62.58744063245));
#3012 = CARTESIAN_POINT('',(53.338980585385,-62.21962133726));
#3013 = CARTESIAN_POINT('',(55.223768235318,-61.84757508422));
#3014 = CARTESIAN_POINT('',(57.107708559292,-61.47126155179));
#3015 = CARTESIAN_POINT('',(58.990781192743,-61.09063833317));
#3016 = CARTESIAN_POINT('',(60.872964893331,-60.70566081904));
#3017 = CARTESIAN_POINT('',(62.754237288136,-60.31628135593));
#3018 = ( GEOMETRIC_REPRESENTATION_CONTEXT(2) 
PARAMETRIC_REPRESENTATION_CONTEXT() REPRESENTATION_CONTEXT('2D SPACE',''
  ) );
#3019 = ADVANCED_FACE('',(#3020),#2716,.F.);
#3020 = FACE_BOUND('',#3021,.F.);
#3021 = EDGE_LOOP('',(#3022,#3197,#3215,#3216));
#3022 = ORIENTED_EDGE('',*,*,#3023,.F.);
#3023 = EDGE_CURVE('',#3024,#3026,#3028,.T.);
#3024 = VERTEX_POINT('',#3025);
#3025 = CARTESIAN_POINT('',(614.57627118644,700.,319.64976271186));
#3026 = VERTEX_POINT('',#3027);
#3027 = CARTESIAN_POINT('',(595.71186440678,1.23E+03,319.68371864406));
#3028 = SURFACE_CURVE('',#3029,(#3032,#3039),.PCURVE_S1.);
#3029 = B_SPLINE_CURVE_WITH_KNOTS('',1,(#3030,#3031),.UNSPECIFIED.,.F.,
  .F.,(2,2),(0.,1.),.PIECEWISE_BEZIER_KNOTS.);
#3030 = CARTESIAN_POINT('',(637.,70.,319.6094));
#3031 = CARTESIAN_POINT('',(595.,1.25E+03,319.685));
#3032 = PCURVE('',#2716,#3033);
#3033 = DEFINITIONAL_REPRESENTATION('',(#3034),#3038);
#3034 = LINE('',#3035,#3036);
#3035 = CARTESIAN_POINT('',(0.,0.));
#3036 = VECTOR('',#3037,1.);
#3037 = DIRECTION('',(0.,1.));
#3038 = ( GEOMETRIC_REPRESENTATION_CONTEXT(2) 
PARAMETRIC_REPRESENTATION_CONTEXT() REPRESENTATION_CONTEXT('2D SPACE',''
  ) );
#3039 = PCURVE('',#3040,#3191);
#3040 = B_SPLINE_SURFACE_WITH_KNOTS('',3,1,(
    (#3041,#3042)
    ,(#3043,#3044)
    ,(#3045,#3046)
    ,(#3047,#3048)
    ,(#3049,#3050)
    ,(#3051,#3052)
    ,(#3053,#3054)
    ,(#3055,#3056)
    ,(#3057,#3058)
    ,(#3059,#3060)
    ,(#3061,#3062)
    ,(#3063,#3064)
    ,(#3065,#3066)
    ,(#3067,#3068)
    ,(#3069,#3070)
    ,(#3071,#3072)
    ,(#3073,#3074)
    ,(#3075,#3076)
    ,(#3077,#3078)
    ,(#3079,#3080)
    ,(#3081,#3082)
    ,(#3083,#3084)
    ,(#3085,#3086)
    ,(#3087,#3088)
    ,(#3089,#3090)
    ,(#3091,#3092)
    ,(#3093,#3094)
    ,(#3095,#3096)
    ,(#3097,#3098)
    ,(#3099,#3100)
    ,(#3101,#3102)
    ,(#3103,#3104)
    ,(#3105,#3106)
    ,(#3107,#3108)
    ,(#3109,#3110)
    ,(#3111,#3112)
    ,(#3113,#3114)
    ,(#3115,#3116)
    ,(#3117,#3118)
    ,(#3119,#3120)
    ,(#3121,#3122)
    ,(#3123,#3124)
    ,(#3125,#3126)
    ,(#3127,#3128)
    ,(#3129,#3130)
    ,(#3131,#3132)
    ,(#3133,#3134)
    ,(#3135,#3136)
    ,(#3137,#3138)
    ,(#3139,#3140)
    ,(#3141,#3142)
    ,(#3143,#3144)
    ,(#3145,#3146)
    ,(#3147,#3148)
    ,(#3149,#3150)
    ,(#3151,#3152)
    ,(#3153,#3154)
    ,(#3155,#3156)
    ,(#3157,#3158)
    ,(#3159,#3160)
    ,(#3161,#3162)
    ,(#3163,#3164)
    ,(#3165,#3166)
    ,(#3167,#3168)
    ,(#3169,#3170)
    ,(#3171,#3172)
    ,(#3173,#3174)
    ,(#3175,#3176)
    ,(#3177,#3178)
    ,(#3179,#3180)
    ,(#3181,#3182)
    ,(#3183,#3184)
    ,(#3185,#3186)
    ,(#3187,#3188)
    ,(#3189,#3190
    )),.UNSPECIFIED.,.F.,.F.,.F.,(4,1,1,1,1,1,1,1,1,1,1,1,1,1,1,1,1,1,1,
    1,1,1,1,1,1,1,1,1,1,1,1,1,1,1,1,1,1,1,1,1,1,1,1,1,1,1,1,1,1,1,1,1,1,
    1,1,1,1,1,1,1,1,1,1,1,1,1,1,1,1,1,1,1,4),(2,2),(0.,0.602290749098,
    2.404195163889,5.390877787599,9.53783502204,14.811212941833,
    21.168224102279,28.557640970919,36.920344055938,46.189906318227,
    56.293201092913,67.151027277369,78.678751723806,90.786973582017,
    103.38221809289,116.36766772157,129.6439365401,143.1098896733,
    156.66350387727,170.20275863774,183.62654054901,196.83492362716,
    209.7314800419,222.22642362058,234.23415066751,245.67355320591,
    256.46841102628,266.54780885286,275.84668307948,284.30665462902,
    291.87739662659,298.51898314587,304.20614048882,308.93654449672,
    312.74854244333,315.7613401055,318.25492686834,320.63433219259,
    323.37208263219,326.84797765483,331.23690438694,336.60393347605,
    342.96065549783,350.28935173098,358.55356141965,367.70317019168,
    377.67717891754,388.40544688503,399.80998173333,411.80604409517,
    424.30319201548,437.20631608177,450.4168130167,463.83570926025,
    477.36134178096,490.89027054637,504.31890209268,517.54440021883,
    530.4655488931,542.98356380876,555.00285345793,566.43173302487,
    577.18309496217,587.17503935172,596.33146572971,604.58262650798,
    611.86564072992,618.12496569667,623.31282290334,627.3895736743,
    630.32403895349,632.09375710227,632.68517356591),(0.,1.),
  .UNSPECIFIED.);
#3041 = CARTESIAN_POINT('',(637.,70.,320.3906));
#3042 = CARTESIAN_POINT('',(595.,1.25E+03,320.315));
#3043 = CARTESIAN_POINT('',(636.80340329614,70.,320.43129092769));
#3044 = CARTESIAN_POINT('',(594.84145427108,1.25E+03,320.34781526427));
#3045 = CARTESIAN_POINT('',(636.01859583381,70.,320.59351509148));
#3046 = CARTESIAN_POINT('',(594.20854502726,1.25E+03,320.4786412028));
#3047 = CARTESIAN_POINT('',(634.25846185191,70.,320.9554453979));
#3048 = CARTESIAN_POINT('',(592.78908213864,1.25E+03,320.77052048217));
#3049 = CARTESIAN_POINT('',(631.33976128673,70.,321.54937835448));
#3050 = CARTESIAN_POINT('',(590.43529136026,1.25E+03,321.24949867297));
#3051 = CARTESIAN_POINT('',(627.28466444295,70.,322.36181111259));
#3052 = CARTESIAN_POINT('',(587.16505197012,1.25E+03,321.90468638112));
#3053 = CARTESIAN_POINT('',(622.12398210385,70.,323.37464352801));
#3054 = CARTESIAN_POINT('',(583.00321137407,1.25E+03,322.72148671614));
#3055 = CARTESIAN_POINT('',(615.89693789864,70.,324.56588666272));
#3056 = CARTESIAN_POINT('',(577.98140153116,1.25E+03,323.68216666348));
#3057 = CARTESIAN_POINT('',(608.65087619432,70.,325.91045121194));
#3058 = CARTESIAN_POINT('',(572.13780338252,1.25E+03,324.76649291285));
#3059 = CARTESIAN_POINT('',(600.44090661875,70.,327.38094578503));
#3060 = CARTESIAN_POINT('',(565.51686017641,1.25E+03,325.95237563308));
#3061 = CARTESIAN_POINT('',(591.3294871818,70.,328.94842038065));
#3062 = CARTESIAN_POINT('',(558.16894127564,1.25E+03,327.21646804891));
#3063 = CARTESIAN_POINT('',(581.38594886419,70.,330.58300384588));
#3064 = CARTESIAN_POINT('',(550.14995876144,1.25E+03,328.53468052087));
#3065 = CARTESIAN_POINT('',(570.68596544341,70.,332.25440394257));
#3066 = CARTESIAN_POINT('',(541.52093987372,1.25E+03,329.88258382465));
#3067 = CARTESIAN_POINT('',(559.31097312536,70.,333.93226231701));
#3068 = CARTESIAN_POINT('',(532.34755897206,1.25E+03,331.23569541694));
#3069 = CARTESIAN_POINT('',(547.3475451199,70.,335.5863803047));
#3070 = CARTESIAN_POINT('',(522.69963316121,1.25E+03,332.56966153604));
#3071 = CARTESIAN_POINT('',(534.88672697412,70.,337.18685466412));
#3072 = CARTESIAN_POINT('',(512.65058626945,1.25E+03,333.86036666462));
#3073 = CARTESIAN_POINT('',(522.02333789217,70.,338.70417048247));
#3074 = CARTESIAN_POINT('',(502.27688539691,1.25E+03,335.0840084536));
#3075 = CARTESIAN_POINT('',(508.85524692586,70.,340.10933492597));
#3076 = CARTESIAN_POINT('',(491.65745719828,1.25E+03,336.21720558546));
#3077 = CARTESIAN_POINT('',(495.48261949529,70.,341.3740213838));
#3078 = CARTESIAN_POINT('',(480.87308023814,1.25E+03,337.23711401919));
#3079 = CARTESIAN_POINT('',(482.00718125208,70.,342.47111225802));
#3080 = CARTESIAN_POINT('',(470.00579133232,1.25E+03,338.12186472421));
#3081 = CARTESIAN_POINT('',(468.53135062732,70.,343.37438198446));
#3082 = CARTESIAN_POINT('',(459.13818598977,1.25E+03,338.85030805198));
#3083 = CARTESIAN_POINT('',(455.15802696957,70.,344.06211583922));
#3084 = CARTESIAN_POINT('',(448.35324755611,1.25E+03,339.4049321284));
#3085 = CARTESIAN_POINT('',(441.98822273449,70.,344.50695611486));
#3086 = CARTESIAN_POINT('',(437.73243768911,1.25E+03,339.76367428618));
#3087 = CARTESIAN_POINT('',(429.12046813463,70.,344.60914772089));
#3088 = CARTESIAN_POINT('',(427.3552162376,1.25E+03,339.84608687169));
#3089 = CARTESIAN_POINT('',(416.65463628733,70.,344.38010644151));
#3090 = CARTESIAN_POINT('',(417.30212603817,1.25E+03,339.66137616251));
#3091 = CARTESIAN_POINT('',(404.68539323603,70.,343.81758148844));
#3092 = CARTESIAN_POINT('',(407.64951067422,1.25E+03,339.20772700681));
#3093 = CARTESIAN_POINT('',(393.30383815592,70.,342.93246755051));
#3094 = CARTESIAN_POINT('',(398.47083722252,1.25E+03,338.49392544396));
#3095 = CARTESIAN_POINT('',(382.59645930631,70.,341.74198637041));
#3096 = CARTESIAN_POINT('',(389.83585427928,1.25E+03,337.53385997614));
#3097 = CARTESIAN_POINT('',(372.64448934565,70.,340.27101202311));
#3098 = CARTESIAN_POINT('',(381.81007205294,1.25E+03,336.34759034122));
#3099 = CARTESIAN_POINT('',(363.52315903192,70.,338.55082364881));
#3100 = CARTESIAN_POINT('',(374.45416050961,1.25E+03,334.96034165226));
#3101 = CARTESIAN_POINT('',(355.30091105374,70.,336.61798358786));
#3102 = CARTESIAN_POINT('',(367.82331536592,1.25E+03,333.40159966763));
#3103 = CARTESIAN_POINT('',(348.03862230261,70.,334.51267154907));
#3104 = CARTESIAN_POINT('',(361.9666308892,1.25E+03,331.70376737828));
#3105 = CARTESIAN_POINT('',(341.78817854327,70.,332.27671027268));
#3106 = CARTESIAN_POINT('',(356.92595043812,1.25E+03,329.90057280054));
#3107 = CARTESIAN_POINT('',(336.59152761053,70.,329.95078205774));
#3108 = CARTESIAN_POINT('',(352.73510291172,1.25E+03,328.02482424012));
#3109 = CARTESIAN_POINT('',(332.47485236443,70.,327.57034859574));
#3110 = CARTESIAN_POINT('',(349.4152035197,1.25E+03,326.10511983528));
#3111 = CARTESIAN_POINT('',(329.45100632855,70.,325.15333729453));
#3112 = CARTESIAN_POINT('',(346.97661800689,1.25E+03,324.155917173));
#3113 = CARTESIAN_POINT('',(327.50675230479,70.,322.6717576955));
#3114 = CARTESIAN_POINT('',(345.40867121354,1.25E+03,322.15464330282));
#3115 = CARTESIAN_POINT('',(326.77702796178,70.,320.04231483052));
#3116 = CARTESIAN_POINT('',(344.82018384015,1.25E+03,320.03412486333));
#3117 = CARTESIAN_POINT('',(327.46569209681,70.,317.47928191673));
#3118 = CARTESIAN_POINT('',(345.37555814258,1.25E+03,317.96716283607));
#3119 = CARTESIAN_POINT('',(329.4591630426,70.,315.32248953036));
#3120 = CARTESIAN_POINT('',(346.98319600209,1.25E+03,316.22781413738));
#3121 = CARTESIAN_POINT('',(332.50661910615,70.,313.48949954803));
#3122 = CARTESIAN_POINT('',(349.4408218598,1.25E+03,314.7495964097));
#3123 = CARTESIAN_POINT('',(336.63113951075,70.,311.88637587299));
#3124 = CARTESIAN_POINT('',(352.76704799254,1.25E+03,313.45675473628));
#3125 = CARTESIAN_POINT('',(341.82820200732,70.,310.50480267368));
#3126 = CARTESIAN_POINT('',(356.95822742526,1.25E+03,312.34258280135));
#3127 = CARTESIAN_POINT('',(348.07669474647,70.,309.34459996751));
#3128 = CARTESIAN_POINT('',(361.99733447295,1.25E+03,311.40693545767));
#3129 = CARTESIAN_POINT('',(355.33585946921,70.,308.40884778141));
#3130 = CARTESIAN_POINT('',(367.85149957194,1.25E+03,310.65229659791));
#3131 = CARTESIAN_POINT('',(363.55435724922,70.,307.6962514395));
#3132 = CARTESIAN_POINT('',(374.47932036227,1.25E+03,310.07762212863));
#3133 = CARTESIAN_POINT('',(372.67142010936,70.,307.20122419075));
#3134 = CARTESIAN_POINT('',(381.83179041077,1.25E+03,309.67840660545));
#3135 = CARTESIAN_POINT('',(382.61870105054,70.,306.91303510655));
#3136 = CARTESIAN_POINT('',(389.85379116979,1.25E+03,309.44599605367));
#3137 = CARTESIAN_POINT('',(393.32107682007,70.,306.81595892845));
#3138 = CARTESIAN_POINT('',(398.48473937102,1.25E+03,309.36770881327));
#3139 = CARTESIAN_POINT('',(404.69747746548,70.,306.88947157774));
#3140 = CARTESIAN_POINT('',(407.65925602055,1.25E+03,309.42699320785));
#3141 = CARTESIAN_POINT('',(416.66157505078,70.,307.10937959386));
#3142 = CARTESIAN_POINT('',(417.30772181514,1.25E+03,309.60433838215));
#3143 = CARTESIAN_POINT('',(429.12256478583,70.,307.44708546485));
#3144 = CARTESIAN_POINT('',(427.35690708535,1.25E+03,309.87668182649));
#3145 = CARTESIAN_POINT('',(441.98564687791,70.,307.87763194959));
#3146 = CARTESIAN_POINT('',(437.73036038541,1.25E+03,310.22389673354));
#3147 = CARTESIAN_POINT('',(455.15457720612,70.,308.35450978013));
#3148 = CARTESIAN_POINT('',(448.35046548881,1.25E+03,310.60847562914));
#3149 = CARTESIAN_POINT('',(468.52705491288,70.,308.93640486547));
#3150 = CARTESIAN_POINT('',(459.13472170394,1.25E+03,311.07774585925));
#3151 = CARTESIAN_POINT('',(482.0016430931,70.,309.60593381352));
#3152 = CARTESIAN_POINT('',(470.00132507508,1.25E+03,311.61768855929));
#3153 = CARTESIAN_POINT('',(495.47620538952,70.,310.3380092562));
#3154 = CARTESIAN_POINT('',(480.86790757219,1.25E+03,312.2080719808));
#3155 = CARTESIAN_POINT('',(508.84821542118,70.,311.11168093457));
#3156 = CARTESIAN_POINT('',(491.65178662998,1.25E+03,312.83200075369));
#3157 = CARTESIAN_POINT('',(522.01594563162,70.,311.90771854407));
#3158 = CARTESIAN_POINT('',(502.27092389647,1.25E+03,313.4739665678));
#3159 = CARTESIAN_POINT('',(534.87919486987,70.,312.7097089231));
#3160 = CARTESIAN_POINT('',(512.64451199183,1.25E+03,314.1207330025));
#3161 = CARTESIAN_POINT('',(547.34006798916,70.,313.50386383375));
#3162 = CARTESIAN_POINT('',(522.69360321706,1.25E+03,314.76118051109));
#3163 = CARTESIAN_POINT('',(559.30372187257,70.,314.27886493502));
#3164 = CARTESIAN_POINT('',(532.34171118755,1.25E+03,315.38618139921));
#3165 = CARTESIAN_POINT('',(570.67909234444,70.,315.02546431044));
#3166 = CARTESIAN_POINT('',(541.51539705196,1.25E+03,315.9882776697));
#3167 = CARTESIAN_POINT('',(581.37959051197,70.,315.73600337522));
#3168 = CARTESIAN_POINT('',(550.14483105804,1.25E+03,316.56129304453));
#3169 = CARTESIAN_POINT('',(591.32376445958,70.,316.40390514524));
#3170 = CARTESIAN_POINT('',(558.16432617708,1.25E+03,317.09992350423));
#3171 = CARTESIAN_POINT('',(600.43592093418,70.,317.02321822193));
#3172 = CARTESIAN_POINT('',(565.51283946305,1.25E+03,317.59936953382));
#3173 = CARTESIAN_POINT('',(608.64670251311,70.,317.58826929926));
#3174 = CARTESIAN_POINT('',(572.13443751058,1.25E+03,318.0550558865));
#3175 = CARTESIAN_POINT('',(615.89361596277,70.,318.09346219713));
#3176 = CARTESIAN_POINT('',(577.97872255062,1.25E+03,318.46246951381));
#3177 = CARTESIAN_POINT('',(622.12150783137,70.,318.53323684413));
#3178 = CARTESIAN_POINT('',(583.00121599304,1.25E+03,318.8171264872));
#3179 = CARTESIAN_POINT('',(627.28298366275,70.,318.90217744599));
#3180 = CARTESIAN_POINT('',(587.16369650221,1.25E+03,319.11465923063));
#3181 = CARTESIAN_POINT('',(631.33876766058,70.,319.19523776833));
#3182 = CARTESIAN_POINT('',(590.43449004885,1.25E+03,319.35099820027));
#3183 = CARTESIAN_POINT('',(634.25800015901,70.,319.40803600327));
#3184 = CARTESIAN_POINT('',(592.78870980565,1.25E+03,319.52260968006));
#3185 = CARTESIAN_POINT('',(636.01847085601,70.,319.53716370946));
#3186 = CARTESIAN_POINT('',(594.20844423871,1.25E+03,319.62674492698));
#3187 = CARTESIAN_POINT('',(636.8033935894,70.,319.59492125182));
#3188 = CARTESIAN_POINT('',(594.84144644306,1.25E+03,319.67332359018));
#3189 = CARTESIAN_POINT('',(637.,70.,319.6094));
#3190 = CARTESIAN_POINT('',(595.,1.25E+03,319.685));
#3191 = DEFINITIONAL_REPRESENTATION('',(#3192),#3196);
#3192 = LINE('',#3193,#3194);
#3193 = CARTESIAN_POINT('',(632.68517356591,0.));
#3194 = VECTOR('',#3195,1.);
#3195 = DIRECTION('',(0.,1.));
#3196 = ( GEOMETRIC_REPRESENTATION_CONTEXT(2) 
PARAMETRIC_REPRESENTATION_CONTEXT() REPRESENTATION_CONTEXT('2D SPACE',''
  ) );
#3197 = ORIENTED_EDGE('',*,*,#3198,.F.);
#3198 = EDGE_CURVE('',#2549,#3024,#3199,.T.);
#3199 = SURFACE_CURVE('',#3200,(#3203,#3209),.PCURVE_S1.);
#3200 = B_SPLINE_CURVE_WITH_KNOTS('',1,(#3201,#3202),.UNSPECIFIED.,.F.,
  .F.,(2,2),(0.,1.),.PIECEWISE_BEZIER_KNOTS.);
#3201 = CARTESIAN_POINT('',(614.57627118644,700.,320.35023728813));
#3202 = CARTESIAN_POINT('',(614.57627118644,700.,319.64976271186));
#3203 = PCURVE('',#2716,#3204);
#3204 = DEFINITIONAL_REPRESENTATION('',(#3205),#3208);
#3205 = B_SPLINE_CURVE_WITH_KNOTS('',1,(#3206,#3207),.UNSPECIFIED.,.F.,
  .F.,(2,2),(0.,1.),.PIECEWISE_BEZIER_KNOTS.);
#3206 = CARTESIAN_POINT('',(0.7812,0.533898305085));
#3207 = CARTESIAN_POINT('',(0.,0.533898305085));
#3208 = ( GEOMETRIC_REPRESENTATION_CONTEXT(2) 
PARAMETRIC_REPRESENTATION_CONTEXT() REPRESENTATION_CONTEXT('2D SPACE',''
  ) );
#3209 = PCURVE('',#2812,#3210);
#3210 = DEFINITIONAL_REPRESENTATION('',(#3211),#3214);
#3211 = B_SPLINE_CURVE_WITH_KNOTS('',1,(#3212,#3213),.UNSPECIFIED.,.F.,
  .F.,(2,2),(0.,1.),.PIECEWISE_BEZIER_KNOTS.);
#3212 = CARTESIAN_POINT('',(5.,-60.35023728813));
#3213 = CARTESIAN_POINT('',(5.,-59.64976271186));
#3214 = ( GEOMETRIC_REPRESENTATION_CONTEXT(2) 
PARAMETRIC_REPRESENTATION_CONTEXT() REPRESENTATION_CONTEXT('2D SPACE',''
  ) );
#3215 = ORIENTED_EDGE('',*,*,#2548,.T.);
#3216 = ORIENTED_EDGE('',*,*,#3217,.T.);
#3217 = EDGE_CURVE('',#2551,#3026,#3218,.T.);
#3218 = SURFACE_CURVE('',#3219,(#3222,#3228),.PCURVE_S1.);
#3219 = B_SPLINE_CURVE_WITH_KNOTS('',1,(#3220,#3221),.UNSPECIFIED.,.F.,
  .F.,(2,2),(0.,1.),.PIECEWISE_BEZIER_KNOTS.);
#3220 = CARTESIAN_POINT('',(595.71186440678,1.23E+03,320.31628135593));
#3221 = CARTESIAN_POINT('',(595.71186440678,1.23E+03,319.68371864406));
#3222 = PCURVE('',#2716,#3223);
#3223 = DEFINITIONAL_REPRESENTATION('',(#3224),#3227);
#3224 = B_SPLINE_CURVE_WITH_KNOTS('',1,(#3225,#3226),.UNSPECIFIED.,.F.,
  .F.,(2,2),(0.,1.),.PIECEWISE_BEZIER_KNOTS.);
#3225 = CARTESIAN_POINT('',(0.7812,0.983050847458));
#3226 = CARTESIAN_POINT('',(0.,0.983050847458));
#3227 = ( GEOMETRIC_REPRESENTATION_CONTEXT(2) 
PARAMETRIC_REPRESENTATION_CONTEXT() REPRESENTATION_CONTEXT('2D SPACE',''
  ) );
#3228 = PCURVE('',#2974,#3229);
#3229 = DEFINITIONAL_REPRESENTATION('',(#3230),#3233);
#3230 = B_SPLINE_CURVE_WITH_KNOTS('',1,(#3231,#3232),.UNSPECIFIED.,.F.,
  .F.,(2,2),(0.,1.),.PIECEWISE_BEZIER_KNOTS.);
#3231 = CARTESIAN_POINT('',(62.754237288136,-60.31628135593));
#3232 = CARTESIAN_POINT('',(62.754237288136,-59.68371864406));
#3233 = ( GEOMETRIC_REPRESENTATION_CONTEXT(2) 
PARAMETRIC_REPRESENTATION_CONTEXT() REPRESENTATION_CONTEXT('2D SPACE',''
  ) );
#3234 = ADVANCED_FACE('',(#3235),#2974,.T.);
#3235 = FACE_BOUND('',#3236,.T.);
#3236 = EDGE_LOOP('',(#3237,#3383,#3404,#3405));
#3237 = ORIENTED_EDGE('',*,*,#3238,.T.);
#3238 = EDGE_CURVE('',#3026,#3239,#3241,.T.);
#3239 = VERTEX_POINT('',#3240);
#3240 = CARTESIAN_POINT('',(532.95762711864,1.23E+03,315.37912490648));
#3241 = SURFACE_CURVE('',#3242,(#3287,#3335),.PCURVE_S1.);
#3242 = B_SPLINE_CURVE_WITH_KNOTS('',8,(#3243,#3244,#3245,#3246,#3247,
    #3248,#3249,#3250,#3251,#3252,#3253,#3254,#3255,#3256,#3257,#3258,
    #3259,#3260,#3261,#3262,#3263,#3264,#3265,#3266,#3267,#3268,#3269,
    #3270,#3271,#3272,#3273,#3274,#3275,#3276,#3277,#3278,#3279,#3280,
    #3281,#3282,#3283,#3284,#3285,#3286),.UNSPECIFIED.,.F.,.F.,(9,7,7,7,
    7,7,9),(0.,0.244335586133,0.431659536045,0.570116368337,
    0.78187387629,0.887752630296,1.),.UNSPECIFIED.);
#3243 = CARTESIAN_POINT('',(595.71186440678,1.23E+03,319.68371864406));
#3244 = CARTESIAN_POINT('',(593.79590721206,1.23E+03,319.54262120146));
#3245 = CARTESIAN_POINT('',(591.8798733067,1.23E+03,319.4025654345));
#3246 = CARTESIAN_POINT('',(589.96376796848,1.23E+03,319.26348848587));
#3247 = CARTESIAN_POINT('',(588.047596055,1.23E+03,319.12533143503));
#3248 = CARTESIAN_POINT('',(586.13136209267,1.23E+03,318.98803840146));
#3249 = CARTESIAN_POINT('',(584.21507030207,1.23E+03,318.85155639623));
#3250 = CARTESIAN_POINT('',(582.29872455961,1.23E+03,318.71583592177));
#3251 = CARTESIAN_POINT('',(578.9130911554,1.23E+03,318.4773295582));
#3252 = CARTESIAN_POINT('',(577.44382431326,1.23E+03,318.37424835886));
#3253 = CARTESIAN_POINT('',(575.97452971161,1.23E+03,318.27156373823));
#3254 = CARTESIAN_POINT('',(574.5052081061,1.23E+03,318.169265421));
#3255 = CARTESIAN_POINT('',(573.03586130839,1.23E+03,318.06732968539));
#3256 = CARTESIAN_POINT('',(571.5664910265,1.23E+03,317.96573412499));
#3257 = CARTESIAN_POINT('',(570.09709770154,1.23E+03,317.86447233377));
#3258 = CARTESIAN_POINT('',(567.54159342206,1.23E+03,317.6889126595));
#3259 = CARTESIAN_POINT('',(566.45549225106,1.23E+03,317.61447231203));
#3260 = CARTESIAN_POINT('',(565.36937973754,1.23E+03,317.54019758916));
#3261 = CARTESIAN_POINT('',(564.28325628119,1.23E+03,317.46608308166));
#3262 = CARTESIAN_POINT('',(563.19712221327,1.23E+03,317.39212428508));
#3263 = CARTESIAN_POINT('',(562.11097783937,1.23E+03,317.31831702445));
#3264 = CARTESIAN_POINT('',(561.02482348213,1.23E+03,317.24465687891));
#3265 = CARTESIAN_POINT('',(558.27746759005,1.23E+03,317.0586988956));
#3266 = CARTESIAN_POINT('',(556.61625319652,1.23E+03,316.94659108467));
#3267 = CARTESIAN_POINT('',(554.95501748839,1.23E+03,316.83479951514));
#3268 = CARTESIAN_POINT('',(553.29376112768,1.23E+03,316.72331494089));
#3269 = CARTESIAN_POINT('',(551.63248411808,1.23E+03,316.61213839547));
#3270 = CARTESIAN_POINT('',(549.97118918527,1.23E+03,316.50123049906));
#3271 = CARTESIAN_POINT('',(548.30987502978,1.23E+03,316.39061108052));
#3272 = CARTESIAN_POINT('',(545.8178761968,1.23E+03,316.22509747674));
#3273 = CARTESIAN_POINT('',(544.98720530821,1.23E+03,316.1699956947));
#3274 = CARTESIAN_POINT('',(544.15652983281,1.23E+03,316.11496306975));
#3275 = CARTESIAN_POINT('',(543.32584982248,1.23E+03,316.05999891846));
#3276 = CARTESIAN_POINT('',(542.49516533419,1.23E+03,316.00510248054));
#3277 = CARTESIAN_POINT('',(541.66447640719,1.23E+03,315.95027326337));
#3278 = CARTESIAN_POINT('',(540.83378304021,1.23E+03,315.89551138647));
#3279 = CARTESIAN_POINT('',(539.12242075227,1.23E+03,315.78283464939));
#3280 = CARTESIAN_POINT('',(538.24175135774,1.23E+03,315.72492804308));
#3281 = CARTESIAN_POINT('',(537.36107670571,1.23E+03,315.6670985646));
#3282 = CARTESIAN_POINT('',(536.48039703165,1.23E+03,315.60934670507));
#3283 = CARTESIAN_POINT('',(535.59971241935,1.23E+03,315.55167294569));
#3284 = CARTESIAN_POINT('',(534.71902262017,1.23E+03,315.49407774602));
#3285 = CARTESIAN_POINT('',(533.83832735778,1.23E+03,315.4365615638));
#3286 = CARTESIAN_POINT('',(532.95762711864,1.23E+03,315.37912490648));
#3287 = PCURVE('',#2974,#3288);
#3288 = DEFINITIONAL_REPRESENTATION('',(#3289),#3334);
#3289 = B_SPLINE_CURVE_WITH_KNOTS('',8,(#3290,#3291,#3292,#3293,#3294,
    #3295,#3296,#3297,#3298,#3299,#3300,#3301,#3302,#3303,#3304,#3305,
    #3306,#3307,#3308,#3309,#3310,#3311,#3312,#3313,#3314,#3315,#3316,
    #3317,#3318,#3319,#3320,#3321,#3322,#3323,#3324,#3325,#3326,#3327,
    #3328,#3329,#3330,#3331,#3332,#3333),.UNSPECIFIED.,.F.,.F.,(9,7,7,7,
    7,7,9),(0.,0.244335586133,0.431659536045,0.570116368337,
    0.78187387629,0.887752630296,1.),.UNSPECIFIED.);
#3290 = CARTESIAN_POINT('',(62.754237288136,-59.68371864406));
#3291 = CARTESIAN_POINT('',(60.838280093418,-59.54262120146));
#3292 = CARTESIAN_POINT('',(58.922246188059,-59.4025654345));
#3293 = CARTESIAN_POINT('',(57.006140849841,-59.26348848587));
#3294 = CARTESIAN_POINT('',(55.089968936358,-59.12533143503));
#3295 = CARTESIAN_POINT('',(53.173734974029,-58.98803840146));
#3296 = CARTESIAN_POINT('',(51.257443183432,-58.85155639623));
#3297 = CARTESIAN_POINT('',(49.341097440968,-58.71583592177));
#3298 = CARTESIAN_POINT('',(45.955464036757,-58.4773295582));
#3299 = CARTESIAN_POINT('',(44.486197194624,-58.37424835886));
#3300 = CARTESIAN_POINT('',(43.016902592971,-58.27156373823));
#3301 = CARTESIAN_POINT('',(41.547580987457,-58.169265421));
#3302 = CARTESIAN_POINT('',(40.078234189747,-58.06732968539));
#3303 = CARTESIAN_POINT('',(38.608863907863,-57.96573412499));
#3304 = CARTESIAN_POINT('',(37.139470582899,-57.86447233377));
#3305 = CARTESIAN_POINT('',(34.583966303418,-57.6889126595));
#3306 = CARTESIAN_POINT('',(33.497865132417,-57.61447231203));
#3307 = CARTESIAN_POINT('',(32.411752618901,-57.54019758916));
#3308 = CARTESIAN_POINT('',(31.325629162552,-57.46608308166));
#3309 = CARTESIAN_POINT('',(30.239495094634,-57.39212428508));
#3310 = CARTESIAN_POINT('',(29.15335072073,-57.31831702445));
#3311 = CARTESIAN_POINT('',(28.067196363488,-57.24465687891));
#3312 = CARTESIAN_POINT('',(25.319840471412,-57.0586988956));
#3313 = CARTESIAN_POINT('',(23.658626077882,-56.94659108467));
#3314 = CARTESIAN_POINT('',(21.99739036975,-56.83479951514));
#3315 = CARTESIAN_POINT('',(20.336134009041,-56.72331494089));
#3316 = CARTESIAN_POINT('',(18.674856999437,-56.61213839547));
#3317 = CARTESIAN_POINT('',(17.013562066626,-56.50123049906));
#3318 = CARTESIAN_POINT('',(15.352247911138,-56.39061108052));
#3319 = CARTESIAN_POINT('',(12.860249078165,-56.22509747674));
#3320 = CARTESIAN_POINT('',(12.029578189572,-56.1699956947));
#3321 = CARTESIAN_POINT('',(11.19890271417,-56.11496306975));
#3322 = CARTESIAN_POINT('',(10.36822270384,-56.05999891846));
#3323 = CARTESIAN_POINT('',(9.537538215548,-56.00510248054));
#3324 = CARTESIAN_POINT('',(8.706849288549,-55.95027326337));
#3325 = CARTESIAN_POINT('',(7.87615592157,-55.89551138647));
#3326 = CARTESIAN_POINT('',(6.164793633635,-55.78283464939));
#3327 = CARTESIAN_POINT('',(5.284124239103,-55.72492804308));
#3328 = CARTESIAN_POINT('',(4.403449587074,-55.6670985646));
#3329 = CARTESIAN_POINT('',(3.522769913009,-55.60934670507));
#3330 = CARTESIAN_POINT('',(2.642085300714,-55.55167294569));
#3331 = CARTESIAN_POINT('',(1.76139550153,-55.49407774602));
#3332 = CARTESIAN_POINT('',(0.880700239139,-55.4365615638));
#3333 = CARTESIAN_POINT('',(0.,-55.37912490648));
#3334 = ( GEOMETRIC_REPRESENTATION_CONTEXT(2) 
PARAMETRIC_REPRESENTATION_CONTEXT() REPRESENTATION_CONTEXT('2D SPACE',''
  ) );
#3335 = PCURVE('',#3040,#3336);
#3336 = DEFINITIONAL_REPRESENTATION('',(#3337),#3382);
#3337 = B_SPLINE_CURVE_WITH_KNOTS('',8,(#3338,#3339,#3340,#3341,#3342,
    #3343,#3344,#3345,#3346,#3347,#3348,#3349,#3350,#3351,#3352,#3353,
    #3354,#3355,#3356,#3357,#3358,#3359,#3360,#3361,#3362,#3363,#3364,
    #3365,#3366,#3367,#3368,#3369,#3370,#3371,#3372,#3373,#3374,#3375,
    #3376,#3377,#3378,#3379,#3380,#3381),.UNSPECIFIED.,.F.,.F.,(9,7,7,7,
    7,7,9),(0.,0.244335586133,0.431659536045,0.570116368337,
    0.78187387629,0.887752630296,1.),.UNSPECIFIED.);
#3338 = CARTESIAN_POINT('',(632.68517356591,0.983050847458));
#3339 = CARTESIAN_POINT('',(630.3126041378,0.983050847458));
#3340 = CARTESIAN_POINT('',(627.94003473607,0.983050847458));
#3341 = CARTESIAN_POINT('',(625.56746533172,0.983050847458));
#3342 = CARTESIAN_POINT('',(623.19489592656,0.983050847458));
#3343 = CARTESIAN_POINT('',(620.82232652877,0.983050847458));
#3344 = CARTESIAN_POINT('',(618.4497571397,0.983050847458));
#3345 = CARTESIAN_POINT('',(616.07718775202,0.983050847458));
#3346 = CARTESIAN_POINT('',(611.88564848562,0.983050847458));
#3347 = CARTESIAN_POINT('',(610.06667862007,0.983050847458));
#3348 = CARTESIAN_POINT('',(608.24770872279,0.983050847458));
#3349 = CARTESIAN_POINT('',(606.42873886516,0.983050847458));
#3350 = CARTESIAN_POINT('',(604.60976900792,0.983050847458));
#3351 = CARTESIAN_POINT('',(602.7907991102,0.983050847458));
#3352 = CARTESIAN_POINT('',(600.97182924123,0.983050847458));
#3353 = CARTESIAN_POINT('',(597.8084033753,0.983050847458));
#3354 = CARTESIAN_POINT('',(596.46394738493,0.983050847458));
#3355 = CARTESIAN_POINT('',(595.1194913911,0.983050847458));
#3356 = CARTESIAN_POINT('',(593.77503539416,0.983050847458));
#3357 = CARTESIAN_POINT('',(592.43057939694,0.983050847458));
#3358 = CARTESIAN_POINT('',(591.08612340225,0.983050847458));
#3359 = CARTESIAN_POINT('',(589.74166741032,0.983050847458));
#3360 = CARTESIAN_POINT('',(586.34098460441,0.983050847458));
#3361 = CARTESIAN_POINT('',(584.284757793,0.983050847458));
#3362 = CARTESIAN_POINT('',(582.22853096981,0.983050847458));
#3363 = CARTESIAN_POINT('',(580.17230416086,0.983050847458));
#3364 = CARTESIAN_POINT('',(578.11607735497,0.983050847458));
#3365 = CARTESIAN_POINT('',(576.05985053266,0.983050847458));
#3366 = CARTESIAN_POINT('',(574.00362371887,0.983050847458));
#3367 = CARTESIAN_POINT('',(570.91928349565,0.983050847458));
#3368 = CARTESIAN_POINT('',(569.89117008816,0.983050847458));
#3369 = CARTESIAN_POINT('',(568.86305668102,0.983050847458));
#3370 = CARTESIAN_POINT('',(567.83494327411,0.983050847458));
#3371 = CARTESIAN_POINT('',(566.80682986736,0.983050847458));
#3372 = CARTESIAN_POINT('',(565.77871646066,0.983050847458));
#3373 = CARTESIAN_POINT('',(564.75060305397,0.983050847458));
#3374 = CARTESIAN_POINT('',(562.63253513511,0.983050847458));
#3375 = CARTESIAN_POINT('',(561.54258056655,0.983050847458));
#3376 = CARTESIAN_POINT('',(560.45262614927,0.983050847458));
#3377 = CARTESIAN_POINT('',(559.36267167331,0.983050847458));
#3378 = CARTESIAN_POINT('',(558.27271705195,0.983050847458));
#3379 = CARTESIAN_POINT('',(557.18276246842,0.983050847458));
#3380 = CARTESIAN_POINT('',(556.09280812854,0.983050847458));
#3381 = CARTESIAN_POINT('',(555.00285361927,0.983050847458));
#3382 = ( GEOMETRIC_REPRESENTATION_CONTEXT(2) 
PARAMETRIC_REPRESENTATION_CONTEXT() REPRESENTATION_CONTEXT('2D SPACE',''
  ) );
#3383 = ORIENTED_EDGE('',*,*,#3384,.T.);
#3384 = EDGE_CURVE('',#3239,#2859,#3385,.T.);
#3385 = SURFACE_CURVE('',#3386,(#3390,#3397),.PCURVE_S1.);
#3386 = LINE('',#3387,#3388);
#3387 = CARTESIAN_POINT('',(532.95762711864,1.23E+03,260.));
#3388 = VECTOR('',#3389,1.);
#3389 = DIRECTION('',(0.,-0.,1.));
#3390 = PCURVE('',#2974,#3391);
#3391 = DEFINITIONAL_REPRESENTATION('',(#3392),#3396);
#3392 = LINE('',#3393,#3394);
#3393 = CARTESIAN_POINT('',(0.,0.));
#3394 = VECTOR('',#3395,1.);
#3395 = DIRECTION('',(0.,-1.));
#3396 = ( GEOMETRIC_REPRESENTATION_CONTEXT(2) 
PARAMETRIC_REPRESENTATION_CONTEXT() REPRESENTATION_CONTEXT('2D SPACE',''
  ) );
#3397 = PCURVE('',#2878,#3398);
#3398 = DEFINITIONAL_REPRESENTATION('',(#3399),#3403);
#3399 = LINE('',#3400,#3401);
#3400 = CARTESIAN_POINT('',(530.13872430393,0.));
#3401 = VECTOR('',#3402,1.);
#3402 = DIRECTION('',(0.,-1.));
#3403 = ( GEOMETRIC_REPRESENTATION_CONTEXT(2) 
PARAMETRIC_REPRESENTATION_CONTEXT() REPRESENTATION_CONTEXT('2D SPACE',''
  ) );
#3404 = ORIENTED_EDGE('',*,*,#2892,.T.);
#3405 = ORIENTED_EDGE('',*,*,#3217,.T.);
#3406 = ADVANCED_FACE('',(#3407),#2878,.T.);
#3407 = FACE_BOUND('',#3408,.T.);
#3408 = EDGE_LOOP('',(#3409,#3438,#3459,#3460));
#3409 = ORIENTED_EDGE('',*,*,#3410,.F.);
#3410 = EDGE_CURVE('',#3411,#3239,#3413,.T.);
#3411 = VERTEX_POINT('',#3412);
#3412 = CARTESIAN_POINT('',(545.08474576271,700.,314.88302825566));
#3413 = SURFACE_CURVE('',#3414,(#3420,#3429),.PCURVE_S1.);
#3414 = B_SPLINE_CURVE_WITH_KNOTS('',4,(#3415,#3416,#3417,#3418,#3419),
  .UNSPECIFIED.,.F.,.F.,(5,5),(0.,1.),.PIECEWISE_BEZIER_KNOTS.);
#3415 = CARTESIAN_POINT('',(545.08474576271,700.,314.88302825566));
#3416 = CARTESIAN_POINT('',(542.05296610169,832.49999999999,
    315.00705241837));
#3417 = CARTESIAN_POINT('',(539.02118644067,965.,315.13107658107));
#3418 = CARTESIAN_POINT('',(535.98940677966,1.0975E+03,315.25510074378)
  );
#3419 = CARTESIAN_POINT('',(532.95762711864,1.23E+03,315.37912490648));
#3420 = PCURVE('',#2878,#3421);
#3421 = DEFINITIONAL_REPRESENTATION('',(#3422),#3428);
#3422 = B_SPLINE_CURVE_WITH_KNOTS('',4,(#3423,#3424,#3425,#3426,#3427),
  .UNSPECIFIED.,.F.,.F.,(5,5),(0.,1.),.PIECEWISE_BEZIER_KNOTS.);
#3423 = CARTESIAN_POINT('',(0.,-54.88302825566));
#3424 = CARTESIAN_POINT('',(132.53468107598,-55.00705241837));
#3425 = CARTESIAN_POINT('',(265.06936215196,-55.13107658107));
#3426 = CARTESIAN_POINT('',(397.60404322795,-55.25510074378));
#3427 = CARTESIAN_POINT('',(530.13872430393,-55.37912490648));
#3428 = ( GEOMETRIC_REPRESENTATION_CONTEXT(2) 
PARAMETRIC_REPRESENTATION_CONTEXT() REPRESENTATION_CONTEXT('2D SPACE',''
  ) );
#3429 = PCURVE('',#3040,#3430);
#3430 = DEFINITIONAL_REPRESENTATION('',(#3431),#3437);
#3431 = B_SPLINE_CURVE_WITH_KNOTS('',4,(#3432,#3433,#3434,#3435,#3436),
  .UNSPECIFIED.,.F.,.F.,(5,5),(0.,1.),.PIECEWISE_BEZIER_KNOTS.);
#3432 = CARTESIAN_POINT('',(555.00285345793,0.533898305085));
#3433 = CARTESIAN_POINT('',(555.00285345793,0.646186440678));
#3434 = CARTESIAN_POINT('',(555.00285345793,0.758474576271));
#3435 = CARTESIAN_POINT('',(555.00285345793,0.870762711864));
#3436 = CARTESIAN_POINT('',(555.00285345793,0.983050847458));
#3437 = ( GEOMETRIC_REPRESENTATION_CONTEXT(2) 
PARAMETRIC_REPRESENTATION_CONTEXT() REPRESENTATION_CONTEXT('2D SPACE',''
  ) );
#3438 = ORIENTED_EDGE('',*,*,#3439,.T.);
#3439 = EDGE_CURVE('',#3411,#2729,#3440,.T.);
#3440 = SURFACE_CURVE('',#3441,(#3445,#3452),.PCURVE_S1.);
#3441 = LINE('',#3442,#3443);
#3442 = CARTESIAN_POINT('',(545.08474576271,700.,260.));
#3443 = VECTOR('',#3444,1.);
#3444 = DIRECTION('',(0.,-0.,1.));
#3445 = PCURVE('',#2878,#3446);
#3446 = DEFINITIONAL_REPRESENTATION('',(#3447),#3451);
#3447 = LINE('',#3448,#3449);
#3448 = CARTESIAN_POINT('',(0.,0.));
#3449 = VECTOR('',#3450,1.);
#3450 = DIRECTION('',(0.,-1.));
#3451 = ( GEOMETRIC_REPRESENTATION_CONTEXT(2) 
PARAMETRIC_REPRESENTATION_CONTEXT() REPRESENTATION_CONTEXT('2D SPACE',''
  ) );
#3452 = PCURVE('',#2812,#3453);
#3453 = DEFINITIONAL_REPRESENTATION('',(#3454),#3458);
#3454 = LINE('',#3455,#3456);
#3455 = CARTESIAN_POINT('',(74.491525423729,0.));
#3456 = VECTOR('',#3457,1.);
#3457 = DIRECTION('',(0.,-1.));
#3458 = ( GEOMETRIC_REPRESENTATION_CONTEXT(2) 
PARAMETRIC_REPRESENTATION_CONTEXT() REPRESENTATION_CONTEXT('2D SPACE',''
  ) );
#3459 = ORIENTED_EDGE('',*,*,#2858,.T.);
#3460 = ORIENTED_EDGE('',*,*,#3384,.F.);
#3461 = ADVANCED_FACE('',(#3462),#2812,.T.);
#3462 = FACE_BOUND('',#3463,.T.);
#3463 = EDGE_LOOP('',(#3464,#3465,#3609,#3610));
#3464 = ORIENTED_EDGE('',*,*,#3439,.F.);
#3465 = ORIENTED_EDGE('',*,*,#3466,.F.);
#3466 = EDGE_CURVE('',#3024,#3411,#3467,.T.);
#3467 = SURFACE_CURVE('',#3468,(#3513,#3561),.PCURVE_S1.);
#3468 = B_SPLINE_CURVE_WITH_KNOTS('',8,(#3469,#3470,#3471,#3472,#3473,
    #3474,#3475,#3476,#3477,#3478,#3479,#3480,#3481,#3482,#3483,#3484,
    #3485,#3486,#3487,#3488,#3489,#3490,#3491,#3492,#3493,#3494,#3495,
    #3496,#3497,#3498,#3499,#3500,#3501,#3502,#3503,#3504,#3505,#3506,
    #3507,#3508,#3509,#3510,#3511,#3512),.UNSPECIFIED.,.F.,.F.,(9,7,7,7,
    7,7,9),(0.,0.244335586089,0.431659536034,0.570116368319,
    0.781873876223,0.887752630205,1.),.UNSPECIFIED.);
#3469 = CARTESIAN_POINT('',(614.57627118644,700.,319.64976271186));
#3470 = CARTESIAN_POINT('',(612.45461703122,700.,319.49351706284));
#3471 = CARTESIAN_POINT('',(610.3328779327,700.,319.33842492386));
#3472 = CARTESIAN_POINT('',(608.21105973198,700.,319.18441668903));
#3473 = CARTESIAN_POINT('',(606.08916780839,700.,319.0314271121));
#3474 = CARTESIAN_POINT('',(603.96720717524,700.,318.87939431331));
#3475 = CARTESIAN_POINT('',(601.84518250636,700.,318.72825961483));
#3476 = CARTESIAN_POINT('',(599.72309809349,700.,318.577968205));
#3477 = CARTESIAN_POINT('',(595.97398345374,700.,318.31385582408));
#3478 = CARTESIAN_POINT('',(594.34697628304,700.,318.19970783837));
#3479 = CARTESIAN_POINT('',(592.71993836919,700.,318.08599900779));
#3480 = CARTESIAN_POINT('',(591.09287055664,700.,317.9727179544));
#3481 = CARTESIAN_POINT('',(589.46577484729,700.,317.85983840936));
#3482 = CARTESIAN_POINT('',(587.83865312811,700.,317.74733556039));
#3483 = CARTESIAN_POINT('',(586.21150589505,700.,317.63520231423));
#3484 = CARTESIAN_POINT('',(583.38164295242,700.,317.44079457233));
#3485 = CARTESIAN_POINT('',(582.17893807743,700.,317.35836231721));
#3486 = CARTESIAN_POINT('',(580.9762206418,700.,317.27611346812));
#3487 = CARTESIAN_POINT('',(579.77349108817,700.,317.19404203507));
#3488 = CARTESIAN_POINT('',(578.57074978368,700.,317.11214303006));
#3489 = CARTESIAN_POINT('',(577.36799706704,700.,317.03041182989));
#3490 = CARTESIAN_POINT('',(576.16523329556,700.,316.9488435391));
#3491 = CARTESIAN_POINT('',(573.122921572,700.,316.74292112682));
#3492 = CARTESIAN_POINT('',(571.28335938072,700.,316.61877743343));
#3493 = CARTESIAN_POINT('',(569.44377358592,700.,316.49498393301));
#3494 = CARTESIAN_POINT('',(567.60416492166,700.,316.37153038693));
#3495 = CARTESIAN_POINT('',(565.76453339339,700.,316.24841793969));
#3496 = CARTESIAN_POINT('',(563.92488201469,700.,316.12560298343));
#3497 = CARTESIAN_POINT('',(562.08520935118,700.,316.00310747607));
#3498 = CARTESIAN_POINT('',(559.32566979245,700.,315.81982434966));
#3499 = CARTESIAN_POINT('',(558.40581816694,700.,315.75880684625));
#3500 = CARTESIAN_POINT('',(557.48596146224,700.,315.69786592463));
#3501 = CARTESIAN_POINT('',(556.56609973576,700.,315.63700082799));
#3502 = CARTESIAN_POINT('',(555.64623305058,700.,315.57621071443));
#3503 = CARTESIAN_POINT('',(554.72636145016,700.,315.51549503844));
#3504 = CARTESIAN_POINT('',(553.80648493308,700.,315.45485393235));
#3505 = CARTESIAN_POINT('',(551.91139097387,700.,315.33008023288));
#3506 = CARTESIAN_POINT('',(550.93617300098,700.,315.2659567791));
#3507 = CARTESIAN_POINT('',(549.96094922313,700.,315.2019187347));
#3508 = CARTESIAN_POINT('',(548.98571987749,700.,315.13796664196));
#3509 = CARTESIAN_POINT('',(548.01048504714,700.,315.07410103315));
#3510 = CARTESIAN_POINT('',(547.03524447728,700.,315.01032241847));
#3511 = CARTESIAN_POINT('',(546.05999788502,700.,314.94663130634));
#3512 = CARTESIAN_POINT('',(545.08474576271,700.,314.88302825566));
#3513 = PCURVE('',#2812,#3514);
#3514 = DEFINITIONAL_REPRESENTATION('',(#3515),#3560);
#3515 = B_SPLINE_CURVE_WITH_KNOTS('',8,(#3516,#3517,#3518,#3519,#3520,
    #3521,#3522,#3523,#3524,#3525,#3526,#3527,#3528,#3529,#3530,#3531,
    #3532,#3533,#3534,#3535,#3536,#3537,#3538,#3539,#3540,#3541,#3542,
    #3543,#3544,#3545,#3546,#3547,#3548,#3549,#3550,#3551,#3552,#3553,
    #3554,#3555,#3556,#3557,#3558,#3559),.UNSPECIFIED.,.F.,.F.,(9,7,7,7,
    7,7,9),(0.,0.244335586089,0.431659536034,0.570116368319,
    0.781873876223,0.887752630205,1.),.UNSPECIFIED.);
#3516 = CARTESIAN_POINT('',(5.,-59.64976271186));
#3517 = CARTESIAN_POINT('',(7.121654155212,-59.49351706284));
#3518 = CARTESIAN_POINT('',(9.243393253735,-59.33842492386));
#3519 = CARTESIAN_POINT('',(11.365211454456,-59.18441668903));
#3520 = CARTESIAN_POINT('',(13.487103378044,-59.0314271121));
#3521 = CARTESIAN_POINT('',(15.609064011195,-58.87939431331));
#3522 = CARTESIAN_POINT('',(17.731088680071,-58.72825961483));
#3523 = CARTESIAN_POINT('',(19.853173092949,-58.577968205));
#3524 = CARTESIAN_POINT('',(23.602287732692,-58.31385582408));
#3525 = CARTESIAN_POINT('',(25.229294903393,-58.19970783837));
#3526 = CARTESIAN_POINT('',(26.856332817244,-58.08599900779));
#3527 = CARTESIAN_POINT('',(28.483400629795,-57.9727179544));
#3528 = CARTESIAN_POINT('',(30.11049633915,-57.85983840936));
#3529 = CARTESIAN_POINT('',(31.737618058327,-57.74733556039));
#3530 = CARTESIAN_POINT('',(33.364765291385,-57.63520231423));
#3531 = CARTESIAN_POINT('',(36.194628234011,-57.44079457233));
#3532 = CARTESIAN_POINT('',(37.397333109004,-57.35836231721));
#3533 = CARTESIAN_POINT('',(38.600050544633,-57.27611346812));
#3534 = CARTESIAN_POINT('',(39.802780098266,-57.19404203507));
#3535 = CARTESIAN_POINT('',(41.005521402757,-57.11214303006));
#3536 = CARTESIAN_POINT('',(42.208274119398,-57.03041182989));
#3537 = CARTESIAN_POINT('',(43.411037890876,-56.9488435391));
#3538 = CARTESIAN_POINT('',(46.45334961444,-56.74292112682));
#3539 = CARTESIAN_POINT('',(48.292911805715,-56.61877743343));
#3540 = CARTESIAN_POINT('',(50.13249760052,-56.49498393301));
#3541 = CARTESIAN_POINT('',(51.972106264779,-56.37153038693));
#3542 = CARTESIAN_POINT('',(53.811737793044,-56.24841793969));
#3543 = CARTESIAN_POINT('',(55.651389171744,-56.12560298343));
#3544 = CARTESIAN_POINT('',(57.491061835256,-56.00310747607));
#3545 = CARTESIAN_POINT('',(60.250601393989,-55.81982434966));
#3546 = CARTESIAN_POINT('',(61.170453019492,-55.75880684624));
#3547 = CARTESIAN_POINT('',(62.090309724201,-55.69786592463));
#3548 = CARTESIAN_POINT('',(63.010171450681,-55.63700082799));
#3549 = CARTESIAN_POINT('',(63.930038135859,-55.57621071443));
#3550 = CARTESIAN_POINT('',(64.849909736279,-55.51549503844));
#3551 = CARTESIAN_POINT('',(65.769786253356,-55.45485393235));
#3552 = CARTESIAN_POINT('',(67.664880212568,-55.33008023288));
#3553 = CARTESIAN_POINT('',(68.640098185455,-55.2659567791));
#3554 = CARTESIAN_POINT('',(69.615321963308,-55.2019187347));
#3555 = CARTESIAN_POINT('',(70.590551308947,-55.13796664196));
#3556 = CARTESIAN_POINT('',(71.565786139299,-55.07410103315));
#3557 = CARTESIAN_POINT('',(72.541026709159,-55.01032241847));
#3558 = CARTESIAN_POINT('',(73.516273301414,-54.94663130634));
#3559 = CARTESIAN_POINT('',(74.491525423729,-54.88302825566));
#3560 = ( GEOMETRIC_REPRESENTATION_CONTEXT(2) 
PARAMETRIC_REPRESENTATION_CONTEXT() REPRESENTATION_CONTEXT('2D SPACE',''
  ) );
#3561 = PCURVE('',#3040,#3562);
#3562 = DEFINITIONAL_REPRESENTATION('',(#3563),#3608);
#3563 = B_SPLINE_CURVE_WITH_KNOTS('',8,(#3564,#3565,#3566,#3567,#3568,
    #3569,#3570,#3571,#3572,#3573,#3574,#3575,#3576,#3577,#3578,#3579,
    #3580,#3581,#3582,#3583,#3584,#3585,#3586,#3587,#3588,#3589,#3590,
    #3591,#3592,#3593,#3594,#3595,#3596,#3597,#3598,#3599,#3600,#3601,
    #3602,#3603,#3604,#3605,#3606,#3607),.UNSPECIFIED.,.F.,.F.,(9,7,7,7,
    7,7,9),(0.,0.244335586089,0.431659536034,0.570116368319,
    0.781873876223,0.887752630205,1.),.UNSPECIFIED.);
#3564 = CARTESIAN_POINT('',(632.68517356591,0.533898305085));
#3565 = CARTESIAN_POINT('',(630.31260413438,0.533898305085));
#3566 = CARTESIAN_POINT('',(627.94003473256,0.533898305085));
#3567 = CARTESIAN_POINT('',(625.56746532776,0.533898305085));
#3568 = CARTESIAN_POINT('',(623.19489592206,0.533898305085));
#3569 = CARTESIAN_POINT('',(620.82232652466,0.533898305085));
#3570 = CARTESIAN_POINT('',(618.44975713709,0.533898305085));
#3571 = CARTESIAN_POINT('',(616.07718775103,0.533898305085));
#3572 = CARTESIAN_POINT('',(611.88564848573,0.533898305085));
#3573 = CARTESIAN_POINT('',(610.06667862116,0.533898305085));
#3574 = CARTESIAN_POINT('',(608.24770872107,0.533898305085));
#3575 = CARTESIAN_POINT('',(606.42873886546,0.533898305085));
#3576 = CARTESIAN_POINT('',(604.60976901026,0.533898305085));
#3577 = CARTESIAN_POINT('',(602.79079910963,0.533898305085));
#3578 = CARTESIAN_POINT('',(600.97182924127,0.533898305085));
#3579 = CARTESIAN_POINT('',(597.80840337558,0.533898305085));
#3580 = CARTESIAN_POINT('',(596.46394738564,0.533898305085));
#3581 = CARTESIAN_POINT('',(595.11949139181,0.533898305085));
#3582 = CARTESIAN_POINT('',(593.77503539448,0.533898305085));
#3583 = CARTESIAN_POINT('',(592.43057939684,0.533898305085));
#3584 = CARTESIAN_POINT('',(591.08612340204,0.533898305085));
#3585 = CARTESIAN_POINT('',(589.74166741035,0.533898305085));
#3586 = CARTESIAN_POINT('',(586.34098460474,0.533898305085));
#3587 = CARTESIAN_POINT('',(584.28475779337,0.533898305085));
#3588 = CARTESIAN_POINT('',(582.22853096979,0.533898305085));
#3589 = CARTESIAN_POINT('',(580.17230416032,0.533898305085));
#3590 = CARTESIAN_POINT('',(578.11607735663,0.533898305085));
#3591 = CARTESIAN_POINT('',(576.05985053254,0.533898305085));
#3592 = CARTESIAN_POINT('',(574.00362371907,0.533898305085));
#3593 = CARTESIAN_POINT('',(570.91928349554,0.533898305085));
#3594 = CARTESIAN_POINT('',(569.891170088,0.533898305085));
#3595 = CARTESIAN_POINT('',(568.86305668084,0.533898305085));
#3596 = CARTESIAN_POINT('',(567.83494327395,0.533898305085));
#3597 = CARTESIAN_POINT('',(566.80682986723,0.533898305085));
#3598 = CARTESIAN_POINT('',(565.77871646058,0.533898305085));
#3599 = CARTESIAN_POINT('',(564.75060305393,0.533898305085));
#3600 = CARTESIAN_POINT('',(562.63253513403,0.533898305085));
#3601 = CARTESIAN_POINT('',(561.54258055731,0.533898305085));
#3602 = CARTESIAN_POINT('',(560.45262615084,0.533898305085));
#3603 = CARTESIAN_POINT('',(559.36267167834,0.533898305085));
#3604 = CARTESIAN_POINT('',(558.27271704219,0.533898305085));
#3605 = CARTESIAN_POINT('',(557.18276244862,0.533898305085));
#3606 = CARTESIAN_POINT('',(556.09280812927,0.533898305085));
#3607 = CARTESIAN_POINT('',(555.00285361927,0.533898305085));
#3608 = ( GEOMETRIC_REPRESENTATION_CONTEXT(2) 
PARAMETRIC_REPRESENTATION_CONTEXT() REPRESENTATION_CONTEXT('2D SPACE',''
  ) );
#3609 = ORIENTED_EDGE('',*,*,#3198,.F.);
#3610 = ORIENTED_EDGE('',*,*,#2728,.F.);
#3611 = ADVANCED_FACE('',(#3612),#3040,.F.);
#3612 = FACE_BOUND('',#3613,.F.);
#3613 = EDGE_LOOP('',(#3614,#3615,#3616,#3617));
#3614 = ORIENTED_EDGE('',*,*,#3466,.F.);
#3615 = ORIENTED_EDGE('',*,*,#3023,.T.);
#3616 = ORIENTED_EDGE('',*,*,#3238,.T.);
#3617 = ORIENTED_EDGE('',*,*,#3410,.F.);
#3618 = MANIFOLD_SOLID_BREP('',#3619);
#3619 = CLOSED_SHELL('',(#3620,#3708,#3743,#3773));
#3620 = ADVANCED_FACE('',(#3621),#3634,.T.);
#3621 = FACE_BOUND('',#3622,.T.);
#3622 = EDGE_LOOP('',(#3623,#3657,#3680,#3707));
#3623 = ORIENTED_EDGE('',*,*,#3624,.F.);
#3624 = EDGE_CURVE('',#3625,#3625,#3627,.T.);
#3625 = VERTEX_POINT('',#3626);
#3626 = CARTESIAN_POINT('',(431.,70.,325.));
#3627 = SURFACE_CURVE('',#3628,(#3633,#3645),.PCURVE_S1.);
#3628 = CIRCLE('',#3629,11.);
#3629 = AXIS2_PLACEMENT_3D('',#3630,#3631,#3632);
#3630 = CARTESIAN_POINT('',(420.,70.,325.));
#3631 = DIRECTION('',(0.,-1.,2.22044604925E-16));
#3632 = DIRECTION('',(1.,0.,0.));
#3633 = PCURVE('',#3634,#3639);
#3634 = CYLINDRICAL_SURFACE('',#3635,11.);
#3635 = AXIS2_PLACEMENT_3D('',#3636,#3637,#3638);
#3636 = CARTESIAN_POINT('',(420.,1.23E+03,325.));
#3637 = DIRECTION('',(0.,-1.,2.22044604925E-16));
#3638 = DIRECTION('',(1.,0.,0.));
#3639 = DEFINITIONAL_REPRESENTATION('',(#3640),#3644);
#3640 = LINE('',#3641,#3642);
#3641 = CARTESIAN_POINT('',(0.,1.16E+03));
#3642 = VECTOR('',#3643,1.);
#3643 = DIRECTION('',(1.,0.));
#3644 = ( GEOMETRIC_REPRESENTATION_CONTEXT(2) 
PARAMETRIC_REPRESENTATION_CONTEXT() REPRESENTATION_CONTEXT('2D SPACE',''
  ) );
#3645 = PCURVE('',#3646,#3651);
#3646 = PLANE('',#3647);
#3647 = AXIS2_PLACEMENT_3D('',#3648,#3649,#3650);
#3648 = CARTESIAN_POINT('',(420.,70.,325.));
#3649 = DIRECTION('',(0.,-1.,2.22044604925E-16));
#3650 = DIRECTION('',(1.,0.,0.));
#3651 = DEFINITIONAL_REPRESENTATION('',(#3652),#3656);
#3652 = CIRCLE('',#3653,11.);
#3653 = AXIS2_PLACEMENT_2D('',#3654,#3655);
#3654 = CARTESIAN_POINT('',(0.,0.));
#3655 = DIRECTION('',(1.,0.));
#3656 = ( GEOMETRIC_REPRESENTATION_CONTEXT(2) 
PARAMETRIC_REPRESENTATION_CONTEXT() REPRESENTATION_CONTEXT('2D SPACE',''
  ) );
#3657 = ORIENTED_EDGE('',*,*,#3658,.F.);
#3658 = EDGE_CURVE('',#3659,#3625,#3661,.T.);
#3659 = VERTEX_POINT('',#3660);
#3660 = CARTESIAN_POINT('',(431.,1.23E+03,325.));
#3661 = SEAM_CURVE('',#3662,(#3666,#3673),.PCURVE_S1.);
#3662 = LINE('',#3663,#3664);
#3663 = CARTESIAN_POINT('',(431.,1.23E+03,325.));
#3664 = VECTOR('',#3665,1.);
#3665 = DIRECTION('',(0.,-1.,2.22044604925E-16));
#3666 = PCURVE('',#3634,#3667);
#3667 = DEFINITIONAL_REPRESENTATION('',(#3668),#3672);
#3668 = LINE('',#3669,#3670);
#3669 = CARTESIAN_POINT('',(6.28318530718,-0.));
#3670 = VECTOR('',#3671,1.);
#3671 = DIRECTION('',(0.,1.));
#3672 = ( GEOMETRIC_REPRESENTATION_CONTEXT(2) 
PARAMETRIC_REPRESENTATION_CONTEXT() REPRESENTATION_CONTEXT('2D SPACE',''
  ) );
#3673 = PCURVE('',#3634,#3674);
#3674 = DEFINITIONAL_REPRESENTATION('',(#3675),#3679);
#3675 = LINE('',#3676,#3677);
#3676 = CARTESIAN_POINT('',(0.,-0.));
#3677 = VECTOR('',#3678,1.);
#3678 = DIRECTION('',(0.,1.));
#3679 = ( GEOMETRIC_REPRESENTATION_CONTEXT(2) 
PARAMETRIC_REPRESENTATION_CONTEXT() REPRESENTATION_CONTEXT('2D SPACE',''
  ) );
#3680 = ORIENTED_EDGE('',*,*,#3681,.T.);
#3681 = EDGE_CURVE('',#3659,#3659,#3682,.T.);
#3682 = SURFACE_CURVE('',#3683,(#3688,#3695),.PCURVE_S1.);
#3683 = CIRCLE('',#3684,11.);
#3684 = AXIS2_PLACEMENT_3D('',#3685,#3686,#3687);
#3685 = CARTESIAN_POINT('',(420.,1.23E+03,325.));
#3686 = DIRECTION('',(0.,-1.,2.22044604925E-16));
#3687 = DIRECTION('',(1.,0.,0.));
#3688 = PCURVE('',#3634,#3689);
#3689 = DEFINITIONAL_REPRESENTATION('',(#3690),#3694);
#3690 = LINE('',#3691,#3692);
#3691 = CARTESIAN_POINT('',(0.,0.));
#3692 = VECTOR('',#3693,1.);
#3693 = DIRECTION('',(1.,0.));
#3694 = ( GEOMETRIC_REPRESENTATION_CONTEXT(2) 
PARAMETRIC_REPRESENTATION_CONTEXT() REPRESENTATION_CONTEXT('2D SPACE',''
  ) );
#3695 = PCURVE('',#3696,#3701);
#3696 = PLANE('',#3697);
#3697 = AXIS2_PLACEMENT_3D('',#3698,#3699,#3700);
#3698 = CARTESIAN_POINT('',(420.,1.23E+03,325.));
#3699 = DIRECTION('',(0.,-1.,2.22044604925E-16));
#3700 = DIRECTION('',(1.,0.,0.));
#3701 = DEFINITIONAL_REPRESENTATION('',(#3702),#3706);
#3702 = CIRCLE('',#3703,11.);
#3703 = AXIS2_PLACEMENT_2D('',#3704,#3705);
#3704 = CARTESIAN_POINT('',(0.,0.));
#3705 = DIRECTION('',(1.,0.));
#3706 = ( GEOMETRIC_REPRESENTATION_CONTEXT(2) 
PARAMETRIC_REPRESENTATION_CONTEXT() REPRESENTATION_CONTEXT('2D SPACE',''
  ) );
#3707 = ORIENTED_EDGE('',*,*,#3658,.T.);
#3708 = ADVANCED_FACE('',(#3709,#3712),#3646,.T.);
#3709 = FACE_BOUND('',#3710,.T.);
#3710 = EDGE_LOOP('',(#3711));
#3711 = ORIENTED_EDGE('',*,*,#3624,.T.);
#3712 = FACE_BOUND('',#3713,.T.);
#3713 = EDGE_LOOP('',(#3714));
#3714 = ORIENTED_EDGE('',*,*,#3715,.F.);
#3715 = EDGE_CURVE('',#3716,#3716,#3718,.T.);
#3716 = VERTEX_POINT('',#3717);
#3717 = CARTESIAN_POINT('',(430.,70.,325.));
#3718 = SURFACE_CURVE('',#3719,(#3724,#3731),.PCURVE_S1.);
#3719 = CIRCLE('',#3720,10.);
#3720 = AXIS2_PLACEMENT_3D('',#3721,#3722,#3723);
#3721 = CARTESIAN_POINT('',(420.,70.,325.));
#3722 = DIRECTION('',(0.,-1.,2.22044604925E-16));
#3723 = DIRECTION('',(1.,0.,0.));
#3724 = PCURVE('',#3646,#3725);
#3725 = DEFINITIONAL_REPRESENTATION('',(#3726),#3730);
#3726 = CIRCLE('',#3727,10.);
#3727 = AXIS2_PLACEMENT_2D('',#3728,#3729);
#3728 = CARTESIAN_POINT('',(0.,0.));
#3729 = DIRECTION('',(1.,0.));
#3730 = ( GEOMETRIC_REPRESENTATION_CONTEXT(2) 
PARAMETRIC_REPRESENTATION_CONTEXT() REPRESENTATION_CONTEXT('2D SPACE',''
  ) );
#3731 = PCURVE('',#3732,#3737);
#3732 = CYLINDRICAL_SURFACE('',#3733,10.);
#3733 = AXIS2_PLACEMENT_3D('',#3734,#3735,#3736);
#3734 = CARTESIAN_POINT('',(420.,1.231E+03,325.));
#3735 = DIRECTION('',(0.,-1.,2.22044604925E-16));
#3736 = DIRECTION('',(1.,0.,0.));
#3737 = DEFINITIONAL_REPRESENTATION('',(#3738),#3742);
#3738 = LINE('',#3739,#3740);
#3739 = CARTESIAN_POINT('',(0.,1.161E+03));
#3740 = VECTOR('',#3741,1.);
#3741 = DIRECTION('',(1.,0.));
#3742 = ( GEOMETRIC_REPRESENTATION_CONTEXT(2) 
PARAMETRIC_REPRESENTATION_CONTEXT() REPRESENTATION_CONTEXT('2D SPACE',''
  ) );
#3743 = ADVANCED_FACE('',(#3744,#3747),#3696,.F.);
#3744 = FACE_BOUND('',#3745,.F.);
#3745 = EDGE_LOOP('',(#3746));
#3746 = ORIENTED_EDGE('',*,*,#3681,.T.);
#3747 = FACE_BOUND('',#3748,.F.);
#3748 = EDGE_LOOP('',(#3749));
#3749 = ORIENTED_EDGE('',*,*,#3750,.F.);
#3750 = EDGE_CURVE('',#3751,#3751,#3753,.T.);
#3751 = VERTEX_POINT('',#3752);
#3752 = CARTESIAN_POINT('',(430.,1.23E+03,325.));
#3753 = SURFACE_CURVE('',#3754,(#3759,#3766),.PCURVE_S1.);
#3754 = CIRCLE('',#3755,10.);
#3755 = AXIS2_PLACEMENT_3D('',#3756,#3757,#3758);
#3756 = CARTESIAN_POINT('',(420.,1.23E+03,325.));
#3757 = DIRECTION('',(0.,-1.,2.22044604925E-16));
#3758 = DIRECTION('',(1.,0.,0.));
#3759 = PCURVE('',#3696,#3760);
#3760 = DEFINITIONAL_REPRESENTATION('',(#3761),#3765);
#3761 = CIRCLE('',#3762,10.);
#3762 = AXIS2_PLACEMENT_2D('',#3763,#3764);
#3763 = CARTESIAN_POINT('',(0.,0.));
#3764 = DIRECTION('',(1.,0.));
#3765 = ( GEOMETRIC_REPRESENTATION_CONTEXT(2) 
PARAMETRIC_REPRESENTATION_CONTEXT() REPRESENTATION_CONTEXT('2D SPACE',''
  ) );
#3766 = PCURVE('',#3732,#3767);
#3767 = DEFINITIONAL_REPRESENTATION('',(#3768),#3772);
#3768 = LINE('',#3769,#3770);
#3769 = CARTESIAN_POINT('',(0.,1.));
#3770 = VECTOR('',#3771,1.);
#3771 = DIRECTION('',(1.,0.));
#3772 = ( GEOMETRIC_REPRESENTATION_CONTEXT(2) 
PARAMETRIC_REPRESENTATION_CONTEXT() REPRESENTATION_CONTEXT('2D SPACE',''
  ) );
#3773 = ADVANCED_FACE('',(#3774),#3732,.F.);
#3774 = FACE_BOUND('',#3775,.F.);
#3775 = EDGE_LOOP('',(#3776,#3777,#3798,#3799));
#3776 = ORIENTED_EDGE('',*,*,#3715,.F.);
#3777 = ORIENTED_EDGE('',*,*,#3778,.F.);
#3778 = EDGE_CURVE('',#3751,#3716,#3779,.T.);
#3779 = SEAM_CURVE('',#3780,(#3784,#3791),.PCURVE_S1.);
#3780 = LINE('',#3781,#3782);
#3781 = CARTESIAN_POINT('',(430.,1.231E+03,325.));
#3782 = VECTOR('',#3783,1.);
#3783 = DIRECTION('',(0.,-1.,2.22044604925E-16));
#3784 = PCURVE('',#3732,#3785);
#3785 = DEFINITIONAL_REPRESENTATION('',(#3786),#3790);
#3786 = LINE('',#3787,#3788);
#3787 = CARTESIAN_POINT('',(6.28318530718,-0.));
#3788 = VECTOR('',#3789,1.);
#3789 = DIRECTION('',(0.,1.));
#3790 = ( GEOMETRIC_REPRESENTATION_CONTEXT(2) 
PARAMETRIC_REPRESENTATION_CONTEXT() REPRESENTATION_CONTEXT('2D SPACE',''
  ) );
#3791 = PCURVE('',#3732,#3792);
#3792 = DEFINITIONAL_REPRESENTATION('',(#3793),#3797);
#3793 = LINE('',#3794,#3795);
#3794 = CARTESIAN_POINT('',(0.,-0.));
#3795 = VECTOR('',#3796,1.);
#3796 = DIRECTION('',(0.,1.));
#3797 = ( GEOMETRIC_REPRESENTATION_CONTEXT(2) 
PARAMETRIC_REPRESENTATION_CONTEXT() REPRESENTATION_CONTEXT('2D SPACE',''
  ) );
#3798 = ORIENTED_EDGE('',*,*,#3750,.T.);
#3799 = ORIENTED_EDGE('',*,*,#3778,.T.);
#3800 = ( GEOMETRIC_REPRESENTATION_CONTEXT(3) 
GLOBAL_UNCERTAINTY_ASSIGNED_CONTEXT((#3804)) 
GLOBAL_UNIT_ASSIGNED_CONTEXT((#3801,#3802,#3803)) REPRESENTATION_CONTEXT
('Context #1','3D Context with UNIT and UNCERTAINTY') );
#3801 = ( LENGTH_UNIT() NAMED_UNIT(*) SI_UNIT(.MILLI.,.METRE.) );
#3802 = ( NAMED_UNIT(*) PLANE_ANGLE_UNIT() SI_UNIT($,.RADIAN.) );
#3803 = ( NAMED_UNIT(*) SI_UNIT($,.STERADIAN.) SOLID_ANGLE_UNIT() );
#3804 = UNCERTAINTY_MEASURE_WITH_UNIT(LENGTH_MEASURE(5.E-04),#3801,
  'distance_accuracy_value','confusion accuracy');
#3805 = PRODUCT_RELATED_PRODUCT_CATEGORY('part',$,(#7));
ENDSEC;
END-ISO-10303-21;
