ISO-10303-21;
HEADER;
FILE_DESCRIPTION(('Open CASCADE Model'),'2;1');
FILE_NAME('Open CASCADE Shape Model','2026-10-03T14:30:28',('Author'),(
    'Open CASCADE'),'Open CASCADE STEP processor 8.0','build123d',
  'Unknown');
FILE_SCHEMA(('AUTOMOTIVE_DESIGN { 1 0 10303 214 1 1 1 1 }'));
ENDSEC;
DATA;
#1 = APPLICATION_PROTOCOL_DEFINITION('international standard',
  'automotive_design',2000,#2);
#2 = APPLICATION_CONTEXT(
  'core data for automotive mechanical design processes');
#3 = SHAPE_DEFINITION_REPRESENTATION(#4,#10);
#4 = PRODUCT_DEFINITION_SHAPE('','',#5);
#5 = PRODUCT_DEFINITION('design','',#6,#9);
#6 = PRODUCT_DEFINITION_FORMATION('','',#7);
#7 = PRODUCT('COMPOUND','COMPOUND','',(#8));
#8 = PRODUCT_CONTEXT('',#2,'mechanical');
#9 = PRODUCT_DEFINITION_CONTEXT('part definition',#2,'design');
#10 = SHAPE_REPRESENTATION('',(#11,#15,#2494,#2978),#3462);
#11 = AXIS2_PLACEMENT_3D('',#12,#13,#14);
#12 = CARTESIAN_POINT('',(0.,0.,0.));
#13 = DIRECTION('',(0.,0.,1.));
#14 = DIRECTION('',(1.,0.,-0.));
#15 = MANIFOLD_SOLID_BREP('',#16);
#16 = CLOSED_SHELL('',(#17,#346,#420,#544,#569,#596,#1124,#2369,#2424,
    #2428,#2483,#2487));
#17 = ADVANCED_FACE('',(#18),#32,.F.);
#18 = FACE_BOUND('',#19,.F.);
#19 = EDGE_LOOP('',(#20,#55,#83,#112,#140,#168));
#20 = ORIENTED_EDGE('',*,*,#21,.F.);
#21 = EDGE_CURVE('',#22,#24,#26,.T.);
#22 = VERTEX_POINT('',#23);
#23 = CARTESIAN_POINT('',(350.,448.,205.));
#24 = VERTEX_POINT('',#25);
#25 = CARTESIAN_POINT('',(350.,448.,310.49306485391));
#26 = SURFACE_CURVE('',#27,(#31,#43),.PCURVE_S1.);
#27 = LINE('',#28,#29);
#28 = CARTESIAN_POINT('',(350.,448.,205.));
#29 = VECTOR('',#30,1.);
#30 = DIRECTION('',(0.,0.,1.));
#31 = PCURVE('',#32,#37);
#32 = PLANE('',#33);
#33 = AXIS2_PLACEMENT_3D('',#34,#35,#36);
#34 = CARTESIAN_POINT('',(350.,448.,205.));
#35 = DIRECTION('',(1.,0.,-0.));
#36 = DIRECTION('',(0.,0.,1.));
#37 = DEFINITIONAL_REPRESENTATION('',(#38),#42);
#38 = LINE('',#39,#40);
#39 = CARTESIAN_POINT('',(0.,0.));
#40 = VECTOR('',#41,1.);
#41 = DIRECTION('',(1.,0.));
#42 = ( GEOMETRIC_REPRESENTATION_CONTEXT(2) 
PARAMETRIC_REPRESENTATION_CONTEXT() REPRESENTATION_CONTEXT('2D SPACE',''
  ) );
#43 = PCURVE('',#44,#49);
#44 = PLANE('',#45);
#45 = AXIS2_PLACEMENT_3D('',#46,#47,#48);
#46 = CARTESIAN_POINT('',(350.,448.,205.));
#47 = DIRECTION('',(-0.,1.,0.));
#48 = DIRECTION('',(0.,0.,1.));
#49 = DEFINITIONAL_REPRESENTATION('',(#50),#54);
#50 = LINE('',#51,#52);
#51 = CARTESIAN_POINT('',(0.,0.));
#52 = VECTOR('',#53,1.);
#53 = DIRECTION('',(1.,0.));
#54 = ( GEOMETRIC_REPRESENTATION_CONTEXT(2) 
PARAMETRIC_REPRESENTATION_CONTEXT() REPRESENTATION_CONTEXT('2D SPACE',''
  ) );
#55 = ORIENTED_EDGE('',*,*,#56,.T.);
#56 = EDGE_CURVE('',#22,#57,#59,.T.);
#57 = VERTEX_POINT('',#58);
#58 = CARTESIAN_POINT('',(350.,457.5,205.));
#59 = SURFACE_CURVE('',#60,(#64,#71),.PCURVE_S1.);
#60 = LINE('',#61,#62);
#61 = CARTESIAN_POINT('',(350.,448.,205.));
#62 = VECTOR('',#63,1.);
#63 = DIRECTION('',(-0.,1.,0.));
#64 = PCURVE('',#32,#65);
#65 = DEFINITIONAL_REPRESENTATION('',(#66),#70);
#66 = LINE('',#67,#68);
#67 = CARTESIAN_POINT('',(0.,0.));
#68 = VECTOR('',#69,1.);
#69 = DIRECTION('',(0.,-1.));
#70 = ( GEOMETRIC_REPRESENTATION_CONTEXT(2) 
PARAMETRIC_REPRESENTATION_CONTEXT() REPRESENTATION_CONTEXT('2D SPACE',''
  ) );
#71 = PCURVE('',#72,#77);
#72 = PLANE('',#73);
#73 = AXIS2_PLACEMENT_3D('',#74,#75,#76);
#74 = CARTESIAN_POINT('',(350.,448.,205.));
#75 = DIRECTION('',(0.,0.,1.));
#76 = DIRECTION('',(1.,0.,-0.));
#77 = DEFINITIONAL_REPRESENTATION('',(#78),#82);
#78 = LINE('',#79,#80);
#79 = CARTESIAN_POINT('',(0.,0.));
#80 = VECTOR('',#81,1.);
#81 = DIRECTION('',(0.,1.));
#82 = ( GEOMETRIC_REPRESENTATION_CONTEXT(2) 
PARAMETRIC_REPRESENTATION_CONTEXT() REPRESENTATION_CONTEXT('2D SPACE',''
  ) );
#83 = ORIENTED_EDGE('',*,*,#84,.F.);
#84 = EDGE_CURVE('',#85,#57,#87,.T.);
#85 = VERTEX_POINT('',#86);
#86 = CARTESIAN_POINT('',(350.,482.5,205.));
#87 = SURFACE_CURVE('',#88,(#93,#100),.PCURVE_S1.);
#88 = CIRCLE('',#89,12.5);
#89 = AXIS2_PLACEMENT_3D('',#90,#91,#92);
#90 = CARTESIAN_POINT('',(350.,470.,205.));
#91 = DIRECTION('',(1.,0.,2.22044604925E-16));
#92 = DIRECTION('',(2.22044604925E-16,0.,-1.));
#93 = PCURVE('',#32,#94);
#94 = DEFINITIONAL_REPRESENTATION('',(#95),#99);
#95 = CIRCLE('',#96,12.5);
#96 = AXIS2_PLACEMENT_2D('',#97,#98);
#97 = CARTESIAN_POINT('',(-2.84217094304E-14,-22.));
#98 = DIRECTION('',(-1.,0.));
#99 = ( GEOMETRIC_REPRESENTATION_CONTEXT(2) 
PARAMETRIC_REPRESENTATION_CONTEXT() REPRESENTATION_CONTEXT('2D SPACE',''
  ) );
#100 = PCURVE('',#101,#106);
#101 = CYLINDRICAL_SURFACE('',#102,12.5);
#102 = AXIS2_PLACEMENT_3D('',#103,#104,#105);
#103 = CARTESIAN_POINT('',(349.,470.,205.));
#104 = DIRECTION('',(1.,0.,2.22044604925E-16));
#105 = DIRECTION('',(2.22044604925E-16,0.,-1.));
#106 = DEFINITIONAL_REPRESENTATION('',(#107),#111);
#107 = LINE('',#108,#109);
#108 = CARTESIAN_POINT('',(0.,1.));
#109 = VECTOR('',#110,1.);
#110 = DIRECTION('',(1.,0.));
#111 = ( GEOMETRIC_REPRESENTATION_CONTEXT(2) 
PARAMETRIC_REPRESENTATION_CONTEXT() REPRESENTATION_CONTEXT('2D SPACE',''
  ) );
#112 = ORIENTED_EDGE('',*,*,#113,.T.);
#113 = EDGE_CURVE('',#85,#114,#116,.T.);
#114 = VERTEX_POINT('',#115);
#115 = CARTESIAN_POINT('',(350.,492.,205.));
#116 = SURFACE_CURVE('',#117,(#121,#128),.PCURVE_S1.);
#117 = LINE('',#118,#119);
#118 = CARTESIAN_POINT('',(350.,448.,205.));
#119 = VECTOR('',#120,1.);
#120 = DIRECTION('',(-0.,1.,0.));
#121 = PCURVE('',#32,#122);
#122 = DEFINITIONAL_REPRESENTATION('',(#123),#127);
#123 = LINE('',#124,#125);
#124 = CARTESIAN_POINT('',(0.,0.));
#125 = VECTOR('',#126,1.);
#126 = DIRECTION('',(0.,-1.));
#127 = ( GEOMETRIC_REPRESENTATION_CONTEXT(2) 
PARAMETRIC_REPRESENTATION_CONTEXT() REPRESENTATION_CONTEXT('2D SPACE',''
  ) );
#128 = PCURVE('',#129,#134);
#129 = PLANE('',#130);
#130 = AXIS2_PLACEMENT_3D('',#131,#132,#133);
#131 = CARTESIAN_POINT('',(350.,448.,205.));
#132 = DIRECTION('',(0.,0.,1.));
#133 = DIRECTION('',(1.,0.,-0.));
#134 = DEFINITIONAL_REPRESENTATION('',(#135),#139);
#135 = LINE('',#136,#137);
#136 = CARTESIAN_POINT('',(0.,0.));
#137 = VECTOR('',#138,1.);
#138 = DIRECTION('',(0.,1.));
#139 = ( GEOMETRIC_REPRESENTATION_CONTEXT(2) 
PARAMETRIC_REPRESENTATION_CONTEXT() REPRESENTATION_CONTEXT('2D SPACE',''
  ) );
#140 = ORIENTED_EDGE('',*,*,#141,.T.);
#141 = EDGE_CURVE('',#114,#142,#144,.T.);
#142 = VERTEX_POINT('',#143);
#143 = CARTESIAN_POINT('',(350.,492.,310.66575549724));
#144 = SURFACE_CURVE('',#145,(#149,#156),.PCURVE_S1.);
#145 = LINE('',#146,#147);
#146 = CARTESIAN_POINT('',(350.,492.,205.));
#147 = VECTOR('',#148,1.);
#148 = DIRECTION('',(0.,0.,1.));
#149 = PCURVE('',#32,#150);
#150 = DEFINITIONAL_REPRESENTATION('',(#151),#155);
#151 = LINE('',#152,#153);
#152 = CARTESIAN_POINT('',(0.,-44.));
#153 = VECTOR('',#154,1.);
#154 = DIRECTION('',(1.,0.));
#155 = ( GEOMETRIC_REPRESENTATION_CONTEXT(2) 
PARAMETRIC_REPRESENTATION_CONTEXT() REPRESENTATION_CONTEXT('2D SPACE',''
  ) );
#156 = PCURVE('',#157,#162);
#157 = PLANE('',#158);
#158 = AXIS2_PLACEMENT_3D('',#159,#160,#161);
#159 = CARTESIAN_POINT('',(350.,492.,205.));
#160 = DIRECTION('',(-0.,1.,0.));
#161 = DIRECTION('',(0.,0.,1.));
#162 = DEFINITIONAL_REPRESENTATION('',(#163),#167);
#163 = LINE('',#164,#165);
#164 = CARTESIAN_POINT('',(0.,0.));
#165 = VECTOR('',#166,1.);
#166 = DIRECTION('',(1.,0.));
#167 = ( GEOMETRIC_REPRESENTATION_CONTEXT(2) 
PARAMETRIC_REPRESENTATION_CONTEXT() REPRESENTATION_CONTEXT('2D SPACE',''
  ) );
#168 = ORIENTED_EDGE('',*,*,#169,.F.);
#169 = EDGE_CURVE('',#24,#142,#170,.T.);
#170 = SURFACE_CURVE('',#171,(#177,#186),.PCURVE_S1.);
#171 = B_SPLINE_CURVE_WITH_KNOTS('',4,(#172,#173,#174,#175,#176),
  .UNSPECIFIED.,.F.,.F.,(5,5),(0.,1.),.PIECEWISE_BEZIER_KNOTS.);
#172 = CARTESIAN_POINT('',(350.,448.,310.49306485391));
#173 = CARTESIAN_POINT('',(350.,459.00001778648,310.53582327793));
#174 = CARTESIAN_POINT('',(350.,470.00002391431,310.57885133282));
#175 = CARTESIAN_POINT('',(350.,481.00001809006,310.62215865729));
#176 = CARTESIAN_POINT('',(350.,492.,310.66575549724));
#177 = PCURVE('',#32,#178);
#178 = DEFINITIONAL_REPRESENTATION('',(#179),#185);
#179 = B_SPLINE_CURVE_WITH_KNOTS('',4,(#180,#181,#182,#183,#184),
  .UNSPECIFIED.,.F.,.F.,(5,5),(0.,1.),.PIECEWISE_BEZIER_KNOTS.);
#180 = CARTESIAN_POINT('',(105.49306485391,0.));
#181 = CARTESIAN_POINT('',(105.53582327793,-11.00001778648));
#182 = CARTESIAN_POINT('',(105.57885133282,-22.00002391431));
#183 = CARTESIAN_POINT('',(105.62215865729,-33.00001809006));
#184 = CARTESIAN_POINT('',(105.66575549724,-44.));
#185 = ( GEOMETRIC_REPRESENTATION_CONTEXT(2) 
PARAMETRIC_REPRESENTATION_CONTEXT() REPRESENTATION_CONTEXT('2D SPACE',''
  ) );
#186 = PCURVE('',#187,#338);
#187 = B_SPLINE_SURFACE_WITH_KNOTS('',3,1,(
    (#188,#189)
    ,(#190,#191)
    ,(#192,#193)
    ,(#194,#195)
    ,(#196,#197)
    ,(#198,#199)
    ,(#200,#201)
    ,(#202,#203)
    ,(#204,#205)
    ,(#206,#207)
    ,(#208,#209)
    ,(#210,#211)
    ,(#212,#213)
    ,(#214,#215)
    ,(#216,#217)
    ,(#218,#219)
    ,(#220,#221)
    ,(#222,#223)
    ,(#224,#225)
    ,(#226,#227)
    ,(#228,#229)
    ,(#230,#231)
    ,(#232,#233)
    ,(#234,#235)
    ,(#236,#237)
    ,(#238,#239)
    ,(#240,#241)
    ,(#242,#243)
    ,(#244,#245)
    ,(#246,#247)
    ,(#248,#249)
    ,(#250,#251)
    ,(#252,#253)
    ,(#254,#255)
    ,(#256,#257)
    ,(#258,#259)
    ,(#260,#261)
    ,(#262,#263)
    ,(#264,#265)
    ,(#266,#267)
    ,(#268,#269)
    ,(#270,#271)
    ,(#272,#273)
    ,(#274,#275)
    ,(#276,#277)
    ,(#278,#279)
    ,(#280,#281)
    ,(#282,#283)
    ,(#284,#285)
    ,(#286,#287)
    ,(#288,#289)
    ,(#290,#291)
    ,(#292,#293)
    ,(#294,#295)
    ,(#296,#297)
    ,(#298,#299)
    ,(#300,#301)
    ,(#302,#303)
    ,(#304,#305)
    ,(#306,#307)
    ,(#308,#309)
    ,(#310,#311)
    ,(#312,#313)
    ,(#314,#315)
    ,(#316,#317)
    ,(#318,#319)
    ,(#320,#321)
    ,(#322,#323)
    ,(#324,#325)
    ,(#326,#327)
    ,(#328,#329)
    ,(#330,#331)
    ,(#332,#333)
    ,(#334,#335)
    ,(#336,#337
    )),.UNSPECIFIED.,.F.,.F.,.F.,(4,1,1,1,1,1,1,1,1,1,1,1,1,1,1,1,1,1,1,
    1,1,1,1,1,1,1,1,1,1,1,1,1,1,1,1,1,1,1,1,1,1,1,1,1,1,1,1,1,1,1,1,1,1,
    1,1,1,1,1,1,1,1,1,1,1,1,1,1,1,1,1,1,1,4),(2,2),(0.,0.602290749098,
    2.404195163889,5.390877787599,9.53783502204,14.811212941833,
    21.168224102279,28.557640970919,36.920344055938,46.189906318227,
    56.293201092913,67.151027277369,78.678751723806,90.786973582017,
    103.38221809289,116.36766772157,129.6439365401,143.1098896733,
    156.66350387727,170.20275863774,183.62654054901,196.83492362716,
    209.7314800419,222.22642362058,234.23415066751,245.67355320591,
    256.46841102628,266.54780885286,275.84668307948,284.30665462902,
    291.87739662659,298.51898314587,304.20614048882,308.93654449672,
    312.74854244333,315.7613401055,318.25492686834,320.63433219259,
    323.37208263219,326.84797765483,331.23690438694,336.60393347605,
    342.96065549783,350.28935173098,358.55356141965,367.70317019168,
    377.67717891754,388.40544688503,399.80998173333,411.80604409517,
    424.30319201548,437.20631608177,450.4168130167,463.83570926025,
    477.36134178096,490.89027054637,504.31890209268,517.54440021883,
    530.4655488931,542.98356380876,555.00285345793,566.43173302487,
    577.18309496217,587.17503935172,596.33146572971,604.58262650798,
    611.86564072992,618.12496569667,623.31282290334,627.3895736743,
    630.32403895349,632.09375710227,632.68517356591),(0.,1.),
  .UNSPECIFIED.);
#188 = CARTESIAN_POINT('',(637.,70.,320.3906));
#189 = CARTESIAN_POINT('',(595.,1.25E+03,320.315));
#190 = CARTESIAN_POINT('',(636.80340329614,70.,320.43129092769));
#191 = CARTESIAN_POINT('',(594.84145427108,1.25E+03,320.34781526427));
#192 = CARTESIAN_POINT('',(636.01859583381,70.,320.59351509148));
#193 = CARTESIAN_POINT('',(594.20854502726,1.25E+03,320.4786412028));
#194 = CARTESIAN_POINT('',(634.25846185191,70.,320.9554453979));
#195 = CARTESIAN_POINT('',(592.78908213864,1.25E+03,320.77052048217));
#196 = CARTESIAN_POINT('',(631.33976128673,70.,321.54937835448));
#197 = CARTESIAN_POINT('',(590.43529136026,1.25E+03,321.24949867297));
#198 = CARTESIAN_POINT('',(627.28466444295,70.,322.36181111259));
#199 = CARTESIAN_POINT('',(587.16505197012,1.25E+03,321.90468638112));
#200 = CARTESIAN_POINT('',(622.12398210385,70.,323.37464352801));
#201 = CARTESIAN_POINT('',(583.00321137407,1.25E+03,322.72148671614));
#202 = CARTESIAN_POINT('',(615.89693789864,70.,324.56588666272));
#203 = CARTESIAN_POINT('',(577.98140153116,1.25E+03,323.68216666348));
#204 = CARTESIAN_POINT('',(608.65087619432,70.,325.91045121194));
#205 = CARTESIAN_POINT('',(572.13780338252,1.25E+03,324.76649291285));
#206 = CARTESIAN_POINT('',(600.44090661875,70.,327.38094578503));
#207 = CARTESIAN_POINT('',(565.51686017641,1.25E+03,325.95237563308));
#208 = CARTESIAN_POINT('',(591.3294871818,70.,328.94842038065));
#209 = CARTESIAN_POINT('',(558.16894127564,1.25E+03,327.21646804891));
#210 = CARTESIAN_POINT('',(581.38594886419,70.,330.58300384588));
#211 = CARTESIAN_POINT('',(550.14995876144,1.25E+03,328.53468052087));
#212 = CARTESIAN_POINT('',(570.68596544341,70.,332.25440394257));
#213 = CARTESIAN_POINT('',(541.52093987372,1.25E+03,329.88258382465));
#214 = CARTESIAN_POINT('',(559.31097312536,70.,333.93226231701));
#215 = CARTESIAN_POINT('',(532.34755897206,1.25E+03,331.23569541694));
#216 = CARTESIAN_POINT('',(547.3475451199,70.,335.5863803047));
#217 = CARTESIAN_POINT('',(522.69963316121,1.25E+03,332.56966153604));
#218 = CARTESIAN_POINT('',(534.88672697412,70.,337.18685466412));
#219 = CARTESIAN_POINT('',(512.65058626945,1.25E+03,333.86036666462));
#220 = CARTESIAN_POINT('',(522.02333789217,70.,338.70417048247));
#221 = CARTESIAN_POINT('',(502.27688539691,1.25E+03,335.0840084536));
#222 = CARTESIAN_POINT('',(508.85524692586,70.,340.10933492597));
#223 = CARTESIAN_POINT('',(491.65745719828,1.25E+03,336.21720558546));
#224 = CARTESIAN_POINT('',(495.48261949529,70.,341.3740213838));
#225 = CARTESIAN_POINT('',(480.87308023814,1.25E+03,337.23711401919));
#226 = CARTESIAN_POINT('',(482.00718125208,70.,342.47111225802));
#227 = CARTESIAN_POINT('',(470.00579133232,1.25E+03,338.12186472421));
#228 = CARTESIAN_POINT('',(468.53135062732,70.,343.37438198446));
#229 = CARTESIAN_POINT('',(459.13818598977,1.25E+03,338.85030805198));
#230 = CARTESIAN_POINT('',(455.15802696957,70.,344.06211583922));
#231 = CARTESIAN_POINT('',(448.35324755611,1.25E+03,339.4049321284));
#232 = CARTESIAN_POINT('',(441.98822273449,70.,344.50695611486));
#233 = CARTESIAN_POINT('',(437.73243768911,1.25E+03,339.76367428618));
#234 = CARTESIAN_POINT('',(429.12046813463,70.,344.60914772089));
#235 = CARTESIAN_POINT('',(427.3552162376,1.25E+03,339.84608687169));
#236 = CARTESIAN_POINT('',(416.65463628733,70.,344.38010644151));
#237 = CARTESIAN_POINT('',(417.30212603817,1.25E+03,339.66137616251));
#238 = CARTESIAN_POINT('',(404.68539323603,70.,343.81758148844));
#239 = CARTESIAN_POINT('',(407.64951067422,1.25E+03,339.20772700681));
#240 = CARTESIAN_POINT('',(393.30383815592,70.,342.93246755051));
#241 = CARTESIAN_POINT('',(398.47083722252,1.25E+03,338.49392544396));
#242 = CARTESIAN_POINT('',(382.59645930631,70.,341.74198637041));
#243 = CARTESIAN_POINT('',(389.83585427928,1.25E+03,337.53385997614));
#244 = CARTESIAN_POINT('',(372.64448934565,70.,340.27101202311));
#245 = CARTESIAN_POINT('',(381.81007205294,1.25E+03,336.34759034122));
#246 = CARTESIAN_POINT('',(363.52315903192,70.,338.55082364881));
#247 = CARTESIAN_POINT('',(374.45416050961,1.25E+03,334.96034165226));
#248 = CARTESIAN_POINT('',(355.30091105374,70.,336.61798358786));
#249 = CARTESIAN_POINT('',(367.82331536592,1.25E+03,333.40159966763));
#250 = CARTESIAN_POINT('',(348.03862230261,70.,334.51267154907));
#251 = CARTESIAN_POINT('',(361.9666308892,1.25E+03,331.70376737828));
#252 = CARTESIAN_POINT('',(341.78817854327,70.,332.27671027268));
#253 = CARTESIAN_POINT('',(356.92595043812,1.25E+03,329.90057280054));
#254 = CARTESIAN_POINT('',(336.59152761053,70.,329.95078205774));
#255 = CARTESIAN_POINT('',(352.73510291172,1.25E+03,328.02482424012));
#256 = CARTESIAN_POINT('',(332.47485236443,70.,327.57034859574));
#257 = CARTESIAN_POINT('',(349.4152035197,1.25E+03,326.10511983528));
#258 = CARTESIAN_POINT('',(329.45100632855,70.,325.15333729453));
#259 = CARTESIAN_POINT('',(346.97661800689,1.25E+03,324.155917173));
#260 = CARTESIAN_POINT('',(327.50675230479,70.,322.6717576955));
#261 = CARTESIAN_POINT('',(345.40867121354,1.25E+03,322.15464330282));
#262 = CARTESIAN_POINT('',(326.77702796178,70.,320.04231483052));
#263 = CARTESIAN_POINT('',(344.82018384015,1.25E+03,320.03412486333));
#264 = CARTESIAN_POINT('',(327.46569209681,70.,317.47928191673));
#265 = CARTESIAN_POINT('',(345.37555814258,1.25E+03,317.96716283607));
#266 = CARTESIAN_POINT('',(329.4591630426,70.,315.32248953036));
#267 = CARTESIAN_POINT('',(346.98319600209,1.25E+03,316.22781413738));
#268 = CARTESIAN_POINT('',(332.50661910615,70.,313.48949954803));
#269 = CARTESIAN_POINT('',(349.4408218598,1.25E+03,314.7495964097));
#270 = CARTESIAN_POINT('',(336.63113951075,70.,311.88637587299));
#271 = CARTESIAN_POINT('',(352.76704799254,1.25E+03,313.45675473628));
#272 = CARTESIAN_POINT('',(341.82820200732,70.,310.50480267368));
#273 = CARTESIAN_POINT('',(356.95822742526,1.25E+03,312.34258280135));
#274 = CARTESIAN_POINT('',(348.07669474647,70.,309.34459996751));
#275 = CARTESIAN_POINT('',(361.99733447295,1.25E+03,311.40693545767));
#276 = CARTESIAN_POINT('',(355.33585946921,70.,308.40884778141));
#277 = CARTESIAN_POINT('',(367.85149957194,1.25E+03,310.65229659791));
#278 = CARTESIAN_POINT('',(363.55435724922,70.,307.6962514395));
#279 = CARTESIAN_POINT('',(374.47932036227,1.25E+03,310.07762212863));
#280 = CARTESIAN_POINT('',(372.67142010936,70.,307.20122419075));
#281 = CARTESIAN_POINT('',(381.83179041077,1.25E+03,309.67840660545));
#282 = CARTESIAN_POINT('',(382.61870105054,70.,306.91303510655));
#283 = CARTESIAN_POINT('',(389.85379116979,1.25E+03,309.44599605367));
#284 = CARTESIAN_POINT('',(393.32107682007,70.,306.81595892845));
#285 = CARTESIAN_POINT('',(398.48473937102,1.25E+03,309.36770881327));
#286 = CARTESIAN_POINT('',(404.69747746548,70.,306.88947157774));
#287 = CARTESIAN_POINT('',(407.65925602055,1.25E+03,309.42699320785));
#288 = CARTESIAN_POINT('',(416.66157505078,70.,307.10937959386));
#289 = CARTESIAN_POINT('',(417.30772181514,1.25E+03,309.60433838215));
#290 = CARTESIAN_POINT('',(429.12256478583,70.,307.44708546485));
#291 = CARTESIAN_POINT('',(427.35690708535,1.25E+03,309.87668182649));
#292 = CARTESIAN_POINT('',(441.98564687791,70.,307.87763194959));
#293 = CARTESIAN_POINT('',(437.73036038541,1.25E+03,310.22389673354));
#294 = CARTESIAN_POINT('',(455.15457720612,70.,308.35450978013));
#295 = CARTESIAN_POINT('',(448.35046548881,1.25E+03,310.60847562914));
#296 = CARTESIAN_POINT('',(468.52705491288,70.,308.93640486547));
#297 = CARTESIAN_POINT('',(459.13472170394,1.25E+03,311.07774585925));
#298 = CARTESIAN_POINT('',(482.0016430931,70.,309.60593381352));
#299 = CARTESIAN_POINT('',(470.00132507508,1.25E+03,311.61768855929));
#300 = CARTESIAN_POINT('',(495.47620538952,70.,310.3380092562));
#301 = CARTESIAN_POINT('',(480.86790757219,1.25E+03,312.2080719808));
#302 = CARTESIAN_POINT('',(508.84821542118,70.,311.11168093457));
#303 = CARTESIAN_POINT('',(491.65178662998,1.25E+03,312.83200075369));
#304 = CARTESIAN_POINT('',(522.01594563162,70.,311.90771854407));
#305 = CARTESIAN_POINT('',(502.27092389647,1.25E+03,313.4739665678));
#306 = CARTESIAN_POINT('',(534.87919486987,70.,312.7097089231));
#307 = CARTESIAN_POINT('',(512.64451199183,1.25E+03,314.1207330025));
#308 = CARTESIAN_POINT('',(547.34006798916,70.,313.50386383375));
#309 = CARTESIAN_POINT('',(522.69360321706,1.25E+03,314.76118051109));
#310 = CARTESIAN_POINT('',(559.30372187257,70.,314.27886493502));
#311 = CARTESIAN_POINT('',(532.34171118755,1.25E+03,315.38618139921));
#312 = CARTESIAN_POINT('',(570.67909234444,70.,315.02546431044));
#313 = CARTESIAN_POINT('',(541.51539705196,1.25E+03,315.9882776697));
#314 = CARTESIAN_POINT('',(581.37959051197,70.,315.73600337522));
#315 = CARTESIAN_POINT('',(550.14483105804,1.25E+03,316.56129304453));
#316 = CARTESIAN_POINT('',(591.32376445958,70.,316.40390514524));
#317 = CARTESIAN_POINT('',(558.16432617708,1.25E+03,317.09992350423));
#318 = CARTESIAN_POINT('',(600.43592093418,70.,317.02321822193));
#319 = CARTESIAN_POINT('',(565.51283946305,1.25E+03,317.59936953382));
#320 = CARTESIAN_POINT('',(608.64670251311,70.,317.58826929926));
#321 = CARTESIAN_POINT('',(572.13443751058,1.25E+03,318.0550558865));
#322 = CARTESIAN_POINT('',(615.89361596277,70.,318.09346219713));
#323 = CARTESIAN_POINT('',(577.97872255062,1.25E+03,318.46246951381));
#324 = CARTESIAN_POINT('',(622.12150783137,70.,318.53323684413));
#325 = CARTESIAN_POINT('',(583.00121599304,1.25E+03,318.8171264872));
#326 = CARTESIAN_POINT('',(627.28298366275,70.,318.90217744599));
#327 = CARTESIAN_POINT('',(587.16369650221,1.25E+03,319.11465923063));
#328 = CARTESIAN_POINT('',(631.33876766058,70.,319.19523776833));
#329 = CARTESIAN_POINT('',(590.43449004885,1.25E+03,319.35099820027));
#330 = CARTESIAN_POINT('',(634.25800015901,70.,319.40803600327));
#331 = CARTESIAN_POINT('',(592.78870980565,1.25E+03,319.52260968006));
#332 = CARTESIAN_POINT('',(636.01847085601,70.,319.53716370946));
#333 = CARTESIAN_POINT('',(594.20844423871,1.25E+03,319.62674492698));
#334 = CARTESIAN_POINT('',(636.8033935894,70.,319.59492125182));
#335 = CARTESIAN_POINT('',(594.84144644306,1.25E+03,319.67332359018));
#336 = CARTESIAN_POINT('',(637.,70.,319.6094));
#337 = CARTESIAN_POINT('',(595.,1.25E+03,319.685));
#338 = DEFINITIONAL_REPRESENTATION('',(#339),#345);
#339 = B_SPLINE_CURVE_WITH_KNOTS('',4,(#340,#341,#342,#343,#344),
  .UNSPECIFIED.,.F.,.F.,(5,5),(0.,1.),.PIECEWISE_BEZIER_KNOTS.);
#340 = CARTESIAN_POINT('',(340.5337148419,0.320338983051));
#341 = CARTESIAN_POINT('',(340.38784429812,0.329661032022));
#342 = CARTESIAN_POINT('',(340.24117361928,0.338983071114));
#343 = CARTESIAN_POINT('',(340.09369082619,0.348305100076));
#344 = CARTESIAN_POINT('',(339.94538338042,0.357627118644));
#345 = ( GEOMETRIC_REPRESENTATION_CONTEXT(2) 
PARAMETRIC_REPRESENTATION_CONTEXT() REPRESENTATION_CONTEXT('2D SPACE',''
  ) );
#346 = ADVANCED_FACE('',(#347),#72,.F.);
#347 = FACE_BOUND('',#348,.F.);
#348 = EDGE_LOOP('',(#349,#350,#373,#401));
#349 = ORIENTED_EDGE('',*,*,#56,.F.);
#350 = ORIENTED_EDGE('',*,*,#351,.T.);
#351 = EDGE_CURVE('',#22,#352,#354,.T.);
#352 = VERTEX_POINT('',#353);
#353 = CARTESIAN_POINT('',(510.,448.,205.));
#354 = SURFACE_CURVE('',#355,(#359,#366),.PCURVE_S1.);
#355 = LINE('',#356,#357);
#356 = CARTESIAN_POINT('',(350.,448.,205.));
#357 = VECTOR('',#358,1.);
#358 = DIRECTION('',(1.,0.,-0.));
#359 = PCURVE('',#72,#360);
#360 = DEFINITIONAL_REPRESENTATION('',(#361),#365);
#361 = LINE('',#362,#363);
#362 = CARTESIAN_POINT('',(0.,0.));
#363 = VECTOR('',#364,1.);
#364 = DIRECTION('',(1.,0.));
#365 = ( GEOMETRIC_REPRESENTATION_CONTEXT(2) 
PARAMETRIC_REPRESENTATION_CONTEXT() REPRESENTATION_CONTEXT('2D SPACE',''
  ) );
#366 = PCURVE('',#44,#367);
#367 = DEFINITIONAL_REPRESENTATION('',(#368),#372);
#368 = LINE('',#369,#370);
#369 = CARTESIAN_POINT('',(0.,0.));
#370 = VECTOR('',#371,1.);
#371 = DIRECTION('',(0.,1.));
#372 = ( GEOMETRIC_REPRESENTATION_CONTEXT(2) 
PARAMETRIC_REPRESENTATION_CONTEXT() REPRESENTATION_CONTEXT('2D SPACE',''
  ) );
#373 = ORIENTED_EDGE('',*,*,#374,.T.);
#374 = EDGE_CURVE('',#352,#375,#377,.T.);
#375 = VERTEX_POINT('',#376);
#376 = CARTESIAN_POINT('',(510.,457.5,205.));
#377 = SURFACE_CURVE('',#378,(#382,#389),.PCURVE_S1.);
#378 = LINE('',#379,#380);
#379 = CARTESIAN_POINT('',(510.,448.,205.));
#380 = VECTOR('',#381,1.);
#381 = DIRECTION('',(-0.,1.,0.));
#382 = PCURVE('',#72,#383);
#383 = DEFINITIONAL_REPRESENTATION('',(#384),#388);
#384 = LINE('',#385,#386);
#385 = CARTESIAN_POINT('',(160.,0.));
#386 = VECTOR('',#387,1.);
#387 = DIRECTION('',(0.,1.));
#388 = ( GEOMETRIC_REPRESENTATION_CONTEXT(2) 
PARAMETRIC_REPRESENTATION_CONTEXT() REPRESENTATION_CONTEXT('2D SPACE',''
  ) );
#389 = PCURVE('',#390,#395);
#390 = PLANE('',#391);
#391 = AXIS2_PLACEMENT_3D('',#392,#393,#394);
#392 = CARTESIAN_POINT('',(510.,448.,205.));
#393 = DIRECTION('',(1.,0.,-0.));
#394 = DIRECTION('',(0.,0.,1.));
#395 = DEFINITIONAL_REPRESENTATION('',(#396),#400);
#396 = LINE('',#397,#398);
#397 = CARTESIAN_POINT('',(0.,0.));
#398 = VECTOR('',#399,1.);
#399 = DIRECTION('',(0.,-1.));
#400 = ( GEOMETRIC_REPRESENTATION_CONTEXT(2) 
PARAMETRIC_REPRESENTATION_CONTEXT() REPRESENTATION_CONTEXT('2D SPACE',''
  ) );
#401 = ORIENTED_EDGE('',*,*,#402,.F.);
#402 = EDGE_CURVE('',#57,#375,#403,.T.);
#403 = SURFACE_CURVE('',#404,(#408,#414),.PCURVE_S1.);
#404 = LINE('',#405,#406);
#405 = CARTESIAN_POINT('',(349.,457.5,205.));
#406 = VECTOR('',#407,1.);
#407 = DIRECTION('',(1.,0.,2.22044604925E-16));
#408 = PCURVE('',#72,#409);
#409 = DEFINITIONAL_REPRESENTATION('',(#410),#413);
#410 = B_SPLINE_CURVE_WITH_KNOTS('',1,(#411,#412),.UNSPECIFIED.,.F.,.F.,
  (2,2),(-6.000000212225E-07,162.0000006),.PIECEWISE_BEZIER_KNOTS.);
#411 = CARTESIAN_POINT('',(-1.0000006,9.5));
#412 = CARTESIAN_POINT('',(161.0000006,9.5));
#413 = ( GEOMETRIC_REPRESENTATION_CONTEXT(2) 
PARAMETRIC_REPRESENTATION_CONTEXT() REPRESENTATION_CONTEXT('2D SPACE',''
  ) );
#414 = PCURVE('',#101,#415);
#415 = DEFINITIONAL_REPRESENTATION('',(#416),#419);
#416 = B_SPLINE_CURVE_WITH_KNOTS('',1,(#417,#418),.UNSPECIFIED.,.F.,.F.,
  (2,2),(-6.000000212225E-07,162.0000006),.PIECEWISE_BEZIER_KNOTS.);
#417 = CARTESIAN_POINT('',(4.712388980385,-6.000000212225E-07));
#418 = CARTESIAN_POINT('',(4.712388980385,162.0000006));
#419 = ( GEOMETRIC_REPRESENTATION_CONTEXT(2) 
PARAMETRIC_REPRESENTATION_CONTEXT() REPRESENTATION_CONTEXT('2D SPACE',''
  ) );
#420 = ADVANCED_FACE('',(#421),#390,.T.);
#421 = FACE_BOUND('',#422,.T.);
#422 = EDGE_LOOP('',(#423,#446,#447,#471,#494,#517));
#423 = ORIENTED_EDGE('',*,*,#424,.F.);
#424 = EDGE_CURVE('',#352,#425,#427,.T.);
#425 = VERTEX_POINT('',#426);
#426 = CARTESIAN_POINT('',(510.,448.,312.06655661625));
#427 = SURFACE_CURVE('',#428,(#432,#439),.PCURVE_S1.);
#428 = LINE('',#429,#430);
#429 = CARTESIAN_POINT('',(510.,448.,205.));
#430 = VECTOR('',#431,1.);
#431 = DIRECTION('',(0.,0.,1.));
#432 = PCURVE('',#390,#433);
#433 = DEFINITIONAL_REPRESENTATION('',(#434),#438);
#434 = LINE('',#435,#436);
#435 = CARTESIAN_POINT('',(0.,0.));
#436 = VECTOR('',#437,1.);
#437 = DIRECTION('',(1.,0.));
#438 = ( GEOMETRIC_REPRESENTATION_CONTEXT(2) 
PARAMETRIC_REPRESENTATION_CONTEXT() REPRESENTATION_CONTEXT('2D SPACE',''
  ) );
#439 = PCURVE('',#44,#440);
#440 = DEFINITIONAL_REPRESENTATION('',(#441),#445);
#441 = LINE('',#442,#443);
#442 = CARTESIAN_POINT('',(0.,160.));
#443 = VECTOR('',#444,1.);
#444 = DIRECTION('',(1.,0.));
#445 = ( GEOMETRIC_REPRESENTATION_CONTEXT(2) 
PARAMETRIC_REPRESENTATION_CONTEXT() REPRESENTATION_CONTEXT('2D SPACE',''
  ) );
#446 = ORIENTED_EDGE('',*,*,#374,.T.);
#447 = ORIENTED_EDGE('',*,*,#448,.F.);
#448 = EDGE_CURVE('',#449,#375,#451,.T.);
#449 = VERTEX_POINT('',#450);
#450 = CARTESIAN_POINT('',(510.,482.5,205.));
#451 = SURFACE_CURVE('',#452,(#457,#464),.PCURVE_S1.);
#452 = CIRCLE('',#453,12.5);
#453 = AXIS2_PLACEMENT_3D('',#454,#455,#456);
#454 = CARTESIAN_POINT('',(510.,470.,205.));
#455 = DIRECTION('',(1.,0.,2.22044604925E-16));
#456 = DIRECTION('',(2.22044604925E-16,0.,-1.));
#457 = PCURVE('',#390,#458);
#458 = DEFINITIONAL_REPRESENTATION('',(#459),#463);
#459 = CIRCLE('',#460,12.5);
#460 = AXIS2_PLACEMENT_2D('',#461,#462);
#461 = CARTESIAN_POINT('',(0.,-22.));
#462 = DIRECTION('',(-1.,0.));
#463 = ( GEOMETRIC_REPRESENTATION_CONTEXT(2) 
PARAMETRIC_REPRESENTATION_CONTEXT() REPRESENTATION_CONTEXT('2D SPACE',''
  ) );
#464 = PCURVE('',#101,#465);
#465 = DEFINITIONAL_REPRESENTATION('',(#466),#470);
#466 = LINE('',#467,#468);
#467 = CARTESIAN_POINT('',(0.,161.));
#468 = VECTOR('',#469,1.);
#469 = DIRECTION('',(1.,0.));
#470 = ( GEOMETRIC_REPRESENTATION_CONTEXT(2) 
PARAMETRIC_REPRESENTATION_CONTEXT() REPRESENTATION_CONTEXT('2D SPACE',''
  ) );
#471 = ORIENTED_EDGE('',*,*,#472,.T.);
#472 = EDGE_CURVE('',#449,#473,#475,.T.);
#473 = VERTEX_POINT('',#474);
#474 = CARTESIAN_POINT('',(510.,492.,205.));
#475 = SURFACE_CURVE('',#476,(#480,#487),.PCURVE_S1.);
#476 = LINE('',#477,#478);
#477 = CARTESIAN_POINT('',(510.,448.,205.));
#478 = VECTOR('',#479,1.);
#479 = DIRECTION('',(-0.,1.,0.));
#480 = PCURVE('',#390,#481);
#481 = DEFINITIONAL_REPRESENTATION('',(#482),#486);
#482 = LINE('',#483,#484);
#483 = CARTESIAN_POINT('',(0.,0.));
#484 = VECTOR('',#485,1.);
#485 = DIRECTION('',(0.,-1.));
#486 = ( GEOMETRIC_REPRESENTATION_CONTEXT(2) 
PARAMETRIC_REPRESENTATION_CONTEXT() REPRESENTATION_CONTEXT('2D SPACE',''
  ) );
#487 = PCURVE('',#129,#488);
#488 = DEFINITIONAL_REPRESENTATION('',(#489),#493);
#489 = LINE('',#490,#491);
#490 = CARTESIAN_POINT('',(160.,0.));
#491 = VECTOR('',#492,1.);
#492 = DIRECTION('',(0.,1.));
#493 = ( GEOMETRIC_REPRESENTATION_CONTEXT(2) 
PARAMETRIC_REPRESENTATION_CONTEXT() REPRESENTATION_CONTEXT('2D SPACE',''
  ) );
#494 = ORIENTED_EDGE('',*,*,#495,.T.);
#495 = EDGE_CURVE('',#473,#496,#498,.T.);
#496 = VERTEX_POINT('',#497);
#497 = CARTESIAN_POINT('',(510.,492.,312.16949627581));
#498 = SURFACE_CURVE('',#499,(#503,#510),.PCURVE_S1.);
#499 = LINE('',#500,#501);
#500 = CARTESIAN_POINT('',(510.,492.,205.));
#501 = VECTOR('',#502,1.);
#502 = DIRECTION('',(0.,0.,1.));
#503 = PCURVE('',#390,#504);
#504 = DEFINITIONAL_REPRESENTATION('',(#505),#509);
#505 = LINE('',#506,#507);
#506 = CARTESIAN_POINT('',(0.,-44.));
#507 = VECTOR('',#508,1.);
#508 = DIRECTION('',(1.,0.));
#509 = ( GEOMETRIC_REPRESENTATION_CONTEXT(2) 
PARAMETRIC_REPRESENTATION_CONTEXT() REPRESENTATION_CONTEXT('2D SPACE',''
  ) );
#510 = PCURVE('',#157,#511);
#511 = DEFINITIONAL_REPRESENTATION('',(#512),#516);
#512 = LINE('',#513,#514);
#513 = CARTESIAN_POINT('',(0.,160.));
#514 = VECTOR('',#515,1.);
#515 = DIRECTION('',(1.,0.));
#516 = ( GEOMETRIC_REPRESENTATION_CONTEXT(2) 
PARAMETRIC_REPRESENTATION_CONTEXT() REPRESENTATION_CONTEXT('2D SPACE',''
  ) );
#517 = ORIENTED_EDGE('',*,*,#518,.F.);
#518 = EDGE_CURVE('',#425,#496,#519,.T.);
#519 = SURFACE_CURVE('',#520,(#526,#535),.PCURVE_S1.);
#520 = B_SPLINE_CURVE_WITH_KNOTS('',4,(#521,#522,#523,#524,#525),
  .UNSPECIFIED.,.F.,.F.,(5,5),(0.,1.),.PIECEWISE_BEZIER_KNOTS.);
#521 = CARTESIAN_POINT('',(510.,448.,312.06655661625));
#522 = CARTESIAN_POINT('',(510.,459.0000242528,312.09228079728));
#523 = CARTESIAN_POINT('',(510.,470.00003254392,312.1180121194));
#524 = CARTESIAN_POINT('',(510.,481.00002456671,312.14375060514));
#525 = CARTESIAN_POINT('',(510.,492.,312.16949627581));
#526 = PCURVE('',#390,#527);
#527 = DEFINITIONAL_REPRESENTATION('',(#528),#534);
#528 = B_SPLINE_CURVE_WITH_KNOTS('',4,(#529,#530,#531,#532,#533),
  .UNSPECIFIED.,.F.,.F.,(5,5),(0.,1.),.PIECEWISE_BEZIER_KNOTS.);
#529 = CARTESIAN_POINT('',(107.06655661625,0.));
#530 = CARTESIAN_POINT('',(107.09228079728,-11.0000242528));
#531 = CARTESIAN_POINT('',(107.1180121194,-22.00003254392));
#532 = CARTESIAN_POINT('',(107.14375060514,-33.00002456671));
#533 = CARTESIAN_POINT('',(107.16949627581,-44.));
#534 = ( GEOMETRIC_REPRESENTATION_CONTEXT(2) 
PARAMETRIC_REPRESENTATION_CONTEXT() REPRESENTATION_CONTEXT('2D SPACE',''
  ) );
#535 = PCURVE('',#187,#536);
#536 = DEFINITIONAL_REPRESENTATION('',(#537),#543);
#537 = B_SPLINE_CURVE_WITH_KNOTS('',4,(#538,#539,#540,#541,#542),
  .UNSPECIFIED.,.F.,.F.,(5,5),(0.,1.),.PIECEWISE_BEZIER_KNOTS.);
#538 = CARTESIAN_POINT('',(511.36494598005,0.320338983051));
#539 = CARTESIAN_POINT('',(511.54984340123,0.329661037502));
#540 = CARTESIAN_POINT('',(511.73568943097,0.338983078427));
#541 = CARTESIAN_POINT('',(511.9224950097,0.348305105565));
#542 = CARTESIAN_POINT('',(512.11027142062,0.357627118644));
#543 = ( GEOMETRIC_REPRESENTATION_CONTEXT(2) 
PARAMETRIC_REPRESENTATION_CONTEXT() REPRESENTATION_CONTEXT('2D SPACE',''
  ) );
#544 = ADVANCED_FACE('',(#545),#101,.F.);
#545 = FACE_BOUND('',#546,.F.);
#546 = EDGE_LOOP('',(#547,#566,#567,#568));
#547 = ORIENTED_EDGE('',*,*,#548,.F.);
#548 = EDGE_CURVE('',#85,#449,#549,.T.);
#549 = SURFACE_CURVE('',#550,(#554,#560),.PCURVE_S1.);
#550 = LINE('',#551,#552);
#551 = CARTESIAN_POINT('',(349.,482.5,205.));
#552 = VECTOR('',#553,1.);
#553 = DIRECTION('',(1.,0.,2.22044604925E-16));
#554 = PCURVE('',#101,#555);
#555 = DEFINITIONAL_REPRESENTATION('',(#556),#559);
#556 = B_SPLINE_CURVE_WITH_KNOTS('',1,(#557,#558),.UNSPECIFIED.,.F.,.F.,
  (2,2),(-6.000000212225E-07,162.0000006),.PIECEWISE_BEZIER_KNOTS.);
#557 = CARTESIAN_POINT('',(1.570796326795,-6.000000212225E-07));
#558 = CARTESIAN_POINT('',(1.570796326795,162.0000006));
#559 = ( GEOMETRIC_REPRESENTATION_CONTEXT(2) 
PARAMETRIC_REPRESENTATION_CONTEXT() REPRESENTATION_CONTEXT('2D SPACE',''
  ) );
#560 = PCURVE('',#129,#561);
#561 = DEFINITIONAL_REPRESENTATION('',(#562),#565);
#562 = B_SPLINE_CURVE_WITH_KNOTS('',1,(#563,#564),.UNSPECIFIED.,.F.,.F.,
  (2,2),(-6.000000212225E-07,162.0000006),.PIECEWISE_BEZIER_KNOTS.);
#563 = CARTESIAN_POINT('',(-1.0000006,34.5));
#564 = CARTESIAN_POINT('',(161.0000006,34.5));
#565 = ( GEOMETRIC_REPRESENTATION_CONTEXT(2) 
PARAMETRIC_REPRESENTATION_CONTEXT() REPRESENTATION_CONTEXT('2D SPACE',''
  ) );
#566 = ORIENTED_EDGE('',*,*,#84,.T.);
#567 = ORIENTED_EDGE('',*,*,#402,.T.);
#568 = ORIENTED_EDGE('',*,*,#448,.F.);
#569 = ADVANCED_FACE('',(#570),#129,.F.);
#570 = FACE_BOUND('',#571,.F.);
#571 = EDGE_LOOP('',(#572,#573,#574,#575));
#572 = ORIENTED_EDGE('',*,*,#113,.F.);
#573 = ORIENTED_EDGE('',*,*,#548,.T.);
#574 = ORIENTED_EDGE('',*,*,#472,.T.);
#575 = ORIENTED_EDGE('',*,*,#576,.F.);
#576 = EDGE_CURVE('',#114,#473,#577,.T.);
#577 = SURFACE_CURVE('',#578,(#582,#589),.PCURVE_S1.);
#578 = LINE('',#579,#580);
#579 = CARTESIAN_POINT('',(350.,492.,205.));
#580 = VECTOR('',#581,1.);
#581 = DIRECTION('',(1.,0.,-0.));
#582 = PCURVE('',#129,#583);
#583 = DEFINITIONAL_REPRESENTATION('',(#584),#588);
#584 = LINE('',#585,#586);
#585 = CARTESIAN_POINT('',(0.,44.));
#586 = VECTOR('',#587,1.);
#587 = DIRECTION('',(1.,0.));
#588 = ( GEOMETRIC_REPRESENTATION_CONTEXT(2) 
PARAMETRIC_REPRESENTATION_CONTEXT() REPRESENTATION_CONTEXT('2D SPACE',''
  ) );
#589 = PCURVE('',#157,#590);
#590 = DEFINITIONAL_REPRESENTATION('',(#591),#595);
#591 = LINE('',#592,#593);
#592 = CARTESIAN_POINT('',(0.,0.));
#593 = VECTOR('',#594,1.);
#594 = DIRECTION('',(0.,1.));
#595 = ( GEOMETRIC_REPRESENTATION_CONTEXT(2) 
PARAMETRIC_REPRESENTATION_CONTEXT() REPRESENTATION_CONTEXT('2D SPACE',''
  ) );
#596 = ADVANCED_FACE('',(#597),#157,.T.);
#597 = FACE_BOUND('',#598,.T.);
#598 = EDGE_LOOP('',(#599,#600,#601,#602));
#599 = ORIENTED_EDGE('',*,*,#495,.F.);
#600 = ORIENTED_EDGE('',*,*,#576,.F.);
#601 = ORIENTED_EDGE('',*,*,#141,.T.);
#602 = ORIENTED_EDGE('',*,*,#603,.F.);
#603 = EDGE_CURVE('',#496,#142,#604,.T.);
#604 = SURFACE_CURVE('',#605,(#776,#950),.PCURVE_S1.);
#605 = B_SPLINE_CURVE_WITH_KNOTS('',8,(#606,#607,#608,#609,#610,#611,
    #612,#613,#614,#615,#616,#617,#618,#619,#620,#621,#622,#623,#624,
    #625,#626,#627,#628,#629,#630,#631,#632,#633,#634,#635,#636,#637,
    #638,#639,#640,#641,#642,#643,#644,#645,#646,#647,#648,#649,#650,
    #651,#652,#653,#654,#655,#656,#657,#658,#659,#660,#661,#662,#663,
    #664,#665,#666,#667,#668,#669,#670,#671,#672,#673,#674,#675,#676,
    #677,#678,#679,#680,#681,#682,#683,#684,#685,#686,#687,#688,#689,
    #690,#691,#692,#693,#694,#695,#696,#697,#698,#699,#700,#701,#702,
    #703,#704,#705,#706,#707,#708,#709,#710,#711,#712,#713,#714,#715,
    #716,#717,#718,#719,#720,#721,#722,#723,#724,#725,#726,#727,#728,
    #729,#730,#731,#732,#733,#734,#735,#736,#737,#738,#739,#740,#741,
    #742,#743,#744,#745,#746,#747,#748,#749,#750,#751,#752,#753,#754,
    #755,#756,#757,#758,#759,#760,#761,#762,#763,#764,#765,#766,#767,
    #768,#769,#770,#771,#772,#773,#774,#775),.UNSPECIFIED.,.F.,.F.,(9,7,
    7,7,7,7,7,7,7,7,7,7,7,7,7,7,7,7,7,7,7,7,7,7,9),(0.,
    3.463021601874E-02,0.104452630071,0.155900730499,0.196324239832,
    0.255122078681,0.317594813554,0.346993751098,0.391092144319,
    0.43519054922,0.497663250624,0.527062157566,0.560135928858,
    0.58585998079,0.633633246636,0.670381943972,0.696106054701,
    0.740204600332,0.784303208893,0.835751768099,0.876175711833,
    0.90557497165,0.927624426188,0.964373392197,1.),.UNSPECIFIED.);
#606 = CARTESIAN_POINT('',(510.,492.,312.16949627581));
#607 = CARTESIAN_POINT('',(509.30758817463,492.,312.1275578816));
#608 = CARTESIAN_POINT('',(508.61517046448,492.,312.08571666515));
#609 = CARTESIAN_POINT('',(507.92274675204,492.,312.04397483455));
#610 = CARTESIAN_POINT('',(507.23031692041,492.,312.00233459789));
#611 = CARTESIAN_POINT('',(506.53788085336,492.,311.96079816333));
#612 = CARTESIAN_POINT('',(505.84543843527,492.,311.91936773904));
#613 = CARTESIAN_POINT('',(505.15298955113,492.,311.87804553324));
#614 = CARTESIAN_POINT('',(503.0643859329,492.,311.75374140792));
#615 = CARTESIAN_POINT('',(501.66821099798,492.,311.67109865146));
#616 = CARTESIAN_POINT('',(500.27200857626,492.,311.58891832853));
#617 = CARTESIAN_POINT('',(498.87577718346,492.,311.50723120935));
#618 = CARTESIAN_POINT('',(497.47951567834,492.,311.42606068066));
#619 = CARTESIAN_POINT('',(496.08322306171,492.,311.34542729136));
#620 = CARTESIAN_POINT('',(494.68689806365,492.,311.26535808199));
#621 = CARTESIAN_POINT('',(492.26164382455,492.,311.1273096));
#622 = CARTESIAN_POINT('',(491.23272985723,492.,311.06906255822));
#623 = CARTESIAN_POINT('',(490.2037972991,492.,311.01114325747));
#624 = CARTESIAN_POINT('',(489.17484571831,492.,310.95356107966));
#625 = CARTESIAN_POINT('',(488.14587465064,492.,310.89632695152));
#626 = CARTESIAN_POINT('',(487.11688360081,492.,310.83945320435));
#627 = CARTESIAN_POINT('',(486.08787207453,492.,310.78295237427));
#628 = CARTESIAN_POINT('',(484.25031412069,492.,310.68274267355));
#629 = CARTESIAN_POINT('',(483.44177569517,492.,310.63888727879));
#630 = CARTESIAN_POINT('',(482.63322414415,492.,310.59527436995));
#631 = CARTESIAN_POINT('',(481.82465924715,492.,310.55190955825));
#632 = CARTESIAN_POINT('',(481.01608078374,492.,310.50879845492));
#633 = CARTESIAN_POINT('',(480.20748853345,492.,310.46594667117));
#634 = CARTESIAN_POINT('',(479.39888227585,492.,310.42335981825));
#635 = CARTESIAN_POINT('',(477.41408639714,492.,310.31949250229));
#636 = CARTESIAN_POINT('',(476.23788097922,492.,310.25851355248));
#637 = CARTESIAN_POINT('',(475.06164494003,492.,310.19812295735));
#638 = CARTESIAN_POINT('',(473.8853772037,492.,310.13835187772));
#639 = CARTESIAN_POINT('',(472.70907699243,492.,310.07922348266));
#640 = CARTESIAN_POINT('',(471.53274362402,492.,310.0207588263));
#641 = CARTESIAN_POINT('',(470.35637619666,492.,309.96298611806));
#642 = CARTESIAN_POINT('',(467.93004610163,492.,309.84530382313));
#643 = CARTESIAN_POINT('',(466.68007887273,492.,309.7854874197));
#644 = CARTESIAN_POINT('',(465.430071858,492.,309.72650421818));
#645 = CARTESIAN_POINT('',(464.18002349392,492.,309.66839074177));
#646 = CARTESIAN_POINT('',(462.92993256427,492.,309.61117883908));
#647 = CARTESIAN_POINT('',(461.67980125133,492.,309.55487195027));
#648 = CARTESIAN_POINT('',(460.42962787926,492.,309.49950724506));
#649 = CARTESIAN_POINT('',(458.59107650841,492.,309.41950094663));
#650 = CARTESIAN_POINT('',(458.00273084798,492.,309.39411178732));
#651 = CARTESIAN_POINT('',(457.41437601883,492.,309.36893790528));
#652 = CARTESIAN_POINT('',(456.8260120265,492.,309.34398171952));
#653 = CARTESIAN_POINT('',(456.23763887659,492.,309.31924564904));
#654 = CARTESIAN_POINT('',(455.64925657466,492.,309.29473211287));
#655 = CARTESIAN_POINT('',(455.06086512628,492.,309.27044353001));
#656 = CARTESIAN_POINT('',(453.58986391523,492.,309.21029051437));
#657 = CARTESIAN_POINT('',(452.70724249511,492.,309.17471151556));
#658 = CARTESIAN_POINT('',(451.82460113827,492.,309.13963367762));
#659 = CARTESIAN_POINT('',(450.94193575811,492.,309.10517367434));
#660 = CARTESIAN_POINT('',(450.05925578756,492.,309.07108305944));
#661 = CARTESIAN_POINT('',(449.1765561631,492.,309.03750656117));
#662 = CARTESIAN_POINT('',(448.29384155135,492.,309.00432395615));
#663 = CARTESIAN_POINT('',(446.52838281559,492.,308.93873846145));
#664 = CARTESIAN_POINT('',(445.64563863625,492.,308.90633183893));
#665 = CARTESIAN_POINT('',(444.76288107374,492.,308.87428036087));
#666 = CARTESIAN_POINT('',(443.88011143932,492.,308.84255304494));
#667 = CARTESIAN_POINT('',(442.99733104424,492.,308.81111891116));
#668 = CARTESIAN_POINT('',(442.11454119961,492.,308.77994698195));
#669 = CARTESIAN_POINT('',(441.23174321651,492.,308.74900628208));
#670 = CARTESIAN_POINT('',(439.09829903577,492.,308.67471690429));
#671 = CARTESIAN_POINT('',(437.84764578076,492.,308.63157177703));
#672 = CARTESIAN_POINT('',(436.59697619176,492.,308.58890828221));
#673 = CARTESIAN_POINT('',(435.34628789692,492.,308.54680424772));
#674 = CARTESIAN_POINT('',(434.09557860172,492.,308.50533750398));
#675 = CARTESIAN_POINT('',(432.84484608896,492.,308.46458588397));
#676 = CARTESIAN_POINT('',(431.59408821872,492.,308.42462722322));
#677 = CARTESIAN_POINT('',(429.75469831345,492.,308.36714507828));
#678 = CARTESIAN_POINT('',(429.16608761382,492.,308.34894352108));
#679 = CARTESIAN_POINT('',(428.57747052126,492.,308.3309433853));
#680 = CARTESIAN_POINT('',(427.98884680797,492.,308.31315262434));
#681 = CARTESIAN_POINT('',(427.40021632659,492.,308.29557844794));
#682 = CARTESIAN_POINT('',(426.81157901017,492.,308.27822732217));
#683 = CARTESIAN_POINT('',(426.22293487219,492.,308.26110496945));
#684 = CARTESIAN_POINT('',(424.97205176308,492.,308.22521669194));
#685 = CARTESIAN_POINT('',(424.30981090103,492.,308.20651361079));
#686 = CARTESIAN_POINT('',(423.64756137824,492.,308.18811574409));
#687 = CARTESIAN_POINT('',(422.98530315257,492.,308.17003171084));
#688 = CARTESIAN_POINT('',(422.32303618186,492.,308.15227013006));
#689 = CARTESIAN_POINT('',(421.66076042396,492.,308.13483962074));
#690 = CARTESIAN_POINT('',(420.99847583671,492.,308.1177488019));
#691 = CARTESIAN_POINT('',(419.8210650913,492.,308.08798433695));
#692 = CARTESIAN_POINT('',(419.30594245946,492.,308.07517327666));
#693 = CARTESIAN_POINT('',(418.79081446732,492.,308.06257689427));
#694 = CARTESIAN_POINT('',(418.27568110485,492.,308.05019911858));
#695 = CARTESIAN_POINT('',(417.76054236721,492.,308.03804402456));
#696 = CARTESIAN_POINT('',(417.24539825465,492.,308.02611583338));
#697 = CARTESIAN_POINT('',(416.7302487726,492.,308.0144189124));
#698 = CARTESIAN_POINT('',(415.2583772668,492.,307.98167279419));
#699 = CARTESIAN_POINT('',(414.30164215361,492.,307.96120396431));
#700 = CARTESIAN_POINT('',(413.34488875527,492.,307.94159071771));
#701 = CARTESIAN_POINT('',(412.38811731009,492.,307.92287248819));
#702 = CARTESIAN_POINT('',(411.43132813143,492.,307.9050887111));
#703 = CARTESIAN_POINT('',(410.47452160766,492.,307.8882788234));
#704 = CARTESIAN_POINT('',(409.51769820224,492.,307.87248226363));
#705 = CARTESIAN_POINT('',(407.8248272509,492.,307.84639708406));
#706 = CARTESIAN_POINT('',(407.0887863498,492.,307.83567778803));
#707 = CARTESIAN_POINT('',(406.3527362009,492.,307.82560239298));
#708 = CARTESIAN_POINT('',(405.61667676988,492.,307.81618350226));
#709 = CARTESIAN_POINT('',(404.88060828767,492.,307.80743758917));
#710 = CARTESIAN_POINT('',(404.14453150221,492.,307.79938944011));
#711 = CARTESIAN_POINT('',(403.40844743189,492.,307.79206796515));
#712 = CARTESIAN_POINT('',(402.15709260027,492.,307.78089115977));
#713 = CARTESIAN_POINT('',(401.64182530468,492.,307.77665527301));
#714 = CARTESIAN_POINT('',(401.12655502569,492.,307.7727938425));
#715 = CARTESIAN_POINT('',(400.61128205507,492.,307.7693149949));
#716 = CARTESIAN_POINT('',(400.09600668457,492.,307.76622685686));
#717 = CARTESIAN_POINT('',(399.58072920598,492.,307.76353755505));
#718 = CARTESIAN_POINT('',(399.06544991105,492.,307.76125521612));
#719 = CARTESIAN_POINT('',(397.66682913978,492.,307.75618696266));
#720 = CARTESIAN_POINT('',(396.78348496177,492.,307.75420811983));
#721 = CARTESIAN_POINT('',(395.90013687266,492.,307.75347444319));
#722 = CARTESIAN_POINT('',(395.01679102189,492.,307.7540904307));
#723 = CARTESIAN_POINT('',(394.13344018082,492.,307.75596865627));
#724 = CARTESIAN_POINT('',(393.25009649536,492.,307.75929080929));
#725 = CARTESIAN_POINT('',(392.36675919184,492.,307.76405868188));
#726 = CARTESIAN_POINT('',(390.60010544267,492.,307.77663289744));
#727 = CARTESIAN_POINT('',(389.71678906692,492.,307.78443839293));
#728 = CARTESIAN_POINT('',(388.83348669367,492.,307.7938140034));
#729 = CARTESIAN_POINT('',(387.95020445513,492.,307.80484079505));
#730 = CARTESIAN_POINT('',(387.06694178913,492.,307.81753204402));
#731 = CARTESIAN_POINT('',(386.18370914229,492.,307.83200743007));
#732 = CARTESIAN_POINT('',(385.30050515784,492.,307.84826768541));
#733 = CARTESIAN_POINT('',(383.38697370505,492.,307.88757595814));
#734 = CARTESIAN_POINT('',(382.35665978972,492.,307.91130405642));
#735 = CARTESIAN_POINT('',(381.32640876636,492.,307.93773331903));
#736 = CARTESIAN_POINT('',(380.29623345023,492.,307.96700281177));
#737 = CARTESIAN_POINT('',(379.26614744178,492.,307.99925157256));
#738 = CARTESIAN_POINT('',(378.23616512675,492.,308.03461861143));
#739 = CARTESIAN_POINT('',(377.20630167612,492.,308.07324291051));
#740 = CARTESIAN_POINT('',(375.36749903426,492.,308.14827960367));
#741 = CARTESIAN_POINT('',(374.55850449926,492.,308.18338888858));
#742 = CARTESIAN_POINT('',(373.74960017146,492.,308.22066574841));
#743 = CARTESIAN_POINT('',(372.94080451624,492.,308.26024674497));
#744 = CARTESIAN_POINT('',(372.13213161504,492.,308.30223330386));
#745 = CARTESIAN_POINT('',(371.32359447302,492.,308.34671828255));
#746 = CARTESIAN_POINT('',(370.51521004233,492.,308.39382613062));
#747 = CARTESIAN_POINT('',(369.11919693214,492.,308.47989669447));
#748 = CARTESIAN_POINT('',(368.53149249398,492.,308.51758503493));
#749 = CARTESIAN_POINT('',(367.94388034132,492.,308.5567482567));
#750 = CARTESIAN_POINT('',(367.35636493092,492.,308.59742423069));
#751 = CARTESIAN_POINT('',(366.76895377064,492.,308.63966190048));
#752 = CARTESIAN_POINT('',(366.18165741946,492.,308.68352128235));
#753 = CARTESIAN_POINT('',(365.59448948747,492.,308.72907346523));
#754 = CARTESIAN_POINT('',(364.56719930392,492.,308.81189598546));
#755 = CARTESIAN_POINT('',(364.12701267492,492.,308.84838739118));
#756 = CARTESIAN_POINT('',(363.68691233168,492.,308.88590465373));
#757 = CARTESIAN_POINT('',(363.24690385706,492.,308.92447759896));
#758 = CARTESIAN_POINT('',(362.8069928339,492.,308.96413605269));
#759 = CARTESIAN_POINT('',(362.36718484504,492.,309.00490984077));
#760 = CARTESIAN_POINT('',(361.92748547334,492.,309.04682878902));
#761 = CARTESIAN_POINT('',(360.75526083859,492.,309.16174570297));
#762 = CARTESIAN_POINT('',(360.02294033662,492.,309.23685646391));
#763 = CARTESIAN_POINT('',(359.29094723112,492.,309.31531576434));
#764 = CARTESIAN_POINT('',(358.55931786634,492.,309.39728602333));
#765 = CARTESIAN_POINT('',(357.82810958557,492.,309.48301380421));
#766 = CARTESIAN_POINT('',(357.09739189811,492.,309.57279408444));
#767 = CARTESIAN_POINT('',(356.36723572298,492.,309.66691631213));
#768 = CARTESIAN_POINT('',(354.93044658412,492.,309.86125450261));
#769 = CARTESIAN_POINT('',(354.22376835089,492.,309.96117207942));
#770 = CARTESIAN_POINT('',(353.51776776061,492.,310.06574508171));
#771 = CARTESIAN_POINT('',(352.81243759489,492.,310.1749793886));
#772 = CARTESIAN_POINT('',(352.10782588466,492.,310.28904332945));
#773 = CARTESIAN_POINT('',(351.40409087417,492.,310.4084576556));
#774 = CARTESIAN_POINT('',(350.70144673074,492.,310.53391881033));
#775 = CARTESIAN_POINT('',(350.,492.,310.66575549724));
#776 = PCURVE('',#157,#777);
#777 = DEFINITIONAL_REPRESENTATION('',(#778),#949);
#778 = B_SPLINE_CURVE_WITH_KNOTS('',8,(#779,#780,#781,#782,#783,#784,
    #785,#786,#787,#788,#789,#790,#791,#792,#793,#794,#795,#796,#797,
    #798,#799,#800,#801,#802,#803,#804,#805,#806,#807,#808,#809,#810,
    #811,#812,#813,#814,#815,#816,#817,#818,#819,#820,#821,#822,#823,
    #824,#825,#826,#827,#828,#829,#830,#831,#832,#833,#834,#835,#836,
    #837,#838,#839,#840,#841,#842,#843,#844,#845,#846,#847,#848,#849,
    #850,#851,#852,#853,#854,#855,#856,#857,#858,#859,#860,#861,#862,
    #863,#864,#865,#866,#867,#868,#869,#870,#871,#872,#873,#874,#875,
    #876,#877,#878,#879,#880,#881,#882,#883,#884,#885,#886,#887,#888,
    #889,#890,#891,#892,#893,#894,#895,#896,#897,#898,#899,#900,#901,
    #902,#903,#904,#905,#906,#907,#908,#909,#910,#911,#912,#913,#914,
    #915,#916,#917,#918,#919,#920,#921,#922,#923,#924,#925,#926,#927,
    #928,#929,#930,#931,#932,#933,#934,#935,#936,#937,#938,#939,#940,
    #941,#942,#943,#944,#945,#946,#947,#948),.UNSPECIFIED.,.F.,.F.,(9,7,
    7,7,7,7,7,7,7,7,7,7,7,7,7,7,7,7,7,7,7,7,7,7,9),(0.,
    3.463021601874E-02,0.104452630071,0.155900730499,0.196324239832,
    0.255122078681,0.317594813554,0.346993751098,0.391092144319,
    0.43519054922,0.497663250624,0.527062157566,0.560135928858,
    0.58585998079,0.633633246636,0.670381943972,0.696106054701,
    0.740204600332,0.784303208893,0.835751768099,0.876175711833,
    0.90557497165,0.927624426188,0.964373392197,1.),.UNSPECIFIED.);
#779 = CARTESIAN_POINT('',(107.16949627581,160.));
#780 = CARTESIAN_POINT('',(107.1275578816,159.30758817463));
#781 = CARTESIAN_POINT('',(107.08571666515,158.61517046448));
#782 = CARTESIAN_POINT('',(107.04397483455,157.92274675204));
#783 = CARTESIAN_POINT('',(107.00233459789,157.23031692041));
#784 = CARTESIAN_POINT('',(106.96079816333,156.53788085336));
#785 = CARTESIAN_POINT('',(106.91936773904,155.84543843527));
#786 = CARTESIAN_POINT('',(106.87804553324,155.15298955113));
#787 = CARTESIAN_POINT('',(106.75374140792,153.0643859329));
#788 = CARTESIAN_POINT('',(106.67109865146,151.66821099798));
#789 = CARTESIAN_POINT('',(106.58891832853,150.27200857626));
#790 = CARTESIAN_POINT('',(106.50723120935,148.87577718346));
#791 = CARTESIAN_POINT('',(106.42606068066,147.47951567834));
#792 = CARTESIAN_POINT('',(106.34542729136,146.08322306171));
#793 = CARTESIAN_POINT('',(106.26535808199,144.68689806365));
#794 = CARTESIAN_POINT('',(106.1273096,142.26164382455));
#795 = CARTESIAN_POINT('',(106.06906255822,141.23272985723));
#796 = CARTESIAN_POINT('',(106.01114325747,140.2037972991));
#797 = CARTESIAN_POINT('',(105.95356107966,139.17484571831));
#798 = CARTESIAN_POINT('',(105.89632695152,138.14587465064));
#799 = CARTESIAN_POINT('',(105.83945320435,137.11688360081));
#800 = CARTESIAN_POINT('',(105.78295237427,136.08787207453));
#801 = CARTESIAN_POINT('',(105.68274267355,134.25031412069));
#802 = CARTESIAN_POINT('',(105.63888727879,133.44177569517));
#803 = CARTESIAN_POINT('',(105.59527436995,132.63322414415));
#804 = CARTESIAN_POINT('',(105.55190955825,131.82465924715));
#805 = CARTESIAN_POINT('',(105.50879845492,131.01608078374));
#806 = CARTESIAN_POINT('',(105.46594667117,130.20748853345));
#807 = CARTESIAN_POINT('',(105.42335981825,129.39888227585));
#808 = CARTESIAN_POINT('',(105.31949250229,127.41408639714));
#809 = CARTESIAN_POINT('',(105.25851355248,126.23788097922));
#810 = CARTESIAN_POINT('',(105.19812295735,125.06164494003));
#811 = CARTESIAN_POINT('',(105.13835187772,123.8853772037));
#812 = CARTESIAN_POINT('',(105.07922348266,122.70907699243));
#813 = CARTESIAN_POINT('',(105.0207588263,121.53274362402));
#814 = CARTESIAN_POINT('',(104.96298611806,120.35637619666));
#815 = CARTESIAN_POINT('',(104.84530382313,117.93004610163));
#816 = CARTESIAN_POINT('',(104.7854874197,116.68007887273));
#817 = CARTESIAN_POINT('',(104.72650421818,115.430071858));
#818 = CARTESIAN_POINT('',(104.66839074177,114.18002349392));
#819 = CARTESIAN_POINT('',(104.61117883908,112.92993256427));
#820 = CARTESIAN_POINT('',(104.55487195027,111.67980125133));
#821 = CARTESIAN_POINT('',(104.49950724506,110.42962787926));
#822 = CARTESIAN_POINT('',(104.41950094663,108.59107650841));
#823 = CARTESIAN_POINT('',(104.39411178732,108.00273084798));
#824 = CARTESIAN_POINT('',(104.36893790528,107.41437601883));
#825 = CARTESIAN_POINT('',(104.34398171952,106.8260120265));
#826 = CARTESIAN_POINT('',(104.31924564904,106.23763887659));
#827 = CARTESIAN_POINT('',(104.29473211287,105.64925657466));
#828 = CARTESIAN_POINT('',(104.27044353001,105.06086512628));
#829 = CARTESIAN_POINT('',(104.21029051437,103.58986391523));
#830 = CARTESIAN_POINT('',(104.17471151556,102.70724249511));
#831 = CARTESIAN_POINT('',(104.13963367762,101.82460113827));
#832 = CARTESIAN_POINT('',(104.10517367434,100.94193575811));
#833 = CARTESIAN_POINT('',(104.07108305944,100.05925578756));
#834 = CARTESIAN_POINT('',(104.03750656117,99.176556163101));
#835 = CARTESIAN_POINT('',(104.00432395615,98.293841551358));
#836 = CARTESIAN_POINT('',(103.93873846145,96.528382815594));
#837 = CARTESIAN_POINT('',(103.90633183893,95.645638636259));
#838 = CARTESIAN_POINT('',(103.87428036087,94.76288107374));
#839 = CARTESIAN_POINT('',(103.84255304494,93.880111439329));
#840 = CARTESIAN_POINT('',(103.81111891116,92.997331044241));
#841 = CARTESIAN_POINT('',(103.77994698195,92.114541199616));
#842 = CARTESIAN_POINT('',(103.74900628208,91.231743216517));
#843 = CARTESIAN_POINT('',(103.67471690429,89.098299035777));
#844 = CARTESIAN_POINT('',(103.63157177703,87.847645780768));
#845 = CARTESIAN_POINT('',(103.58890828221,86.59697619176));
#846 = CARTESIAN_POINT('',(103.54680424772,85.346287896922));
#847 = CARTESIAN_POINT('',(103.50533750398,84.095578601728));
#848 = CARTESIAN_POINT('',(103.46458588397,82.844846088964));
#849 = CARTESIAN_POINT('',(103.42462722322,81.59408821872));
#850 = CARTESIAN_POINT('',(103.36714507828,79.754698313456));
#851 = CARTESIAN_POINT('',(103.34894352108,79.16608761382));
#852 = CARTESIAN_POINT('',(103.3309433853,78.57747052126));
#853 = CARTESIAN_POINT('',(103.31315262434,77.988846807975));
#854 = CARTESIAN_POINT('',(103.29557844794,77.400216326595));
#855 = CARTESIAN_POINT('',(103.27822732217,76.811579010173));
#856 = CARTESIAN_POINT('',(103.26110496945,76.222934872195));
#857 = CARTESIAN_POINT('',(103.22521669194,74.972051763088));
#858 = CARTESIAN_POINT('',(103.20651361079,74.30981090103));
#859 = CARTESIAN_POINT('',(103.18811574409,73.647561378244));
#860 = CARTESIAN_POINT('',(103.17003171084,72.985303152575));
#861 = CARTESIAN_POINT('',(103.15227013006,72.323036181868));
#862 = CARTESIAN_POINT('',(103.13483962074,71.660760423967));
#863 = CARTESIAN_POINT('',(103.1177488019,70.998475836718));
#864 = CARTESIAN_POINT('',(103.08798433695,69.8210650913));
#865 = CARTESIAN_POINT('',(103.07517327666,69.305942459467));
#866 = CARTESIAN_POINT('',(103.06257689427,68.790814467322));
#867 = CARTESIAN_POINT('',(103.05019911858,68.275681104858));
#868 = CARTESIAN_POINT('',(103.03804402456,67.760542367211));
#869 = CARTESIAN_POINT('',(103.02611583338,67.245398254654));
#870 = CARTESIAN_POINT('',(103.0144189124,66.730248772604));
#871 = CARTESIAN_POINT('',(102.98167279419,65.258377266808));
#872 = CARTESIAN_POINT('',(102.9612039643,64.30164215361));
#873 = CARTESIAN_POINT('',(102.94159071771,63.344888755274));
#874 = CARTESIAN_POINT('',(102.92287248819,62.388117310099));
#875 = CARTESIAN_POINT('',(102.9050887111,61.431328131432));
#876 = CARTESIAN_POINT('',(102.8882788234,60.474521607667));
#877 = CARTESIAN_POINT('',(102.87248226363,59.517698202244));
#878 = CARTESIAN_POINT('',(102.84639708406,57.8248272509));
#879 = CARTESIAN_POINT('',(102.83567778803,57.088786349803));
#880 = CARTESIAN_POINT('',(102.82560239298,56.352736200902));
#881 = CARTESIAN_POINT('',(102.81618350226,55.616676769884));
#882 = CARTESIAN_POINT('',(102.80743758917,54.880608287677));
#883 = CARTESIAN_POINT('',(102.79938944011,54.144531502216));
#884 = CARTESIAN_POINT('',(102.79206796515,53.408447431895));
#885 = CARTESIAN_POINT('',(102.78089115977,52.157092600272));
#886 = CARTESIAN_POINT('',(102.77665527301,51.641825304686));
#887 = CARTESIAN_POINT('',(102.7727938425,51.126555025697));
#888 = CARTESIAN_POINT('',(102.7693149949,50.611282055072));
#889 = CARTESIAN_POINT('',(102.76622685686,50.096006684579));
#890 = CARTESIAN_POINT('',(102.76353755505,49.580729205986));
#891 = CARTESIAN_POINT('',(102.76125521612,49.065449911058));
#892 = CARTESIAN_POINT('',(102.75618696266,47.666829139784));
#893 = CARTESIAN_POINT('',(102.75420811983,46.783484961777));
#894 = CARTESIAN_POINT('',(102.75347444319,45.900136872661));
#895 = CARTESIAN_POINT('',(102.7540904307,45.016791021891));
#896 = CARTESIAN_POINT('',(102.75596865627,44.133440180828));
#897 = CARTESIAN_POINT('',(102.75929080929,43.250096495364));
#898 = CARTESIAN_POINT('',(102.76405868188,42.366759191842));
#899 = CARTESIAN_POINT('',(102.77663289744,40.600105442678));
#900 = CARTESIAN_POINT('',(102.78443839293,39.716789066923));
#901 = CARTESIAN_POINT('',(102.7938140034,38.833486693676));
#902 = CARTESIAN_POINT('',(102.80484079505,37.950204455134));
#903 = CARTESIAN_POINT('',(102.81753204402,37.06694178913));
#904 = CARTESIAN_POINT('',(102.83200743007,36.183709142296));
#905 = CARTESIAN_POINT('',(102.84826768541,35.300505157846));
#906 = CARTESIAN_POINT('',(102.88757595814,33.386973705054));
#907 = CARTESIAN_POINT('',(102.91130405642,32.35665978972));
#908 = CARTESIAN_POINT('',(102.93773331903,31.326408766369));
#909 = CARTESIAN_POINT('',(102.96700281177,30.296233450231));
#910 = CARTESIAN_POINT('',(102.99925157256,29.266147441784));
#911 = CARTESIAN_POINT('',(103.03461861143,28.236165126755));
#912 = CARTESIAN_POINT('',(103.07324291051,27.206301676122));
#913 = CARTESIAN_POINT('',(103.14827960367,25.367499034267));
#914 = CARTESIAN_POINT('',(103.18338888858,24.558504499267));
#915 = CARTESIAN_POINT('',(103.22066574841,23.749600171465));
#916 = CARTESIAN_POINT('',(103.26024674497,22.940804516243));
#917 = CARTESIAN_POINT('',(103.30223330386,22.132131615043));
#918 = CARTESIAN_POINT('',(103.34671828255,21.32359447302));
#919 = CARTESIAN_POINT('',(103.39382613062,20.515210042336));
#920 = CARTESIAN_POINT('',(103.47989669447,19.119196932145));
#921 = CARTESIAN_POINT('',(103.51758503493,18.531492493989));
#922 = CARTESIAN_POINT('',(103.5567482567,17.943880341326));
#923 = CARTESIAN_POINT('',(103.59742423069,17.35636493092));
#924 = CARTESIAN_POINT('',(103.63966190048,16.768953770642));
#925 = CARTESIAN_POINT('',(103.68352128235,16.181657419466));
#926 = CARTESIAN_POINT('',(103.72907346523,15.594489487472));
#927 = CARTESIAN_POINT('',(103.81189598546,14.567199303925));
#928 = CARTESIAN_POINT('',(103.84838739118,14.127012674924));
#929 = CARTESIAN_POINT('',(103.88590465373,13.686912331688));
#930 = CARTESIAN_POINT('',(103.92447759896,13.246903857065));
#931 = CARTESIAN_POINT('',(103.96413605269,12.806992833901));
#932 = CARTESIAN_POINT('',(104.00490984077,12.367184845044));
#933 = CARTESIAN_POINT('',(104.04682878902,11.92748547334));
#934 = CARTESIAN_POINT('',(104.16174570297,10.755260838598));
#935 = CARTESIAN_POINT('',(104.23685646391,10.022940336622));
#936 = CARTESIAN_POINT('',(104.31531576434,9.290947231124));
#937 = CARTESIAN_POINT('',(104.39728602333,8.559317866346));
#938 = CARTESIAN_POINT('',(104.48301380421,7.828109585577));
#939 = CARTESIAN_POINT('',(104.57279408444,7.097391898116));
#940 = CARTESIAN_POINT('',(104.66691631213,6.367235722984));
#941 = CARTESIAN_POINT('',(104.86125450261,4.930446584124));
#942 = CARTESIAN_POINT('',(104.96117207942,4.223768350899));
#943 = CARTESIAN_POINT('',(105.06574508171,3.51776776061));
#944 = CARTESIAN_POINT('',(105.1749793886,2.812437594898));
#945 = CARTESIAN_POINT('',(105.28904332945,2.107825884664));
#946 = CARTESIAN_POINT('',(105.4084576556,1.404090874174));
#947 = CARTESIAN_POINT('',(105.53391881033,0.701446730744));
#948 = CARTESIAN_POINT('',(105.66575549724,0.));
#949 = ( GEOMETRIC_REPRESENTATION_CONTEXT(2) 
PARAMETRIC_REPRESENTATION_CONTEXT() REPRESENTATION_CONTEXT('2D SPACE',''
  ) );
#950 = PCURVE('',#187,#951);
#951 = DEFINITIONAL_REPRESENTATION('',(#952),#1123);
#952 = B_SPLINE_CURVE_WITH_KNOTS('',8,(#953,#954,#955,#956,#957,#958,
    #959,#960,#961,#962,#963,#964,#965,#966,#967,#968,#969,#970,#971,
    #972,#973,#974,#975,#976,#977,#978,#979,#980,#981,#982,#983,#984,
    #985,#986,#987,#988,#989,#990,#991,#992,#993,#994,#995,#996,#997,
    #998,#999,#1000,#1001,#1002,#1003,#1004,#1005,#1006,#1007,#1008,
    #1009,#1010,#1011,#1012,#1013,#1014,#1015,#1016,#1017,#1018,#1019,
    #1020,#1021,#1022,#1023,#1024,#1025,#1026,#1027,#1028,#1029,#1030,
    #1031,#1032,#1033,#1034,#1035,#1036,#1037,#1038,#1039,#1040,#1041,
    #1042,#1043,#1044,#1045,#1046,#1047,#1048,#1049,#1050,#1051,#1052,
    #1053,#1054,#1055,#1056,#1057,#1058,#1059,#1060,#1061,#1062,#1063,
    #1064,#1065,#1066,#1067,#1068,#1069,#1070,#1071,#1072,#1073,#1074,
    #1075,#1076,#1077,#1078,#1079,#1080,#1081,#1082,#1083,#1084,#1085,
    #1086,#1087,#1088,#1089,#1090,#1091,#1092,#1093,#1094,#1095,#1096,
    #1097,#1098,#1099,#1100,#1101,#1102,#1103,#1104,#1105,#1106,#1107,
    #1108,#1109,#1110,#1111,#1112,#1113,#1114,#1115,#1116,#1117,#1118,
    #1119,#1120,#1121,#1122),.UNSPECIFIED.,.F.,.F.,(9,7,7,7,7,7,7,7,7,7,
    7,7,7,7,7,7,7,7,7,7,7,7,7,7,9),(0.,3.463021601874E-02,0.104452630071
    ,0.155900730499,0.196324239832,0.255122078681,0.317594813554,
    0.346993751098,0.391092144319,0.43519054922,0.497663250624,
    0.527062157566,0.560135928858,0.58585998079,0.633633246636,
    0.670381943972,0.696106054701,0.740204600332,0.784303208893,
    0.835751768099,0.876175711833,0.90557497165,0.927624426188,
    0.964373392197,1.),.UNSPECIFIED.);
#953 = CARTESIAN_POINT('',(512.11027142062,0.357627118644));
#954 = CARTESIAN_POINT('',(511.36500484938,0.357627118644));
#955 = CARTESIAN_POINT('',(510.61973827701,0.357627118644));
#956 = CARTESIAN_POINT('',(509.87447170325,0.357627118644));
#957 = CARTESIAN_POINT('',(509.12920512855,0.357627118644));
#958 = CARTESIAN_POINT('',(508.38393855402,0.357627118644));
#959 = CARTESIAN_POINT('',(507.63867198144,0.357627118644));
#960 = CARTESIAN_POINT('',(506.89340541329,0.357627118644));
#961 = CARTESIAN_POINT('',(504.64551148408,0.357627118644));
#962 = CARTESIAN_POINT('',(503.14288413622,0.357627118644));
#963 = CARTESIAN_POINT('',(501.64025690736,0.357627118644));
#964 = CARTESIAN_POINT('',(500.13762966131,0.357627118644));
#965 = CARTESIAN_POINT('',(498.63500238239,0.357627118644));
#966 = CARTESIAN_POINT('',(497.13237511222,0.357627118644));
#967 = CARTESIAN_POINT('',(495.6297478196,0.357627118644));
#968 = CARTESIAN_POINT('',(493.01992139169,0.357627118644));
#969 = CARTESIAN_POINT('',(491.91272223818,0.357627118644));
#970 = CARTESIAN_POINT('',(490.805523126,0.357627118644));
#971 = CARTESIAN_POINT('',(489.69832408256,0.357627118644));
#972 = CARTESIAN_POINT('',(488.59112509826,0.357627118644));
#973 = CARTESIAN_POINT('',(487.48392612815,0.357627118644));
#974 = CARTESIAN_POINT('',(486.37672712803,0.357627118644));
#975 = CARTESIAN_POINT('',(484.39958601139,0.357627118644));
#976 = CARTESIAN_POINT('',(483.52964389774,0.357627118644));
#977 = CARTESIAN_POINT('',(482.65970178409,0.357627118644));
#978 = CARTESIAN_POINT('',(481.78975967043,0.357627118644));
#979 = CARTESIAN_POINT('',(480.91981755678,0.357627118644));
#980 = CARTESIAN_POINT('',(480.04987544313,0.357627118644));
#981 = CARTESIAN_POINT('',(479.17993332947,0.357627118644));
#982 = CARTESIAN_POINT('',(477.04462071605,0.357627118644));
#983 = CARTESIAN_POINT('',(475.77925029334,0.357627118644));
#984 = CARTESIAN_POINT('',(474.51388001844,0.357627118644));
#985 = CARTESIAN_POINT('',(473.24850970966,0.357627118644));
#986 = CARTESIAN_POINT('',(471.98313936445,0.357627118644));
#987 = CARTESIAN_POINT('',(470.71776904567,0.357627118644));
#988 = CARTESIAN_POINT('',(469.45239870657,0.357627118644));
#989 = CARTESIAN_POINT('',(466.84257186002,0.357627118644));
#990 = CARTESIAN_POINT('',(465.49811540308,0.357627118644));
#991 = CARTESIAN_POINT('',(464.15365887771,0.357627118644));
#992 = CARTESIAN_POINT('',(462.80920290856,0.357627118644));
#993 = CARTESIAN_POINT('',(461.46474766649,0.357627118644));
#994 = CARTESIAN_POINT('',(460.12029193134,0.357627118644));
#995 = CARTESIAN_POINT('',(458.77583632253,0.357627118644));
#996 = CARTESIAN_POINT('',(456.79869531458,0.357627118644));
#997 = CARTESIAN_POINT('',(456.16601014101,0.357627118644));
#998 = CARTESIAN_POINT('',(455.53332496745,0.357627118644));
#999 = CARTESIAN_POINT('',(454.90063979388,0.357627118644));
#1000 = CARTESIAN_POINT('',(454.26795462032,0.357627118644));
#1001 = CARTESIAN_POINT('',(453.63526944675,0.357627118644));
#1002 = CARTESIAN_POINT('',(453.00258427318,0.357627118644));
#1003 = CARTESIAN_POINT('',(451.42087162109,0.357627118644));
#1004 = CARTESIAN_POINT('',(450.47184393732,0.357627118644));
#1005 = CARTESIAN_POINT('',(449.52281625106,0.357627118644));
#1006 = CARTESIAN_POINT('',(448.57378800082,0.357627118644));
#1007 = CARTESIAN_POINT('',(447.62476019798,0.357627118644));
#1008 = CARTESIAN_POINT('',(446.6757322266,0.357627118644));
#1009 = CARTESIAN_POINT('',(445.72670452584,0.357627118644));
#1010 = CARTESIAN_POINT('',(443.82864925646,0.357627118644));
#1011 = CARTESIAN_POINT('',(442.87962149612,0.357627118644));
#1012 = CARTESIAN_POINT('',(441.93059373579,0.357627118644));
#1013 = CARTESIAN_POINT('',(440.98156597545,0.357627118644));
#1014 = CARTESIAN_POINT('',(440.03253821509,0.357627118644));
#1015 = CARTESIAN_POINT('',(439.08351045472,0.357627118644));
#1016 = CARTESIAN_POINT('',(438.13448269436,0.357627118644));
#1017 = CARTESIAN_POINT('',(435.84099977679,0.357627118644));
#1018 = CARTESIAN_POINT('',(434.49654449794,0.357627118644));
#1019 = CARTESIAN_POINT('',(433.15208893488,0.357627118644));
#1020 = CARTESIAN_POINT('',(431.80763300815,0.357627118644));
#1021 = CARTESIAN_POINT('',(430.46317672136,0.357627118644));
#1022 = CARTESIAN_POINT('',(429.11872016124,0.357627118644));
#1023 = CARTESIAN_POINT('',(427.77426349762,0.357627118644));
#1024 = CARTESIAN_POINT('',(425.79712180957,0.357627118644));
#1025 = CARTESIAN_POINT('',(425.16443664278,0.357627118644));
#1026 = CARTESIAN_POINT('',(424.53175147342,0.357627118644));
#1027 = CARTESIAN_POINT('',(423.89906629679,0.357627118644));
#1028 = CARTESIAN_POINT('',(423.26638111307,0.357627118644));
#1029 = CARTESIAN_POINT('',(422.63369592737,0.357627118644));
#1030 = CARTESIAN_POINT('',(422.00101074967,0.357627118644));
#1031 = CARTESIAN_POINT('',(420.65655477463,0.357627118644));
#1032 = CARTESIAN_POINT('',(419.94478395437,0.357627118644));
#1033 = CARTESIAN_POINT('',(419.2330131341,0.357627118644));
#1034 = CARTESIAN_POINT('',(418.52124231384,0.357627118644));
#1035 = CARTESIAN_POINT('',(417.80947149358,0.357627118644));
#1036 = CARTESIAN_POINT('',(417.09770067332,0.357627118644));
#1037 = CARTESIAN_POINT('',(416.38592985306,0.357627118644));
#1038 = CARTESIAN_POINT('',(415.12055934248,0.357627118644));
#1039 = CARTESIAN_POINT('',(414.56695966768,0.357627118644));
#1040 = CARTESIAN_POINT('',(414.01336002447,0.357627118644));
#1041 = CARTESIAN_POINT('',(413.45976042855,0.357627118644));
#1042 = CARTESIAN_POINT('',(412.90616089522,0.357627118644));
#1043 = CARTESIAN_POINT('',(412.35256143938,0.357627118644));
#1044 = CARTESIAN_POINT('',(411.79896207554,0.357627118644));
#1045 = CARTESIAN_POINT('',(410.21724933945,0.357627118644));
#1046 = CARTESIAN_POINT('',(409.18913614522,0.357627118644));
#1047 = CARTESIAN_POINT('',(408.16102300246,0.357627118644));
#1048 = CARTESIAN_POINT('',(407.13290975911,0.357627118644));
#1049 = CARTESIAN_POINT('',(406.10479634377,0.357627118644));
#1050 = CARTESIAN_POINT('',(405.07668276569,0.357627118644));
#1051 = CARTESIAN_POINT('',(404.04856911475,0.357627118644));
#1052 = CARTESIAN_POINT('',(402.22959830843,0.357627118644));
#1053 = CARTESIAN_POINT('',(401.43874119099,0.357627118644));
#1054 = CARTESIAN_POINT('',(400.64788401794,0.357627118644));
#1055 = CARTESIAN_POINT('',(399.85702724531,0.357627118644));
#1056 = CARTESIAN_POINT('',(399.06617112295,0.357627118644));
#1057 = CARTESIAN_POINT('',(398.27531540127,0.357627118644));
#1058 = CARTESIAN_POINT('',(397.48445959815,0.357627118644));
#1059 = CARTESIAN_POINT('',(396.14000429895,0.357627118644));
#1060 = CARTESIAN_POINT('',(395.58640477208,0.357627118644));
#1061 = CARTESIAN_POINT('',(395.03280524521,0.357627118644));
#1062 = CARTESIAN_POINT('',(394.47920571834,0.357627118644));
#1063 = CARTESIAN_POINT('',(393.92560619147,0.357627118644));
#1064 = CARTESIAN_POINT('',(393.3720066646,0.357627118644));
#1065 = CARTESIAN_POINT('',(392.81840713773,0.357627118644));
#1066 = CARTESIAN_POINT('',(391.31577834201,0.357627118644));
#1067 = CARTESIAN_POINT('',(390.36674902176,0.357627118644));
#1068 = CARTESIAN_POINT('',(389.41772093751,0.357627118644));
#1069 = CARTESIAN_POINT('',(388.46869015835,0.357627118644));
#1070 = CARTESIAN_POINT('',(387.51966543314,0.357627118644));
#1071 = CARTESIAN_POINT('',(386.57063838913,0.357627118644));
#1072 = CARTESIAN_POINT('',(385.62161213598,0.357627118644));
#1073 = CARTESIAN_POINT('',(383.72355756586,0.357627118644));
#1074 = CARTESIAN_POINT('',(382.77452940625,0.357627118644));
#1075 = CARTESIAN_POINT('',(381.8255013062,0.357627118644));
#1076 = CARTESIAN_POINT('',(380.87647172612,0.357627118644));
#1077 = CARTESIAN_POINT('',(379.92744417634,0.357627118644));
#1078 = CARTESIAN_POINT('',(378.97841477739,0.357627118644));
#1079 = CARTESIAN_POINT('',(378.02938844838,0.357627118644));
#1080 = CARTESIAN_POINT('',(375.97316367971,0.357627118644));
#1081 = CARTESIAN_POINT('',(374.86596571962,0.357627118644));
#1082 = CARTESIAN_POINT('',(373.75876770873,0.357627118644));
#1083 = CARTESIAN_POINT('',(372.65156863494,0.357627118644));
#1084 = CARTESIAN_POINT('',(371.54436833033,0.357627118644));
#1085 = CARTESIAN_POINT('',(370.43716747119,0.357627118644));
#1086 = CARTESIAN_POINT('',(369.32996757798,0.357627118644));
#1087 = CARTESIAN_POINT('',(367.35282922806,0.357627118644));
#1088 = CARTESIAN_POINT('',(366.48288626279,0.357627118644));
#1089 = CARTESIAN_POINT('',(365.61294491628,0.357627118644));
#1090 = CARTESIAN_POINT('',(364.74300271616,0.357627118644));
#1091 = CARTESIAN_POINT('',(363.87306016434,0.357627118644));
#1092 = CARTESIAN_POINT('',(363.00311848038,0.357627118644));
#1093 = CARTESIAN_POINT('',(362.13317621532,0.357627118644));
#1094 = CARTESIAN_POINT('',(360.63054833301,0.357627118644));
#1095 = CARTESIAN_POINT('',(359.99786338735,0.357627118644));
#1096 = CARTESIAN_POINT('',(359.36517865897,0.357627118644));
#1097 = CARTESIAN_POINT('',(358.73249376339,0.357627118644));
#1098 = CARTESIAN_POINT('',(358.09980854178,0.357627118644));
#1099 = CARTESIAN_POINT('',(357.46712306099,0.357627118644));
#1100 = CARTESIAN_POINT('',(356.83443761353,0.357627118644));
#1101 = CARTESIAN_POINT('',(355.72723883743,0.357627118644));
#1102 = CARTESIAN_POINT('',(355.25272495725,0.357627118644));
#1103 = CARTESIAN_POINT('',(354.77821107708,0.357627118644));
#1104 = CARTESIAN_POINT('',(354.3036971969,0.357627118644));
#1105 = CARTESIAN_POINT('',(353.82918331673,0.357627118644));
#1106 = CARTESIAN_POINT('',(353.35466943655,0.357627118644));
#1107 = CARTESIAN_POINT('',(352.88015555638,0.357627118644));
#1108 = CARTESIAN_POINT('',(351.61478789688,0.357627118644));
#1109 = CARTESIAN_POINT('',(350.82392818912,0.357627118644));
#1110 = CARTESIAN_POINT('',(350.03306935944,0.357627118644));
#1111 = CARTESIAN_POINT('',(349.24221449936,0.357627118644));
#1112 = CARTESIAN_POINT('',(348.45136149461,0.357627118644));
#1113 = CARTESIAN_POINT('',(347.66050535097,0.357627118644));
#1114 = CARTESIAN_POINT('',(346.86964433655,0.357627118644));
#1115 = CARTESIAN_POINT('',(345.31208920159,0.357627118644));
#1116 = CARTESIAN_POINT('',(344.54539837944,0.357627118644));
#1117 = CARTESIAN_POINT('',(343.77869227131,0.357627118644));
#1118 = CARTESIAN_POINT('',(343.01200282411,0.357627118644));
#1119 = CARTESIAN_POINT('',(342.24534888327,0.357627118644));
#1120 = CARTESIAN_POINT('',(341.47871117813,0.357627118644));
#1121 = CARTESIAN_POINT('',(340.71205254395,0.357627118644));
#1122 = CARTESIAN_POINT('',(339.94538338042,0.357627118644));
#1123 = ( GEOMETRIC_REPRESENTATION_CONTEXT(2) 
PARAMETRIC_REPRESENTATION_CONTEXT() REPRESENTATION_CONTEXT('2D SPACE',''
  ) );
#1124 = ADVANCED_FACE('',(#1125,#1652,#2036),#187,.T.);
#1125 = FACE_BOUND('',#1126,.T.);
#1126 = EDGE_LOOP('',(#1127,#1128,#1650,#1651));
#1127 = ORIENTED_EDGE('',*,*,#169,.F.);
#1128 = ORIENTED_EDGE('',*,*,#1129,.F.);
#1129 = EDGE_CURVE('',#425,#24,#1130,.T.);
#1130 = SURFACE_CURVE('',#1131,(#1302,#1476),.PCURVE_S1.);
#1131 = B_SPLINE_CURVE_WITH_KNOTS('',8,(#1132,#1133,#1134,#1135,#1136,
    #1137,#1138,#1139,#1140,#1141,#1142,#1143,#1144,#1145,#1146,#1147,
    #1148,#1149,#1150,#1151,#1152,#1153,#1154,#1155,#1156,#1157,#1158,
    #1159,#1160,#1161,#1162,#1163,#1164,#1165,#1166,#1167,#1168,#1169,
    #1170,#1171,#1172,#1173,#1174,#1175,#1176,#1177,#1178,#1179,#1180,
    #1181,#1182,#1183,#1184,#1185,#1186,#1187,#1188,#1189,#1190,#1191,
    #1192,#1193,#1194,#1195,#1196,#1197,#1198,#1199,#1200,#1201,#1202,
    #1203,#1204,#1205,#1206,#1207,#1208,#1209,#1210,#1211,#1212,#1213,
    #1214,#1215,#1216,#1217,#1218,#1219,#1220,#1221,#1222,#1223,#1224,
    #1225,#1226,#1227,#1228,#1229,#1230,#1231,#1232,#1233,#1234,#1235,
    #1236,#1237,#1238,#1239,#1240,#1241,#1242,#1243,#1244,#1245,#1246,
    #1247,#1248,#1249,#1250,#1251,#1252,#1253,#1254,#1255,#1256,#1257,
    #1258,#1259,#1260,#1261,#1262,#1263,#1264,#1265,#1266,#1267,#1268,
    #1269,#1270,#1271,#1272,#1273,#1274,#1275,#1276,#1277,#1278,#1279,
    #1280,#1281,#1282,#1283,#1284,#1285,#1286,#1287,#1288,#1289,#1290,
    #1291,#1292,#1293,#1294,#1295,#1296,#1297,#1298,#1299,#1300,#1301),
  .UNSPECIFIED.,.F.,.F.,(9,7,7,7,7,7,7,7,7,7,7,7,7,7,7,7,7,7,7,7,7,7,7,7
    ,9),(0.,7.868376719414E-02,0.137940562596,0.182383163832,
    0.215715117964,0.267564831335,0.323118126353,0.349042993972,
    0.389782073722,0.434224706441,0.497185063292,0.526813454966,
    0.560145396598,0.586070247807,0.634216427023,0.671251981302,
    0.697176892257,0.741619667979,0.786062507649,0.837912672763,
    0.87865216522,0.908280915469,0.952724230153,0.974946253801,1.),
  .UNSPECIFIED.);
#1132 = CARTESIAN_POINT('',(510.,448.,312.06655661625));
#1133 = CARTESIAN_POINT('',(508.42683161215,448.,311.97146762102));
#1134 = CARTESIAN_POINT('',(506.85363258582,448.,311.87688611549));
#1135 = CARTESIAN_POINT('',(505.28040196349,448.,311.7828283764));
#1136 = CARTESIAN_POINT('',(503.7071370354,448.,311.6893509694));
#1137 = CARTESIAN_POINT('',(502.13383908849,448.,311.59642018674));
#1138 = CARTESIAN_POINT('',(500.56050418474,448.,311.50412192616));
#1139 = CARTESIAN_POINT('',(498.98713163273,448.,311.41246788937));
#1140 = CARTESIAN_POINT('',(496.22878198402,448.,311.25298673896));
#1141 = CARTESIAN_POINT('',(495.04382199067,448.,311.18486400335));
#1142 = CARTESIAN_POINT('',(493.85883897577,448.,311.11714108917));
#1143 = CARTESIAN_POINT('',(492.6738321576,448.,311.04983664848));
#1144 = CARTESIAN_POINT('',(491.48880094578,448.,310.98296194135));
#1145 = CARTESIAN_POINT('',(490.30374475264,448.,310.91652861864));
#1146 = CARTESIAN_POINT('',(489.11866278722,448.,310.85055710073));
#1147 = CARTESIAN_POINT('',(487.04472290479,448.,310.73594527575));
#1148 = CARTESIAN_POINT('',(486.15587657274,448.,310.68709532271));
#1149 = CARTESIAN_POINT('',(485.26701505193,448.,310.63852211454));
#1150 = CARTESIAN_POINT('',(484.37813805395,448.,310.59023299261));
#1151 = CARTESIAN_POINT('',(483.48924529037,448.,310.54223529831));
#1152 = CARTESIAN_POINT('',(482.60033647276,448.,310.49453637301));
#1153 = CARTESIAN_POINT('',(481.7114113127,448.,310.44714355812));
#1154 = CARTESIAN_POINT('',(480.15576311448,448.,310.36475466925));
#1155 = CARTESIAN_POINT('',(479.48904735273,448.,310.32962172398));
#1156 = CARTESIAN_POINT('',(478.82232213828,448.,310.29466787194));
#1157 = CARTESIAN_POINT('',(478.15558735948,448.,310.25989611702));
#1158 = CARTESIAN_POINT('',(477.48884289093,448.,310.22530995401));
#1159 = CARTESIAN_POINT('',(476.82208859307,448.,310.19091336829));
#1160 = CARTESIAN_POINT('',(476.15532431175,448.,310.15671083562));
#1161 = CARTESIAN_POINT('',(474.45134506405,448.,310.06981296001));
#1162 = CARTESIAN_POINT('',(473.41411570883,448.,310.01739953843));
#1163 = CARTESIAN_POINT('',(472.37686125301,448.,309.96548355156));
#1164 = CARTESIAN_POINT('',(471.33958115393,448.,309.9140814946));
#1165 = CARTESIAN_POINT('',(470.30227488553,448.,309.86320986352));
#1166 = CARTESIAN_POINT('',(469.26494193828,448.,309.81288515504));
#1167 = CARTESIAN_POINT('',(468.22758181927,448.,309.76312386662));
#1168 = CARTESIAN_POINT('',(466.07870654466,448.,309.66124814226));
#1169 = CARTESIAN_POINT('',(464.96718735474,448.,309.60921905222));
#1170 = CARTESIAN_POINT('',(463.85563556318,448.,309.55787854212));
#1171 = CARTESIAN_POINT('',(462.74405116765,448.,309.50724180617));
#1172 = CARTESIAN_POINT('',(461.63243430616,448.,309.45732296158));
#1173 = CARTESIAN_POINT('',(460.52078490366,448.,309.40813825623));
#1174 = CARTESIAN_POINT('',(459.40910274158,448.,309.35970543955));
#1175 = CARTESIAN_POINT('',(457.7785877822,448.,309.2897950993));
#1176 = CARTESIAN_POINT('',(457.259780542,448.,309.26771793497));
#1177 = CARTESIAN_POINT('',(456.74096623348,448.,309.24580943661));
#1178 = CARTESIAN_POINT('',(456.22214486038,448.,309.22407123732));
#1179 = CARTESIAN_POINT('',(455.70331642648,448.,309.20250497023));
#1180 = CARTESIAN_POINT('',(455.18448093553,448.,309.18111226845));
#1181 = CARTESIAN_POINT('',(454.66563839129,448.,309.15989476509));
#1182 = CARTESIAN_POINT('',(453.33145368032,448.,309.10579017871));
#1183 = CARTESIAN_POINT('',(452.51610144414,448.,309.07315740799));
#1184 = CARTESIAN_POINT('',(451.70073086147,448.,309.040994352));
#1185 = CARTESIAN_POINT('',(450.8853438335,448.,309.00925194227));
#1186 = CARTESIAN_POINT('',(450.0699415399,448.,308.97790218098));
#1187 = CARTESIAN_POINT('',(449.25452460509,448.,308.94693244435));
#1188 = CARTESIAN_POINT('',(448.43909425891,448.,308.91631222003));
#1189 = CARTESIAN_POINT('',(446.73407751317,448.,308.85297210084));
#1190 = CARTESIAN_POINT('',(445.84448874786,448.,308.82031420516));
#1191 = CARTESIAN_POINT('',(444.9548864956,448.,308.78801420765));
#1192 = CARTESIAN_POINT('',(444.06527207783,448.,308.75604088575));
#1193 = CARTESIAN_POINT('',(443.17564681596,448.,308.72436301926));
#1194 = CARTESIAN_POINT('',(442.28601203128,448.,308.69294939041));
#1195 = CARTESIAN_POINT('',(441.39636904502,448.,308.66176878379));
#1196 = CARTESIAN_POINT('',(439.24638265791,448.,308.58690338427));
#1197 = CARTESIAN_POINT('',(437.98603214402,448.,308.54342372026));
#1198 = CARTESIAN_POINT('',(436.72566516728,448.,308.50042942308));
#1199 = CARTESIAN_POINT('',(435.46527933684,448.,308.45799892404));
#1200 = CARTESIAN_POINT('',(434.20487234042,448.,308.41621065706));
#1201 = CARTESIAN_POINT('',(432.94444194428,448.,308.37514305865));
#1202 = CARTESIAN_POINT('',(431.68398599325,448.,308.33487456789));
#1203 = CARTESIAN_POINT('',(429.83033389718,448.,308.2769467201));
#1204 = CARTESIAN_POINT('',(429.23715925185,448.,308.25860403241));
#1205 = CARTESIAN_POINT('',(428.64397816401,448.,308.24046432791));
#1206 = CARTESIAN_POINT('',(428.05079040405,448.,308.22253562167));
#1207 = CARTESIAN_POINT('',(427.45759582346,448.,308.20482517933));
#1208 = CARTESIAN_POINT('',(426.86439435482,448.,308.1873395171));
#1209 = CARTESIAN_POINT('',(426.2711860118,448.,308.17008440178));
#1210 = CARTESIAN_POINT('',(425.01060385617,448.,308.1339178552));
#1211 = CARTESIAN_POINT('',(424.34322813781,448.,308.11506975485));
#1212 = CARTESIAN_POINT('',(423.67584369156,448.,308.09652923552));
#1213 = CARTESIAN_POINT('',(423.00845047495,448.,308.07830498304));
#1214 = CARTESIAN_POINT('',(422.34104844549,448.,308.06040568323));
#1215 = CARTESIAN_POINT('',(421.67363756071,448.,308.04284002194));
#1216 = CARTESIAN_POINT('',(421.00621777812,448.,308.025616685));
#1217 = CARTESIAN_POINT('',(419.8196776718,448.,307.99562143352));
#1218 = CARTESIAN_POINT('',(419.30056090187,448.,307.98271103932));
#1219 = CARTESIAN_POINT('',(418.78143873031,448.,307.97001698759));
#1220 = CARTESIAN_POINT('',(418.26231114716,448.,307.95754323759));
#1221 = CARTESIAN_POINT('',(417.74317814763,448.,307.9452938959));
#1222 = CARTESIAN_POINT('',(417.22403973212,448.,307.93327321641));
#1223 = CARTESIAN_POINT('',(416.7048959062,448.,307.92148560035));
#1224 = CARTESIAN_POINT('',(415.22161186442,448.,307.88848557665));
#1225 = CARTESIAN_POINT('',(414.257458459,448.,307.86785803642));
#1226 = CARTESIAN_POINT('',(413.29328662706,448.,307.84809271347));
#1227 = CARTESIAN_POINT('',(412.32909660757,448.,307.82922934732));
#1228 = CARTESIAN_POINT('',(411.36488871575,448.,307.8113076791));
#1229 = CARTESIAN_POINT('',(410.40066334308,448.,307.79436745155));
#1230 = CARTESIAN_POINT('',(409.43642095729,448.,307.77844840902));
#1231 = CARTESIAN_POINT('',(407.73042388466,448.,307.75216097113));
#1232 = CARTESIAN_POINT('',(406.98867589445,448.,307.74135856019));
#1233 = CARTESIAN_POINT('',(406.24691858431,448.,307.73120504289));
#1234 = CARTESIAN_POINT('',(405.50515192319,448.,307.72171312035));
#1235 = CARTESIAN_POINT('',(404.76337614574,448.,307.71289939361));
#1236 = CARTESIAN_POINT('',(404.02159200378,448.,307.70478884121));
#1237 = CARTESIAN_POINT('',(403.27980051983,448.,307.69741059735));
#1238 = CARTESIAN_POINT('',(402.01874298932,448.,307.68614712976));
#1239 = CARTESIAN_POINT('',(401.4994804351,448.,307.68187839895));
#1240 = CARTESIAN_POINT('',(400.98021487434,448.,307.67798702784));
#1241 = CARTESIAN_POINT('',(400.46094660108,448.,307.67448120609));
#1242 = CARTESIAN_POINT('',(399.94167590934,448.,307.67136912338));
#1243 = CARTESIAN_POINT('',(399.42240309315,448.,307.66865896936));
#1244 = CARTESIAN_POINT('',(398.90312844655,448.,307.66635893372));
#1245 = CARTESIAN_POINT('',(397.4936630946,448.,307.66125138221));
#1246 = CARTESIAN_POINT('',(396.6034696663,448.,307.65925719591));
#1247 = CARTESIAN_POINT('',(395.713272306,448.,307.65851783051));
#1248 = CARTESIAN_POINT('',(394.82307718077,448.,307.65913859435));
#1249 = CARTESIAN_POINT('',(393.93287707321,448.,307.66103138329));
#1250 = CARTESIAN_POINT('',(393.04268415903,448.,307.66437929547));
#1251 = CARTESIAN_POINT('',(392.15249768225,448.,307.66918413695));
#1252 = CARTESIAN_POINT('',(390.37214573236,448.,307.6818558499));
#1253 = CARTESIAN_POINT('',(389.48198033087,448.,307.68972186736));
#1254 = CARTESIAN_POINT('',(388.59182904087,448.,307.69917017405));
#1255 = CARTESIAN_POINT('',(387.70169803029,448.,307.71028246504));
#1256 = CARTESIAN_POINT('',(386.81158675967,448.,307.72307211885));
#1257 = CARTESIAN_POINT('',(385.92150572671,448.,307.73765974389));
#1258 = CARTESIAN_POINT('',(385.03145360217,448.,307.7540460772));
#1259 = CARTESIAN_POINT('',(383.10308510278,448.,307.7936591365));
#1260 = CARTESIAN_POINT('',(382.06478238973,448.,307.81757121644));
#1261 = CARTESIAN_POINT('',(381.02654305592,448.,307.84420540495));
#1262 = CARTESIAN_POINT('',(379.98838000809,448.,307.87370184636));
#1263 = CARTESIAN_POINT('',(378.95030695086,448.,307.9062006567));
#1264 = CARTESIAN_POINT('',(377.91233838677,448.,307.94184192361));
#1265 = CARTESIAN_POINT('',(376.87448961621,448.,307.98076570642));
#1266 = CARTESIAN_POINT('',(375.02142936295,448.,308.05638421515));
#1267 = CARTESIAN_POINT('',(374.20616207236,448.,308.09176572928));
#1268 = CARTESIAN_POINT('',(373.39098570098,448.,308.12933162467));
#1269 = CARTESIAN_POINT('',(372.57591883818,448.,308.16921952279));
#1270 = CARTESIAN_POINT('',(371.76097567847,448.,308.21153163548));
#1271 = CARTESIAN_POINT('',(370.94616933732,448.,308.25636153986));
#1272 = CARTESIAN_POINT('',(370.13151688708,448.,308.3038346509));
#1273 = CARTESIAN_POINT('',(368.7246794225,448.,308.39057258548));
#1274 = CARTESIAN_POINT('',(368.1324180673,448.,308.42855315214));
#1275 = CARTESIAN_POINT('',(367.54024971484,448.,308.46802003589));
#1276 = CARTESIAN_POINT('',(366.94817885345,448.,308.50901140146));
#1277 = CARTESIAN_POINT('',(366.356213048,448.,308.55157657203));
#1278 = CARTESIAN_POINT('',(365.76436293984,448.,308.59577602917));
#1279 = CARTESIAN_POINT('',(365.17264224685,448.,308.64168141286));
#1280 = CARTESIAN_POINT('',(363.69370225848,448.,308.7609169892));
#1281 = CARTESIAN_POINT('',(362.80665907861,448.,308.83645645728));
#1282 = CARTESIAN_POINT('',(361.92000758899,448.,308.91635278251));
#1283 = CARTESIAN_POINT('',(361.03370611858,448.,309.00047467209));
#1284 = CARTESIAN_POINT('',(360.14795754345,448.,309.08974299063));
#1285 = CARTESIAN_POINT('',(359.26263973241,448.,309.18365002058));
#1286 = CARTESIAN_POINT('',(358.37789832774,448.,309.28280963454));
#1287 = CARTESIAN_POINT('',(357.05180196796,448.,309.44017115747));
#1288 = CARTESIAN_POINT('',(356.6099350651,448.,309.49405875687));
#1289 = CARTESIAN_POINT('',(356.16825186006,448.,309.54943548655));
#1290 = CARTESIAN_POINT('',(355.72676597593,448.,309.6063572948));
#1291 = CARTESIAN_POINT('',(355.28549103581,448.,309.66488012992));
#1292 = CARTESIAN_POINT('',(354.84444066278,448.,309.72505994019));
#1293 = CARTESIAN_POINT('',(354.40362847993,448.,309.78695267391));
#1294 = CARTESIAN_POINT('',(353.46636772608,448.,309.92238819747));
#1295 = CARTESIAN_POINT('',(352.96999218999,448.,309.99641721548));
#1296 = CARTESIAN_POINT('',(352.47395428764,448.,310.07275451594));
#1297 = CARTESIAN_POINT('',(351.97827713638,448.,310.15148382729));
#1298 = CARTESIAN_POINT('',(351.48299418528,448.,310.23271942376));
#1299 = CARTESIAN_POINT('',(350.98814921518,448.,310.31660612543));
#1300 = CARTESIAN_POINT('',(350.49379633864,448.,310.40331929823));
#1301 = CARTESIAN_POINT('',(350.,448.,310.49306485391));
#1302 = PCURVE('',#187,#1303);
#1303 = DEFINITIONAL_REPRESENTATION('',(#1304),#1475);
#1304 = B_SPLINE_CURVE_WITH_KNOTS('',8,(#1305,#1306,#1307,#1308,#1309,
    #1310,#1311,#1312,#1313,#1314,#1315,#1316,#1317,#1318,#1319,#1320,
    #1321,#1322,#1323,#1324,#1325,#1326,#1327,#1328,#1329,#1330,#1331,
    #1332,#1333,#1334,#1335,#1336,#1337,#1338,#1339,#1340,#1341,#1342,
    #1343,#1344,#1345,#1346,#1347,#1348,#1349,#1350,#1351,#1352,#1353,
    #1354,#1355,#1356,#1357,#1358,#1359,#1360,#1361,#1362,#1363,#1364,
    #1365,#1366,#1367,#1368,#1369,#1370,#1371,#1372,#1373,#1374,#1375,
    #1376,#1377,#1378,#1379,#1380,#1381,#1382,#1383,#1384,#1385,#1386,
    #1387,#1388,#1389,#1390,#1391,#1392,#1393,#1394,#1395,#1396,#1397,
    #1398,#1399,#1400,#1401,#1402,#1403,#1404,#1405,#1406,#1407,#1408,
    #1409,#1410,#1411,#1412,#1413,#1414,#1415,#1416,#1417,#1418,#1419,
    #1420,#1421,#1422,#1423,#1424,#1425,#1426,#1427,#1428,#1429,#1430,
    #1431,#1432,#1433,#1434,#1435,#1436,#1437,#1438,#1439,#1440,#1441,
    #1442,#1443,#1444,#1445,#1446,#1447,#1448,#1449,#1450,#1451,#1452,
    #1453,#1454,#1455,#1456,#1457,#1458,#1459,#1460,#1461,#1462,#1463,
    #1464,#1465,#1466,#1467,#1468,#1469,#1470,#1471,#1472,#1473,#1474),
  .UNSPECIFIED.,.F.,.F.,(9,7,7,7,7,7,7,7,7,7,7,7,7,7,7,7,7,7,7,7,7,7,7,7
    ,9),(0.,7.868376719414E-02,0.137940562596,0.182383163832,
    0.215715117964,0.267564831335,0.323118126353,0.349042993972,
    0.389782073722,0.434224706441,0.497185063292,0.526813454966,
    0.560145396598,0.586070247807,0.634216427023,0.671251981302,
    0.697176892257,0.741619667979,0.786062507649,0.837912672763,
    0.87865216522,0.908280915469,0.952724230153,0.974946253801,1.),
  .UNSPECIFIED.);
#1305 = CARTESIAN_POINT('',(511.36494598005,0.320338983051));
#1306 = CARTESIAN_POINT('',(509.6847316067,0.320338983051));
#1307 = CARTESIAN_POINT('',(508.00451722135,0.320338983051));
#1308 = CARTESIAN_POINT('',(506.32430293968,0.320338983051));
#1309 = CARTESIAN_POINT('',(504.64408835233,0.320338983051));
#1310 = CARTESIAN_POINT('',(502.96387430165,0.320338983051));
#1311 = CARTESIAN_POINT('',(501.28366004653,0.320338983051));
#1312 = CARTESIAN_POINT('',(499.6034458339,0.320338983051));
#1313 = CARTESIAN_POINT('',(496.65786117937,0.320338983051));
#1314 = CARTESIAN_POINT('',(495.39249075046,0.320338983051));
#1315 = CARTESIAN_POINT('',(494.12712036355,0.320338983051));
#1316 = CARTESIAN_POINT('',(492.86174991222,0.320338983051));
#1317 = CARTESIAN_POINT('',(491.59637950458,0.320338983051));
#1318 = CARTESIAN_POINT('',(490.33100925111,0.320338983051));
#1319 = CARTESIAN_POINT('',(489.06563903306,0.320338983051));
#1320 = CARTESIAN_POINT('',(486.85124105896,0.320338983051));
#1321 = CARTESIAN_POINT('',(485.90221329861,0.320338983051));
#1322 = CARTESIAN_POINT('',(484.95318553826,0.320338983051));
#1323 = CARTESIAN_POINT('',(484.00415777791,0.320338983051));
#1324 = CARTESIAN_POINT('',(483.05513001756,0.320338983051));
#1325 = CARTESIAN_POINT('',(482.10610225722,0.320338983051));
#1326 = CARTESIAN_POINT('',(481.15707449687,0.320338983051));
#1327 = CARTESIAN_POINT('',(479.49627584783,0.320338983051));
#1328 = CARTESIAN_POINT('',(478.78450496422,0.320338983051));
#1329 = CARTESIAN_POINT('',(478.07273410041,0.320338983051));
#1330 = CARTESIAN_POINT('',(477.36096326548,0.320338983051));
#1331 = CARTESIAN_POINT('',(476.64919246243,0.320338983051));
#1332 = CARTESIAN_POINT('',(475.93742168777,0.320338983051));
#1333 = CARTESIAN_POINT('',(475.22565093104,0.320338983051));
#1334 = CARTESIAN_POINT('',(473.40668107141,0.320338983051));
#1335 = CARTESIAN_POINT('',(472.29948198451,0.320338983051));
#1336 = CARTESIAN_POINT('',(471.19228289061,0.320338983051));
#1337 = CARTESIAN_POINT('',(470.08508378426,0.320338983051));
#1338 = CARTESIAN_POINT('',(468.9778846777,0.320338983051));
#1339 = CARTESIAN_POINT('',(467.87068560087,0.320338983051));
#1340 = CARTESIAN_POINT('',(466.76348660137,0.320338983051));
#1341 = CARTESIAN_POINT('',(464.4700025996,0.320338983051));
#1342 = CARTESIAN_POINT('',(463.28371759782,0.320338983051));
#1343 = CARTESIAN_POINT('',(462.09743299646,0.320338983051));
#1344 = CARTESIAN_POINT('',(460.91114860055,0.320338983051));
#1345 = CARTESIAN_POINT('',(459.72486417503,0.320338983051));
#1346 = CARTESIAN_POINT('',(458.53857963248,0.320338983051));
#1347 = CARTESIAN_POINT('',(457.35229499655,0.320338983051));
#1348 = CARTESIAN_POINT('',(455.61241061414,0.320338983051));
#1349 = CARTESIAN_POINT('',(455.05881108727,0.320338983051));
#1350 = CARTESIAN_POINT('',(454.5052115604,0.320338983051));
#1351 = CARTESIAN_POINT('',(453.95161203353,0.320338983051));
#1352 = CARTESIAN_POINT('',(453.39801250666,0.320338983051));
#1353 = CARTESIAN_POINT('',(452.84441297979,0.320338983051));
#1354 = CARTESIAN_POINT('',(452.29081345292,0.320338983051));
#1355 = CARTESIAN_POINT('',(450.86727176833,0.320338983051));
#1356 = CARTESIAN_POINT('',(449.99732972435,0.320338983051));
#1357 = CARTESIAN_POINT('',(449.12738760455,0.320338983051));
#1358 = CARTESIAN_POINT('',(448.25744546999,0.320338983051));
#1359 = CARTESIAN_POINT('',(447.38750335416,0.320338983051));
#1360 = CARTESIAN_POINT('',(446.51756123977,0.320338983051));
#1361 = CARTESIAN_POINT('',(445.64761912534,0.320338983051));
#1362 = CARTESIAN_POINT('',(443.82864925646,0.320338983051));
#1363 = CARTESIAN_POINT('',(442.87962149612,0.320338983051));
#1364 = CARTESIAN_POINT('',(441.93059373579,0.320338983051));
#1365 = CARTESIAN_POINT('',(440.98156597545,0.320338983051));
#1366 = CARTESIAN_POINT('',(440.03253821509,0.320338983051));
#1367 = CARTESIAN_POINT('',(439.08351045472,0.320338983051));
#1368 = CARTESIAN_POINT('',(438.13448269436,0.320338983051));
#1369 = CARTESIAN_POINT('',(435.84099978372,0.320338983051));
#1370 = CARTESIAN_POINT('',(434.49654451078,0.320338983051));
#1371 = CARTESIAN_POINT('',(433.1520889513,0.320338983051));
#1372 = CARTESIAN_POINT('',(431.80763302512,0.320338983051));
#1373 = CARTESIAN_POINT('',(430.46317673591,0.320338983051));
#1374 = CARTESIAN_POINT('',(429.1187201711,0.320338983051));
#1375 = CARTESIAN_POINT('',(427.77426350193,0.320338983051));
#1376 = CARTESIAN_POINT('',(425.79712180957,0.320338983051));
#1377 = CARTESIAN_POINT('',(425.16443664283,0.320338983051));
#1378 = CARTESIAN_POINT('',(424.53175147351,0.320338983051));
#1379 = CARTESIAN_POINT('',(423.89906629686,0.320338983051));
#1380 = CARTESIAN_POINT('',(423.26638111305,0.320338983051));
#1381 = CARTESIAN_POINT('',(422.63369592725,0.320338983051));
#1382 = CARTESIAN_POINT('',(422.00101074952,0.320338983051));
#1383 = CARTESIAN_POINT('',(420.65655477463,0.320338983051));
#1384 = CARTESIAN_POINT('',(419.94478395437,0.320338983051));
#1385 = CARTESIAN_POINT('',(419.2330131341,0.320338983051));
#1386 = CARTESIAN_POINT('',(418.52124231384,0.320338983051));
#1387 = CARTESIAN_POINT('',(417.80947149358,0.320338983051));
#1388 = CARTESIAN_POINT('',(417.09770067332,0.320338983051));
#1389 = CARTESIAN_POINT('',(416.38592985306,0.320338983051));
#1390 = CARTESIAN_POINT('',(415.12055934113,0.320338983051));
#1391 = CARTESIAN_POINT('',(414.5669596651,0.320338983051));
#1392 = CARTESIAN_POINT('',(414.01336002093,0.320338983051));
#1393 = CARTESIAN_POINT('',(413.45976042444,0.320338983051));
#1394 = CARTESIAN_POINT('',(412.90616089105,0.320338983051));
#1395 = CARTESIAN_POINT('',(412.3525614358,0.320338983051));
#1396 = CARTESIAN_POINT('',(411.79896207331,0.320338983051));
#1397 = CARTESIAN_POINT('',(410.21724933886,0.320338983051));
#1398 = CARTESIAN_POINT('',(409.18913614639,0.320338983051));
#1399 = CARTESIAN_POINT('',(408.16102300582,0.320338983051));
#1400 = CARTESIAN_POINT('',(407.13290976382,0.320338983051));
#1401 = CARTESIAN_POINT('',(406.10479634842,0.320338983051));
#1402 = CARTESIAN_POINT('',(405.07668276892,0.320338983051));
#1403 = CARTESIAN_POINT('',(404.04856911596,0.320338983051));
#1404 = CARTESIAN_POINT('',(402.22959830192,0.320338983051));
#1405 = CARTESIAN_POINT('',(401.43874117909,0.320338983051));
#1406 = CARTESIAN_POINT('',(400.6478840002,0.320338983051));
#1407 = CARTESIAN_POINT('',(399.85702722504,0.320338983051));
#1408 = CARTESIAN_POINT('',(399.06617110552,0.320338983051));
#1409 = CARTESIAN_POINT('',(398.27531539002,0.320338983051));
#1410 = CARTESIAN_POINT('',(397.48445959239,0.320338983051));
#1411 = CARTESIAN_POINT('',(396.14000429895,0.320338983051));
#1412 = CARTESIAN_POINT('',(395.58640477208,0.320338983051));
#1413 = CARTESIAN_POINT('',(395.03280524521,0.320338983051));
#1414 = CARTESIAN_POINT('',(394.47920571834,0.320338983051));
#1415 = CARTESIAN_POINT('',(393.92560619147,0.320338983051));
#1416 = CARTESIAN_POINT('',(393.3720066646,0.320338983051));
#1417 = CARTESIAN_POINT('',(392.81840713773,0.320338983051));
#1418 = CARTESIAN_POINT('',(391.31577832951,0.320338983051));
#1419 = CARTESIAN_POINT('',(390.36674899639,0.320338983051));
#1420 = CARTESIAN_POINT('',(389.41772090933,0.320338983051));
#1421 = CARTESIAN_POINT('',(388.46869010537,0.320338983051));
#1422 = CARTESIAN_POINT('',(387.51966540509,0.320338983051));
#1423 = CARTESIAN_POINT('',(386.57063836715,0.320338983051));
#1424 = CARTESIAN_POINT('',(385.62161212643,0.320338983051));
#1425 = CARTESIAN_POINT('',(383.72355756418,0.320338983051));
#1426 = CARTESIAN_POINT('',(382.77452940129,0.320338983051));
#1427 = CARTESIAN_POINT('',(381.82550129838,0.320338983051));
#1428 = CARTESIAN_POINT('',(380.87647170331,0.320338983051));
#1429 = CARTESIAN_POINT('',(379.92744415519,0.320338983051));
#1430 = CARTESIAN_POINT('',(378.97841474272,0.320338983051));
#1431 = CARTESIAN_POINT('',(378.02938842554,0.320338983051));
#1432 = CARTESIAN_POINT('',(375.97316367382,0.320338983051));
#1433 = CARTESIAN_POINT('',(374.86596572279,0.320338983051));
#1434 = CARTESIAN_POINT('',(373.75876772053,0.320338983051));
#1435 = CARTESIAN_POINT('',(372.65156864657,0.320338983051));
#1436 = CARTESIAN_POINT('',(371.5443683316,0.320338983051));
#1437 = CARTESIAN_POINT('',(370.43716745751,0.320338983051));
#1438 = CARTESIAN_POINT('',(369.32996755735,0.320338983051));
#1439 = CARTESIAN_POINT('',(367.35282923076,0.320338983051));
#1440 = CARTESIAN_POINT('',(366.48288625844,0.320338983051));
#1441 = CARTESIAN_POINT('',(365.61294491829,0.320338983051));
#1442 = CARTESIAN_POINT('',(364.74300271745,0.320338983051));
#1443 = CARTESIAN_POINT('',(363.873060162,0.320338983051));
#1444 = CARTESIAN_POINT('',(363.0031184816,0.320338983051));
#1445 = CARTESIAN_POINT('',(362.13317621528,0.320338983051));
#1446 = CARTESIAN_POINT('',(360.63054832805,0.320338983051));
#1447 = CARTESIAN_POINT('',(359.99786338427,0.320338983051));
#1448 = CARTESIAN_POINT('',(359.36517865958,0.320338983051));
#1449 = CARTESIAN_POINT('',(358.7324937663,0.320338983051));
#1450 = CARTESIAN_POINT('',(358.09980854429,0.320338983051));
#1451 = CARTESIAN_POINT('',(357.46712306096,0.320338983051));
#1452 = CARTESIAN_POINT('',(356.83443761123,0.320338983051));
#1453 = CARTESIAN_POINT('',(355.25272133469,0.320338983051));
#1454 = CARTESIAN_POINT('',(354.30369231493,0.320338983051));
#1455 = CARTESIAN_POINT('',(353.35465296861,0.320338983051));
#1456 = CARTESIAN_POINT('',(352.40563249914,0.320338983051));
#1457 = CARTESIAN_POINT('',(351.45657665478,0.320338983051));
#1458 = CARTESIAN_POINT('',(350.50755189626,0.320338983051));
#1459 = CARTESIAN_POINT('',(349.55854275146,0.320338983051));
#1460 = CARTESIAN_POINT('',(348.13501675464,0.320338983051));
#1461 = CARTESIAN_POINT('',(347.66050287446,0.320338983051));
#1462 = CARTESIAN_POINT('',(347.18598899429,0.320338983051));
#1463 = CARTESIAN_POINT('',(346.71147511411,0.320338983051));
#1464 = CARTESIAN_POINT('',(346.23696123394,0.320338983051));
#1465 = CARTESIAN_POINT('',(345.76244735376,0.320338983051));
#1466 = CARTESIAN_POINT('',(345.28793347359,0.320338983051));
#1467 = CARTESIAN_POINT('',(344.27843904842,0.320338983051));
#1468 = CARTESIAN_POINT('',(343.74346052684,0.320338983051));
#1469 = CARTESIAN_POINT('',(343.20848860458,0.320338983051));
#1470 = CARTESIAN_POINT('',(342.67352538188,0.320338983051));
#1471 = CARTESIAN_POINT('',(342.13857048327,0.320338983051));
#1472 = CARTESIAN_POINT('',(341.60362105758,0.320338983051));
#1473 = CARTESIAN_POINT('',(341.06867177797,0.320338983051));
#1474 = CARTESIAN_POINT('',(340.5337148419,0.320338983051));
#1475 = ( GEOMETRIC_REPRESENTATION_CONTEXT(2) 
PARAMETRIC_REPRESENTATION_CONTEXT() REPRESENTATION_CONTEXT('2D SPACE',''
  ) );
#1476 = PCURVE('',#44,#1477);
#1477 = DEFINITIONAL_REPRESENTATION('',(#1478),#1649);
#1478 = B_SPLINE_CURVE_WITH_KNOTS('',8,(#1479,#1480,#1481,#1482,#1483,
    #1484,#1485,#1486,#1487,#1488,#1489,#1490,#1491,#1492,#1493,#1494,
    #1495,#1496,#1497,#1498,#1499,#1500,#1501,#1502,#1503,#1504,#1505,
    #1506,#1507,#1508,#1509,#1510,#1511,#1512,#1513,#1514,#1515,#1516,
    #1517,#1518,#1519,#1520,#1521,#1522,#1523,#1524,#1525,#1526,#1527,
    #1528,#1529,#1530,#1531,#1532,#1533,#1534,#1535,#1536,#1537,#1538,
    #1539,#1540,#1541,#1542,#1543,#1544,#1545,#1546,#1547,#1548,#1549,
    #1550,#1551,#1552,#1553,#1554,#1555,#1556,#1557,#1558,#1559,#1560,
    #1561,#1562,#1563,#1564,#1565,#1566,#1567,#1568,#1569,#1570,#1571,
    #1572,#1573,#1574,#1575,#1576,#1577,#1578,#1579,#1580,#1581,#1582,
    #1583,#1584,#1585,#1586,#1587,#1588,#1589,#1590,#1591,#1592,#1593,
    #1594,#1595,#1596,#1597,#1598,#1599,#1600,#1601,#1602,#1603,#1604,
    #1605,#1606,#1607,#1608,#1609,#1610,#1611,#1612,#1613,#1614,#1615,
    #1616,#1617,#1618,#1619,#1620,#1621,#1622,#1623,#1624,#1625,#1626,
    #1627,#1628,#1629,#1630,#1631,#1632,#1633,#1634,#1635,#1636,#1637,
    #1638,#1639,#1640,#1641,#1642,#1643,#1644,#1645,#1646,#1647,#1648),
  .UNSPECIFIED.,.F.,.F.,(9,7,7,7,7,7,7,7,7,7,7,7,7,7,7,7,7,7,7,7,7,7,7,7
    ,9),(0.,7.868376719414E-02,0.137940562596,0.182383163832,
    0.215715117964,0.267564831335,0.323118126353,0.349042993972,
    0.389782073722,0.434224706441,0.497185063292,0.526813454966,
    0.560145396598,0.586070247807,0.634216427023,0.671251981302,
    0.697176892257,0.741619667979,0.786062507649,0.837912672763,
    0.87865216522,0.908280915469,0.952724230153,0.974946253801,1.),
  .UNSPECIFIED.);
#1479 = CARTESIAN_POINT('',(107.06655661625,160.));
#1480 = CARTESIAN_POINT('',(106.97146762102,158.42683161215));
#1481 = CARTESIAN_POINT('',(106.87688611549,156.85363258582));
#1482 = CARTESIAN_POINT('',(106.7828283764,155.28040196349));
#1483 = CARTESIAN_POINT('',(106.6893509694,153.7071370354));
#1484 = CARTESIAN_POINT('',(106.59642018674,152.13383908849));
#1485 = CARTESIAN_POINT('',(106.50412192616,150.56050418474));
#1486 = CARTESIAN_POINT('',(106.41246788937,148.98713163273));
#1487 = CARTESIAN_POINT('',(106.25298673896,146.22878198402));
#1488 = CARTESIAN_POINT('',(106.18486400335,145.04382199067));
#1489 = CARTESIAN_POINT('',(106.11714108917,143.85883897577));
#1490 = CARTESIAN_POINT('',(106.04983664848,142.6738321576));
#1491 = CARTESIAN_POINT('',(105.98296194135,141.48880094578));
#1492 = CARTESIAN_POINT('',(105.91652861864,140.30374475264));
#1493 = CARTESIAN_POINT('',(105.85055710073,139.11866278722));
#1494 = CARTESIAN_POINT('',(105.73594527575,137.04472290479));
#1495 = CARTESIAN_POINT('',(105.68709532271,136.15587657274));
#1496 = CARTESIAN_POINT('',(105.63852211454,135.26701505193));
#1497 = CARTESIAN_POINT('',(105.59023299261,134.37813805395));
#1498 = CARTESIAN_POINT('',(105.54223529831,133.48924529037));
#1499 = CARTESIAN_POINT('',(105.49453637301,132.60033647276));
#1500 = CARTESIAN_POINT('',(105.44714355812,131.7114113127));
#1501 = CARTESIAN_POINT('',(105.36475466925,130.15576311448));
#1502 = CARTESIAN_POINT('',(105.32962172398,129.48904735273));
#1503 = CARTESIAN_POINT('',(105.29466787194,128.82232213828));
#1504 = CARTESIAN_POINT('',(105.25989611702,128.15558735948));
#1505 = CARTESIAN_POINT('',(105.22530995401,127.48884289093));
#1506 = CARTESIAN_POINT('',(105.19091336829,126.82208859307));
#1507 = CARTESIAN_POINT('',(105.15671083562,126.15532431175));
#1508 = CARTESIAN_POINT('',(105.06981296001,124.45134506405));
#1509 = CARTESIAN_POINT('',(105.01739953843,123.41411570883));
#1510 = CARTESIAN_POINT('',(104.96548355156,122.37686125301));
#1511 = CARTESIAN_POINT('',(104.9140814946,121.33958115393));
#1512 = CARTESIAN_POINT('',(104.86320986352,120.30227488553));
#1513 = CARTESIAN_POINT('',(104.81288515504,119.26494193828));
#1514 = CARTESIAN_POINT('',(104.76312386662,118.22758181927));
#1515 = CARTESIAN_POINT('',(104.66124814226,116.07870654466));
#1516 = CARTESIAN_POINT('',(104.60921905222,114.96718735474));
#1517 = CARTESIAN_POINT('',(104.55787854212,113.85563556318));
#1518 = CARTESIAN_POINT('',(104.50724180617,112.74405116765));
#1519 = CARTESIAN_POINT('',(104.45732296158,111.63243430616));
#1520 = CARTESIAN_POINT('',(104.40813825623,110.52078490366));
#1521 = CARTESIAN_POINT('',(104.35970543955,109.40910274158));
#1522 = CARTESIAN_POINT('',(104.2897950993,107.7785877822));
#1523 = CARTESIAN_POINT('',(104.26771793497,107.259780542));
#1524 = CARTESIAN_POINT('',(104.24580943661,106.74096623348));
#1525 = CARTESIAN_POINT('',(104.22407123732,106.22214486038));
#1526 = CARTESIAN_POINT('',(104.20250497023,105.70331642648));
#1527 = CARTESIAN_POINT('',(104.18111226845,105.18448093553));
#1528 = CARTESIAN_POINT('',(104.15989476509,104.66563839129));
#1529 = CARTESIAN_POINT('',(104.10579017871,103.33145368032));
#1530 = CARTESIAN_POINT('',(104.07315740799,102.51610144414));
#1531 = CARTESIAN_POINT('',(104.040994352,101.70073086147));
#1532 = CARTESIAN_POINT('',(104.00925194227,100.8853438335));
#1533 = CARTESIAN_POINT('',(103.97790218098,100.0699415399));
#1534 = CARTESIAN_POINT('',(103.94693244435,99.254524605095));
#1535 = CARTESIAN_POINT('',(103.91631222003,98.439094258915));
#1536 = CARTESIAN_POINT('',(103.85297210084,96.734077513177));
#1537 = CARTESIAN_POINT('',(103.82031420516,95.844488747866));
#1538 = CARTESIAN_POINT('',(103.78801420765,94.9548864956));
#1539 = CARTESIAN_POINT('',(103.75604088575,94.065272077839));
#1540 = CARTESIAN_POINT('',(103.72436301926,93.175646815966));
#1541 = CARTESIAN_POINT('',(103.69294939041,92.286012031286));
#1542 = CARTESIAN_POINT('',(103.66176878379,91.396369045029));
#1543 = CARTESIAN_POINT('',(103.58690338428,89.246382657916));
#1544 = CARTESIAN_POINT('',(103.54342372026,87.986032144027));
#1545 = CARTESIAN_POINT('',(103.50042942308,86.725665167283));
#1546 = CARTESIAN_POINT('',(103.45799892404,85.465279336845));
#1547 = CARTESIAN_POINT('',(103.41621065706,84.204872340425));
#1548 = CARTESIAN_POINT('',(103.37514305865,82.944441944289));
#1549 = CARTESIAN_POINT('',(103.33487456789,81.683985993254));
#1550 = CARTESIAN_POINT('',(103.2769467201,79.830333897181));
#1551 = CARTESIAN_POINT('',(103.25860403241,79.237159251853));
#1552 = CARTESIAN_POINT('',(103.24046432791,78.643978164012));
#1553 = CARTESIAN_POINT('',(103.22253562167,78.050790404055));
#1554 = CARTESIAN_POINT('',(103.20482517933,77.457595823468));
#1555 = CARTESIAN_POINT('',(103.1873395171,76.864394354828));
#1556 = CARTESIAN_POINT('',(103.17008440178,76.2711860118));
#1557 = CARTESIAN_POINT('',(103.1339178552,75.010603856176));
#1558 = CARTESIAN_POINT('',(103.11506975485,74.34322813781));
#1559 = CARTESIAN_POINT('',(103.09652923552,73.675843691562));
#1560 = CARTESIAN_POINT('',(103.07830498304,73.008450474952));
#1561 = CARTESIAN_POINT('',(103.06040568323,72.341048445496));
#1562 = CARTESIAN_POINT('',(103.04284002194,71.673637560713));
#1563 = CARTESIAN_POINT('',(103.025616685,71.006217778122));
#1564 = CARTESIAN_POINT('',(102.99562143352,69.819677671801));
#1565 = CARTESIAN_POINT('',(102.98271103932,69.300560901871));
#1566 = CARTESIAN_POINT('',(102.97001698759,68.781438730312));
#1567 = CARTESIAN_POINT('',(102.95754323759,68.262311147161));
#1568 = CARTESIAN_POINT('',(102.9452938959,67.743178147635));
#1569 = CARTESIAN_POINT('',(102.93327321641,67.224039732126));
#1570 = CARTESIAN_POINT('',(102.92148560035,66.704895906204));
#1571 = CARTESIAN_POINT('',(102.88848557665,65.221611864422));
#1572 = CARTESIAN_POINT('',(102.86785803642,64.257458459001));
#1573 = CARTESIAN_POINT('',(102.84809271347,63.293286627063));
#1574 = CARTESIAN_POINT('',(102.82922934732,62.329096607574));
#1575 = CARTESIAN_POINT('',(102.8113076791,61.364888715757));
#1576 = CARTESIAN_POINT('',(102.79436745155,60.400663343087));
#1577 = CARTESIAN_POINT('',(102.77844840902,59.436420957298));
#1578 = CARTESIAN_POINT('',(102.75216097113,57.730423884662));
#1579 = CARTESIAN_POINT('',(102.74135856019,56.988675894458));
#1580 = CARTESIAN_POINT('',(102.73120504289,56.246918584314));
#1581 = CARTESIAN_POINT('',(102.72171312035,55.505151923191));
#1582 = CARTESIAN_POINT('',(102.71289939361,54.763376145747));
#1583 = CARTESIAN_POINT('',(102.70478884121,54.021592003782));
#1584 = CARTESIAN_POINT('',(102.69741059735,53.279800519839));
#1585 = CARTESIAN_POINT('',(102.68614712976,52.018742989325));
#1586 = CARTESIAN_POINT('',(102.68187839895,51.499480435103));
#1587 = CARTESIAN_POINT('',(102.67798702784,50.980214874346));
#1588 = CARTESIAN_POINT('',(102.67448120609,50.460946601082));
#1589 = CARTESIAN_POINT('',(102.67136912338,49.941675909342));
#1590 = CARTESIAN_POINT('',(102.66865896936,49.422403093156));
#1591 = CARTESIAN_POINT('',(102.66635893372,48.903128446553));
#1592 = CARTESIAN_POINT('',(102.66125138221,47.493663094602));
#1593 = CARTESIAN_POINT('',(102.65925719591,46.6034696663));
#1594 = CARTESIAN_POINT('',(102.65851783051,45.713272306007));
#1595 = CARTESIAN_POINT('',(102.65913859435,44.823077180772));
#1596 = CARTESIAN_POINT('',(102.66103138329,43.932877073218));
#1597 = CARTESIAN_POINT('',(102.66437929547,43.042684159036));
#1598 = CARTESIAN_POINT('',(102.66918413695,42.152497682254));
#1599 = CARTESIAN_POINT('',(102.6818558499,40.372145732369));
#1600 = CARTESIAN_POINT('',(102.68972186736,39.481980330877));
#1601 = CARTESIAN_POINT('',(102.69917017405,38.591829040876));
#1602 = CARTESIAN_POINT('',(102.71028246504,37.701698030298));
#1603 = CARTESIAN_POINT('',(102.72307211885,36.811586759674));
#1604 = CARTESIAN_POINT('',(102.73765974389,35.921505726717));
#1605 = CARTESIAN_POINT('',(102.7540460772,35.031453602174));
#1606 = CARTESIAN_POINT('',(102.7936591365,33.103085102788));
#1607 = CARTESIAN_POINT('',(102.81757121644,32.064782389736));
#1608 = CARTESIAN_POINT('',(102.84420540495,31.026543055924));
#1609 = CARTESIAN_POINT('',(102.87370184636,29.988380008092));
#1610 = CARTESIAN_POINT('',(102.9062006567,28.950306950869));
#1611 = CARTESIAN_POINT('',(102.94184192361,27.912338386773));
#1612 = CARTESIAN_POINT('',(102.98076570642,26.874489616215));
#1613 = CARTESIAN_POINT('',(103.05638421515,25.021429362959));
#1614 = CARTESIAN_POINT('',(103.09176572928,24.206162072369));
#1615 = CARTESIAN_POINT('',(103.12933162467,23.390985700988));
#1616 = CARTESIAN_POINT('',(103.16921952279,22.575918838182));
#1617 = CARTESIAN_POINT('',(103.21153163548,21.760975678472));
#1618 = CARTESIAN_POINT('',(103.25636153986,20.94616933732));
#1619 = CARTESIAN_POINT('',(103.3038346509,20.131516887085));
#1620 = CARTESIAN_POINT('',(103.39057258548,18.724679422507));
#1621 = CARTESIAN_POINT('',(103.42855315214,18.132418067306));
#1622 = CARTESIAN_POINT('',(103.46802003589,17.540249714842));
#1623 = CARTESIAN_POINT('',(103.50901140146,16.948178853456));
#1624 = CARTESIAN_POINT('',(103.55157657203,16.356213048003));
#1625 = CARTESIAN_POINT('',(103.59577602917,15.764362939844));
#1626 = CARTESIAN_POINT('',(103.64168141286,15.172642246856));
#1627 = CARTESIAN_POINT('',(103.7609169892,13.693702258485));
#1628 = CARTESIAN_POINT('',(103.83645645728,12.806659078613));
#1629 = CARTESIAN_POINT('',(103.91635278251,11.920007588993));
#1630 = CARTESIAN_POINT('',(104.00047467209,11.03370611858));
#1631 = CARTESIAN_POINT('',(104.08974299063,10.147957543457));
#1632 = CARTESIAN_POINT('',(104.18365002058,9.262639732413));
#1633 = CARTESIAN_POINT('',(104.28280963454,8.37789832774));
#1634 = CARTESIAN_POINT('',(104.44017115747,7.051801967962));
#1635 = CARTESIAN_POINT('',(104.49405875687,6.6099350651));
#1636 = CARTESIAN_POINT('',(104.54943548655,6.168251860062));
#1637 = CARTESIAN_POINT('',(104.6063572948,5.726765975937));
#1638 = CARTESIAN_POINT('',(104.66488012992,5.285491035814));
#1639 = CARTESIAN_POINT('',(104.72505994019,4.844440662782));
#1640 = CARTESIAN_POINT('',(104.78695267391,4.403628479931));
#1641 = CARTESIAN_POINT('',(104.92238819747,3.466367726084));
#1642 = CARTESIAN_POINT('',(104.99641721548,2.96999218999));
#1643 = CARTESIAN_POINT('',(105.07275451594,2.473954287646));
#1644 = CARTESIAN_POINT('',(105.15148382729,1.978277136385));
#1645 = CARTESIAN_POINT('',(105.23271942376,1.482994185287));
#1646 = CARTESIAN_POINT('',(105.31660612543,0.98814921518));
#1647 = CARTESIAN_POINT('',(105.40331929823,0.493796338642));
#1648 = CARTESIAN_POINT('',(105.49306485391,0.));
#1649 = ( GEOMETRIC_REPRESENTATION_CONTEXT(2) 
PARAMETRIC_REPRESENTATION_CONTEXT() REPRESENTATION_CONTEXT('2D SPACE',''
  ) );
#1650 = ORIENTED_EDGE('',*,*,#518,.T.);
#1651 = ORIENTED_EDGE('',*,*,#603,.T.);
#1652 = FACE_BOUND('',#1653,.T.);
#1653 = EDGE_LOOP('',(#1654));
#1654 = ORIENTED_EDGE('',*,*,#1655,.T.);
#1655 = EDGE_CURVE('',#1656,#1656,#1658,.T.);
#1656 = VERTEX_POINT('',#1657);
#1657 = CARTESIAN_POINT('',(382.75,470.,307.85329725725));
#1658 = SURFACE_CURVE('',#1659,(#1753,#1892),.PCURVE_S1.);
#1659 = B_SPLINE_CURVE_WITH_KNOTS('',8,(#1660,#1661,#1662,#1663,#1664,
    #1665,#1666,#1667,#1668,#1669,#1670,#1671,#1672,#1673,#1674,#1675,
    #1676,#1677,#1678,#1679,#1680,#1681,#1682,#1683,#1684,#1685,#1686,
    #1687,#1688,#1689,#1690,#1691,#1692,#1693,#1694,#1695,#1696,#1697,
    #1698,#1699,#1700,#1701,#1702,#1703,#1704,#1705,#1706,#1707,#1708,
    #1709,#1710,#1711,#1712,#1713,#1714,#1715,#1716,#1717,#1718,#1719,
    #1720,#1721,#1722,#1723,#1724,#1725,#1726,#1727,#1728,#1729,#1730,
    #1731,#1732,#1733,#1734,#1735,#1736,#1737,#1738,#1739,#1740,#1741,
    #1742,#1743,#1744,#1745,#1746,#1747,#1748,#1749,#1750,#1751,#1752),
  .UNSPECIFIED.,.T.,.F.,(9,7,7,7,7,7,7,7,7,7,7,7,7,9),(0.,1.,
    2.344070732055,4.201938201777,5.388305990875,6.965039276705,
    8.245386023853,8.249059398577,9.034833637775,10.225215099231,
    12.428016104233,14.528108818241,15.696766094991,16.451107848379),
  .UNSPECIFIED.);
#1660 = CARTESIAN_POINT('',(382.75,470.,307.85329725725));
#1661 = CARTESIAN_POINT('',(382.75,469.83999926452,307.85293113515));
#1662 = CARTESIAN_POINT('',(382.73936087007,469.67983783676,
    307.85281847722));
#1663 = CARTESIAN_POINT('',(382.71804567717,469.52142388589,
    307.85296442515));
#1664 = CARTESIAN_POINT('',(382.68649569131,469.36631375475,
    307.85336334589));
#1665 = CARTESIAN_POINT('',(382.64542987405,469.21575863051,
    307.85400368741));
#1666 = CARTESIAN_POINT('',(382.59573076658,469.07073538692,
    307.85487014242));
#1667 = CARTESIAN_POINT('',(382.53837289935,468.93196992203,
    307.85594467895));
#1668 = CARTESIAN_POINT('',(382.38829833174,468.62253241142,
    307.85890598569));
#1669 = CARTESIAN_POINT('',(382.29017111961,468.45723780356,
    307.86094569822));
#1670 = CARTESIAN_POINT('',(382.18197606972,468.30450408458,
    307.86328838056));
#1671 = CARTESIAN_POINT('',(382.06552667436,468.16440255586,
    307.8658987161));
#1672 = CARTESIAN_POINT('',(381.9423880338,468.03674734018,
    307.86874523115));
#1673 = CARTESIAN_POINT('',(381.8138391434,467.9211700669,
    307.87180123442));
#1674 = CARTESIAN_POINT('',(381.680837768,467.81719477013,
    307.87504642693));
#1675 = CARTESIAN_POINT('',(381.35479187051,467.59598171363,
    307.88320067728));
#1676 = CARTESIAN_POINT('',(381.1586246223,467.48913537247,
    307.88826169564));
#1677 = CARTESIAN_POINT('',(380.95727120395,467.40249001309,
    307.89361490947));
#1678 = CARTESIAN_POINT('',(380.75220879081,467.33528290978,
    307.89922852842));
#1679 = CARTESIAN_POINT('',(380.54471054228,467.28688204681,
    307.9050727719));
#1680 = CARTESIAN_POINT('',(380.33583263351,467.2568565438,
    307.91112089339));
#1681 = CARTESIAN_POINT('',(380.12644207503,467.24494386599,
    307.91734918301));
#1682 = CARTESIAN_POINT('',(379.78358577245,467.25527161821,
    307.9278190697));
#1683 = CARTESIAN_POINT('',(379.65012526758,467.26672133025,
    307.93196224267));
#1684 = CARTESIAN_POINT('',(379.51703397131,467.28560268555,
    307.93616199898));
#1685 = CARTESIAN_POINT('',(379.38455192053,467.31196786607,
    307.94041086217));
#1686 = CARTESIAN_POINT('',(379.25294353931,467.34590312116,
    307.94470014867));
#1687 = CARTESIAN_POINT('',(379.12249849884,467.387526441,
    307.94901985142));
#1688 = CARTESIAN_POINT('',(378.99353377564,467.43699426231,
    307.95335851173));
#1689 = CARTESIAN_POINT('',(378.69742659968,467.57096764702,
    307.96347719479));
#1690 = CARTESIAN_POINT('',(378.53193550595,467.66153246684,
    307.96925318101));
#1691 = CARTESIAN_POINT('',(378.37046332073,467.76675603824,
    307.97500922758));
#1692 = CARTESIAN_POINT('',(378.21400910377,467.88730533964,
    307.98070718317));
#1693 = CARTESIAN_POINT('',(378.06400919161,468.0238541084,
    307.9862911155));
#1694 = CARTESIAN_POINT('',(377.92229289533,468.17696815353,
    307.99168703781));
#1695 = CARTESIAN_POINT('',(377.7910734928,468.34706110023,
    307.99680252569));
#1696 = CARTESIAN_POINT('',(377.57717940566,468.68668664793,
    308.00535967316));
#1697 = CARTESIAN_POINT('',(377.48988086222,468.85053154021,
    308.00894064211));
#1698 = CARTESIAN_POINT('',(377.41300684456,469.02564657759,
    308.01219053123));
#1699 = CARTESIAN_POINT('',(377.34859975929,469.211175252,
    308.01502271329));
#1700 = CARTESIAN_POINT('',(377.29864677075,469.40567689837,
    308.01734950869));
#1701 = CARTESIAN_POINT('',(377.26493930681,469.60703990015,
    308.01908998444));
#1702 = CARTESIAN_POINT('',(377.24874973891,469.81233175053,
    308.02018471352));
#1703 = CARTESIAN_POINT('',(377.25005945493,470.01809268173,
    308.02062616974));
#1704 = CARTESIAN_POINT('',(377.25006334582,470.01868132988,
    308.02062742729));
#1705 = CARTESIAN_POINT('',(377.25006738073,470.01926997722,
    308.02062867945));
#1706 = CARTESIAN_POINT('',(377.25007155963,470.01985862366,
    308.02062992622));
#1707 = CARTESIAN_POINT('',(377.25007588255,470.02044726913,
    308.02063116761));
#1708 = CARTESIAN_POINT('',(377.25008034946,470.02103591354,
    308.02063240361));
#1709 = CARTESIAN_POINT('',(377.25008496039,470.0216245568,
    308.02063363422));
#1710 = CARTESIAN_POINT('',(377.25110684515,470.14813003873,
    308.02089694761));
#1711 = CARTESIAN_POINT('',(377.25871384105,470.27403561711,
    308.02091257822));
#1712 = CARTESIAN_POINT('',(377.27291011152,470.39902445649,
    308.02067960387));
#1713 = CARTESIAN_POINT('',(377.2935218166,470.52231222435,
    308.02020334583));
#1714 = CARTESIAN_POINT('',(377.32025126823,470.64322630289,
    308.01949463042));
#1715 = CARTESIAN_POINT('',(377.3527152635,470.76119767485,
    308.01856817795));
#1716 = CARTESIAN_POINT('',(377.39047235077,470.87575412545,
    308.01744134401));
#1717 = CARTESIAN_POINT('',(377.49752394303,471.15430774702,
    308.01415150598));
#1718 = CARTESIAN_POINT('',(377.57303790775,471.31336458194,
    308.01175400271));
#1719 = CARTESIAN_POINT('',(377.65809243837,471.46287590898,
    308.00900121773));
#1720 = CARTESIAN_POINT('',(377.75122459431,471.60246337271,
    308.00595395254));
#1721 = CARTESIAN_POINT('',(377.8511103355,471.73203876639,
    308.00266751412));
#1722 = CARTESIAN_POINT('',(377.95661927663,471.85172556552,
    307.99918910956));
#1723 = CARTESIAN_POINT('',(378.06684925738,471.96180107776,
    307.99555670154));
#1724 = CARTESIAN_POINT('',(378.39274661686,472.24917812699,
    307.98484140781));
#1725 = CARTESIAN_POINT('',(378.61771117284,472.40346802767,
    307.977472525));
#1726 = CARTESIAN_POINT('',(378.85219348825,472.52823197791,
    307.96986189488));
#1727 = CARTESIAN_POINT('',(379.09327343459,472.62477645696,
    307.96213193823));
#1728 = CARTESIAN_POINT('',(379.3384950979,472.69442597041,
    307.95437874468));
#1729 = CARTESIAN_POINT('',(379.5860068006,472.7380409325,
    307.94666862181));
#1730 = CARTESIAN_POINT('',(379.83442084847,472.75624538811,
    307.93904688163));
#1731 = CARTESIAN_POINT('',(380.31982110639,472.74160362618,
    307.92437594058));
#1732 = CARTESIAN_POINT('',(380.55591347617,472.71112498873,
    307.91734341346));
#1733 = CARTESIAN_POINT('',(380.79041103988,472.65738016195,
    307.91045921624));
#1734 = CARTESIAN_POINT('',(381.0220282993,472.57975113305,
    307.90375452719));
#1735 = CARTESIAN_POINT('',(381.24904312884,472.47742811437,
    307.89726784223));
#1736 = CARTESIAN_POINT('',(381.46920296295,472.34923967025,
    307.89104475106));
#1737 = CARTESIAN_POINT('',(381.67982426261,472.19403599762,
    307.8851349894));
#1738 = CARTESIAN_POINT('',(381.98733307168,471.90673677689,
    307.87651908285));
#1739 = CARTESIAN_POINT('',(382.09305509487,471.79508752533,
    307.87355954696));
#1740 = CARTESIAN_POINT('',(382.19393399772,471.67418624537,
    307.87073183983));
#1741 = CARTESIAN_POINT('',(382.2890825864,471.54379723901,
    307.86805320864));
#1742 = CARTESIAN_POINT('',(382.37740237493,471.40384222866,
    307.86554550955));
#1743 = CARTESIAN_POINT('',(382.45761844847,471.25445506431,
    307.86323434056));
#1744 = CARTESIAN_POINT('',(382.52833553127,471.09605712427,
    307.86114821597));
#1745 = CARTESIAN_POINT('',(382.62676580155,470.82198014542,
    307.85813502745));
#1746 = CARTESIAN_POINT('',(382.66083166141,470.71107944426,
    307.85705940077));
#1747 = CARTESIAN_POINT('',(382.68993236504,470.59714489683,
    307.85609951859));
#1748 = CARTESIAN_POINT('',(382.7136875876,470.48060666273,
    307.85526399062));
#1749 = CARTESIAN_POINT('',(382.73176900329,470.36197609335,
    307.85456054868));
#1750 = CARTESIAN_POINT('',(382.74392254222,470.24185184983,
    307.85399567501));
#1751 = CARTESIAN_POINT('',(382.75,470.12092741508,307.85357396972));
#1752 = CARTESIAN_POINT('',(382.75,470.,307.85329725725));
#1753 = PCURVE('',#187,#1754);
#1754 = DEFINITIONAL_REPRESENTATION('',(#1755),#1891);
#1755 = B_SPLINE_CURVE_WITH_KNOTS('',3,(#1756,#1757,#1758,#1759,#1760,
    #1761,#1762,#1763,#1764,#1765,#1766,#1767,#1768,#1769,#1770,#1771,
    #1772,#1773,#1774,#1775,#1776,#1777,#1778,#1779,#1780,#1781,#1782,
    #1783,#1784,#1785,#1786,#1787,#1788,#1789,#1790,#1791,#1792,#1793,
    #1794,#1795,#1796,#1797,#1798,#1799,#1800,#1801,#1802,#1803,#1804,
    #1805,#1806,#1807,#1808,#1809,#1810,#1811,#1812,#1813,#1814,#1815,
    #1816,#1817,#1818,#1819,#1820,#1821,#1822,#1823,#1824,#1825,#1826,
    #1827,#1828,#1829,#1830,#1831,#1832,#1833,#1834,#1835,#1836,#1837,
    #1838,#1839,#1840,#1841,#1842,#1843,#1844,#1845,#1846,#1847,#1848,
    #1849,#1850,#1851,#1852,#1853,#1854,#1855,#1856,#1857,#1858,#1859,
    #1860,#1861,#1862,#1863,#1864,#1865,#1866,#1867,#1868,#1869,#1870,
    #1871,#1872,#1873,#1874,#1875,#1876,#1877,#1878,#1879,#1880,#1881,
    #1882,#1883,#1884,#1885,#1886,#1887,#1888,#1889,#1890),
  .UNSPECIFIED.,.T.,.F.,(4,1,1,1,1,1,1,1,1,1,1,1,1,1,1,1,1,1,1,1,1,1,1,1
    ,1,1,1,1,1,1,1,1,1,1,1,1,1,1,1,1,1,1,1,1,1,1,1,1,1,1,1,1,1,1,1,1,1,1
    ,1,1,1,1,1,1,1,1,1,1,1,1,1,1,1,1,1,1,1,1,1,1,1,1,1,1,1,1,1,1,1,1,1,1
    ,1,1,1,1,1,1,1,1,1,1,1,1,1,1,1,1,1,1,1,1,1,1,1,1,1,1,1,1,1,1,1,1,1,1
    ,1,1,1,1,1,1,4),(0.,0.124629604912,0.249259209824,0.373888814736,
    0.498518419648,0.62314802456,0.747777629472,0.872407234384,
    0.997036839296,1.121666444208,1.24629604912,1.370925654032,
    1.495555258944,1.620184863855,1.744814468767,1.869444073679,
    1.994073678591,2.118703283503,2.243332888415,2.367962493327,
    2.492592098239,2.617221703151,2.741851308063,2.866480912975,
    2.991110517887,3.115740122799,3.240369727711,3.364999332623,
    3.489628937535,3.614258542447,3.738888147359,3.863517752271,
    3.988147357183,4.112776962095,4.237406567007,4.362036171919,
    4.486665776831,4.611295381743,4.735924986655,4.860554591566,
    4.985184196478,5.10981380139,5.234443406302,5.359073011214,
    5.483702616126,5.608332221038,5.73296182595,5.857591430862,
    5.982221035774,6.106850640686,6.231480245598,6.35610985051,
    6.480739455422,6.605369060334,6.729998665246,6.854628270158,
    6.97925787507,7.103887479982,7.228517084894,7.353146689806,
    7.477776294718,7.60240589963,7.727035504542,7.851665109454,
    7.976294714366,8.100924319277,8.225553924189,8.350183529101,
    8.474813134013,8.599442738925,8.724072343837,8.848701948749,
    8.973331553661,9.097961158573,9.222590763485,9.347220368397,
    9.471849973309,9.596479578221,9.721109183133,9.845738788045,
    9.970368392957,10.094997997869,10.219627602781,10.344257207693,
    10.468886812605,10.593516417517,10.718146022429,10.842775627341,
    10.967405232253,11.092034837165,11.216664442076,11.341294046988,
    11.4659236519,11.590553256812,11.715182861724,11.839812466636,
    11.964442071548,12.08907167646,12.213701281372,12.338330886284,
    12.462960491196,12.587590096108,12.71221970102,12.836849305932,
    12.961478910844,13.086108515756,13.210738120668,13.33536772558,
    13.459997330492,13.584626935404,13.709256540316,13.833886145228,
    13.95851575014,14.083145355052,14.207774959964,14.332404564876,
    14.457034169787,14.581663774699,14.706293379611,14.830922984523,
    14.955552589435,15.080182194347,15.204811799259,15.329441404171,
    15.454071009083,15.578700613995,15.703330218907,15.827959823819,
    15.952589428731,16.077219033643,16.201848638555,16.326478243467,
    16.451107848379),.QUASI_UNIFORM_KNOTS.);
#1756 = CARTESIAN_POINT('',(375.44321813929,0.338983050847));
#1757 = CARTESIAN_POINT('',(375.44360384134,0.338937977491));
#1758 = CARTESIAN_POINT('',(375.44102117,0.338847826944));
#1759 = CARTESIAN_POINT('',(375.42732854162,0.338713458834));
#1760 = CARTESIAN_POINT('',(375.40400537343,0.338580860054));
#1761 = CARTESIAN_POINT('',(375.37143407902,0.338450793805));
#1762 = CARTESIAN_POINT('',(375.3300865133,0.338323933526));
#1763 = CARTESIAN_POINT('',(375.28052014109,0.338200854494));
#1764 = CARTESIAN_POINT('',(375.22335080284,0.338082040478));
#1765 = CARTESIAN_POINT('',(375.15923880063,0.337967894353));
#1766 = CARTESIAN_POINT('',(375.08886055267,0.337858715727));
#1767 = CARTESIAN_POINT('',(375.01277033421,0.337754564405));
#1768 = CARTESIAN_POINT('',(374.93150485996,0.337655491139));
#1769 = CARTESIAN_POINT('',(374.84556749081,0.337561509814));
#1770 = CARTESIAN_POINT('',(374.75542956925,0.337472609165));
#1771 = CARTESIAN_POINT('',(374.66152740045,0.337388753799));
#1772 = CARTESIAN_POINT('',(374.56426027193,0.337309887858));
#1773 = CARTESIAN_POINT('',(374.46398918242,0.337235938411));
#1774 = CARTESIAN_POINT('',(374.36103199109,0.337166817183));
#1775 = CARTESIAN_POINT('',(374.25567225985,0.337102429398));
#1776 = CARTESIAN_POINT('',(374.14811677392,0.337042656284));
#1777 = CARTESIAN_POINT('',(374.03865618531,0.336987442861));
#1778 = CARTESIAN_POINT('',(373.92750700524,0.336936701129));
#1779 = CARTESIAN_POINT('',(373.81483890554,0.336890337547));
#1780 = CARTESIAN_POINT('',(373.70082143875,0.336848273676));
#1781 = CARTESIAN_POINT('',(373.58561235547,0.336810438505));
#1782 = CARTESIAN_POINT('',(373.46936138476,0.336776768934));
#1783 = CARTESIAN_POINT('',(373.35220972251,0.336747208539));
#1784 = CARTESIAN_POINT('',(373.23429055682,0.336721707188));
#1785 = CARTESIAN_POINT('',(373.11572921558,0.336700220744));
#1786 = CARTESIAN_POINT('',(372.99664338505,0.336682711018));
#1787 = CARTESIAN_POINT('',(372.87714310963,0.336669145902));
#1788 = CARTESIAN_POINT('',(372.75733134634,0.336659499645));
#1789 = CARTESIAN_POINT('',(372.63730230452,0.336653753405));
#1790 = CARTESIAN_POINT('',(372.51714788204,0.336651895615));
#1791 = CARTESIAN_POINT('',(372.39693370175,0.336653923988));
#1792 = CARTESIAN_POINT('',(372.27680380255,0.33665984193));
#1793 = CARTESIAN_POINT('',(372.1568607164,0.336669656882));
#1794 = CARTESIAN_POINT('',(372.03720102616,0.336683384233));
#1795 = CARTESIAN_POINT('',(371.91792972993,0.336701045636));
#1796 = CARTESIAN_POINT('',(371.7991564245,0.336722669105));
#1797 = CARTESIAN_POINT('',(371.68099661701,0.336748288822));
#1798 = CARTESIAN_POINT('',(371.56357090298,0.336777945548));
#1799 = CARTESIAN_POINT('',(371.44700774822,0.336811686162));
#1800 = CARTESIAN_POINT('',(371.33143418652,0.336849567324));
#1801 = CARTESIAN_POINT('',(371.21701144811,0.336891644764));
#1802 = CARTESIAN_POINT('',(371.10394878146,0.336937960756));
#1803 = CARTESIAN_POINT('',(370.99235743136,0.336988607087));
#1804 = CARTESIAN_POINT('',(370.88241030586,0.337043668472));
#1805 = CARTESIAN_POINT('',(370.77430277007,0.337103233763));
#1806 = CARTESIAN_POINT('',(370.6682623928,0.337167390658));
#1807 = CARTESIAN_POINT('',(370.56454565213,0.337236225037));
#1808 = CARTESIAN_POINT('',(370.46343822592,0.337309819378));
#1809 = CARTESIAN_POINT('',(370.36525464075,0.337388251555));
#1810 = CARTESIAN_POINT('',(370.27033784401,0.33747159461));
#1811 = CARTESIAN_POINT('',(370.17906095075,0.337559914157));
#1812 = CARTESIAN_POINT('',(370.09182187837,0.337653276438));
#1813 = CARTESIAN_POINT('',(370.00906604962,0.337751718541));
#1814 = CARTESIAN_POINT('',(369.93120319335,0.337855365638));
#1815 = CARTESIAN_POINT('',(369.85884782482,0.337964113381));
#1816 = CARTESIAN_POINT('',(369.79265639904,0.338077748365));
#1817 = CARTESIAN_POINT('',(369.73327811845,0.338195996443));
#1818 = CARTESIAN_POINT('',(369.68135123858,0.338318503065));
#1819 = CARTESIAN_POINT('',(369.63748565804,0.338444831314));
#1820 = CARTESIAN_POINT('',(369.60224641685,0.338574454451));
#1821 = CARTESIAN_POINT('',(369.5761330484,0.338706748627));
#1822 = CARTESIAN_POINT('',(369.55955460651,0.338840984949));
#1823 = CARTESIAN_POINT('',(369.55280036149,0.338976317101));
#1824 = CARTESIAN_POINT('',(369.55600059285,0.339111779137));
#1825 = CARTESIAN_POINT('',(369.5691028973,0.33924642952));
#1826 = CARTESIAN_POINT('',(369.59188503708,0.339379365882));
#1827 = CARTESIAN_POINT('',(369.6239848618,0.339509801922));
#1828 = CARTESIAN_POINT('',(369.66492655953,0.339637041124));
#1829 = CARTESIAN_POINT('',(369.71414712527,0.339760484583));
#1830 = CARTESIAN_POINT('',(369.77100292438,0.339879600758));
#1831 = CARTESIAN_POINT('',(369.83483950531,0.339994027296));
#1832 = CARTESIAN_POINT('',(369.90506206115,0.34010358789));
#1833 = CARTESIAN_POINT('',(369.98108439166,0.340208142808));
#1834 = CARTESIAN_POINT('',(370.06234897412,0.340307610912));
#1835 = CARTESIAN_POINT('',(370.14833009449,0.340401955021));
#1836 = CARTESIAN_POINT('',(370.23853972899,0.340491177617));
#1837 = CARTESIAN_POINT('',(370.33253413522,0.340575316137));
#1838 = CARTESIAN_POINT('',(370.42991100745,0.340654432688));
#1839 = CARTESIAN_POINT('',(370.53034120071,0.340728628378));
#1840 = CARTESIAN_POINT('',(370.6334705327,0.340797965532));
#1841 = CARTESIAN_POINT('',(370.73896534649,0.340862515152));
#1842 = CARTESIAN_POINT('',(370.84661842137,0.340922408964));
#1843 = CARTESIAN_POINT('',(370.95620769854,0.340977744581));
#1844 = CARTESIAN_POINT('',(371.06753233931,0.341028614309));
#1845 = CARTESIAN_POINT('',(371.18040182067,0.341075100083));
#1846 = CARTESIAN_POINT('',(371.29463790234,0.341117276763));
#1847 = CARTESIAN_POINT('',(371.41007337354,0.3411552126));
#1848 = CARTESIAN_POINT('',(371.52655184005,0.341188969986));
#1849 = CARTESIAN_POINT('',(371.64392737001,0.341218605734));
#1850 = CARTESIAN_POINT('',(371.76206427142,0.341244171183));
#1851 = CARTESIAN_POINT('',(371.88083694012,0.341265712079));
#1852 = CARTESIAN_POINT('',(372.00012963733,0.341283268295));
#1853 = CARTESIAN_POINT('',(372.11983675039,0.341296873371));
#1854 = CARTESIAN_POINT('',(372.23986143059,0.34130655395));
#1855 = CARTESIAN_POINT('',(372.36012048656,0.34131232872));
#1856 = CARTESIAN_POINT('',(372.48052617372,0.341314208276));
#1857 = CARTESIAN_POINT('',(372.60105452646,0.341312190371));
#1858 = CARTESIAN_POINT('',(372.72144679868,0.341306272422));
#1859 = CARTESIAN_POINT('',(372.84161167607,0.341296451908));
#1860 = CARTESIAN_POINT('',(372.96147703588,0.3412827134));
#1861 = CARTESIAN_POINT('',(373.0809520107,0.341265033832));
#1862 = CARTESIAN_POINT('',(373.19993724865,0.341243382489));
#1863 = CARTESIAN_POINT('',(373.31832218004,0.3412177221));
#1864 = CARTESIAN_POINT('',(373.43598570482,0.341188009369));
#1865 = CARTESIAN_POINT('',(373.55279591196,0.34115419543));
#1866 = CARTESIAN_POINT('',(373.66861000924,0.341116226098));
#1867 = CARTESIAN_POINT('',(373.78327413527,0.34107404196));
#1868 = CARTESIAN_POINT('',(373.89662314404,0.341027578217));
#1869 = CARTESIAN_POINT('',(374.00848024313,0.340976764333));
#1870 = CARTESIAN_POINT('',(374.11865674546,0.340921523152));
#1871 = CARTESIAN_POINT('',(374.2269508467,0.340861770301));
#1872 = CARTESIAN_POINT('',(374.33314931166,0.340797410498));
#1873 = CARTESIAN_POINT('',(374.437017376,0.340728342841));
#1874 = CARTESIAN_POINT('',(374.5383314642,0.340654429407));
#1875 = CARTESIAN_POINT('',(374.63668229051,0.340575649069));
#1876 = CARTESIAN_POINT('',(374.73174980946,0.340491905901));
#1877 = CARTESIAN_POINT('',(374.8231513556,0.340403130066));
#1878 = CARTESIAN_POINT('',(374.91045648204,0.340309279555));
#1879 = CARTESIAN_POINT('',(374.99318892356,0.340210346419));
#1880 = CARTESIAN_POINT('',(375.07083225697,0.34010636224));
#1881 = CARTESIAN_POINT('',(375.14283568316,0.339997403627));
#1882 = CARTESIAN_POINT('',(375.20861923013,0.339883601194));
#1883 = CARTESIAN_POINT('',(375.26758632428,0.339765138644));
#1884 = CARTESIAN_POINT('',(375.31911413033,0.339642293469));
#1885 = CARTESIAN_POINT('',(375.36253975379,0.33951557987));
#1886 = CARTESIAN_POINT('',(375.39727709965,0.339385577608));
#1887 = CARTESIAN_POINT('',(375.42282493717,0.339252963112));
#1888 = CARTESIAN_POINT('',(375.43877310793,0.339118494684));
#1889 = CARTESIAN_POINT('',(375.44285818631,0.339028210135));
#1890 = CARTESIAN_POINT('',(375.44321813929,0.338983050847));
#1891 = ( GEOMETRIC_REPRESENTATION_CONTEXT(2) 
PARAMETRIC_REPRESENTATION_CONTEXT() REPRESENTATION_CONTEXT('2D SPACE',''
  ) );
#1892 = PCURVE('',#1893,#1898);
#1893 = CYLINDRICAL_SURFACE('',#1894,2.75);
#1894 = AXIS2_PLACEMENT_3D('',#1895,#1896,#1897);
#1895 = CARTESIAN_POINT('',(380.,470.,250.));
#1896 = DIRECTION('',(0.,0.,1.));
#1897 = DIRECTION('',(1.,0.,-0.));
#1898 = DEFINITIONAL_REPRESENTATION('',(#1899),#2035);
#1899 = B_SPLINE_CURVE_WITH_KNOTS('',3,(#1900,#1901,#1902,#1903,#1904,
    #1905,#1906,#1907,#1908,#1909,#1910,#1911,#1912,#1913,#1914,#1915,
    #1916,#1917,#1918,#1919,#1920,#1921,#1922,#1923,#1924,#1925,#1926,
    #1927,#1928,#1929,#1930,#1931,#1932,#1933,#1934,#1935,#1936,#1937,
    #1938,#1939,#1940,#1941,#1942,#1943,#1944,#1945,#1946,#1947,#1948,
    #1949,#1950,#1951,#1952,#1953,#1954,#1955,#1956,#1957,#1958,#1959,
    #1960,#1961,#1962,#1963,#1964,#1965,#1966,#1967,#1968,#1969,#1970,
    #1971,#1972,#1973,#1974,#1975,#1976,#1977,#1978,#1979,#1980,#1981,
    #1982,#1983,#1984,#1985,#1986,#1987,#1988,#1989,#1990,#1991,#1992,
    #1993,#1994,#1995,#1996,#1997,#1998,#1999,#2000,#2001,#2002,#2003,
    #2004,#2005,#2006,#2007,#2008,#2009,#2010,#2011,#2012,#2013,#2014,
    #2015,#2016,#2017,#2018,#2019,#2020,#2021,#2022,#2023,#2024,#2025,
    #2026,#2027,#2028,#2029,#2030,#2031,#2032,#2033,#2034),
  .UNSPECIFIED.,.F.,.F.,(4,1,1,1,1,1,1,1,1,1,1,1,1,1,1,1,1,1,1,1,1,1,1,1
    ,1,1,1,1,1,1,1,1,1,1,1,1,1,1,1,1,1,1,1,1,1,1,1,1,1,1,1,1,1,1,1,1,1,1
    ,1,1,1,1,1,1,1,1,1,1,1,1,1,1,1,1,1,1,1,1,1,1,1,1,1,1,1,1,1,1,1,1,1,1
    ,1,1,1,1,1,1,1,1,1,1,1,1,1,1,1,1,1,1,1,1,1,1,1,1,1,1,1,1,1,1,1,1,1,1
    ,1,1,1,1,1,1,4),(0.,0.124629604912,0.249259209824,0.373888814736,
    0.498518419648,0.62314802456,0.747777629472,0.872407234384,
    0.997036839296,1.121666444208,1.24629604912,1.370925654032,
    1.495555258944,1.620184863855,1.744814468767,1.869444073679,
    1.994073678591,2.118703283503,2.243332888415,2.367962493327,
    2.492592098239,2.617221703151,2.741851308063,2.866480912975,
    2.991110517887,3.115740122799,3.240369727711,3.364999332623,
    3.489628937535,3.614258542447,3.738888147359,3.863517752271,
    3.988147357183,4.112776962095,4.237406567007,4.362036171919,
    4.486665776831,4.611295381743,4.735924986655,4.860554591566,
    4.985184196478,5.10981380139,5.234443406302,5.359073011214,
    5.483702616126,5.608332221038,5.73296182595,5.857591430862,
    5.982221035774,6.106850640686,6.231480245598,6.35610985051,
    6.480739455422,6.605369060334,6.729998665246,6.854628270158,
    6.97925787507,7.103887479982,7.228517084894,7.353146689806,
    7.477776294718,7.60240589963,7.727035504542,7.851665109454,
    7.976294714366,8.100924319277,8.225553924189,8.350183529101,
    8.474813134013,8.599442738925,8.724072343837,8.848701948749,
    8.973331553661,9.097961158573,9.222590763485,9.347220368397,
    9.471849973309,9.596479578221,9.721109183133,9.845738788045,
    9.970368392957,10.094997997869,10.219627602781,10.344257207693,
    10.468886812605,10.593516417517,10.718146022429,10.842775627341,
    10.967405232253,11.092034837165,11.216664442076,11.341294046988,
    11.4659236519,11.590553256812,11.715182861724,11.839812466636,
    11.964442071548,12.08907167646,12.213701281372,12.338330886284,
    12.462960491196,12.587590096108,12.71221970102,12.836849305932,
    12.961478910844,13.086108515756,13.210738120668,13.33536772558,
    13.459997330492,13.584626935404,13.709256540316,13.833886145228,
    13.95851575014,14.083145355052,14.207774959964,14.332404564876,
    14.457034169787,14.581663774699,14.706293379611,14.830922984523,
    14.955552589435,15.080182194347,15.204811799259,15.329441404171,
    15.454071009083,15.578700613995,15.703330218907,15.827959823819,
    15.952589428731,16.077219033643,16.201848638555,16.326478243467,
    16.451107848379),.QUASI_UNIFORM_KNOTS.);
#1900 = CARTESIAN_POINT('',(6.28318530718,57.853297257251));
#1901 = CARTESIAN_POINT('',(6.263845417418,57.853175299285));
#1902 = CARTESIAN_POINT('',(6.225161611825,57.8530059539));
#1903 = CARTESIAN_POINT('',(6.167311001187,57.852973238784));
#1904 = CARTESIAN_POINT('',(6.109836273593,57.853160564566));
#1905 = CARTESIAN_POINT('',(6.052890581665,57.853562656036));
#1906 = CARTESIAN_POINT('',(5.996604875587,57.85417236427));
#1907 = CARTESIAN_POINT('',(5.941088190505,57.85498069202));
#1908 = CARTESIAN_POINT('',(5.886431900831,57.855977284218));
#1909 = CARTESIAN_POINT('',(5.83271527666,57.857150656368));
#1910 = CARTESIAN_POINT('',(5.779995356874,57.858488666746));
#1911 = CARTESIAN_POINT('',(5.72823485164,57.859981277201));
#1912 = CARTESIAN_POINT('',(5.677406042296,57.861618722523));
#1913 = CARTESIAN_POINT('',(5.627476389176,57.863391761919));
#1914 = CARTESIAN_POINT('',(5.578411977659,57.865291656546));
#1915 = CARTESIAN_POINT('',(5.530176104213,57.867310228557));
#1916 = CARTESIAN_POINT('',(5.482728963273,57.869439914329));
#1917 = CARTESIAN_POINT('',(5.436027316823,57.871673808258));
#1918 = CARTESIAN_POINT('',(5.390022686305,57.874005800844));
#1919 = CARTESIAN_POINT('',(5.344665028118,57.876430401724));
#1920 = CARTESIAN_POINT('',(5.299885480538,57.878943783291));
#1921 = CARTESIAN_POINT('',(5.25566167917,57.881540034104));
#1922 = CARTESIAN_POINT('',(5.211948878803,57.884214802613));
#1923 = CARTESIAN_POINT('',(5.168693410455,57.886964756755));
#1924 = CARTESIAN_POINT('',(5.125849911054,57.889786471956));
#1925 = CARTESIAN_POINT('',(5.08337542206,57.892676708565));
#1926 = CARTESIAN_POINT('',(5.041229908227,57.895632323422));
#1927 = CARTESIAN_POINT('',(4.999375222977,57.898650284756));
#1928 = CARTESIAN_POINT('',(4.957774613739,57.901727663628));
#1929 = CARTESIAN_POINT('',(4.916392166554,57.904861635459));
#1930 = CARTESIAN_POINT('',(4.875192339666,57.908049480638));
#1931 = CARTESIAN_POINT('',(4.834139460542,57.911288592016));
#1932 = CARTESIAN_POINT('',(4.793197433736,57.914576467163));
#1933 = CARTESIAN_POINT('',(4.752328702194,57.91791076505));
#1934 = CARTESIAN_POINT('',(4.711495952111,57.921289130528));
#1935 = CARTESIAN_POINT('',(4.670653457092,57.924709894076));
#1936 = CARTESIAN_POINT('',(4.629782113999,57.92816907351));
#1937 = CARTESIAN_POINT('',(4.588848333725,57.931663746962));
#1938 = CARTESIAN_POINT('',(4.54781564113,57.935191084392));
#1939 = CARTESIAN_POINT('',(4.5066490832,57.938747920289));
#1940 = CARTESIAN_POINT('',(4.465313461901,57.942330857147));
#1941 = CARTESIAN_POINT('',(4.423773296347,57.945936219557));
#1942 = CARTESIAN_POINT('',(4.381992000218,57.949560073173));
#1943 = CARTESIAN_POINT('',(4.339932309899,57.953198131626));
#1944 = CARTESIAN_POINT('',(4.297552222436,57.956846044894));
#1945 = CARTESIAN_POINT('',(4.254817264419,57.960498271968));
#1946 = CARTESIAN_POINT('',(4.211706380199,57.964147559033));
#1947 = CARTESIAN_POINT('',(4.168155122683,57.967789669917));
#1948 = CARTESIAN_POINT('',(4.124113966237,57.971418288481));
#1949 = CARTESIAN_POINT('',(4.079533336868,57.975026221039));
#1950 = CARTESIAN_POINT('',(4.034366687588,57.978605052578));
#1951 = CARTESIAN_POINT('',(3.988568752665,57.982145219718));
#1952 = CARTESIAN_POINT('',(3.942095055122,57.985635974893));
#1953 = CARTESIAN_POINT('',(3.89490112067,57.989065374984));
#1954 = CARTESIAN_POINT('',(3.846941340716,57.992420280997));
#1955 = CARTESIAN_POINT('',(3.798169038195,57.99568628329));
#1956 = CARTESIAN_POINT('',(3.748531308622,57.998847901743));
#1957 = CARTESIAN_POINT('',(3.697982483833,58.001887742844));
#1958 = CARTESIAN_POINT('',(3.646425113044,58.004789635049));
#1959 = CARTESIAN_POINT('',(3.593866263063,58.007529678421));
#1960 = CARTESIAN_POINT('',(3.540344329286,58.010082028564));
#1961 = CARTESIAN_POINT('',(3.485903732843,58.012420773819));
#1962 = CARTESIAN_POINT('',(3.430603091458,58.014520117591));
#1963 = CARTESIAN_POINT('',(3.374515434166,58.016355095857));
#1964 = CARTESIAN_POINT('',(3.317731685732,58.017902264699));
#1965 = CARTESIAN_POINT('',(3.260364824179,58.019140536941));
#1966 = CARTESIAN_POINT('',(3.202555407112,58.020052165197));
#1967 = CARTESIAN_POINT('',(3.144480409181,58.020623851511));
#1968 = CARTESIAN_POINT('',(3.08635950635,58.020848214031));
#1969 = CARTESIAN_POINT('',(3.028400697396,58.020724994737));
#1970 = CARTESIAN_POINT('',(2.97080170186,58.020260644741));
#1971 = CARTESIAN_POINT('',(2.913723148108,58.019467383295));
#1972 = CARTESIAN_POINT('',(2.857304484578,58.018362102218));
#1973 = CARTESIAN_POINT('',(2.801663636536,58.016965331792));
#1974 = CARTESIAN_POINT('',(2.746913061141,58.015300773575));
#1975 = CARTESIAN_POINT('',(2.693113989475,58.013392990842));
#1976 = CARTESIAN_POINT('',(2.640262602459,58.01126493476));
#1977 = CARTESIAN_POINT('',(2.588355833941,58.008939253853));
#1978 = CARTESIAN_POINT('',(2.537379284108,58.006437593794));
#1979 = CARTESIAN_POINT('',(2.48731152255,58.003780411387));
#1980 = CARTESIAN_POINT('',(2.438123667385,58.000986737083));
#1981 = CARTESIAN_POINT('',(2.389778691084,57.998073934504));
#1982 = CARTESIAN_POINT('',(2.3422343795,57.995057771551));
#1983 = CARTESIAN_POINT('',(2.295430227796,57.991951439079));
#1984 = CARTESIAN_POINT('',(2.24933345671,57.988768601379));
#1985 = CARTESIAN_POINT('',(2.203912744148,57.985521981597));
#1986 = CARTESIAN_POINT('',(2.159095244573,57.98222013054));
#1987 = CARTESIAN_POINT('',(2.114828365934,57.97887181205));
#1988 = CARTESIAN_POINT('',(2.071061327385,57.975484904222));
#1989 = CARTESIAN_POINT('',(2.027748512095,57.972066751059));
#1990 = CARTESIAN_POINT('',(1.984847281109,57.968624115122));
#1991 = CARTESIAN_POINT('',(1.942317497837,57.965163228931));
#1992 = CARTESIAN_POINT('',(1.900120760891,57.961689813674));
#1993 = CARTESIAN_POINT('',(1.858219833827,57.958209101912));
#1994 = CARTESIAN_POINT('',(1.816578108101,57.954725856005));
#1995 = CARTESIAN_POINT('',(1.775159102507,57.951244384308));
#1996 = CARTESIAN_POINT('',(1.733926023811,57.947768559156));
#1997 = CARTESIAN_POINT('',(1.692841184516,57.944301821088));
#1998 = CARTESIAN_POINT('',(1.651865978204,57.940847228388));
#1999 = CARTESIAN_POINT('',(1.610958721086,57.937407330623));
#2000 = CARTESIAN_POINT('',(1.570080315821,57.933984690292));
#2001 = CARTESIAN_POINT('',(1.529170468318,57.93057997374));
#2002 = CARTESIAN_POINT('',(1.488248462653,57.927200346135));
#2003 = CARTESIAN_POINT('',(1.447276519287,57.923848073905));
#2004 = CARTESIAN_POINT('',(1.406209500079,57.920524792141));
#2005 = CARTESIAN_POINT('',(1.365007223867,57.917232550566));
#2006 = CARTESIAN_POINT('',(1.323630467818,57.913973518916));
#2007 = CARTESIAN_POINT('',(1.282041398695,57.910750053374));
#2008 = CARTESIAN_POINT('',(1.240202845871,57.907564667846));
#2009 = CARTESIAN_POINT('',(1.198077890361,57.904420032219));
#2010 = CARTESIAN_POINT('',(1.15562935432,57.901318964873));
#2011 = CARTESIAN_POINT('',(1.112819285105,57.898264428529));
#2012 = CARTESIAN_POINT('',(1.069608376577,57.895259526837));
#2013 = CARTESIAN_POINT('',(1.025955348074,57.892307504695));
#2014 = CARTESIAN_POINT('',(0.981816108398,57.889411745334));
#2015 = CARTESIAN_POINT('',(0.93714317854,57.886575792113));
#2016 = CARTESIAN_POINT('',(0.89188339322,57.883803293966));
#2017 = CARTESIAN_POINT('',(0.845980997658,57.881098255265));
#2018 = CARTESIAN_POINT('',(0.799359245107,57.878464173287));
#2019 = CARTESIAN_POINT('',(0.752012582661,57.875909132225));
#2020 = CARTESIAN_POINT('',(0.703881710752,57.873438645293));
#2021 = CARTESIAN_POINT('',(0.654919369322,57.871059602334));
#2022 = CARTESIAN_POINT('',(0.605086070626,57.868779883558));
#2023 = CARTESIAN_POINT('',(0.554350623326,57.86660832492));
#2024 = CARTESIAN_POINT('',(0.502689815117,57.864554602844));
#2025 = CARTESIAN_POINT('',(0.450088409757,57.862629133645));
#2026 = CARTESIAN_POINT('',(0.396540861238,57.860843009619));
#2027 = CARTESIAN_POINT('',(0.34204858353,57.859207759772));
#2028 = CARTESIAN_POINT('',(0.286636887141,57.857735734669));
#2029 = CARTESIAN_POINT('',(0.2304147277,57.856440847325));
#2030 = CARTESIAN_POINT('',(0.173495333699,57.855335597191));
#2031 = CARTESIAN_POINT('',(0.11601250358,57.854431123583));
#2032 = CARTESIAN_POINT('',(5.81181228512E-02,57.85373707056));
#2033 = CARTESIAN_POINT('',(1.937669998008E-02,57.853418947345));
#2034 = CARTESIAN_POINT('',(0.,57.853297257251));
#2035 = ( GEOMETRIC_REPRESENTATION_CONTEXT(2) 
PARAMETRIC_REPRESENTATION_CONTEXT() REPRESENTATION_CONTEXT('2D SPACE',''
  ) );
#2036 = FACE_BOUND('',#2037,.T.);
#2037 = EDGE_LOOP('',(#2038));
#2038 = ORIENTED_EDGE('',*,*,#2039,.T.);
#2039 = EDGE_CURVE('',#2040,#2040,#2042,.T.);
#2040 = VERTEX_POINT('',#2041);
#2041 = CARTESIAN_POINT('',(482.75,470.,310.55227665515));
#2042 = SURFACE_CURVE('',#2043,(#2130,#2247),.PCURVE_S1.);
#2043 = B_SPLINE_CURVE_WITH_KNOTS('',8,(#2044,#2045,#2046,#2047,#2048,
    #2049,#2050,#2051,#2052,#2053,#2054,#2055,#2056,#2057,#2058,#2059,
    #2060,#2061,#2062,#2063,#2064,#2065,#2066,#2067,#2068,#2069,#2070,
    #2071,#2072,#2073,#2074,#2075,#2076,#2077,#2078,#2079,#2080,#2081,
    #2082,#2083,#2084,#2085,#2086,#2087,#2088,#2089,#2090,#2091,#2092,
    #2093,#2094,#2095,#2096,#2097,#2098,#2099,#2100,#2101,#2102,#2103,
    #2104,#2105,#2106,#2107,#2108,#2109,#2110,#2111,#2112,#2113,#2114,
    #2115,#2116,#2117,#2118,#2119,#2120,#2121,#2122,#2123,#2124,#2125,
    #2126,#2127,#2128,#2129),.UNSPECIFIED.,.T.,.F.,(9,7,7,7,7,7,7,7,7,7,
    7,7,9),(0.,1.,2.349168600987,4.202114733012,5.213714733188,
    6.887575708818,8.184531605295,8.974193614024,10.1455619726,
    11.370585585529,13.407194447169,15.081050379602,16.399235453518),
  .UNSPECIFIED.);
#2044 = CARTESIAN_POINT('',(482.75,470.,310.55227665515));
#2045 = CARTESIAN_POINT('',(482.75,469.83939270509,310.55191529119));
#2046 = CARTESIAN_POINT('',(482.73928001201,469.67883670537,
    310.55097837818));
#2047 = CARTESIAN_POINT('',(482.71785272722,469.52024764296,
    310.54947093197));
#2048 = CARTESIAN_POINT('',(482.68621015121,469.36515694998,
    310.54742306301));
#2049 = CARTESIAN_POINT('',(482.64510729765,469.2147758978,
    310.54487848447));
#2050 = CARTESIAN_POINT('',(482.59544489384,469.07003515672,
    310.54188820226));
#2051 = CARTESIAN_POINT('',(482.53819955415,468.93161251195,
    310.53850671983));
#2052 = CARTESIAN_POINT('',(482.3882058979,468.62234181075,
    310.52977103277));
#2053 = CARTESIAN_POINT('',(482.29000849032,468.45698259741,
    310.52413842568));
#2054 = CARTESIAN_POINT('',(482.18176769584,468.3042278781,
    310.5180002131));
#2055 = CARTESIAN_POINT('',(482.06527785886,468.16411323883,
    310.51145396196));
#2056 = CARTESIAN_POINT('',(481.94208347116,468.03643137197,
    310.5045830486));
#2057 = CARTESIAN_POINT('',(481.81344377579,467.92080413119,
    310.49745489857));
#2058 = CARTESIAN_POINT('',(481.68029613066,467.81676098439,
    310.49011927978));
#2059 = CARTESIAN_POINT('',(481.3549554135,467.59618416437,
    310.47228881334));
#2060 = CARTESIAN_POINT('',(481.15967131924,467.48975962764,
    310.46165858516));
#2061 = CARTESIAN_POINT('',(480.95911066135,467.40329926004,
    310.45080796117));
#2062 = CARTESIAN_POINT('',(480.75470994877,467.33608729559,
    310.43981310419));
#2063 = CARTESIAN_POINT('',(480.54771330255,467.2875431455,
    310.42873968844));
#2064 = CARTESIAN_POINT('',(480.3391604709,467.25728614634,
    310.41764248511));
#2065 = CARTESIAN_POINT('',(480.12991369342,467.24510357092,
    310.40656683814));
#2066 = CARTESIAN_POINT('',(479.8063891187,467.25444376977,310.389532829
    ));
#2067 = CARTESIAN_POINT('',(479.69219365852,467.26317216539,
    310.38353772443));
#2068 = CARTESIAN_POINT('',(479.57819058545,467.27734328013,
    310.37757022599));
#2069 = CARTESIAN_POINT('',(479.46452933172,467.29699354068,
    310.3716382547));
#2070 = CARTESIAN_POINT('',(479.35137209692,467.32217852073,
    310.36575040656));
#2071 = CARTESIAN_POINT('',(479.23889426966,467.35297189775,
    310.35991596724));
#2072 = CARTESIAN_POINT('',(479.12728515801,467.38946787867,
    310.35414495109));
#2073 = CARTESIAN_POINT('',(478.83384856098,467.50181129787,
    310.33902188075));
#2074 = CARTESIAN_POINT('',(478.6542040057,467.58765761692,
    310.32981522895));
#2075 = CARTESIAN_POINT('',(478.47834339003,467.68992045461,
    310.3208563801));
#2076 = CARTESIAN_POINT('',(478.30736491275,467.80941470828,
    310.31220361957));
#2077 = CARTESIAN_POINT('',(478.14286378653,467.94695649626,
    310.303940797));
#2078 = CARTESIAN_POINT('',(477.98694745177,468.10331835751,
    310.29617755474));
#2079 = CARTESIAN_POINT('',(477.84216730818,468.27906866335,
    310.28904548739));
#2080 = CARTESIAN_POINT('',(477.61059456567,468.62651190678,
    310.2777970697));
#2081 = CARTESIAN_POINT('',(477.51794656882,468.79041604056,
    310.27335652873));
#2082 = CARTESIAN_POINT('',(477.43570960442,468.96622195276,
    310.26948604444));
#2083 = CARTESIAN_POINT('',(477.36602397216,469.1531088491,
    310.26629334192));
#2084 = CARTESIAN_POINT('',(477.31104436206,469.34964488442,
    310.2638853285));
#2085 = CARTESIAN_POINT('',(477.27268288968,469.55366253818,
    310.26235477162));
#2086 = CARTESIAN_POINT('',(477.25237249443,469.76213112547,
    310.2617683822));
#2087 = CARTESIAN_POINT('',(477.24880528155,470.09781461906,
    310.26233217205));
#2088 = CARTESIAN_POINT('',(477.25416217559,470.22497165015,
    310.26289292003));
#2089 = CARTESIAN_POINT('',(477.26624394813,470.35131657563,
    310.26379990392));
#2090 = CARTESIAN_POINT('',(477.28488596314,470.47603949673,
    310.26504289529));
#2091 = CARTESIAN_POINT('',(477.3097930069,470.59844442752,
    310.26660524917));
#2092 = CARTESIAN_POINT('',(477.34057967961,470.71794154721,
    310.26846595426));
#2093 = CARTESIAN_POINT('',(477.37679911589,470.83404059384,
    310.27060107229));
#2094 = CARTESIAN_POINT('',(477.47901729251,471.11293603461,
    310.27652019263));
#2095 = CARTESIAN_POINT('',(477.55094350081,471.27116386225,
    310.28060209394));
#2096 = CARTESIAN_POINT('',(477.63231530742,471.42023266163,
    310.28515573714));
#2097 = CARTESIAN_POINT('',(477.72172889869,471.55975658597,
    310.2901085467));
#2098 = CARTESIAN_POINT('',(477.81790882452,471.68962935964,
    310.29539507937));
#2099 = CARTESIAN_POINT('',(477.91976129371,471.80995070087,
    310.30095957286));
#2100 = CARTESIAN_POINT('',(478.02640817212,471.9209718213,
    310.3067576279));
#2101 = CARTESIAN_POINT('',(478.25314428605,472.12974635097,
    310.31903482514));
#2102 = CARTESIAN_POINT('',(478.37353369666,472.22657548398,
    310.32552803014));
#2103 = CARTESIAN_POINT('',(478.49764919273,472.31386959372,
    310.33220050692));
#2104 = CARTESIAN_POINT('',(478.62484401926,472.3919298295,
    310.33901979912));
#2105 = CARTESIAN_POINT('',(478.75456770007,472.46102668892,
    310.34595824056));
#2106 = CARTESIAN_POINT('',(478.88635906174,472.52141062677,
    310.35299264192));
#2107 = CARTESIAN_POINT('',(479.0198462032,472.57330473279,
    310.36010430883));
#2108 = CARTESIAN_POINT('',(479.37903742666,472.68932274543,
    310.37920800781));
#2109 = CARTESIAN_POINT('',(479.60690255703,472.73866206777,
    310.39129361568));
#2110 = CARTESIAN_POINT('',(479.83709977609,472.76582424615,
    310.40347372226));
#2111 = CARTESIAN_POINT('',(480.06840393302,472.77109801109,
    310.41568502481));
#2112 = CARTESIAN_POINT('',(480.29957669728,472.75453768558,
    310.42786235713));
#2113 = CARTESIAN_POINT('',(480.52934971026,472.71588955865,
    310.4399376115));
#2114 = CARTESIAN_POINT('',(480.75641378159,472.65466844235,
    310.45183935402));
#2115 = CARTESIAN_POINT('',(481.16260146118,472.4998622353,
    310.47306333436));
#2116 = CARTESIAN_POINT('',(481.34259493796,472.41416103463,
    310.48244311719));
#2117 = CARTESIAN_POINT('',(481.51882038346,472.31199624428,
    310.49159812175));
#2118 = CARTESIAN_POINT('',(481.6901798395,472.1925450893,
    310.50046707916));
#2119 = CARTESIAN_POINT('',(481.85507434411,472.05498204395,
    310.50896159327));
#2120 = CARTESIAN_POINT('',(482.01138784638,471.89852339922,
    310.51696513801));
#2121 = CARTESIAN_POINT('',(482.15655606824,471.72259025024,
    310.52433700632));
#2122 = CARTESIAN_POINT('',(482.39042552183,471.37215797434,
    310.53607291846));
#2123 = CARTESIAN_POINT('',(482.48473092289,471.20505577095,
    310.54075127252));
#2124 = CARTESIAN_POINT('',(482.56822619146,471.02558013767,
    310.54482565196));
#2125 = CARTESIAN_POINT('',(482.63860805671,470.83461938781,
    310.54817320794));
#2126 = CARTESIAN_POINT('',(482.69362211451,470.63373568303,
    310.55067498718));
#2127 = CARTESIAN_POINT('',(482.73123172861,470.42526893344,
    310.55222564693));
#2128 = CARTESIAN_POINT('',(482.75,470.21250560984,310.55275478953));
#2129 = CARTESIAN_POINT('',(482.75,470.,310.55227665515));
#2130 = PCURVE('',#187,#2131);
#2131 = DEFINITIONAL_REPRESENTATION('',(#2132),#2246);
#2132 = B_SPLINE_CURVE_WITH_KNOTS('',3,(#2133,#2134,#2135,#2136,#2137,
    #2138,#2139,#2140,#2141,#2142,#2143,#2144,#2145,#2146,#2147,#2148,
    #2149,#2150,#2151,#2152,#2153,#2154,#2155,#2156,#2157,#2158,#2159,
    #2160,#2161,#2162,#2163,#2164,#2165,#2166,#2167,#2168,#2169,#2170,
    #2171,#2172,#2173,#2174,#2175,#2176,#2177,#2178,#2179,#2180,#2181,
    #2182,#2183,#2184,#2185,#2186,#2187,#2188,#2189,#2190,#2191,#2192,
    #2193,#2194,#2195,#2196,#2197,#2198,#2199,#2200,#2201,#2202,#2203,
    #2204,#2205,#2206,#2207,#2208,#2209,#2210,#2211,#2212,#2213,#2214,
    #2215,#2216,#2217,#2218,#2219,#2220,#2221,#2222,#2223,#2224,#2225,
    #2226,#2227,#2228,#2229,#2230,#2231,#2232,#2233,#2234,#2235,#2236,
    #2237,#2238,#2239,#2240,#2241,#2242,#2243,#2244,#2245),
  .UNSPECIFIED.,.T.,.F.,(4,1,1,1,1,1,1,1,1,1,1,1,1,1,1,1,1,1,1,1,1,1,1,1
    ,1,1,1,1,1,1,1,1,1,1,1,1,1,1,1,1,1,1,1,1,1,1,1,1,1,1,1,1,1,1,1,1,1,1
    ,1,1,1,1,1,1,1,1,1,1,1,1,1,1,1,1,1,1,1,1,1,1,1,1,1,1,1,1,1,1,1,1,1,1
    ,1,1,1,1,1,1,1,1,1,1,1,1,1,1,1,1,1,1,4),(0.,0.149083958668,
    0.298167917337,0.447251876005,0.596335834673,0.745419793342,
    0.89450375201,1.043587710678,1.192671669347,1.341755628015,
    1.490839586683,1.639923545352,1.78900750402,1.938091462689,
    2.087175421357,2.236259380025,2.385343338694,2.534427297362,
    2.68351125603,2.832595214699,2.981679173367,3.130763132035,
    3.279847090704,3.428931049372,3.57801500804,3.727098966709,
    3.876182925377,4.025266884045,4.174350842714,4.323434801382,
    4.47251876005,4.621602718719,4.770686677387,4.919770636055,
    5.068854594724,5.217938553392,5.367022512061,5.516106470729,
    5.665190429397,5.814274388066,5.963358346734,6.112442305402,
    6.261526264071,6.410610222739,6.559694181407,6.708778140076,
    6.857862098744,7.006946057412,7.156030016081,7.305113974749,
    7.454197933417,7.603281892086,7.752365850754,7.901449809422,
    8.050533768091,8.199617726759,8.348701685427,8.497785644096,
    8.646869602764,8.795953561433,8.945037520101,9.094121478769,
    9.243205437438,9.392289396106,9.541373354774,9.690457313443,
    9.839541272111,9.988625230779,10.137709189448,10.286793148116,
    10.435877106784,10.584961065453,10.734045024121,10.883128982789,
    11.032212941458,11.181296900126,11.330380858794,11.479464817463,
    11.628548776131,11.7776327348,11.926716693468,12.075800652136,
    12.224884610805,12.373968569473,12.523052528141,12.67213648681,
    12.821220445478,12.970304404146,13.119388362815,13.268472321483,
    13.417556280151,13.56664023882,13.715724197488,13.864808156156,
    14.013892114825,14.162976073493,14.312060032161,14.46114399083,
    14.610227949498,14.759311908166,14.908395866835,15.057479825503,
    15.206563784172,15.35564774284,15.504731701508,15.653815660177,
    15.802899618845,15.951983577513,16.101067536182,16.25015149485,
    16.399235453518),.QUASI_UNIFORM_KNOTS.);
#2133 = CARTESIAN_POINT('',(482.52462473834,0.338983050847));
#2134 = CARTESIAN_POINT('',(482.52389620619,0.338928920052));
#2135 = CARTESIAN_POINT('',(482.51757422311,0.33882075355));
#2136 = CARTESIAN_POINT('',(482.49407011423,0.338660199039));
#2137 = CARTESIAN_POINT('',(482.45701923611,0.338502839832));
#2138 = CARTESIAN_POINT('',(482.40724335343,0.338349860693));
#2139 = CARTESIAN_POINT('',(482.34570408821,0.338202265864));
#2140 = CARTESIAN_POINT('',(482.27347863525,0.338060851779));
#2141 = CARTESIAN_POINT('',(482.19173188783,0.337926273007));
#2142 = CARTESIAN_POINT('',(482.10156196994,0.337798869813));
#2143 = CARTESIAN_POINT('',(482.00387886712,0.337678686412));
#2144 = CARTESIAN_POINT('',(481.89955485739,0.33756575756));
#2145 = CARTESIAN_POINT('',(481.78938705003,0.337460054357));
#2146 = CARTESIAN_POINT('',(481.67410198968,0.337361507083));
#2147 = CARTESIAN_POINT('',(481.55435028235,0.337270008332));
#2148 = CARTESIAN_POINT('',(481.43069878625,0.337185419141));
#2149 = CARTESIAN_POINT('',(481.30364223536,0.337107584015));
#2150 = CARTESIAN_POINT('',(481.1735392795,0.337036308578));
#2151 = CARTESIAN_POINT('',(481.04085896292,0.336971493497));
#2152 = CARTESIAN_POINT('',(480.90593879236,0.336912988749));
#2153 = CARTESIAN_POINT('',(480.76905867418,0.336860651101));
#2154 = CARTESIAN_POINT('',(480.6304902922,0.336814361303));
#2155 = CARTESIAN_POINT('',(480.49048557489,0.336774015089));
#2156 = CARTESIAN_POINT('',(480.34928103897,0.336739522641));
#2157 = CARTESIAN_POINT('',(480.20709756157,0.336710806931));
#2158 = CARTESIAN_POINT('',(480.06414108468,0.336687803291));
#2159 = CARTESIAN_POINT('',(479.92060307408,0.336670459417));
#2160 = CARTESIAN_POINT('',(479.77666022078,0.336658735917));
#2161 = CARTESIAN_POINT('',(479.63247678107,0.336652607436));
#2162 = CARTESIAN_POINT('',(479.48819654452,0.336652064012));
#2163 = CARTESIAN_POINT('',(479.34397302769,0.336657114357));
#2164 = CARTESIAN_POINT('',(479.20004108784,0.336667774941));
#2165 = CARTESIAN_POINT('',(479.05655463857,0.336684077045));
#2166 = CARTESIAN_POINT('',(478.91370171839,0.336706065397));
#2167 = CARTESIAN_POINT('',(478.77167329346,0.336733798759));
#2168 = CARTESIAN_POINT('',(478.6306826506,0.336767346523));
#2169 = CARTESIAN_POINT('',(478.4909207408,0.336806803085));
#2170 = CARTESIAN_POINT('',(478.35271795043,0.336852238639));
#2171 = CARTESIAN_POINT('',(478.21632549255,0.336903756296));
#2172 = CARTESIAN_POINT('',(478.08195290057,0.336961505693));
#2173 = CARTESIAN_POINT('',(477.94989778907,0.337025635643));
#2174 = CARTESIAN_POINT('',(477.82050915819,0.337096301073));
#2175 = CARTESIAN_POINT('',(477.69419575349,0.337173656354));
#2176 = CARTESIAN_POINT('',(477.57142290775,0.337257852921));
#2177 = CARTESIAN_POINT('',(477.45271245957,0.337349037213));
#2178 = CARTESIAN_POINT('',(477.33864427258,0.337447347336));
#2179 = CARTESIAN_POINT('',(477.22985151284,0.337552919787));
#2180 = CARTESIAN_POINT('',(477.12704389562,0.337665864283));
#2181 = CARTESIAN_POINT('',(477.03093178274,0.337786365569));
#2182 = CARTESIAN_POINT('',(476.94245251387,0.337914424001));
#2183 = CARTESIAN_POINT('',(476.86276388102,0.338049686273));
#2184 = CARTESIAN_POINT('',(476.79298271307,0.338191705024));
#2185 = CARTESIAN_POINT('',(476.73420983863,0.338339856066));
#2186 = CARTESIAN_POINT('',(476.68747589344,0.338493341576));
#2187 = CARTESIAN_POINT('',(476.6536995063,0.338651165869));
#2188 = CARTESIAN_POINT('',(476.63362887304,0.33881212177));
#2189 = CARTESIAN_POINT('',(476.6277713594,0.33897474252));
#2190 = CARTESIAN_POINT('',(476.63629538513,0.339137356405));
#2191 = CARTESIAN_POINT('',(476.65898767933,0.339298324154));
#2192 = CARTESIAN_POINT('',(476.69531034172,0.339456195911));
#2193 = CARTESIAN_POINT('',(476.74447273938,0.33960972343));
#2194 = CARTESIAN_POINT('',(476.80549848271,0.339757854843));
#2195 = CARTESIAN_POINT('',(476.87724590954,0.339899684321));
#2196 = CARTESIAN_POINT('',(476.95862579001,0.340034733929));
#2197 = CARTESIAN_POINT('',(477.04861758124,0.34016273171));
#2198 = CARTESIAN_POINT('',(477.14624114377,0.34028350203));
#2199 = CARTESIAN_POINT('',(477.25058552262,0.34039697124));
#2200 = CARTESIAN_POINT('',(477.36082055876,0.340503147335));
#2201 = CARTESIAN_POINT('',(477.47620543713,0.340602104814));
#2202 = CARTESIAN_POINT('',(477.59611550943,0.340693983567));
#2203 = CARTESIAN_POINT('',(477.71999295286,0.340778931055));
#2204 = CARTESIAN_POINT('',(477.847311798,0.340857083555));
#2205 = CARTESIAN_POINT('',(477.97765762728,0.340928613933));
#2206 = CARTESIAN_POINT('',(478.11063637775,0.340993669496));
#2207 = CARTESIAN_POINT('',(478.24589651381,0.341052391151));
#2208 = CARTESIAN_POINT('',(478.38312214459,0.34110490984));
#2209 = CARTESIAN_POINT('',(478.5220325163,0.341151347092));
#2210 = CARTESIAN_POINT('',(478.66238790308,0.341191815866));
#2211 = CARTESIAN_POINT('',(478.8039663714,0.341226410124));
#2212 = CARTESIAN_POINT('',(478.94647431137,0.341255194164));
#2213 = CARTESIAN_POINT('',(479.08976200201,0.341278249717));
#2214 = CARTESIAN_POINT('',(479.23364792657,0.341295630027));
#2215 = CARTESIAN_POINT('',(479.37795881469,0.341307373936));
#2216 = CARTESIAN_POINT('',(479.52251844435,0.341313504634));
#2217 = CARTESIAN_POINT('',(479.66715019883,0.34131403171));
#2218 = CARTESIAN_POINT('',(479.81167598781,0.341308951615));
#2219 = CARTESIAN_POINT('',(479.95591603243,0.341298247961));
#2220 = CARTESIAN_POINT('',(480.09968882655,0.341281891132));
#2221 = CARTESIAN_POINT('',(480.24280943529,0.341259837951));
#2222 = CARTESIAN_POINT('',(480.38509407327,0.341232028796));
#2223 = CARTESIAN_POINT('',(480.52634091988,0.34119839147));
#2224 = CARTESIAN_POINT('',(480.66639927686,0.341158816591));
#2225 = CARTESIAN_POINT('',(480.80490537826,0.341113236314));
#2226 = CARTESIAN_POINT('',(480.94158497666,0.341061552326));
#2227 = CARTESIAN_POINT('',(481.07623061367,0.341003611587));
#2228 = CARTESIAN_POINT('',(481.20853941385,0.340939264019));
#2229 = CARTESIAN_POINT('',(481.33815847395,0.340868352815));
#2230 = CARTESIAN_POINT('',(481.46467418115,0.340790721853));
#2231 = CARTESIAN_POINT('',(481.58761597522,0.340706217903));
#2232 = CARTESIAN_POINT('',(481.70645633195,0.340614692631));
#2233 = CARTESIAN_POINT('',(481.8206089887,0.340516006264));
#2234 = CARTESIAN_POINT('',(481.9294346686,0.340410019402));
#2235 = CARTESIAN_POINT('',(482.03221384669,0.340296623337));
#2236 = CARTESIAN_POINT('',(482.12823719197,0.340175618509));
#2237 = CARTESIAN_POINT('',(482.21654729979,0.340047014365));
#2238 = CARTESIAN_POINT('',(482.29596992436,0.339911177331));
#2239 = CARTESIAN_POINT('',(482.36537581628,0.339768569817));
#2240 = CARTESIAN_POINT('',(482.42365738286,0.339619834375));
#2241 = CARTESIAN_POINT('',(482.46978053312,0.339465787174));
#2242 = CARTESIAN_POINT('',(482.5028381177,0.339307448323));
#2243 = CARTESIAN_POINT('',(482.52206847487,0.339146026946));
#2244 = CARTESIAN_POINT('',(482.52540816053,0.339037386409));
#2245 = CARTESIAN_POINT('',(482.52462473834,0.338983050847));
#2246 = ( GEOMETRIC_REPRESENTATION_CONTEXT(2) 
PARAMETRIC_REPRESENTATION_CONTEXT() REPRESENTATION_CONTEXT('2D SPACE',''
  ) );
#2247 = PCURVE('',#2248,#2253);
#2248 = CYLINDRICAL_SURFACE('',#2249,2.75);
#2249 = AXIS2_PLACEMENT_3D('',#2250,#2251,#2252);
#2250 = CARTESIAN_POINT('',(480.,470.,250.));
#2251 = DIRECTION('',(0.,0.,1.));
#2252 = DIRECTION('',(1.,0.,-0.));
#2253 = DEFINITIONAL_REPRESENTATION('',(#2254),#2368);
#2254 = B_SPLINE_CURVE_WITH_KNOTS('',3,(#2255,#2256,#2257,#2258,#2259,
    #2260,#2261,#2262,#2263,#2264,#2265,#2266,#2267,#2268,#2269,#2270,
    #2271,#2272,#2273,#2274,#2275,#2276,#2277,#2278,#2279,#2280,#2281,
    #2282,#2283,#2284,#2285,#2286,#2287,#2288,#2289,#2290,#2291,#2292,
    #2293,#2294,#2295,#2296,#2297,#2298,#2299,#2300,#2301,#2302,#2303,
    #2304,#2305,#2306,#2307,#2308,#2309,#2310,#2311,#2312,#2313,#2314,
    #2315,#2316,#2317,#2318,#2319,#2320,#2321,#2322,#2323,#2324,#2325,
    #2326,#2327,#2328,#2329,#2330,#2331,#2332,#2333,#2334,#2335,#2336,
    #2337,#2338,#2339,#2340,#2341,#2342,#2343,#2344,#2345,#2346,#2347,
    #2348,#2349,#2350,#2351,#2352,#2353,#2354,#2355,#2356,#2357,#2358,
    #2359,#2360,#2361,#2362,#2363,#2364,#2365,#2366,#2367),
  .UNSPECIFIED.,.F.,.F.,(4,1,1,1,1,1,1,1,1,1,1,1,1,1,1,1,1,1,1,1,1,1,1,1
    ,1,1,1,1,1,1,1,1,1,1,1,1,1,1,1,1,1,1,1,1,1,1,1,1,1,1,1,1,1,1,1,1,1,1
    ,1,1,1,1,1,1,1,1,1,1,1,1,1,1,1,1,1,1,1,1,1,1,1,1,1,1,1,1,1,1,1,1,1,1
    ,1,1,1,1,1,1,1,1,1,1,1,1,1,1,1,1,1,1,4),(0.,0.149083958668,
    0.298167917337,0.447251876005,0.596335834673,0.745419793342,
    0.89450375201,1.043587710678,1.192671669347,1.341755628015,
    1.490839586683,1.639923545352,1.78900750402,1.938091462689,
    2.087175421357,2.236259380025,2.385343338694,2.534427297362,
    2.68351125603,2.832595214699,2.981679173367,3.130763132035,
    3.279847090704,3.428931049372,3.57801500804,3.727098966709,
    3.876182925377,4.025266884045,4.174350842714,4.323434801382,
    4.47251876005,4.621602718719,4.770686677387,4.919770636055,
    5.068854594724,5.217938553392,5.367022512061,5.516106470729,
    5.665190429397,5.814274388066,5.963358346734,6.112442305402,
    6.261526264071,6.410610222739,6.559694181407,6.708778140076,
    6.857862098744,7.006946057412,7.156030016081,7.305113974749,
    7.454197933417,7.603281892086,7.752365850754,7.901449809422,
    8.050533768091,8.199617726759,8.348701685427,8.497785644096,
    8.646869602764,8.795953561433,8.945037520101,9.094121478769,
    9.243205437438,9.392289396106,9.541373354774,9.690457313443,
    9.839541272111,9.988625230779,10.137709189448,10.286793148116,
    10.435877106784,10.584961065453,10.734045024121,10.883128982789,
    11.032212941458,11.181296900126,11.330380858794,11.479464817463,
    11.628548776131,11.7776327348,11.926716693468,12.075800652136,
    12.224884610805,12.373968569473,12.523052528141,12.67213648681,
    12.821220445478,12.970304404146,13.119388362815,13.268472321483,
    13.417556280151,13.56664023882,13.715724197488,13.864808156156,
    14.013892114825,14.162976073493,14.312060032161,14.46114399083,
    14.610227949498,14.759311908166,14.908395866835,15.057479825503,
    15.206563784172,15.35564774284,15.504731701508,15.653815660177,
    15.802899618845,15.951983577513,16.101067536182,16.25015149485,
    16.399235453518),.QUASI_UNIFORM_KNOTS.);
#2255 = CARTESIAN_POINT('',(6.28318530718,60.552276655159));
#2256 = CARTESIAN_POINT('',(6.259960106157,60.55213423246));
#2257 = CARTESIAN_POINT('',(6.21354399056,60.55160576298));
#2258 = CARTESIAN_POINT('',(6.144316648027,60.550113912125));
#2259 = CARTESIAN_POINT('',(6.075807154596,60.547949785143));
#2260 = CARTESIAN_POINT('',(6.008241864971,60.545157245429));
#2261 = CARTESIAN_POINT('',(5.941807573291,60.541786899842));
#2262 = CARTESIAN_POINT('',(5.87664620644,60.537894808436));
#2263 = CARTESIAN_POINT('',(5.812885811168,60.533541168505));
#2264 = CARTESIAN_POINT('',(5.750556847149,60.528782211005));
#2265 = CARTESIAN_POINT('',(5.689582087237,60.523664150736));
#2266 = CARTESIAN_POINT('',(5.62990544987,60.518231260375));
#2267 = CARTESIAN_POINT('',(5.571462357961,60.512523881015));
#2268 = CARTESIAN_POINT('',(5.514185766948,60.506578692559));
#2269 = CARTESIAN_POINT('',(5.458003115054,60.500428449667));
#2270 = CARTESIAN_POINT('',(5.402833550467,60.49410160744));
#2271 = CARTESIAN_POINT('',(5.348592408294,60.487622934326));
#2272 = CARTESIAN_POINT('',(5.295165408034,60.481010298195));
#2273 = CARTESIAN_POINT('',(5.242506753099,60.474287196386));
#2274 = CARTESIAN_POINT('',(5.190534375434,60.467470428603));
#2275 = CARTESIAN_POINT('',(5.139162119227,60.460573905202));
#2276 = CARTESIAN_POINT('',(5.088315611175,60.453611135885));
#2277 = CARTESIAN_POINT('',(5.037925221693,60.446594640694));
#2278 = CARTESIAN_POINT('',(4.987925691939,60.439536166583));
#2279 = CARTESIAN_POINT('',(4.938254347277,60.432446674784));
#2280 = CARTESIAN_POINT('',(4.888849918197,60.425336377068));
#2281 = CARTESIAN_POINT('',(4.839651411697,60.418214760768));
#2282 = CARTESIAN_POINT('',(4.790596813402,60.411090577669));
#2283 = CARTESIAN_POINT('',(4.741622705864,60.403971964213));
#2284 = CARTESIAN_POINT('',(4.692660355077,60.396866051156));
#2285 = CARTESIAN_POINT('',(4.643644618866,60.38978046078));
#2286 = CARTESIAN_POINT('',(4.594537192049,60.382726798714));
#2287 = CARTESIAN_POINT('',(4.545270416932,60.375712684305));
#2288 = CARTESIAN_POINT('',(4.495785160377,60.368747410835));
#2289 = CARTESIAN_POINT('',(4.446018957502,60.361840409192));
#2290 = CARTESIAN_POINT('',(4.39591162584,60.355002189624));
#2291 = CARTESIAN_POINT('',(4.345387524644,60.348242183958));
#2292 = CARTESIAN_POINT('',(4.294413154517,60.341576555446));
#2293 = CARTESIAN_POINT('',(4.242917649765,60.335017608969));
#2294 = CARTESIAN_POINT('',(4.190800672234,60.328575668966));
#2295 = CARTESIAN_POINT('',(4.137978752596,60.322265318305));
#2296 = CARTESIAN_POINT('',(4.084370544496,60.316103606924));
#2297 = CARTESIAN_POINT('',(4.029898510196,60.310110436971));
#2298 = CARTESIAN_POINT('',(3.974486257676,60.304308394646));
#2299 = CARTESIAN_POINT('',(3.91805659725,60.298722735068));
#2300 = CARTESIAN_POINT('',(3.860530258914,60.293381443873));
#2301 = CARTESIAN_POINT('',(3.801819699732,60.288315018808));
#2302 = CARTESIAN_POINT('',(3.741839300034,60.283557544208));
#2303 = CARTESIAN_POINT('',(3.680450858679,60.279143218433));
#2304 = CARTESIAN_POINT('',(3.617594452274,60.275116800357));
#2305 = CARTESIAN_POINT('',(3.553346003606,60.271532932698));
#2306 = CARTESIAN_POINT('',(3.487777142527,60.268444021593));
#2307 = CARTESIAN_POINT('',(3.420993964183,60.265901316905));
#2308 = CARTESIAN_POINT('',(3.353132891336,60.263952338331));
#2309 = CARTESIAN_POINT('',(3.284372520118,60.262638853469));
#2310 = CARTESIAN_POINT('',(3.214943122478,60.261994076292));
#2311 = CARTESIAN_POINT('',(3.145154796665,60.262039215281));
#2312 = CARTESIAN_POINT('',(3.075386769854,60.262778880902));
#2313 = CARTESIAN_POINT('',(3.006004426319,60.264199515716));
#2314 = CARTESIAN_POINT('',(2.937310379871,60.266272458766));
#2315 = CARTESIAN_POINT('',(2.869552840948,60.268957409274));
#2316 = CARTESIAN_POINT('',(2.80293636901,60.272205610282));
#2317 = CARTESIAN_POINT('',(2.737651466409,60.275960681927));
#2318 = CARTESIAN_POINT('',(2.673744306087,60.280169666592));
#2319 = CARTESIAN_POINT('',(2.61120545698,60.284783338208));
#2320 = CARTESIAN_POINT('',(2.550015346933,60.289754587612));
#2321 = CARTESIAN_POINT('',(2.490135910511,60.29503980759));
#2322 = CARTESIAN_POINT('',(2.431513676863,60.300599404379));
#2323 = CARTESIAN_POINT('',(2.37408072287,60.306398178117));
#2324 = CARTESIAN_POINT('',(2.31774629705,60.312406626888));
#2325 = CARTESIAN_POINT('',(2.262422916511,60.318598443657));
#2326 = CARTESIAN_POINT('',(2.208037346072,60.324948776797));
#2327 = CARTESIAN_POINT('',(2.154494131975,60.331438209817));
#2328 = CARTESIAN_POINT('',(2.101713513426,60.338048208889));
#2329 = CARTESIAN_POINT('',(2.049618075732,60.344762242805));
#2330 = CARTESIAN_POINT('',(1.998133413873,60.351565446353));
#2331 = CARTESIAN_POINT('',(1.947186185259,60.358444601863));
#2332 = CARTESIAN_POINT('',(1.896700355616,60.365388434887));
#2333 = CARTESIAN_POINT('',(1.846604266885,60.372386465432));
#2334 = CARTESIAN_POINT('',(1.796859282646,60.379424601868));
#2335 = CARTESIAN_POINT('',(1.747382933793,60.38649579339));
#2336 = CARTESIAN_POINT('',(1.698109947772,60.393591346726));
#2337 = CARTESIAN_POINT('',(1.648976251133,60.400702912076));
#2338 = CARTESIAN_POINT('',(1.599921592863,60.407821932795));
#2339 = CARTESIAN_POINT('',(1.550887386679,60.414939774276));
#2340 = CARTESIAN_POINT('',(1.501815948703,60.422047671896));
#2341 = CARTESIAN_POINT('',(1.452649462079,60.429136720824));
#2342 = CARTESIAN_POINT('',(1.403328860536,60.436197873371));
#2343 = CARTESIAN_POINT('',(1.353793253267,60.443221854046));
#2344 = CARTESIAN_POINT('',(1.303976925738,60.450199380698));
#2345 = CARTESIAN_POINT('',(1.253814832486,60.457120221771));
#2346 = CARTESIAN_POINT('',(1.203215489478,60.463976573861));
#2347 = CARTESIAN_POINT('',(1.152155387038,60.470750129017));
#2348 = CARTESIAN_POINT('',(1.100570573029,60.477426898685));
#2349 = CARTESIAN_POINT('',(1.048358280162,60.483996063891));
#2350 = CARTESIAN_POINT('',(0.99543510236,60.490442041098));
#2351 = CARTESIAN_POINT('',(0.941719059348,60.496746701844));
#2352 = CARTESIAN_POINT('',(0.887132110891,60.502888849137));
#2353 = CARTESIAN_POINT('',(0.831597257179,60.508844400437));
#2354 = CARTESIAN_POINT('',(0.775036577819,60.514586384663));
#2355 = CARTESIAN_POINT('',(0.717370083932,60.520084855809));
#2356 = CARTESIAN_POINT('',(0.658508774178,60.525307159996));
#2357 = CARTESIAN_POINT('',(0.598367382743,60.530216633149));
#2358 = CARTESIAN_POINT('',(0.53679996747,60.534776883258));
#2359 = CARTESIAN_POINT('',(0.473751206547,60.53893947791));
#2360 = CARTESIAN_POINT('',(0.40930184463,60.542645776374));
#2361 = CARTESIAN_POINT('',(0.343528150743,60.545839521071));
#2362 = CARTESIAN_POINT('',(0.276541345802,60.54846587111));
#2363 = CARTESIAN_POINT('',(0.208482503119,60.550474020095));
#2364 = CARTESIAN_POINT('',(0.139536547927,60.55181998018));
#2365 = CARTESIAN_POINT('',(6.993246425557E-02,60.552467503279));
#2366 = CARTESIAN_POINT('',(2.331319125245E-02,60.552422255962));
#2367 = CARTESIAN_POINT('',(-8.881784197001E-16,60.552276655159));
#2368 = ( GEOMETRIC_REPRESENTATION_CONTEXT(2) 
PARAMETRIC_REPRESENTATION_CONTEXT() REPRESENTATION_CONTEXT('2D SPACE',''
  ) );
#2369 = ADVANCED_FACE('',(#2370),#2248,.F.);
#2370 = FACE_BOUND('',#2371,.F.);
#2371 = EDGE_LOOP('',(#2372,#2373,#2396,#2423));
#2372 = ORIENTED_EDGE('',*,*,#2039,.T.);
#2373 = ORIENTED_EDGE('',*,*,#2374,.F.);
#2374 = EDGE_CURVE('',#2375,#2040,#2377,.T.);
#2375 = VERTEX_POINT('',#2376);
#2376 = CARTESIAN_POINT('',(482.75,470.,250.));
#2377 = SEAM_CURVE('',#2378,(#2382,#2389),.PCURVE_S1.);
#2378 = LINE('',#2379,#2380);
#2379 = CARTESIAN_POINT('',(482.75,470.,250.));
#2380 = VECTOR('',#2381,1.);
#2381 = DIRECTION('',(0.,0.,1.));
#2382 = PCURVE('',#2248,#2383);
#2383 = DEFINITIONAL_REPRESENTATION('',(#2384),#2388);
#2384 = LINE('',#2385,#2386);
#2385 = CARTESIAN_POINT('',(0.,-0.));
#2386 = VECTOR('',#2387,1.);
#2387 = DIRECTION('',(0.,1.));
#2388 = ( GEOMETRIC_REPRESENTATION_CONTEXT(2) 
PARAMETRIC_REPRESENTATION_CONTEXT() REPRESENTATION_CONTEXT('2D SPACE',''
  ) );
#2389 = PCURVE('',#2248,#2390);
#2390 = DEFINITIONAL_REPRESENTATION('',(#2391),#2395);
#2391 = LINE('',#2392,#2393);
#2392 = CARTESIAN_POINT('',(6.28318530718,-0.));
#2393 = VECTOR('',#2394,1.);
#2394 = DIRECTION('',(0.,1.));
#2395 = ( GEOMETRIC_REPRESENTATION_CONTEXT(2) 
PARAMETRIC_REPRESENTATION_CONTEXT() REPRESENTATION_CONTEXT('2D SPACE',''
  ) );
#2396 = ORIENTED_EDGE('',*,*,#2397,.T.);
#2397 = EDGE_CURVE('',#2375,#2375,#2398,.T.);
#2398 = SURFACE_CURVE('',#2399,(#2404,#2411),.PCURVE_S1.);
#2399 = CIRCLE('',#2400,2.75);
#2400 = AXIS2_PLACEMENT_3D('',#2401,#2402,#2403);
#2401 = CARTESIAN_POINT('',(480.,470.,250.));
#2402 = DIRECTION('',(0.,0.,1.));
#2403 = DIRECTION('',(1.,0.,-0.));
#2404 = PCURVE('',#2248,#2405);
#2405 = DEFINITIONAL_REPRESENTATION('',(#2406),#2410);
#2406 = LINE('',#2407,#2408);
#2407 = CARTESIAN_POINT('',(0.,0.));
#2408 = VECTOR('',#2409,1.);
#2409 = DIRECTION('',(1.,0.));
#2410 = ( GEOMETRIC_REPRESENTATION_CONTEXT(2) 
PARAMETRIC_REPRESENTATION_CONTEXT() REPRESENTATION_CONTEXT('2D SPACE',''
  ) );
#2411 = PCURVE('',#2412,#2417);
#2412 = PLANE('',#2413);
#2413 = AXIS2_PLACEMENT_3D('',#2414,#2415,#2416);
#2414 = CARTESIAN_POINT('',(480.,470.,250.));
#2415 = DIRECTION('',(0.,0.,1.));
#2416 = DIRECTION('',(1.,0.,-0.));
#2417 = DEFINITIONAL_REPRESENTATION('',(#2418),#2422);
#2418 = CIRCLE('',#2419,2.75);
#2419 = AXIS2_PLACEMENT_2D('',#2420,#2421);
#2420 = CARTESIAN_POINT('',(0.,0.));
#2421 = DIRECTION('',(1.,0.));
#2422 = ( GEOMETRIC_REPRESENTATION_CONTEXT(2) 
PARAMETRIC_REPRESENTATION_CONTEXT() REPRESENTATION_CONTEXT('2D SPACE',''
  ) );
#2423 = ORIENTED_EDGE('',*,*,#2374,.T.);
#2424 = ADVANCED_FACE('',(#2425),#2412,.T.);
#2425 = FACE_BOUND('',#2426,.F.);
#2426 = EDGE_LOOP('',(#2427));
#2427 = ORIENTED_EDGE('',*,*,#2397,.F.);
#2428 = ADVANCED_FACE('',(#2429),#1893,.F.);
#2429 = FACE_BOUND('',#2430,.F.);
#2430 = EDGE_LOOP('',(#2431,#2432,#2455,#2482));
#2431 = ORIENTED_EDGE('',*,*,#1655,.T.);
#2432 = ORIENTED_EDGE('',*,*,#2433,.F.);
#2433 = EDGE_CURVE('',#2434,#1656,#2436,.T.);
#2434 = VERTEX_POINT('',#2435);
#2435 = CARTESIAN_POINT('',(382.75,470.,250.));
#2436 = SEAM_CURVE('',#2437,(#2441,#2448),.PCURVE_S1.);
#2437 = LINE('',#2438,#2439);
#2438 = CARTESIAN_POINT('',(382.75,470.,250.));
#2439 = VECTOR('',#2440,1.);
#2440 = DIRECTION('',(0.,0.,1.));
#2441 = PCURVE('',#1893,#2442);
#2442 = DEFINITIONAL_REPRESENTATION('',(#2443),#2447);
#2443 = LINE('',#2444,#2445);
#2444 = CARTESIAN_POINT('',(0.,-0.));
#2445 = VECTOR('',#2446,1.);
#2446 = DIRECTION('',(0.,1.));
#2447 = ( GEOMETRIC_REPRESENTATION_CONTEXT(2) 
PARAMETRIC_REPRESENTATION_CONTEXT() REPRESENTATION_CONTEXT('2D SPACE',''
  ) );
#2448 = PCURVE('',#1893,#2449);
#2449 = DEFINITIONAL_REPRESENTATION('',(#2450),#2454);
#2450 = LINE('',#2451,#2452);
#2451 = CARTESIAN_POINT('',(6.28318530718,-0.));
#2452 = VECTOR('',#2453,1.);
#2453 = DIRECTION('',(0.,1.));
#2454 = ( GEOMETRIC_REPRESENTATION_CONTEXT(2) 
PARAMETRIC_REPRESENTATION_CONTEXT() REPRESENTATION_CONTEXT('2D SPACE',''
  ) );
#2455 = ORIENTED_EDGE('',*,*,#2456,.T.);
#2456 = EDGE_CURVE('',#2434,#2434,#2457,.T.);
#2457 = SURFACE_CURVE('',#2458,(#2463,#2470),.PCURVE_S1.);
#2458 = CIRCLE('',#2459,2.75);
#2459 = AXIS2_PLACEMENT_3D('',#2460,#2461,#2462);
#2460 = CARTESIAN_POINT('',(380.,470.,250.));
#2461 = DIRECTION('',(0.,0.,1.));
#2462 = DIRECTION('',(1.,0.,-0.));
#2463 = PCURVE('',#1893,#2464);
#2464 = DEFINITIONAL_REPRESENTATION('',(#2465),#2469);
#2465 = LINE('',#2466,#2467);
#2466 = CARTESIAN_POINT('',(0.,0.));
#2467 = VECTOR('',#2468,1.);
#2468 = DIRECTION('',(1.,0.));
#2469 = ( GEOMETRIC_REPRESENTATION_CONTEXT(2) 
PARAMETRIC_REPRESENTATION_CONTEXT() REPRESENTATION_CONTEXT('2D SPACE',''
  ) );
#2470 = PCURVE('',#2471,#2476);
#2471 = PLANE('',#2472);
#2472 = AXIS2_PLACEMENT_3D('',#2473,#2474,#2475);
#2473 = CARTESIAN_POINT('',(380.,470.,250.));
#2474 = DIRECTION('',(0.,0.,1.));
#2475 = DIRECTION('',(1.,0.,-0.));
#2476 = DEFINITIONAL_REPRESENTATION('',(#2477),#2481);
#2477 = CIRCLE('',#2478,2.75);
#2478 = AXIS2_PLACEMENT_2D('',#2479,#2480);
#2479 = CARTESIAN_POINT('',(0.,0.));
#2480 = DIRECTION('',(1.,0.));
#2481 = ( GEOMETRIC_REPRESENTATION_CONTEXT(2) 
PARAMETRIC_REPRESENTATION_CONTEXT() REPRESENTATION_CONTEXT('2D SPACE',''
  ) );
#2482 = ORIENTED_EDGE('',*,*,#2433,.T.);
#2483 = ADVANCED_FACE('',(#2484),#2471,.T.);
#2484 = FACE_BOUND('',#2485,.F.);
#2485 = EDGE_LOOP('',(#2486));
#2486 = ORIENTED_EDGE('',*,*,#2456,.F.);
#2487 = ADVANCED_FACE('',(#2488),#44,.F.);
#2488 = FACE_BOUND('',#2489,.F.);
#2489 = EDGE_LOOP('',(#2490,#2491,#2492,#2493));
#2490 = ORIENTED_EDGE('',*,*,#424,.F.);
#2491 = ORIENTED_EDGE('',*,*,#351,.F.);
#2492 = ORIENTED_EDGE('',*,*,#21,.T.);
#2493 = ORIENTED_EDGE('',*,*,#1129,.F.);
#2494 = MANIFOLD_SOLID_BREP('',#2495);
#2495 = CLOSED_SHELL('',(#2496,#2673,#2746,#2863,#2890,#2917,#2944,#2971
    ));
#2496 = ADVANCED_FACE('',(#2497),#2511,.F.);
#2497 = FACE_BOUND('',#2498,.F.);
#2498 = EDGE_LOOP('',(#2499,#2534,#2562,#2590,#2618,#2646));
#2499 = ORIENTED_EDGE('',*,*,#2500,.F.);
#2500 = EDGE_CURVE('',#2501,#2503,#2505,.T.);
#2501 = VERTEX_POINT('',#2502);
#2502 = CARTESIAN_POINT('',(352.,448.,205.));
#2503 = VERTEX_POINT('',#2504);
#2504 = CARTESIAN_POINT('',(352.,457.49999999999,205.));
#2505 = SURFACE_CURVE('',#2506,(#2510,#2522),.PCURVE_S1.);
#2506 = LINE('',#2507,#2508);
#2507 = CARTESIAN_POINT('',(352.,448.,205.));
#2508 = VECTOR('',#2509,1.);
#2509 = DIRECTION('',(-0.,1.,0.));
#2510 = PCURVE('',#2511,#2516);
#2511 = PLANE('',#2512);
#2512 = AXIS2_PLACEMENT_3D('',#2513,#2514,#2515);
#2513 = CARTESIAN_POINT('',(352.,448.,186.5));
#2514 = DIRECTION('',(1.,0.,-0.));
#2515 = DIRECTION('',(0.,0.,1.));
#2516 = DEFINITIONAL_REPRESENTATION('',(#2517),#2521);
#2517 = LINE('',#2518,#2519);
#2518 = CARTESIAN_POINT('',(18.5,0.));
#2519 = VECTOR('',#2520,1.);
#2520 = DIRECTION('',(0.,-1.));
#2521 = ( GEOMETRIC_REPRESENTATION_CONTEXT(2) 
PARAMETRIC_REPRESENTATION_CONTEXT() REPRESENTATION_CONTEXT('2D SPACE',''
  ) );
#2522 = PCURVE('',#2523,#2528);
#2523 = PLANE('',#2524);
#2524 = AXIS2_PLACEMENT_3D('',#2525,#2526,#2527);
#2525 = CARTESIAN_POINT('',(352.,448.,205.));
#2526 = DIRECTION('',(0.,0.,1.));
#2527 = DIRECTION('',(1.,0.,-0.));
#2528 = DEFINITIONAL_REPRESENTATION('',(#2529),#2533);
#2529 = LINE('',#2530,#2531);
#2530 = CARTESIAN_POINT('',(0.,0.));
#2531 = VECTOR('',#2532,1.);
#2532 = DIRECTION('',(0.,1.));
#2533 = ( GEOMETRIC_REPRESENTATION_CONTEXT(2) 
PARAMETRIC_REPRESENTATION_CONTEXT() REPRESENTATION_CONTEXT('2D SPACE',''
  ) );
#2534 = ORIENTED_EDGE('',*,*,#2535,.F.);
#2535 = EDGE_CURVE('',#2536,#2501,#2538,.T.);
#2536 = VERTEX_POINT('',#2537);
#2537 = CARTESIAN_POINT('',(352.,448.,186.5));
#2538 = SURFACE_CURVE('',#2539,(#2543,#2550),.PCURVE_S1.);
#2539 = LINE('',#2540,#2541);
#2540 = CARTESIAN_POINT('',(352.,448.,186.5));
#2541 = VECTOR('',#2542,1.);
#2542 = DIRECTION('',(0.,0.,1.));
#2543 = PCURVE('',#2511,#2544);
#2544 = DEFINITIONAL_REPRESENTATION('',(#2545),#2549);
#2545 = LINE('',#2546,#2547);
#2546 = CARTESIAN_POINT('',(0.,0.));
#2547 = VECTOR('',#2548,1.);
#2548 = DIRECTION('',(1.,0.));
#2549 = ( GEOMETRIC_REPRESENTATION_CONTEXT(2) 
PARAMETRIC_REPRESENTATION_CONTEXT() REPRESENTATION_CONTEXT('2D SPACE',''
  ) );
#2550 = PCURVE('',#2551,#2556);
#2551 = PLANE('',#2552);
#2552 = AXIS2_PLACEMENT_3D('',#2553,#2554,#2555);
#2553 = CARTESIAN_POINT('',(352.,448.,186.5));
#2554 = DIRECTION('',(-0.,1.,0.));
#2555 = DIRECTION('',(0.,0.,1.));
#2556 = DEFINITIONAL_REPRESENTATION('',(#2557),#2561);
#2557 = LINE('',#2558,#2559);
#2558 = CARTESIAN_POINT('',(0.,0.));
#2559 = VECTOR('',#2560,1.);
#2560 = DIRECTION('',(1.,0.));
#2561 = ( GEOMETRIC_REPRESENTATION_CONTEXT(2) 
PARAMETRIC_REPRESENTATION_CONTEXT() REPRESENTATION_CONTEXT('2D SPACE',''
  ) );
#2562 = ORIENTED_EDGE('',*,*,#2563,.T.);
#2563 = EDGE_CURVE('',#2536,#2564,#2566,.T.);
#2564 = VERTEX_POINT('',#2565);
#2565 = CARTESIAN_POINT('',(352.,492.,186.5));
#2566 = SURFACE_CURVE('',#2567,(#2571,#2578),.PCURVE_S1.);
#2567 = LINE('',#2568,#2569);
#2568 = CARTESIAN_POINT('',(352.,448.,186.5));
#2569 = VECTOR('',#2570,1.);
#2570 = DIRECTION('',(-0.,1.,0.));
#2571 = PCURVE('',#2511,#2572);
#2572 = DEFINITIONAL_REPRESENTATION('',(#2573),#2577);
#2573 = LINE('',#2574,#2575);
#2574 = CARTESIAN_POINT('',(0.,0.));
#2575 = VECTOR('',#2576,1.);
#2576 = DIRECTION('',(0.,-1.));
#2577 = ( GEOMETRIC_REPRESENTATION_CONTEXT(2) 
PARAMETRIC_REPRESENTATION_CONTEXT() REPRESENTATION_CONTEXT('2D SPACE',''
  ) );
#2578 = PCURVE('',#2579,#2584);
#2579 = PLANE('',#2580);
#2580 = AXIS2_PLACEMENT_3D('',#2581,#2582,#2583);
#2581 = CARTESIAN_POINT('',(352.,448.,186.5));
#2582 = DIRECTION('',(0.,0.,1.));
#2583 = DIRECTION('',(1.,0.,-0.));
#2584 = DEFINITIONAL_REPRESENTATION('',(#2585),#2589);
#2585 = LINE('',#2586,#2587);
#2586 = CARTESIAN_POINT('',(0.,0.));
#2587 = VECTOR('',#2588,1.);
#2588 = DIRECTION('',(0.,1.));
#2589 = ( GEOMETRIC_REPRESENTATION_CONTEXT(2) 
PARAMETRIC_REPRESENTATION_CONTEXT() REPRESENTATION_CONTEXT('2D SPACE',''
  ) );
#2590 = ORIENTED_EDGE('',*,*,#2591,.T.);
#2591 = EDGE_CURVE('',#2564,#2592,#2594,.T.);
#2592 = VERTEX_POINT('',#2593);
#2593 = CARTESIAN_POINT('',(352.,492.,205.));
#2594 = SURFACE_CURVE('',#2595,(#2599,#2606),.PCURVE_S1.);
#2595 = LINE('',#2596,#2597);
#2596 = CARTESIAN_POINT('',(352.,492.,186.5));
#2597 = VECTOR('',#2598,1.);
#2598 = DIRECTION('',(0.,0.,1.));
#2599 = PCURVE('',#2511,#2600);
#2600 = DEFINITIONAL_REPRESENTATION('',(#2601),#2605);
#2601 = LINE('',#2602,#2603);
#2602 = CARTESIAN_POINT('',(0.,-44.));
#2603 = VECTOR('',#2604,1.);
#2604 = DIRECTION('',(1.,0.));
#2605 = ( GEOMETRIC_REPRESENTATION_CONTEXT(2) 
PARAMETRIC_REPRESENTATION_CONTEXT() REPRESENTATION_CONTEXT('2D SPACE',''
  ) );
#2606 = PCURVE('',#2607,#2612);
#2607 = PLANE('',#2608);
#2608 = AXIS2_PLACEMENT_3D('',#2609,#2610,#2611);
#2609 = CARTESIAN_POINT('',(352.,492.,186.5));
#2610 = DIRECTION('',(-0.,1.,0.));
#2611 = DIRECTION('',(0.,0.,1.));
#2612 = DEFINITIONAL_REPRESENTATION('',(#2613),#2617);
#2613 = LINE('',#2614,#2615);
#2614 = CARTESIAN_POINT('',(0.,0.));
#2615 = VECTOR('',#2616,1.);
#2616 = DIRECTION('',(1.,0.));
#2617 = ( GEOMETRIC_REPRESENTATION_CONTEXT(2) 
PARAMETRIC_REPRESENTATION_CONTEXT() REPRESENTATION_CONTEXT('2D SPACE',''
  ) );
#2618 = ORIENTED_EDGE('',*,*,#2619,.F.);
#2619 = EDGE_CURVE('',#2620,#2592,#2622,.T.);
#2620 = VERTEX_POINT('',#2621);
#2621 = CARTESIAN_POINT('',(352.,482.5,205.));
#2622 = SURFACE_CURVE('',#2623,(#2627,#2634),.PCURVE_S1.);
#2623 = LINE('',#2624,#2625);
#2624 = CARTESIAN_POINT('',(352.,448.,205.));
#2625 = VECTOR('',#2626,1.);
#2626 = DIRECTION('',(-0.,1.,0.));
#2627 = PCURVE('',#2511,#2628);
#2628 = DEFINITIONAL_REPRESENTATION('',(#2629),#2633);
#2629 = LINE('',#2630,#2631);
#2630 = CARTESIAN_POINT('',(18.5,0.));
#2631 = VECTOR('',#2632,1.);
#2632 = DIRECTION('',(0.,-1.));
#2633 = ( GEOMETRIC_REPRESENTATION_CONTEXT(2) 
PARAMETRIC_REPRESENTATION_CONTEXT() REPRESENTATION_CONTEXT('2D SPACE',''
  ) );
#2634 = PCURVE('',#2635,#2640);
#2635 = PLANE('',#2636);
#2636 = AXIS2_PLACEMENT_3D('',#2637,#2638,#2639);
#2637 = CARTESIAN_POINT('',(352.,448.,205.));
#2638 = DIRECTION('',(0.,0.,1.));
#2639 = DIRECTION('',(1.,0.,-0.));
#2640 = DEFINITIONAL_REPRESENTATION('',(#2641),#2645);
#2641 = LINE('',#2642,#2643);
#2642 = CARTESIAN_POINT('',(0.,0.));
#2643 = VECTOR('',#2644,1.);
#2644 = DIRECTION('',(0.,1.));
#2645 = ( GEOMETRIC_REPRESENTATION_CONTEXT(2) 
PARAMETRIC_REPRESENTATION_CONTEXT() REPRESENTATION_CONTEXT('2D SPACE',''
  ) );
#2646 = ORIENTED_EDGE('',*,*,#2647,.F.);
#2647 = EDGE_CURVE('',#2503,#2620,#2648,.T.);
#2648 = SURFACE_CURVE('',#2649,(#2654,#2661),.PCURVE_S1.);
#2649 = CIRCLE('',#2650,12.5);
#2650 = AXIS2_PLACEMENT_3D('',#2651,#2652,#2653);
#2651 = CARTESIAN_POINT('',(352.,470.,205.));
#2652 = DIRECTION('',(1.,0.,0.));
#2653 = DIRECTION('',(0.,-1.,0.));
#2654 = PCURVE('',#2511,#2655);
#2655 = DEFINITIONAL_REPRESENTATION('',(#2656),#2660);
#2656 = CIRCLE('',#2657,12.5);
#2657 = AXIS2_PLACEMENT_2D('',#2658,#2659);
#2658 = CARTESIAN_POINT('',(18.5,-22.));
#2659 = DIRECTION('',(0.,1.));
#2660 = ( GEOMETRIC_REPRESENTATION_CONTEXT(2) 
PARAMETRIC_REPRESENTATION_CONTEXT() REPRESENTATION_CONTEXT('2D SPACE',''
  ) );
#2661 = PCURVE('',#2662,#2667);
#2662 = CYLINDRICAL_SURFACE('',#2663,12.5);
#2663 = AXIS2_PLACEMENT_3D('',#2664,#2665,#2666);
#2664 = CARTESIAN_POINT('',(351.,470.,205.));
#2665 = DIRECTION('',(1.,0.,2.22044604925E-16));
#2666 = DIRECTION('',(2.22044604925E-16,0.,-1.));
#2667 = DEFINITIONAL_REPRESENTATION('',(#2668),#2672);
#2668 = LINE('',#2669,#2670);
#2669 = CARTESIAN_POINT('',(4.712388980385,1.));
#2670 = VECTOR('',#2671,1.);
#2671 = DIRECTION('',(1.,0.));
#2672 = ( GEOMETRIC_REPRESENTATION_CONTEXT(2) 
PARAMETRIC_REPRESENTATION_CONTEXT() REPRESENTATION_CONTEXT('2D SPACE',''
  ) );
#2673 = ADVANCED_FACE('',(#2674),#2662,.F.);
#2674 = FACE_BOUND('',#2675,.F.);
#2675 = EDGE_LOOP('',(#2676,#2677,#2698,#2727));
#2676 = ORIENTED_EDGE('',*,*,#2647,.T.);
#2677 = ORIENTED_EDGE('',*,*,#2678,.T.);
#2678 = EDGE_CURVE('',#2620,#2679,#2681,.T.);
#2679 = VERTEX_POINT('',#2680);
#2680 = CARTESIAN_POINT('',(378.,482.5,205.));
#2681 = SURFACE_CURVE('',#2682,(#2686,#2692),.PCURVE_S1.);
#2682 = LINE('',#2683,#2684);
#2683 = CARTESIAN_POINT('',(351.,482.5,205.));
#2684 = VECTOR('',#2685,1.);
#2685 = DIRECTION('',(1.,0.,2.22044604925E-16));
#2686 = PCURVE('',#2662,#2687);
#2687 = DEFINITIONAL_REPRESENTATION('',(#2688),#2691);
#2688 = B_SPLINE_CURVE_WITH_KNOTS('',1,(#2689,#2690),.UNSPECIFIED.,.F.,
  .F.,(2,2),(1.,27.),.PIECEWISE_BEZIER_KNOTS.);
#2689 = CARTESIAN_POINT('',(7.853981633974,1.));
#2690 = CARTESIAN_POINT('',(7.853981633974,27.));
#2691 = ( GEOMETRIC_REPRESENTATION_CONTEXT(2) 
PARAMETRIC_REPRESENTATION_CONTEXT() REPRESENTATION_CONTEXT('2D SPACE',''
  ) );
#2692 = PCURVE('',#2635,#2693);
#2693 = DEFINITIONAL_REPRESENTATION('',(#2694),#2697);
#2694 = B_SPLINE_CURVE_WITH_KNOTS('',1,(#2695,#2696),.UNSPECIFIED.,.F.,
  .F.,(2,2),(-6.000000212225E-07,28.0000006),.PIECEWISE_BEZIER_KNOTS.);
#2695 = CARTESIAN_POINT('',(-1.0000006,34.5));
#2696 = CARTESIAN_POINT('',(27.0000006,34.5));
#2697 = ( GEOMETRIC_REPRESENTATION_CONTEXT(2) 
PARAMETRIC_REPRESENTATION_CONTEXT() REPRESENTATION_CONTEXT('2D SPACE',''
  ) );
#2698 = ORIENTED_EDGE('',*,*,#2699,.F.);
#2699 = EDGE_CURVE('',#2700,#2679,#2702,.T.);
#2700 = VERTEX_POINT('',#2701);
#2701 = CARTESIAN_POINT('',(378.,457.49999999999,205.));
#2702 = SURFACE_CURVE('',#2703,(#2708,#2715),.PCURVE_S1.);
#2703 = CIRCLE('',#2704,12.5);
#2704 = AXIS2_PLACEMENT_3D('',#2705,#2706,#2707);
#2705 = CARTESIAN_POINT('',(378.,470.,205.));
#2706 = DIRECTION('',(1.,0.,0.));
#2707 = DIRECTION('',(0.,-1.,0.));
#2708 = PCURVE('',#2662,#2709);
#2709 = DEFINITIONAL_REPRESENTATION('',(#2710),#2714);
#2710 = LINE('',#2711,#2712);
#2711 = CARTESIAN_POINT('',(4.712388980385,27.));
#2712 = VECTOR('',#2713,1.);
#2713 = DIRECTION('',(1.,0.));
#2714 = ( GEOMETRIC_REPRESENTATION_CONTEXT(2) 
PARAMETRIC_REPRESENTATION_CONTEXT() REPRESENTATION_CONTEXT('2D SPACE',''
  ) );
#2715 = PCURVE('',#2716,#2721);
#2716 = PLANE('',#2717);
#2717 = AXIS2_PLACEMENT_3D('',#2718,#2719,#2720);
#2718 = CARTESIAN_POINT('',(378.,448.,186.5));
#2719 = DIRECTION('',(1.,0.,-0.));
#2720 = DIRECTION('',(0.,0.,1.));
#2721 = DEFINITIONAL_REPRESENTATION('',(#2722),#2726);
#2722 = CIRCLE('',#2723,12.5);
#2723 = AXIS2_PLACEMENT_2D('',#2724,#2725);
#2724 = CARTESIAN_POINT('',(18.5,-22.));
#2725 = DIRECTION('',(0.,1.));
#2726 = ( GEOMETRIC_REPRESENTATION_CONTEXT(2) 
PARAMETRIC_REPRESENTATION_CONTEXT() REPRESENTATION_CONTEXT('2D SPACE',''
  ) );
#2727 = ORIENTED_EDGE('',*,*,#2728,.F.);
#2728 = EDGE_CURVE('',#2503,#2700,#2729,.T.);
#2729 = SURFACE_CURVE('',#2730,(#2734,#2740),.PCURVE_S1.);
#2730 = LINE('',#2731,#2732);
#2731 = CARTESIAN_POINT('',(351.,457.5,205.));
#2732 = VECTOR('',#2733,1.);
#2733 = DIRECTION('',(1.,0.,2.22044604925E-16));
#2734 = PCURVE('',#2662,#2735);
#2735 = DEFINITIONAL_REPRESENTATION('',(#2736),#2739);
#2736 = B_SPLINE_CURVE_WITH_KNOTS('',1,(#2737,#2738),.UNSPECIFIED.,.F.,
  .F.,(2,2),(1.,27.),.PIECEWISE_BEZIER_KNOTS.);
#2737 = CARTESIAN_POINT('',(4.712388980385,1.));
#2738 = CARTESIAN_POINT('',(4.712388980385,27.));
#2739 = ( GEOMETRIC_REPRESENTATION_CONTEXT(2) 
PARAMETRIC_REPRESENTATION_CONTEXT() REPRESENTATION_CONTEXT('2D SPACE',''
  ) );
#2740 = PCURVE('',#2523,#2741);
#2741 = DEFINITIONAL_REPRESENTATION('',(#2742),#2745);
#2742 = B_SPLINE_CURVE_WITH_KNOTS('',1,(#2743,#2744),.UNSPECIFIED.,.F.,
  .F.,(2,2),(-6.000000212225E-07,28.0000006),.PIECEWISE_BEZIER_KNOTS.);
#2743 = CARTESIAN_POINT('',(-1.0000006,9.5));
#2744 = CARTESIAN_POINT('',(27.0000006,9.5));
#2745 = ( GEOMETRIC_REPRESENTATION_CONTEXT(2) 
PARAMETRIC_REPRESENTATION_CONTEXT() REPRESENTATION_CONTEXT('2D SPACE',''
  ) );
#2746 = ADVANCED_FACE('',(#2747),#2716,.T.);
#2747 = FACE_BOUND('',#2748,.T.);
#2748 = EDGE_LOOP('',(#2749,#2772,#2795,#2818,#2841,#2862));
#2749 = ORIENTED_EDGE('',*,*,#2750,.F.);
#2750 = EDGE_CURVE('',#2751,#2700,#2753,.T.);
#2751 = VERTEX_POINT('',#2752);
#2752 = CARTESIAN_POINT('',(378.,448.,205.));
#2753 = SURFACE_CURVE('',#2754,(#2758,#2765),.PCURVE_S1.);
#2754 = LINE('',#2755,#2756);
#2755 = CARTESIAN_POINT('',(378.,448.,205.));
#2756 = VECTOR('',#2757,1.);
#2757 = DIRECTION('',(-0.,1.,0.));
#2758 = PCURVE('',#2716,#2759);
#2759 = DEFINITIONAL_REPRESENTATION('',(#2760),#2764);
#2760 = LINE('',#2761,#2762);
#2761 = CARTESIAN_POINT('',(18.5,0.));
#2762 = VECTOR('',#2763,1.);
#2763 = DIRECTION('',(0.,-1.));
#2764 = ( GEOMETRIC_REPRESENTATION_CONTEXT(2) 
PARAMETRIC_REPRESENTATION_CONTEXT() REPRESENTATION_CONTEXT('2D SPACE',''
  ) );
#2765 = PCURVE('',#2523,#2766);
#2766 = DEFINITIONAL_REPRESENTATION('',(#2767),#2771);
#2767 = LINE('',#2768,#2769);
#2768 = CARTESIAN_POINT('',(26.,0.));
#2769 = VECTOR('',#2770,1.);
#2770 = DIRECTION('',(0.,1.));
#2771 = ( GEOMETRIC_REPRESENTATION_CONTEXT(2) 
PARAMETRIC_REPRESENTATION_CONTEXT() REPRESENTATION_CONTEXT('2D SPACE',''
  ) );
#2772 = ORIENTED_EDGE('',*,*,#2773,.F.);
#2773 = EDGE_CURVE('',#2774,#2751,#2776,.T.);
#2774 = VERTEX_POINT('',#2775);
#2775 = CARTESIAN_POINT('',(378.,448.,186.5));
#2776 = SURFACE_CURVE('',#2777,(#2781,#2788),.PCURVE_S1.);
#2777 = LINE('',#2778,#2779);
#2778 = CARTESIAN_POINT('',(378.,448.,186.5));
#2779 = VECTOR('',#2780,1.);
#2780 = DIRECTION('',(0.,0.,1.));
#2781 = PCURVE('',#2716,#2782);
#2782 = DEFINITIONAL_REPRESENTATION('',(#2783),#2787);
#2783 = LINE('',#2784,#2785);
#2784 = CARTESIAN_POINT('',(0.,0.));
#2785 = VECTOR('',#2786,1.);
#2786 = DIRECTION('',(1.,0.));
#2787 = ( GEOMETRIC_REPRESENTATION_CONTEXT(2) 
PARAMETRIC_REPRESENTATION_CONTEXT() REPRESENTATION_CONTEXT('2D SPACE',''
  ) );
#2788 = PCURVE('',#2551,#2789);
#2789 = DEFINITIONAL_REPRESENTATION('',(#2790),#2794);
#2790 = LINE('',#2791,#2792);
#2791 = CARTESIAN_POINT('',(0.,26.));
#2792 = VECTOR('',#2793,1.);
#2793 = DIRECTION('',(1.,0.));
#2794 = ( GEOMETRIC_REPRESENTATION_CONTEXT(2) 
PARAMETRIC_REPRESENTATION_CONTEXT() REPRESENTATION_CONTEXT('2D SPACE',''
  ) );
#2795 = ORIENTED_EDGE('',*,*,#2796,.T.);
#2796 = EDGE_CURVE('',#2774,#2797,#2799,.T.);
#2797 = VERTEX_POINT('',#2798);
#2798 = CARTESIAN_POINT('',(378.,492.,186.5));
#2799 = SURFACE_CURVE('',#2800,(#2804,#2811),.PCURVE_S1.);
#2800 = LINE('',#2801,#2802);
#2801 = CARTESIAN_POINT('',(378.,448.,186.5));
#2802 = VECTOR('',#2803,1.);
#2803 = DIRECTION('',(-0.,1.,0.));
#2804 = PCURVE('',#2716,#2805);
#2805 = DEFINITIONAL_REPRESENTATION('',(#2806),#2810);
#2806 = LINE('',#2807,#2808);
#2807 = CARTESIAN_POINT('',(0.,0.));
#2808 = VECTOR('',#2809,1.);
#2809 = DIRECTION('',(0.,-1.));
#2810 = ( GEOMETRIC_REPRESENTATION_CONTEXT(2) 
PARAMETRIC_REPRESENTATION_CONTEXT() REPRESENTATION_CONTEXT('2D SPACE',''
  ) );
#2811 = PCURVE('',#2579,#2812);
#2812 = DEFINITIONAL_REPRESENTATION('',(#2813),#2817);
#2813 = LINE('',#2814,#2815);
#2814 = CARTESIAN_POINT('',(26.,0.));
#2815 = VECTOR('',#2816,1.);
#2816 = DIRECTION('',(0.,1.));
#2817 = ( GEOMETRIC_REPRESENTATION_CONTEXT(2) 
PARAMETRIC_REPRESENTATION_CONTEXT() REPRESENTATION_CONTEXT('2D SPACE',''
  ) );
#2818 = ORIENTED_EDGE('',*,*,#2819,.T.);
#2819 = EDGE_CURVE('',#2797,#2820,#2822,.T.);
#2820 = VERTEX_POINT('',#2821);
#2821 = CARTESIAN_POINT('',(378.,492.,205.));
#2822 = SURFACE_CURVE('',#2823,(#2827,#2834),.PCURVE_S1.);
#2823 = LINE('',#2824,#2825);
#2824 = CARTESIAN_POINT('',(378.,492.,186.5));
#2825 = VECTOR('',#2826,1.);
#2826 = DIRECTION('',(0.,0.,1.));
#2827 = PCURVE('',#2716,#2828);
#2828 = DEFINITIONAL_REPRESENTATION('',(#2829),#2833);
#2829 = LINE('',#2830,#2831);
#2830 = CARTESIAN_POINT('',(0.,-44.));
#2831 = VECTOR('',#2832,1.);
#2832 = DIRECTION('',(1.,0.));
#2833 = ( GEOMETRIC_REPRESENTATION_CONTEXT(2) 
PARAMETRIC_REPRESENTATION_CONTEXT() REPRESENTATION_CONTEXT('2D SPACE',''
  ) );
#2834 = PCURVE('',#2607,#2835);
#2835 = DEFINITIONAL_REPRESENTATION('',(#2836),#2840);
#2836 = LINE('',#2837,#2838);
#2837 = CARTESIAN_POINT('',(0.,26.));
#2838 = VECTOR('',#2839,1.);
#2839 = DIRECTION('',(1.,0.));
#2840 = ( GEOMETRIC_REPRESENTATION_CONTEXT(2) 
PARAMETRIC_REPRESENTATION_CONTEXT() REPRESENTATION_CONTEXT('2D SPACE',''
  ) );
#2841 = ORIENTED_EDGE('',*,*,#2842,.F.);
#2842 = EDGE_CURVE('',#2679,#2820,#2843,.T.);
#2843 = SURFACE_CURVE('',#2844,(#2848,#2855),.PCURVE_S1.);
#2844 = LINE('',#2845,#2846);
#2845 = CARTESIAN_POINT('',(378.,448.,205.));
#2846 = VECTOR('',#2847,1.);
#2847 = DIRECTION('',(-0.,1.,0.));
#2848 = PCURVE('',#2716,#2849);
#2849 = DEFINITIONAL_REPRESENTATION('',(#2850),#2854);
#2850 = LINE('',#2851,#2852);
#2851 = CARTESIAN_POINT('',(18.5,0.));
#2852 = VECTOR('',#2853,1.);
#2853 = DIRECTION('',(0.,-1.));
#2854 = ( GEOMETRIC_REPRESENTATION_CONTEXT(2) 
PARAMETRIC_REPRESENTATION_CONTEXT() REPRESENTATION_CONTEXT('2D SPACE',''
  ) );
#2855 = PCURVE('',#2635,#2856);
#2856 = DEFINITIONAL_REPRESENTATION('',(#2857),#2861);
#2857 = LINE('',#2858,#2859);
#2858 = CARTESIAN_POINT('',(26.,0.));
#2859 = VECTOR('',#2860,1.);
#2860 = DIRECTION('',(0.,1.));
#2861 = ( GEOMETRIC_REPRESENTATION_CONTEXT(2) 
PARAMETRIC_REPRESENTATION_CONTEXT() REPRESENTATION_CONTEXT('2D SPACE',''
  ) );
#2862 = ORIENTED_EDGE('',*,*,#2699,.F.);
#2863 = ADVANCED_FACE('',(#2864),#2635,.T.);
#2864 = FACE_BOUND('',#2865,.T.);
#2865 = EDGE_LOOP('',(#2866,#2867,#2868,#2869));
#2866 = ORIENTED_EDGE('',*,*,#2619,.F.);
#2867 = ORIENTED_EDGE('',*,*,#2678,.T.);
#2868 = ORIENTED_EDGE('',*,*,#2842,.T.);
#2869 = ORIENTED_EDGE('',*,*,#2870,.F.);
#2870 = EDGE_CURVE('',#2592,#2820,#2871,.T.);
#2871 = SURFACE_CURVE('',#2872,(#2876,#2883),.PCURVE_S1.);
#2872 = LINE('',#2873,#2874);
#2873 = CARTESIAN_POINT('',(352.,492.,205.));
#2874 = VECTOR('',#2875,1.);
#2875 = DIRECTION('',(1.,0.,-0.));
#2876 = PCURVE('',#2635,#2877);
#2877 = DEFINITIONAL_REPRESENTATION('',(#2878),#2882);
#2878 = LINE('',#2879,#2880);
#2879 = CARTESIAN_POINT('',(0.,44.));
#2880 = VECTOR('',#2881,1.);
#2881 = DIRECTION('',(1.,0.));
#2882 = ( GEOMETRIC_REPRESENTATION_CONTEXT(2) 
PARAMETRIC_REPRESENTATION_CONTEXT() REPRESENTATION_CONTEXT('2D SPACE',''
  ) );
#2883 = PCURVE('',#2607,#2884);
#2884 = DEFINITIONAL_REPRESENTATION('',(#2885),#2889);
#2885 = LINE('',#2886,#2887);
#2886 = CARTESIAN_POINT('',(18.5,0.));
#2887 = VECTOR('',#2888,1.);
#2888 = DIRECTION('',(0.,1.));
#2889 = ( GEOMETRIC_REPRESENTATION_CONTEXT(2) 
PARAMETRIC_REPRESENTATION_CONTEXT() REPRESENTATION_CONTEXT('2D SPACE',''
  ) );
#2890 = ADVANCED_FACE('',(#2891),#2607,.T.);
#2891 = FACE_BOUND('',#2892,.T.);
#2892 = EDGE_LOOP('',(#2893,#2914,#2915,#2916));
#2893 = ORIENTED_EDGE('',*,*,#2894,.F.);
#2894 = EDGE_CURVE('',#2564,#2797,#2895,.T.);
#2895 = SURFACE_CURVE('',#2896,(#2900,#2907),.PCURVE_S1.);
#2896 = LINE('',#2897,#2898);
#2897 = CARTESIAN_POINT('',(352.,492.,186.5));
#2898 = VECTOR('',#2899,1.);
#2899 = DIRECTION('',(1.,0.,-0.));
#2900 = PCURVE('',#2607,#2901);
#2901 = DEFINITIONAL_REPRESENTATION('',(#2902),#2906);
#2902 = LINE('',#2903,#2904);
#2903 = CARTESIAN_POINT('',(0.,0.));
#2904 = VECTOR('',#2905,1.);
#2905 = DIRECTION('',(0.,1.));
#2906 = ( GEOMETRIC_REPRESENTATION_CONTEXT(2) 
PARAMETRIC_REPRESENTATION_CONTEXT() REPRESENTATION_CONTEXT('2D SPACE',''
  ) );
#2907 = PCURVE('',#2579,#2908);
#2908 = DEFINITIONAL_REPRESENTATION('',(#2909),#2913);
#2909 = LINE('',#2910,#2911);
#2910 = CARTESIAN_POINT('',(0.,44.));
#2911 = VECTOR('',#2912,1.);
#2912 = DIRECTION('',(1.,0.));
#2913 = ( GEOMETRIC_REPRESENTATION_CONTEXT(2) 
PARAMETRIC_REPRESENTATION_CONTEXT() REPRESENTATION_CONTEXT('2D SPACE',''
  ) );
#2914 = ORIENTED_EDGE('',*,*,#2591,.T.);
#2915 = ORIENTED_EDGE('',*,*,#2870,.T.);
#2916 = ORIENTED_EDGE('',*,*,#2819,.F.);
#2917 = ADVANCED_FACE('',(#2918),#2579,.F.);
#2918 = FACE_BOUND('',#2919,.F.);
#2919 = EDGE_LOOP('',(#2920,#2921,#2942,#2943));
#2920 = ORIENTED_EDGE('',*,*,#2563,.F.);
#2921 = ORIENTED_EDGE('',*,*,#2922,.T.);
#2922 = EDGE_CURVE('',#2536,#2774,#2923,.T.);
#2923 = SURFACE_CURVE('',#2924,(#2928,#2935),.PCURVE_S1.);
#2924 = LINE('',#2925,#2926);
#2925 = CARTESIAN_POINT('',(352.,448.,186.5));
#2926 = VECTOR('',#2927,1.);
#2927 = DIRECTION('',(1.,0.,-0.));
#2928 = PCURVE('',#2579,#2929);
#2929 = DEFINITIONAL_REPRESENTATION('',(#2930),#2934);
#2930 = LINE('',#2931,#2932);
#2931 = CARTESIAN_POINT('',(0.,0.));
#2932 = VECTOR('',#2933,1.);
#2933 = DIRECTION('',(1.,0.));
#2934 = ( GEOMETRIC_REPRESENTATION_CONTEXT(2) 
PARAMETRIC_REPRESENTATION_CONTEXT() REPRESENTATION_CONTEXT('2D SPACE',''
  ) );
#2935 = PCURVE('',#2551,#2936);
#2936 = DEFINITIONAL_REPRESENTATION('',(#2937),#2941);
#2937 = LINE('',#2938,#2939);
#2938 = CARTESIAN_POINT('',(0.,0.));
#2939 = VECTOR('',#2940,1.);
#2940 = DIRECTION('',(0.,1.));
#2941 = ( GEOMETRIC_REPRESENTATION_CONTEXT(2) 
PARAMETRIC_REPRESENTATION_CONTEXT() REPRESENTATION_CONTEXT('2D SPACE',''
  ) );
#2942 = ORIENTED_EDGE('',*,*,#2796,.T.);
#2943 = ORIENTED_EDGE('',*,*,#2894,.F.);
#2944 = ADVANCED_FACE('',(#2945),#2551,.F.);
#2945 = FACE_BOUND('',#2946,.F.);
#2946 = EDGE_LOOP('',(#2947,#2948,#2949,#2970));
#2947 = ORIENTED_EDGE('',*,*,#2922,.F.);
#2948 = ORIENTED_EDGE('',*,*,#2535,.T.);
#2949 = ORIENTED_EDGE('',*,*,#2950,.T.);
#2950 = EDGE_CURVE('',#2501,#2751,#2951,.T.);
#2951 = SURFACE_CURVE('',#2952,(#2956,#2963),.PCURVE_S1.);
#2952 = LINE('',#2953,#2954);
#2953 = CARTESIAN_POINT('',(352.,448.,205.));
#2954 = VECTOR('',#2955,1.);
#2955 = DIRECTION('',(1.,0.,-0.));
#2956 = PCURVE('',#2551,#2957);
#2957 = DEFINITIONAL_REPRESENTATION('',(#2958),#2962);
#2958 = LINE('',#2959,#2960);
#2959 = CARTESIAN_POINT('',(18.5,0.));
#2960 = VECTOR('',#2961,1.);
#2961 = DIRECTION('',(0.,1.));
#2962 = ( GEOMETRIC_REPRESENTATION_CONTEXT(2) 
PARAMETRIC_REPRESENTATION_CONTEXT() REPRESENTATION_CONTEXT('2D SPACE',''
  ) );
#2963 = PCURVE('',#2523,#2964);
#2964 = DEFINITIONAL_REPRESENTATION('',(#2965),#2969);
#2965 = LINE('',#2966,#2967);
#2966 = CARTESIAN_POINT('',(0.,0.));
#2967 = VECTOR('',#2968,1.);
#2968 = DIRECTION('',(1.,0.));
#2969 = ( GEOMETRIC_REPRESENTATION_CONTEXT(2) 
PARAMETRIC_REPRESENTATION_CONTEXT() REPRESENTATION_CONTEXT('2D SPACE',''
  ) );
#2970 = ORIENTED_EDGE('',*,*,#2773,.F.);
#2971 = ADVANCED_FACE('',(#2972),#2523,.T.);
#2972 = FACE_BOUND('',#2973,.T.);
#2973 = EDGE_LOOP('',(#2974,#2975,#2976,#2977));
#2974 = ORIENTED_EDGE('',*,*,#2500,.F.);
#2975 = ORIENTED_EDGE('',*,*,#2950,.T.);
#2976 = ORIENTED_EDGE('',*,*,#2750,.T.);
#2977 = ORIENTED_EDGE('',*,*,#2728,.F.);
#2978 = MANIFOLD_SOLID_BREP('',#2979);
#2979 = CLOSED_SHELL('',(#2980,#3157,#3230,#3347,#3374,#3401,#3428,#3455
    ));
#2980 = ADVANCED_FACE('',(#2981),#2995,.F.);
#2981 = FACE_BOUND('',#2982,.F.);
#2982 = EDGE_LOOP('',(#2983,#3018,#3046,#3074,#3102,#3130));
#2983 = ORIENTED_EDGE('',*,*,#2984,.F.);
#2984 = EDGE_CURVE('',#2985,#2987,#2989,.T.);
#2985 = VERTEX_POINT('',#2986);
#2986 = CARTESIAN_POINT('',(482.,448.,205.));
#2987 = VERTEX_POINT('',#2988);
#2988 = CARTESIAN_POINT('',(482.,457.5,205.));
#2989 = SURFACE_CURVE('',#2990,(#2994,#3006),.PCURVE_S1.);
#2990 = LINE('',#2991,#2992);
#2991 = CARTESIAN_POINT('',(482.,448.,205.));
#2992 = VECTOR('',#2993,1.);
#2993 = DIRECTION('',(-0.,1.,0.));
#2994 = PCURVE('',#2995,#3000);
#2995 = PLANE('',#2996);
#2996 = AXIS2_PLACEMENT_3D('',#2997,#2998,#2999);
#2997 = CARTESIAN_POINT('',(482.,448.,186.5));
#2998 = DIRECTION('',(1.,0.,-0.));
#2999 = DIRECTION('',(0.,0.,1.));
#3000 = DEFINITIONAL_REPRESENTATION('',(#3001),#3005);
#3001 = LINE('',#3002,#3003);
#3002 = CARTESIAN_POINT('',(18.5,0.));
#3003 = VECTOR('',#3004,1.);
#3004 = DIRECTION('',(0.,-1.));
#3005 = ( GEOMETRIC_REPRESENTATION_CONTEXT(2) 
PARAMETRIC_REPRESENTATION_CONTEXT() REPRESENTATION_CONTEXT('2D SPACE',''
  ) );
#3006 = PCURVE('',#3007,#3012);
#3007 = PLANE('',#3008);
#3008 = AXIS2_PLACEMENT_3D('',#3009,#3010,#3011);
#3009 = CARTESIAN_POINT('',(482.,448.,205.));
#3010 = DIRECTION('',(0.,0.,1.));
#3011 = DIRECTION('',(1.,0.,-0.));
#3012 = DEFINITIONAL_REPRESENTATION('',(#3013),#3017);
#3013 = LINE('',#3014,#3015);
#3014 = CARTESIAN_POINT('',(0.,0.));
#3015 = VECTOR('',#3016,1.);
#3016 = DIRECTION('',(0.,1.));
#3017 = ( GEOMETRIC_REPRESENTATION_CONTEXT(2) 
PARAMETRIC_REPRESENTATION_CONTEXT() REPRESENTATION_CONTEXT('2D SPACE',''
  ) );
#3018 = ORIENTED_EDGE('',*,*,#3019,.F.);
#3019 = EDGE_CURVE('',#3020,#2985,#3022,.T.);
#3020 = VERTEX_POINT('',#3021);
#3021 = CARTESIAN_POINT('',(482.,448.,186.5));
#3022 = SURFACE_CURVE('',#3023,(#3027,#3034),.PCURVE_S1.);
#3023 = LINE('',#3024,#3025);
#3024 = CARTESIAN_POINT('',(482.,448.,186.5));
#3025 = VECTOR('',#3026,1.);
#3026 = DIRECTION('',(0.,0.,1.));
#3027 = PCURVE('',#2995,#3028);
#3028 = DEFINITIONAL_REPRESENTATION('',(#3029),#3033);
#3029 = LINE('',#3030,#3031);
#3030 = CARTESIAN_POINT('',(0.,0.));
#3031 = VECTOR('',#3032,1.);
#3032 = DIRECTION('',(1.,0.));
#3033 = ( GEOMETRIC_REPRESENTATION_CONTEXT(2) 
PARAMETRIC_REPRESENTATION_CONTEXT() REPRESENTATION_CONTEXT('2D SPACE',''
  ) );
#3034 = PCURVE('',#3035,#3040);
#3035 = PLANE('',#3036);
#3036 = AXIS2_PLACEMENT_3D('',#3037,#3038,#3039);
#3037 = CARTESIAN_POINT('',(482.,448.,186.5));
#3038 = DIRECTION('',(-0.,1.,0.));
#3039 = DIRECTION('',(0.,0.,1.));
#3040 = DEFINITIONAL_REPRESENTATION('',(#3041),#3045);
#3041 = LINE('',#3042,#3043);
#3042 = CARTESIAN_POINT('',(0.,0.));
#3043 = VECTOR('',#3044,1.);
#3044 = DIRECTION('',(1.,0.));
#3045 = ( GEOMETRIC_REPRESENTATION_CONTEXT(2) 
PARAMETRIC_REPRESENTATION_CONTEXT() REPRESENTATION_CONTEXT('2D SPACE',''
  ) );
#3046 = ORIENTED_EDGE('',*,*,#3047,.T.);
#3047 = EDGE_CURVE('',#3020,#3048,#3050,.T.);
#3048 = VERTEX_POINT('',#3049);
#3049 = CARTESIAN_POINT('',(482.,492.,186.5));
#3050 = SURFACE_CURVE('',#3051,(#3055,#3062),.PCURVE_S1.);
#3051 = LINE('',#3052,#3053);
#3052 = CARTESIAN_POINT('',(482.,448.,186.5));
#3053 = VECTOR('',#3054,1.);
#3054 = DIRECTION('',(-0.,1.,0.));
#3055 = PCURVE('',#2995,#3056);
#3056 = DEFINITIONAL_REPRESENTATION('',(#3057),#3061);
#3057 = LINE('',#3058,#3059);
#3058 = CARTESIAN_POINT('',(0.,0.));
#3059 = VECTOR('',#3060,1.);
#3060 = DIRECTION('',(0.,-1.));
#3061 = ( GEOMETRIC_REPRESENTATION_CONTEXT(2) 
PARAMETRIC_REPRESENTATION_CONTEXT() REPRESENTATION_CONTEXT('2D SPACE',''
  ) );
#3062 = PCURVE('',#3063,#3068);
#3063 = PLANE('',#3064);
#3064 = AXIS2_PLACEMENT_3D('',#3065,#3066,#3067);
#3065 = CARTESIAN_POINT('',(482.,448.,186.5));
#3066 = DIRECTION('',(0.,0.,1.));
#3067 = DIRECTION('',(1.,0.,-0.));
#3068 = DEFINITIONAL_REPRESENTATION('',(#3069),#3073);
#3069 = LINE('',#3070,#3071);
#3070 = CARTESIAN_POINT('',(0.,0.));
#3071 = VECTOR('',#3072,1.);
#3072 = DIRECTION('',(0.,1.));
#3073 = ( GEOMETRIC_REPRESENTATION_CONTEXT(2) 
PARAMETRIC_REPRESENTATION_CONTEXT() REPRESENTATION_CONTEXT('2D SPACE',''
  ) );
#3074 = ORIENTED_EDGE('',*,*,#3075,.T.);
#3075 = EDGE_CURVE('',#3048,#3076,#3078,.T.);
#3076 = VERTEX_POINT('',#3077);
#3077 = CARTESIAN_POINT('',(482.,492.,205.));
#3078 = SURFACE_CURVE('',#3079,(#3083,#3090),.PCURVE_S1.);
#3079 = LINE('',#3080,#3081);
#3080 = CARTESIAN_POINT('',(482.,492.,186.5));
#3081 = VECTOR('',#3082,1.);
#3082 = DIRECTION('',(0.,0.,1.));
#3083 = PCURVE('',#2995,#3084);
#3084 = DEFINITIONAL_REPRESENTATION('',(#3085),#3089);
#3085 = LINE('',#3086,#3087);
#3086 = CARTESIAN_POINT('',(0.,-44.));
#3087 = VECTOR('',#3088,1.);
#3088 = DIRECTION('',(1.,0.));
#3089 = ( GEOMETRIC_REPRESENTATION_CONTEXT(2) 
PARAMETRIC_REPRESENTATION_CONTEXT() REPRESENTATION_CONTEXT('2D SPACE',''
  ) );
#3090 = PCURVE('',#3091,#3096);
#3091 = PLANE('',#3092);
#3092 = AXIS2_PLACEMENT_3D('',#3093,#3094,#3095);
#3093 = CARTESIAN_POINT('',(482.,492.,186.5));
#3094 = DIRECTION('',(-0.,1.,0.));
#3095 = DIRECTION('',(0.,0.,1.));
#3096 = DEFINITIONAL_REPRESENTATION('',(#3097),#3101);
#3097 = LINE('',#3098,#3099);
#3098 = CARTESIAN_POINT('',(0.,0.));
#3099 = VECTOR('',#3100,1.);
#3100 = DIRECTION('',(1.,0.));
#3101 = ( GEOMETRIC_REPRESENTATION_CONTEXT(2) 
PARAMETRIC_REPRESENTATION_CONTEXT() REPRESENTATION_CONTEXT('2D SPACE',''
  ) );
#3102 = ORIENTED_EDGE('',*,*,#3103,.F.);
#3103 = EDGE_CURVE('',#3104,#3076,#3106,.T.);
#3104 = VERTEX_POINT('',#3105);
#3105 = CARTESIAN_POINT('',(482.,482.5,205.));
#3106 = SURFACE_CURVE('',#3107,(#3111,#3118),.PCURVE_S1.);
#3107 = LINE('',#3108,#3109);
#3108 = CARTESIAN_POINT('',(482.,448.,205.));
#3109 = VECTOR('',#3110,1.);
#3110 = DIRECTION('',(-0.,1.,0.));
#3111 = PCURVE('',#2995,#3112);
#3112 = DEFINITIONAL_REPRESENTATION('',(#3113),#3117);
#3113 = LINE('',#3114,#3115);
#3114 = CARTESIAN_POINT('',(18.5,0.));
#3115 = VECTOR('',#3116,1.);
#3116 = DIRECTION('',(0.,-1.));
#3117 = ( GEOMETRIC_REPRESENTATION_CONTEXT(2) 
PARAMETRIC_REPRESENTATION_CONTEXT() REPRESENTATION_CONTEXT('2D SPACE',''
  ) );
#3118 = PCURVE('',#3119,#3124);
#3119 = PLANE('',#3120);
#3120 = AXIS2_PLACEMENT_3D('',#3121,#3122,#3123);
#3121 = CARTESIAN_POINT('',(482.,448.,205.));
#3122 = DIRECTION('',(0.,0.,1.));
#3123 = DIRECTION('',(1.,0.,-0.));
#3124 = DEFINITIONAL_REPRESENTATION('',(#3125),#3129);
#3125 = LINE('',#3126,#3127);
#3126 = CARTESIAN_POINT('',(0.,0.));
#3127 = VECTOR('',#3128,1.);
#3128 = DIRECTION('',(0.,1.));
#3129 = ( GEOMETRIC_REPRESENTATION_CONTEXT(2) 
PARAMETRIC_REPRESENTATION_CONTEXT() REPRESENTATION_CONTEXT('2D SPACE',''
  ) );
#3130 = ORIENTED_EDGE('',*,*,#3131,.F.);
#3131 = EDGE_CURVE('',#2987,#3104,#3132,.T.);
#3132 = SURFACE_CURVE('',#3133,(#3138,#3145),.PCURVE_S1.);
#3133 = CIRCLE('',#3134,12.5);
#3134 = AXIS2_PLACEMENT_3D('',#3135,#3136,#3137);
#3135 = CARTESIAN_POINT('',(482.,470.,205.));
#3136 = DIRECTION('',(1.,0.,0.));
#3137 = DIRECTION('',(0.,-1.,0.));
#3138 = PCURVE('',#2995,#3139);
#3139 = DEFINITIONAL_REPRESENTATION('',(#3140),#3144);
#3140 = CIRCLE('',#3141,12.5);
#3141 = AXIS2_PLACEMENT_2D('',#3142,#3143);
#3142 = CARTESIAN_POINT('',(18.5,-22.));
#3143 = DIRECTION('',(0.,1.));
#3144 = ( GEOMETRIC_REPRESENTATION_CONTEXT(2) 
PARAMETRIC_REPRESENTATION_CONTEXT() REPRESENTATION_CONTEXT('2D SPACE',''
  ) );
#3145 = PCURVE('',#3146,#3151);
#3146 = CYLINDRICAL_SURFACE('',#3147,12.5);
#3147 = AXIS2_PLACEMENT_3D('',#3148,#3149,#3150);
#3148 = CARTESIAN_POINT('',(481.,470.,205.));
#3149 = DIRECTION('',(1.,0.,2.22044604925E-16));
#3150 = DIRECTION('',(2.22044604925E-16,0.,-1.));
#3151 = DEFINITIONAL_REPRESENTATION('',(#3152),#3156);
#3152 = LINE('',#3153,#3154);
#3153 = CARTESIAN_POINT('',(4.712388980385,1.));
#3154 = VECTOR('',#3155,1.);
#3155 = DIRECTION('',(1.,0.));
#3156 = ( GEOMETRIC_REPRESENTATION_CONTEXT(2) 
PARAMETRIC_REPRESENTATION_CONTEXT() REPRESENTATION_CONTEXT('2D SPACE',''
  ) );
#3157 = ADVANCED_FACE('',(#3158),#3146,.F.);
#3158 = FACE_BOUND('',#3159,.F.);
#3159 = EDGE_LOOP('',(#3160,#3161,#3182,#3211));
#3160 = ORIENTED_EDGE('',*,*,#3131,.T.);
#3161 = ORIENTED_EDGE('',*,*,#3162,.T.);
#3162 = EDGE_CURVE('',#3104,#3163,#3165,.T.);
#3163 = VERTEX_POINT('',#3164);
#3164 = CARTESIAN_POINT('',(508.,482.5,205.));
#3165 = SURFACE_CURVE('',#3166,(#3170,#3176),.PCURVE_S1.);
#3166 = LINE('',#3167,#3168);
#3167 = CARTESIAN_POINT('',(481.,482.5,205.));
#3168 = VECTOR('',#3169,1.);
#3169 = DIRECTION('',(1.,0.,2.22044604925E-16));
#3170 = PCURVE('',#3146,#3171);
#3171 = DEFINITIONAL_REPRESENTATION('',(#3172),#3175);
#3172 = B_SPLINE_CURVE_WITH_KNOTS('',1,(#3173,#3174),.UNSPECIFIED.,.F.,
  .F.,(2,2),(1.,27.),.PIECEWISE_BEZIER_KNOTS.);
#3173 = CARTESIAN_POINT('',(7.853981633974,1.));
#3174 = CARTESIAN_POINT('',(7.853981633974,27.));
#3175 = ( GEOMETRIC_REPRESENTATION_CONTEXT(2) 
PARAMETRIC_REPRESENTATION_CONTEXT() REPRESENTATION_CONTEXT('2D SPACE',''
  ) );
#3176 = PCURVE('',#3119,#3177);
#3177 = DEFINITIONAL_REPRESENTATION('',(#3178),#3181);
#3178 = B_SPLINE_CURVE_WITH_KNOTS('',1,(#3179,#3180),.UNSPECIFIED.,.F.,
  .F.,(2,2),(-6.000000212225E-07,28.0000006),.PIECEWISE_BEZIER_KNOTS.);
#3179 = CARTESIAN_POINT('',(-1.0000006,34.5));
#3180 = CARTESIAN_POINT('',(27.0000006,34.5));
#3181 = ( GEOMETRIC_REPRESENTATION_CONTEXT(2) 
PARAMETRIC_REPRESENTATION_CONTEXT() REPRESENTATION_CONTEXT('2D SPACE',''
  ) );
#3182 = ORIENTED_EDGE('',*,*,#3183,.F.);
#3183 = EDGE_CURVE('',#3184,#3163,#3186,.T.);
#3184 = VERTEX_POINT('',#3185);
#3185 = CARTESIAN_POINT('',(508.,457.5,205.));
#3186 = SURFACE_CURVE('',#3187,(#3192,#3199),.PCURVE_S1.);
#3187 = CIRCLE('',#3188,12.5);
#3188 = AXIS2_PLACEMENT_3D('',#3189,#3190,#3191);
#3189 = CARTESIAN_POINT('',(508.,470.,205.));
#3190 = DIRECTION('',(1.,0.,0.));
#3191 = DIRECTION('',(0.,-1.,0.));
#3192 = PCURVE('',#3146,#3193);
#3193 = DEFINITIONAL_REPRESENTATION('',(#3194),#3198);
#3194 = LINE('',#3195,#3196);
#3195 = CARTESIAN_POINT('',(4.712388980385,27.));
#3196 = VECTOR('',#3197,1.);
#3197 = DIRECTION('',(1.,0.));
#3198 = ( GEOMETRIC_REPRESENTATION_CONTEXT(2) 
PARAMETRIC_REPRESENTATION_CONTEXT() REPRESENTATION_CONTEXT('2D SPACE',''
  ) );
#3199 = PCURVE('',#3200,#3205);
#3200 = PLANE('',#3201);
#3201 = AXIS2_PLACEMENT_3D('',#3202,#3203,#3204);
#3202 = CARTESIAN_POINT('',(508.,448.,186.5));
#3203 = DIRECTION('',(1.,0.,-0.));
#3204 = DIRECTION('',(0.,0.,1.));
#3205 = DEFINITIONAL_REPRESENTATION('',(#3206),#3210);
#3206 = CIRCLE('',#3207,12.5);
#3207 = AXIS2_PLACEMENT_2D('',#3208,#3209);
#3208 = CARTESIAN_POINT('',(18.5,-22.));
#3209 = DIRECTION('',(0.,1.));
#3210 = ( GEOMETRIC_REPRESENTATION_CONTEXT(2) 
PARAMETRIC_REPRESENTATION_CONTEXT() REPRESENTATION_CONTEXT('2D SPACE',''
  ) );
#3211 = ORIENTED_EDGE('',*,*,#3212,.F.);
#3212 = EDGE_CURVE('',#2987,#3184,#3213,.T.);
#3213 = SURFACE_CURVE('',#3214,(#3218,#3224),.PCURVE_S1.);
#3214 = LINE('',#3215,#3216);
#3215 = CARTESIAN_POINT('',(481.,457.5,205.));
#3216 = VECTOR('',#3217,1.);
#3217 = DIRECTION('',(1.,0.,2.22044604925E-16));
#3218 = PCURVE('',#3146,#3219);
#3219 = DEFINITIONAL_REPRESENTATION('',(#3220),#3223);
#3220 = B_SPLINE_CURVE_WITH_KNOTS('',1,(#3221,#3222),.UNSPECIFIED.,.F.,
  .F.,(2,2),(1.,27.),.PIECEWISE_BEZIER_KNOTS.);
#3221 = CARTESIAN_POINT('',(4.712388980385,1.));
#3222 = CARTESIAN_POINT('',(4.712388980385,27.));
#3223 = ( GEOMETRIC_REPRESENTATION_CONTEXT(2) 
PARAMETRIC_REPRESENTATION_CONTEXT() REPRESENTATION_CONTEXT('2D SPACE',''
  ) );
#3224 = PCURVE('',#3007,#3225);
#3225 = DEFINITIONAL_REPRESENTATION('',(#3226),#3229);
#3226 = B_SPLINE_CURVE_WITH_KNOTS('',1,(#3227,#3228),.UNSPECIFIED.,.F.,
  .F.,(2,2),(-6.000000212225E-07,28.0000006),.PIECEWISE_BEZIER_KNOTS.);
#3227 = CARTESIAN_POINT('',(-1.0000006,9.5));
#3228 = CARTESIAN_POINT('',(27.0000006,9.5));
#3229 = ( GEOMETRIC_REPRESENTATION_CONTEXT(2) 
PARAMETRIC_REPRESENTATION_CONTEXT() REPRESENTATION_CONTEXT('2D SPACE',''
  ) );
#3230 = ADVANCED_FACE('',(#3231),#3200,.T.);
#3231 = FACE_BOUND('',#3232,.T.);
#3232 = EDGE_LOOP('',(#3233,#3256,#3279,#3302,#3325,#3346));
#3233 = ORIENTED_EDGE('',*,*,#3234,.F.);
#3234 = EDGE_CURVE('',#3235,#3184,#3237,.T.);
#3235 = VERTEX_POINT('',#3236);
#3236 = CARTESIAN_POINT('',(508.,448.,205.));
#3237 = SURFACE_CURVE('',#3238,(#3242,#3249),.PCURVE_S1.);
#3238 = LINE('',#3239,#3240);
#3239 = CARTESIAN_POINT('',(508.,448.,205.));
#3240 = VECTOR('',#3241,1.);
#3241 = DIRECTION('',(-0.,1.,0.));
#3242 = PCURVE('',#3200,#3243);
#3243 = DEFINITIONAL_REPRESENTATION('',(#3244),#3248);
#3244 = LINE('',#3245,#3246);
#3245 = CARTESIAN_POINT('',(18.5,0.));
#3246 = VECTOR('',#3247,1.);
#3247 = DIRECTION('',(0.,-1.));
#3248 = ( GEOMETRIC_REPRESENTATION_CONTEXT(2) 
PARAMETRIC_REPRESENTATION_CONTEXT() REPRESENTATION_CONTEXT('2D SPACE',''
  ) );
#3249 = PCURVE('',#3007,#3250);
#3250 = DEFINITIONAL_REPRESENTATION('',(#3251),#3255);
#3251 = LINE('',#3252,#3253);
#3252 = CARTESIAN_POINT('',(26.,0.));
#3253 = VECTOR('',#3254,1.);
#3254 = DIRECTION('',(0.,1.));
#3255 = ( GEOMETRIC_REPRESENTATION_CONTEXT(2) 
PARAMETRIC_REPRESENTATION_CONTEXT() REPRESENTATION_CONTEXT('2D SPACE',''
  ) );
#3256 = ORIENTED_EDGE('',*,*,#3257,.F.);
#3257 = EDGE_CURVE('',#3258,#3235,#3260,.T.);
#3258 = VERTEX_POINT('',#3259);
#3259 = CARTESIAN_POINT('',(508.,448.,186.5));
#3260 = SURFACE_CURVE('',#3261,(#3265,#3272),.PCURVE_S1.);
#3261 = LINE('',#3262,#3263);
#3262 = CARTESIAN_POINT('',(508.,448.,186.5));
#3263 = VECTOR('',#3264,1.);
#3264 = DIRECTION('',(0.,0.,1.));
#3265 = PCURVE('',#3200,#3266);
#3266 = DEFINITIONAL_REPRESENTATION('',(#3267),#3271);
#3267 = LINE('',#3268,#3269);
#3268 = CARTESIAN_POINT('',(0.,0.));
#3269 = VECTOR('',#3270,1.);
#3270 = DIRECTION('',(1.,0.));
#3271 = ( GEOMETRIC_REPRESENTATION_CONTEXT(2) 
PARAMETRIC_REPRESENTATION_CONTEXT() REPRESENTATION_CONTEXT('2D SPACE',''
  ) );
#3272 = PCURVE('',#3035,#3273);
#3273 = DEFINITIONAL_REPRESENTATION('',(#3274),#3278);
#3274 = LINE('',#3275,#3276);
#3275 = CARTESIAN_POINT('',(0.,26.));
#3276 = VECTOR('',#3277,1.);
#3277 = DIRECTION('',(1.,0.));
#3278 = ( GEOMETRIC_REPRESENTATION_CONTEXT(2) 
PARAMETRIC_REPRESENTATION_CONTEXT() REPRESENTATION_CONTEXT('2D SPACE',''
  ) );
#3279 = ORIENTED_EDGE('',*,*,#3280,.T.);
#3280 = EDGE_CURVE('',#3258,#3281,#3283,.T.);
#3281 = VERTEX_POINT('',#3282);
#3282 = CARTESIAN_POINT('',(508.,492.,186.5));
#3283 = SURFACE_CURVE('',#3284,(#3288,#3295),.PCURVE_S1.);
#3284 = LINE('',#3285,#3286);
#3285 = CARTESIAN_POINT('',(508.,448.,186.5));
#3286 = VECTOR('',#3287,1.);
#3287 = DIRECTION('',(-0.,1.,0.));
#3288 = PCURVE('',#3200,#3289);
#3289 = DEFINITIONAL_REPRESENTATION('',(#3290),#3294);
#3290 = LINE('',#3291,#3292);
#3291 = CARTESIAN_POINT('',(0.,0.));
#3292 = VECTOR('',#3293,1.);
#3293 = DIRECTION('',(0.,-1.));
#3294 = ( GEOMETRIC_REPRESENTATION_CONTEXT(2) 
PARAMETRIC_REPRESENTATION_CONTEXT() REPRESENTATION_CONTEXT('2D SPACE',''
  ) );
#3295 = PCURVE('',#3063,#3296);
#3296 = DEFINITIONAL_REPRESENTATION('',(#3297),#3301);
#3297 = LINE('',#3298,#3299);
#3298 = CARTESIAN_POINT('',(26.,0.));
#3299 = VECTOR('',#3300,1.);
#3300 = DIRECTION('',(0.,1.));
#3301 = ( GEOMETRIC_REPRESENTATION_CONTEXT(2) 
PARAMETRIC_REPRESENTATION_CONTEXT() REPRESENTATION_CONTEXT('2D SPACE',''
  ) );
#3302 = ORIENTED_EDGE('',*,*,#3303,.T.);
#3303 = EDGE_CURVE('',#3281,#3304,#3306,.T.);
#3304 = VERTEX_POINT('',#3305);
#3305 = CARTESIAN_POINT('',(508.,492.,205.));
#3306 = SURFACE_CURVE('',#3307,(#3311,#3318),.PCURVE_S1.);
#3307 = LINE('',#3308,#3309);
#3308 = CARTESIAN_POINT('',(508.,492.,186.5));
#3309 = VECTOR('',#3310,1.);
#3310 = DIRECTION('',(0.,0.,1.));
#3311 = PCURVE('',#3200,#3312);
#3312 = DEFINITIONAL_REPRESENTATION('',(#3313),#3317);
#3313 = LINE('',#3314,#3315);
#3314 = CARTESIAN_POINT('',(0.,-44.));
#3315 = VECTOR('',#3316,1.);
#3316 = DIRECTION('',(1.,0.));
#3317 = ( GEOMETRIC_REPRESENTATION_CONTEXT(2) 
PARAMETRIC_REPRESENTATION_CONTEXT() REPRESENTATION_CONTEXT('2D SPACE',''
  ) );
#3318 = PCURVE('',#3091,#3319);
#3319 = DEFINITIONAL_REPRESENTATION('',(#3320),#3324);
#3320 = LINE('',#3321,#3322);
#3321 = CARTESIAN_POINT('',(0.,26.));
#3322 = VECTOR('',#3323,1.);
#3323 = DIRECTION('',(1.,0.));
#3324 = ( GEOMETRIC_REPRESENTATION_CONTEXT(2) 
PARAMETRIC_REPRESENTATION_CONTEXT() REPRESENTATION_CONTEXT('2D SPACE',''
  ) );
#3325 = ORIENTED_EDGE('',*,*,#3326,.F.);
#3326 = EDGE_CURVE('',#3163,#3304,#3327,.T.);
#3327 = SURFACE_CURVE('',#3328,(#3332,#3339),.PCURVE_S1.);
#3328 = LINE('',#3329,#3330);
#3329 = CARTESIAN_POINT('',(508.,448.,205.));
#3330 = VECTOR('',#3331,1.);
#3331 = DIRECTION('',(-0.,1.,0.));
#3332 = PCURVE('',#3200,#3333);
#3333 = DEFINITIONAL_REPRESENTATION('',(#3334),#3338);
#3334 = LINE('',#3335,#3336);
#3335 = CARTESIAN_POINT('',(18.5,0.));
#3336 = VECTOR('',#3337,1.);
#3337 = DIRECTION('',(0.,-1.));
#3338 = ( GEOMETRIC_REPRESENTATION_CONTEXT(2) 
PARAMETRIC_REPRESENTATION_CONTEXT() REPRESENTATION_CONTEXT('2D SPACE',''
  ) );
#3339 = PCURVE('',#3119,#3340);
#3340 = DEFINITIONAL_REPRESENTATION('',(#3341),#3345);
#3341 = LINE('',#3342,#3343);
#3342 = CARTESIAN_POINT('',(26.,0.));
#3343 = VECTOR('',#3344,1.);
#3344 = DIRECTION('',(0.,1.));
#3345 = ( GEOMETRIC_REPRESENTATION_CONTEXT(2) 
PARAMETRIC_REPRESENTATION_CONTEXT() REPRESENTATION_CONTEXT('2D SPACE',''
  ) );
#3346 = ORIENTED_EDGE('',*,*,#3183,.F.);
#3347 = ADVANCED_FACE('',(#3348),#3119,.T.);
#3348 = FACE_BOUND('',#3349,.T.);
#3349 = EDGE_LOOP('',(#3350,#3351,#3352,#3353));
#3350 = ORIENTED_EDGE('',*,*,#3103,.F.);
#3351 = ORIENTED_EDGE('',*,*,#3162,.T.);
#3352 = ORIENTED_EDGE('',*,*,#3326,.T.);
#3353 = ORIENTED_EDGE('',*,*,#3354,.F.);
#3354 = EDGE_CURVE('',#3076,#3304,#3355,.T.);
#3355 = SURFACE_CURVE('',#3356,(#3360,#3367),.PCURVE_S1.);
#3356 = LINE('',#3357,#3358);
#3357 = CARTESIAN_POINT('',(482.,492.,205.));
#3358 = VECTOR('',#3359,1.);
#3359 = DIRECTION('',(1.,0.,-0.));
#3360 = PCURVE('',#3119,#3361);
#3361 = DEFINITIONAL_REPRESENTATION('',(#3362),#3366);
#3362 = LINE('',#3363,#3364);
#3363 = CARTESIAN_POINT('',(0.,44.));
#3364 = VECTOR('',#3365,1.);
#3365 = DIRECTION('',(1.,0.));
#3366 = ( GEOMETRIC_REPRESENTATION_CONTEXT(2) 
PARAMETRIC_REPRESENTATION_CONTEXT() REPRESENTATION_CONTEXT('2D SPACE',''
  ) );
#3367 = PCURVE('',#3091,#3368);
#3368 = DEFINITIONAL_REPRESENTATION('',(#3369),#3373);
#3369 = LINE('',#3370,#3371);
#3370 = CARTESIAN_POINT('',(18.5,0.));
#3371 = VECTOR('',#3372,1.);
#3372 = DIRECTION('',(0.,1.));
#3373 = ( GEOMETRIC_REPRESENTATION_CONTEXT(2) 
PARAMETRIC_REPRESENTATION_CONTEXT() REPRESENTATION_CONTEXT('2D SPACE',''
  ) );
#3374 = ADVANCED_FACE('',(#3375),#3091,.T.);
#3375 = FACE_BOUND('',#3376,.T.);
#3376 = EDGE_LOOP('',(#3377,#3398,#3399,#3400));
#3377 = ORIENTED_EDGE('',*,*,#3378,.F.);
#3378 = EDGE_CURVE('',#3048,#3281,#3379,.T.);
#3379 = SURFACE_CURVE('',#3380,(#3384,#3391),.PCURVE_S1.);
#3380 = LINE('',#3381,#3382);
#3381 = CARTESIAN_POINT('',(482.,492.,186.5));
#3382 = VECTOR('',#3383,1.);
#3383 = DIRECTION('',(1.,0.,-0.));
#3384 = PCURVE('',#3091,#3385);
#3385 = DEFINITIONAL_REPRESENTATION('',(#3386),#3390);
#3386 = LINE('',#3387,#3388);
#3387 = CARTESIAN_POINT('',(0.,0.));
#3388 = VECTOR('',#3389,1.);
#3389 = DIRECTION('',(0.,1.));
#3390 = ( GEOMETRIC_REPRESENTATION_CONTEXT(2) 
PARAMETRIC_REPRESENTATION_CONTEXT() REPRESENTATION_CONTEXT('2D SPACE',''
  ) );
#3391 = PCURVE('',#3063,#3392);
#3392 = DEFINITIONAL_REPRESENTATION('',(#3393),#3397);
#3393 = LINE('',#3394,#3395);
#3394 = CARTESIAN_POINT('',(0.,44.));
#3395 = VECTOR('',#3396,1.);
#3396 = DIRECTION('',(1.,0.));
#3397 = ( GEOMETRIC_REPRESENTATION_CONTEXT(2) 
PARAMETRIC_REPRESENTATION_CONTEXT() REPRESENTATION_CONTEXT('2D SPACE',''
  ) );
#3398 = ORIENTED_EDGE('',*,*,#3075,.T.);
#3399 = ORIENTED_EDGE('',*,*,#3354,.T.);
#3400 = ORIENTED_EDGE('',*,*,#3303,.F.);
#3401 = ADVANCED_FACE('',(#3402),#3063,.F.);
#3402 = FACE_BOUND('',#3403,.F.);
#3403 = EDGE_LOOP('',(#3404,#3405,#3426,#3427));
#3404 = ORIENTED_EDGE('',*,*,#3047,.F.);
#3405 = ORIENTED_EDGE('',*,*,#3406,.T.);
#3406 = EDGE_CURVE('',#3020,#3258,#3407,.T.);
#3407 = SURFACE_CURVE('',#3408,(#3412,#3419),.PCURVE_S1.);
#3408 = LINE('',#3409,#3410);
#3409 = CARTESIAN_POINT('',(482.,448.,186.5));
#3410 = VECTOR('',#3411,1.);
#3411 = DIRECTION('',(1.,0.,-0.));
#3412 = PCURVE('',#3063,#3413);
#3413 = DEFINITIONAL_REPRESENTATION('',(#3414),#3418);
#3414 = LINE('',#3415,#3416);
#3415 = CARTESIAN_POINT('',(0.,0.));
#3416 = VECTOR('',#3417,1.);
#3417 = DIRECTION('',(1.,0.));
#3418 = ( GEOMETRIC_REPRESENTATION_CONTEXT(2) 
PARAMETRIC_REPRESENTATION_CONTEXT() REPRESENTATION_CONTEXT('2D SPACE',''
  ) );
#3419 = PCURVE('',#3035,#3420);
#3420 = DEFINITIONAL_REPRESENTATION('',(#3421),#3425);
#3421 = LINE('',#3422,#3423);
#3422 = CARTESIAN_POINT('',(0.,0.));
#3423 = VECTOR('',#3424,1.);
#3424 = DIRECTION('',(0.,1.));
#3425 = ( GEOMETRIC_REPRESENTATION_CONTEXT(2) 
PARAMETRIC_REPRESENTATION_CONTEXT() REPRESENTATION_CONTEXT('2D SPACE',''
  ) );
#3426 = ORIENTED_EDGE('',*,*,#3280,.T.);
#3427 = ORIENTED_EDGE('',*,*,#3378,.F.);
#3428 = ADVANCED_FACE('',(#3429),#3035,.F.);
#3429 = FACE_BOUND('',#3430,.F.);
#3430 = EDGE_LOOP('',(#3431,#3432,#3433,#3454));
#3431 = ORIENTED_EDGE('',*,*,#3406,.F.);
#3432 = ORIENTED_EDGE('',*,*,#3019,.T.);
#3433 = ORIENTED_EDGE('',*,*,#3434,.T.);
#3434 = EDGE_CURVE('',#2985,#3235,#3435,.T.);
#3435 = SURFACE_CURVE('',#3436,(#3440,#3447),.PCURVE_S1.);
#3436 = LINE('',#3437,#3438);
#3437 = CARTESIAN_POINT('',(482.,448.,205.));
#3438 = VECTOR('',#3439,1.);
#3439 = DIRECTION('',(1.,0.,-0.));
#3440 = PCURVE('',#3035,#3441);
#3441 = DEFINITIONAL_REPRESENTATION('',(#3442),#3446);
#3442 = LINE('',#3443,#3444);
#3443 = CARTESIAN_POINT('',(18.5,0.));
#3444 = VECTOR('',#3445,1.);
#3445 = DIRECTION('',(0.,1.));
#3446 = ( GEOMETRIC_REPRESENTATION_CONTEXT(2) 
PARAMETRIC_REPRESENTATION_CONTEXT() REPRESENTATION_CONTEXT('2D SPACE',''
  ) );
#3447 = PCURVE('',#3007,#3448);
#3448 = DEFINITIONAL_REPRESENTATION('',(#3449),#3453);
#3449 = LINE('',#3450,#3451);
#3450 = CARTESIAN_POINT('',(0.,0.));
#3451 = VECTOR('',#3452,1.);
#3452 = DIRECTION('',(1.,0.));
#3453 = ( GEOMETRIC_REPRESENTATION_CONTEXT(2) 
PARAMETRIC_REPRESENTATION_CONTEXT() REPRESENTATION_CONTEXT('2D SPACE',''
  ) );
#3454 = ORIENTED_EDGE('',*,*,#3257,.F.);
#3455 = ADVANCED_FACE('',(#3456),#3007,.T.);
#3456 = FACE_BOUND('',#3457,.T.);
#3457 = EDGE_LOOP('',(#3458,#3459,#3460,#3461));
#3458 = ORIENTED_EDGE('',*,*,#2984,.F.);
#3459 = ORIENTED_EDGE('',*,*,#3434,.T.);
#3460 = ORIENTED_EDGE('',*,*,#3234,.T.);
#3461 = ORIENTED_EDGE('',*,*,#3212,.F.);
#3462 = ( GEOMETRIC_REPRESENTATION_CONTEXT(3) 
GLOBAL_UNCERTAINTY_ASSIGNED_CONTEXT((#3466)) 
GLOBAL_UNIT_ASSIGNED_CONTEXT((#3463,#3464,#3465)) REPRESENTATION_CONTEXT
('Context #1','3D Context with UNIT and UNCERTAINTY') );
#3463 = ( LENGTH_UNIT() NAMED_UNIT(*) SI_UNIT(.MILLI.,.METRE.) );
#3464 = ( NAMED_UNIT(*) PLANE_ANGLE_UNIT() SI_UNIT($,.RADIAN.) );
#3465 = ( NAMED_UNIT(*) SI_UNIT($,.STERADIAN.) SOLID_ANGLE_UNIT() );
#3466 = UNCERTAINTY_MEASURE_WITH_UNIT(LENGTH_MEASURE(1.E-06),#3463,
  'distance_accuracy_value','confusion accuracy');
#3467 = PRODUCT_RELATED_PRODUCT_CATEGORY('part',$,(#7));
ENDSEC;
END-ISO-10303-21;
