ISO-10303-21;
HEADER;
FILE_DESCRIPTION(('Open CASCADE Model'),'2;1');
FILE_NAME('Open CASCADE Shape Model','2026-10-03T22:34:56',('Author'),(
    'Open CASCADE'),'Open CASCADE STEP processor 8.0','build123d',
  'Unknown');
FILE_SCHEMA(('AUTOMOTIVE_DESIGN { 1 0 10303 214 1 1 1 1 }'));
ENDSEC;
DATA;
#1 = APPLICATION_PROTOCOL_DEFINITION('international standard',
  'automotive_design',2000,#2);
#2 = APPLICATION_CONTEXT(
  'core data for automotive mechanical design processes');
#3 = SHAPE_DEFINITION_REPRESENTATION(#4,#10);
#4 = PRODUCT_DEFINITION_SHAPE('','',#5);
#5 = PRODUCT_DEFINITION('design','',#6,#9);
#6 = PRODUCT_DEFINITION_FORMATION('','',#7);
#7 = PRODUCT('COMPOUND','COMPOUND','',(#8));
#8 = PRODUCT_CONTEXT('',#2,'mechanical');
#9 = PRODUCT_DEFINITION_CONTEXT('part definition',#2,'design');
#10 = SHAPE_REPRESENTATION('',(#11,#15,#1547,#4029,#6511,#7115),#9577);
#11 = AXIS2_PLACEMENT_3D('',#12,#13,#14);
#12 = CARTESIAN_POINT('',(0.,0.,0.));
#13 = DIRECTION('',(0.,0.,1.));
#14 = DIRECTION('',(1.,0.,-0.));
#15 = MANIFOLD_SOLID_BREP('',#16);
#16 = CLOSED_SHELL('',(#17,#320,#876,#925,#1460,#1487,#1537));
#17 = ADVANCED_FACE('',(#18,#289),#32,.F.);
#18 = FACE_BOUND('',#19,.F.);
#19 = EDGE_LOOP('',(#20,#55,#83,#111));
#20 = ORIENTED_EDGE('',*,*,#21,.F.);
#21 = EDGE_CURVE('',#22,#24,#26,.T.);
#22 = VERTEX_POINT('',#23);
#23 = CARTESIAN_POINT('',(1.36E+03,-22.,285.));
#24 = VERTEX_POINT('',#25);
#25 = CARTESIAN_POINT('',(1.36E+03,-22.,318.47074872245));
#26 = SURFACE_CURVE('',#27,(#31,#43),.PCURVE_S1.);
#27 = LINE('',#28,#29);
#28 = CARTESIAN_POINT('',(1.36E+03,-22.,285.));
#29 = VECTOR('',#30,1.);
#30 = DIRECTION('',(0.,0.,1.));
#31 = PCURVE('',#32,#37);
#32 = PLANE('',#33);
#33 = AXIS2_PLACEMENT_3D('',#34,#35,#36);
#34 = CARTESIAN_POINT('',(1.36E+03,-22.,285.));
#35 = DIRECTION('',(1.,0.,-0.));
#36 = DIRECTION('',(0.,0.,1.));
#37 = DEFINITIONAL_REPRESENTATION('',(#38),#42);
#38 = LINE('',#39,#40);
#39 = CARTESIAN_POINT('',(0.,0.));
#40 = VECTOR('',#41,1.);
#41 = DIRECTION('',(1.,0.));
#42 = ( GEOMETRIC_REPRESENTATION_CONTEXT(2) 
PARAMETRIC_REPRESENTATION_CONTEXT() REPRESENTATION_CONTEXT('2D SPACE',''
  ) );
#43 = PCURVE('',#44,#49);
#44 = PLANE('',#45);
#45 = AXIS2_PLACEMENT_3D('',#46,#47,#48);
#46 = CARTESIAN_POINT('',(1.36E+03,-22.,285.));
#47 = DIRECTION('',(-0.,1.,0.));
#48 = DIRECTION('',(0.,0.,1.));
#49 = DEFINITIONAL_REPRESENTATION('',(#50),#54);
#50 = LINE('',#51,#52);
#51 = CARTESIAN_POINT('',(0.,0.));
#52 = VECTOR('',#53,1.);
#53 = DIRECTION('',(1.,0.));
#54 = ( GEOMETRIC_REPRESENTATION_CONTEXT(2) 
PARAMETRIC_REPRESENTATION_CONTEXT() REPRESENTATION_CONTEXT('2D SPACE',''
  ) );
#55 = ORIENTED_EDGE('',*,*,#56,.T.);
#56 = EDGE_CURVE('',#22,#57,#59,.T.);
#57 = VERTEX_POINT('',#58);
#58 = CARTESIAN_POINT('',(1.36E+03,22.,285.));
#59 = SURFACE_CURVE('',#60,(#64,#71),.PCURVE_S1.);
#60 = LINE('',#61,#62);
#61 = CARTESIAN_POINT('',(1.36E+03,-22.,285.));
#62 = VECTOR('',#63,1.);
#63 = DIRECTION('',(-0.,1.,0.));
#64 = PCURVE('',#32,#65);
#65 = DEFINITIONAL_REPRESENTATION('',(#66),#70);
#66 = LINE('',#67,#68);
#67 = CARTESIAN_POINT('',(0.,0.));
#68 = VECTOR('',#69,1.);
#69 = DIRECTION('',(0.,-1.));
#70 = ( GEOMETRIC_REPRESENTATION_CONTEXT(2) 
PARAMETRIC_REPRESENTATION_CONTEXT() REPRESENTATION_CONTEXT('2D SPACE',''
  ) );
#71 = PCURVE('',#72,#77);
#72 = PLANE('',#73);
#73 = AXIS2_PLACEMENT_3D('',#74,#75,#76);
#74 = CARTESIAN_POINT('',(1.36E+03,-22.,285.));
#75 = DIRECTION('',(0.,0.,1.));
#76 = DIRECTION('',(1.,0.,-0.));
#77 = DEFINITIONAL_REPRESENTATION('',(#78),#82);
#78 = LINE('',#79,#80);
#79 = CARTESIAN_POINT('',(0.,0.));
#80 = VECTOR('',#81,1.);
#81 = DIRECTION('',(0.,1.));
#82 = ( GEOMETRIC_REPRESENTATION_CONTEXT(2) 
PARAMETRIC_REPRESENTATION_CONTEXT() REPRESENTATION_CONTEXT('2D SPACE',''
  ) );
#83 = ORIENTED_EDGE('',*,*,#84,.T.);
#84 = EDGE_CURVE('',#57,#85,#87,.T.);
#85 = VERTEX_POINT('',#86);
#86 = CARTESIAN_POINT('',(1.36E+03,22.,318.47074872245));
#87 = SURFACE_CURVE('',#88,(#92,#99),.PCURVE_S1.);
#88 = LINE('',#89,#90);
#89 = CARTESIAN_POINT('',(1.36E+03,22.,285.));
#90 = VECTOR('',#91,1.);
#91 = DIRECTION('',(0.,0.,1.));
#92 = PCURVE('',#32,#93);
#93 = DEFINITIONAL_REPRESENTATION('',(#94),#98);
#94 = LINE('',#95,#96);
#95 = CARTESIAN_POINT('',(0.,-44.));
#96 = VECTOR('',#97,1.);
#97 = DIRECTION('',(1.,0.));
#98 = ( GEOMETRIC_REPRESENTATION_CONTEXT(2) 
PARAMETRIC_REPRESENTATION_CONTEXT() REPRESENTATION_CONTEXT('2D SPACE',''
  ) );
#99 = PCURVE('',#100,#105);
#100 = PLANE('',#101);
#101 = AXIS2_PLACEMENT_3D('',#102,#103,#104);
#102 = CARTESIAN_POINT('',(1.36E+03,22.,285.));
#103 = DIRECTION('',(-0.,1.,0.));
#104 = DIRECTION('',(0.,0.,1.));
#105 = DEFINITIONAL_REPRESENTATION('',(#106),#110);
#106 = LINE('',#107,#108);
#107 = CARTESIAN_POINT('',(0.,0.));
#108 = VECTOR('',#109,1.);
#109 = DIRECTION('',(1.,0.));
#110 = ( GEOMETRIC_REPRESENTATION_CONTEXT(2) 
PARAMETRIC_REPRESENTATION_CONTEXT() REPRESENTATION_CONTEXT('2D SPACE',''
  ) );
#111 = ORIENTED_EDGE('',*,*,#112,.F.);
#112 = EDGE_CURVE('',#24,#85,#113,.T.);
#113 = SURFACE_CURVE('',#114,(#120,#129),.PCURVE_S1.);
#114 = B_SPLINE_CURVE_WITH_KNOTS('',4,(#115,#116,#117,#118,#119),
  .UNSPECIFIED.,.F.,.F.,(5,5),(0.,1.),.PIECEWISE_BEZIER_KNOTS.);
#115 = CARTESIAN_POINT('',(1.36E+03,-22.,318.47074872245));
#116 = CARTESIAN_POINT('',(1.36E+03,-11.,318.47074872245));
#117 = CARTESIAN_POINT('',(1.36E+03,-4.263256414561E-14,318.47074872245)
  );
#118 = CARTESIAN_POINT('',(1.36E+03,11.,318.47074872245));
#119 = CARTESIAN_POINT('',(1.36E+03,22.,318.47074872245));
#120 = PCURVE('',#32,#121);
#121 = DEFINITIONAL_REPRESENTATION('',(#122),#128);
#122 = B_SPLINE_CURVE_WITH_KNOTS('',4,(#123,#124,#125,#126,#127),
  .UNSPECIFIED.,.F.,.F.,(5,5),(0.,1.),.PIECEWISE_BEZIER_KNOTS.);
#123 = CARTESIAN_POINT('',(33.470748722454,0.));
#124 = CARTESIAN_POINT('',(33.470748722454,-11.));
#125 = CARTESIAN_POINT('',(33.470748722454,-22.));
#126 = CARTESIAN_POINT('',(33.470748722454,-33.));
#127 = CARTESIAN_POINT('',(33.470748722454,-44.));
#128 = ( GEOMETRIC_REPRESENTATION_CONTEXT(2) 
PARAMETRIC_REPRESENTATION_CONTEXT() REPRESENTATION_CONTEXT('2D SPACE',''
  ) );
#129 = PCURVE('',#130,#281);
#130 = B_SPLINE_SURFACE_WITH_KNOTS('',3,1,(
    (#131,#132)
    ,(#133,#134)
    ,(#135,#136)
    ,(#137,#138)
    ,(#139,#140)
    ,(#141,#142)
    ,(#143,#144)
    ,(#145,#146)
    ,(#147,#148)
    ,(#149,#150)
    ,(#151,#152)
    ,(#153,#154)
    ,(#155,#156)
    ,(#157,#158)
    ,(#159,#160)
    ,(#161,#162)
    ,(#163,#164)
    ,(#165,#166)
    ,(#167,#168)
    ,(#169,#170)
    ,(#171,#172)
    ,(#173,#174)
    ,(#175,#176)
    ,(#177,#178)
    ,(#179,#180)
    ,(#181,#182)
    ,(#183,#184)
    ,(#185,#186)
    ,(#187,#188)
    ,(#189,#190)
    ,(#191,#192)
    ,(#193,#194)
    ,(#195,#196)
    ,(#197,#198)
    ,(#199,#200)
    ,(#201,#202)
    ,(#203,#204)
    ,(#205,#206)
    ,(#207,#208)
    ,(#209,#210)
    ,(#211,#212)
    ,(#213,#214)
    ,(#215,#216)
    ,(#217,#218)
    ,(#219,#220)
    ,(#221,#222)
    ,(#223,#224)
    ,(#225,#226)
    ,(#227,#228)
    ,(#229,#230)
    ,(#231,#232)
    ,(#233,#234)
    ,(#235,#236)
    ,(#237,#238)
    ,(#239,#240)
    ,(#241,#242)
    ,(#243,#244)
    ,(#245,#246)
    ,(#247,#248)
    ,(#249,#250)
    ,(#251,#252)
    ,(#253,#254)
    ,(#255,#256)
    ,(#257,#258)
    ,(#259,#260)
    ,(#261,#262)
    ,(#263,#264)
    ,(#265,#266)
    ,(#267,#268)
    ,(#269,#270)
    ,(#271,#272)
    ,(#273,#274)
    ,(#275,#276)
    ,(#277,#278)
    ,(#279,#280
    )),.UNSPECIFIED.,.F.,.F.,.F.,(4,1,1,1,1,1,1,1,1,1,1,1,1,1,1,1,1,1,1,
    1,1,1,1,1,1,1,1,1,1,1,1,1,1,1,1,1,1,1,1,1,1,1,1,1,1,1,1,1,1,1,1,1,1,
    1,1,1,1,1,1,1,1,1,1,1,1,1,1,1,1,1,1,1,4),(2,2),(0.,0.325649012239,
    1.300056467361,2.915628577805,5.159791107265,8.015108786077,
    11.459445769691,15.466161823501,20.004339025744,25.039034567447,
    30.531556447672,36.439760227956,42.718366268848,49.319297844643,
    56.192041117745,63.284028099775,70.541043396594,77.907654691178,
    85.327665539508,92.744587182818,100.10212388634,107.34466414756,
    114.41776850165,121.26864423519,127.84659877246,134.10346742426,
    139.99401813761,145.47634661345,150.51229145019,155.06792565481,
    159.11423098528,162.62817063658,165.59464524501,168.01056103307,
    169.8944974134,171.31236943151,172.44006681077,173.56776419002,
    174.98563620813,176.86957258847,179.28548837652,182.25196298496,
    185.76590263625,189.81220796672,194.36784217134,199.40378700808,
    204.88611548392,210.77666619727,217.03353484908,223.61148938634,
    230.46236511989,237.53546947397,244.7780097352,252.13554643872,
    259.55246808203,266.97247893036,274.33909022494,281.59610552176,
    288.68809250379,295.5608357769,302.16176735269,308.44037339358,
    314.34857717387,319.84109905409,324.87579459579,329.41397179804,
    333.42068785185,336.86502483546,339.72034251427,341.96450504373,
    343.58007715418,344.5544846093,344.88013362154),(0.,1.),
  .UNSPECIFIED.);
#131 = CARTESIAN_POINT('',(1.505E+03,-320.,326.1785));
#132 = CARTESIAN_POINT('',(1.505E+03,320.,326.1785));
#133 = CARTESIAN_POINT('',(1.504892184823E+03,-320.,326.19110628817));
#134 = CARTESIAN_POINT('',(1.504892184823E+03,320.,326.19110628817));
#135 = CARTESIAN_POINT('',(1.504461758072E+03,-320.,326.24137464402));
#136 = CARTESIAN_POINT('',(1.504461758072E+03,320.,326.24137464402));
#137 = CARTESIAN_POINT('',(1.50349638179E+03,-320.,326.35358949818));
#138 = CARTESIAN_POINT('',(1.50349638179E+03,320.,326.35358949818));
#139 = CARTESIAN_POINT('',(1.501895580669E+03,-320.,326.5379398007));
#140 = CARTESIAN_POINT('',(1.501895580669E+03,320.,326.5379398007));
#141 = CARTESIAN_POINT('',(1.499671529689E+03,-320.,326.79055962983));
#142 = CARTESIAN_POINT('',(1.499671529689E+03,320.,326.79055962983));
#143 = CARTESIAN_POINT('',(1.49684114598E+03,-320.,327.10630987689));
#144 = CARTESIAN_POINT('',(1.49684114598E+03,320.,327.10630987689));
#145 = CARTESIAN_POINT('',(1.493425961618E+03,-320.,327.47901101594));
#146 = CARTESIAN_POINT('',(1.493425961618E+03,320.,327.47901101594));
#147 = CARTESIAN_POINT('',(1.489451961133E+03,-320.,327.90169089023));
#148 = CARTESIAN_POINT('',(1.489451961133E+03,320.,327.90169089023));
#149 = CARTESIAN_POINT('',(1.484949384714E+03,-320.,328.36681877576));
#150 = CARTESIAN_POINT('',(1.484949384714E+03,320.,328.36681877576));
#151 = CARTESIAN_POINT('',(1.479952498459E+03,-320.,328.86650006624));
#152 = CARTESIAN_POINT('',(1.479952498459E+03,320.,328.86650006624));
#153 = CARTESIAN_POINT('',(1.474499333384E+03,-320.,329.39261255209));
#154 = CARTESIAN_POINT('',(1.474499333384E+03,320.,329.39261255209));
#155 = CARTESIAN_POINT('',(1.468631395215E+03,-320.,329.93687468706));
#156 = CARTESIAN_POINT('',(1.468631395215E+03,320.,329.93687468706));
#157 = CARTESIAN_POINT('',(1.462393347297E+03,-320.,330.49084718226));
#158 = CARTESIAN_POINT('',(1.462393347297E+03,320.,330.49084718226));
#159 = CARTESIAN_POINT('',(1.455832669157E+03,-320.,331.04588028764));
#160 = CARTESIAN_POINT('',(1.455832669157E+03,320.,331.04588028764));
#161 = CARTESIAN_POINT('',(1.44899929348E+03,-320.,331.59302870016));
#162 = CARTESIAN_POINT('',(1.44899929348E+03,320.,331.59302870016));
#163 = CARTESIAN_POINT('',(1.441945224431E+03,-320.,332.12296282008));
#164 = CARTESIAN_POINT('',(1.441945224431E+03,320.,332.12296282008));
#165 = CARTESIAN_POINT('',(1.434724140387E+03,-320.,332.62590803391));
#166 = CARTESIAN_POINT('',(1.434724140387E+03,320.,332.62590803391));
#167 = CARTESIAN_POINT('',(1.427390984324E+03,-320.,333.09164227823));
#168 = CARTESIAN_POINT('',(1.427390984324E+03,320.,333.09164227823));
#169 = CARTESIAN_POINT('',(1.42000154517E+03,-320.,333.50957633021));
#170 = CARTESIAN_POINT('',(1.42000154517E+03,320.,333.50957633021));
#171 = CARTESIAN_POINT('',(1.412612033448E+03,-320.,333.86893164221));
#172 = CARTESIAN_POINT('',(1.412612033448E+03,320.,333.86893164221));
#173 = CARTESIAN_POINT('',(1.40527865445E+03,-320.,334.15901815936));
#174 = CARTESIAN_POINT('',(1.40527865445E+03,320.,334.15901815936));
#175 = CARTESIAN_POINT('',(1.398057181958E+03,-320.,334.36960089351));
#176 = CARTESIAN_POINT('',(1.398057181958E+03,320.,334.36960089351));
#177 = CARTESIAN_POINT('',(1.391002535244E+03,-320.,334.49133073577));
#178 = CARTESIAN_POINT('',(1.391002535244E+03,320.,334.49133073577));
#179 = CARTESIAN_POINT('',(1.38416836158E+03,-320.,334.51620381467));
#180 = CARTESIAN_POINT('',(1.38416836158E+03,320.,334.51620381467));
#181 = CARTESIAN_POINT('',(1.377606626325E+03,-320.,334.43800601144));
#182 = CARTESIAN_POINT('',(1.377606626325E+03,320.,334.43800601144));
#183 = CARTESIAN_POINT('',(1.371367211059E+03,-320.,334.2526967746));
#184 = CARTESIAN_POINT('',(1.371367211059E+03,320.,334.2526967746));
#185 = CARTESIAN_POINT('',(1.365497522645E+03,-320.,333.95868785431));
#186 = CARTESIAN_POINT('',(1.365497522645E+03,320.,333.95868785431));
#187 = CARTESIAN_POINT('',(1.360042102729E+03,-320.,333.55698501262));
#188 = CARTESIAN_POINT('',(1.360042102729E+03,320.,333.55698501262));
#189 = CARTESIAN_POINT('',(1.355042261536E+03,-320.,333.05116031903));
#190 = CARTESIAN_POINT('',(1.355042261536E+03,320.,333.05116031903));
#191 = CARTESIAN_POINT('',(1.350535621219E+03,-320.,332.44718600698));
#192 = CARTESIAN_POINT('',(1.350535621219E+03,320.,332.44718600698));
#193 = CARTESIAN_POINT('',(1.346555845167E+03,-320.,331.75302771256));
#194 = CARTESIAN_POINT('',(1.346555845167E+03,320.,331.75302771256));
#195 = CARTESIAN_POINT('',(1.343131439093E+03,-320.,330.97837338244));
#196 = CARTESIAN_POINT('',(1.343131439093E+03,320.,330.97837338244));
#197 = CARTESIAN_POINT('',(1.34028639935E+03,-320.,330.13332864982));
#198 = CARTESIAN_POINT('',(1.34028639935E+03,320.,330.13332864982));
#199 = CARTESIAN_POINT('',(1.338032837314E+03,-320.,329.22878908113));
#200 = CARTESIAN_POINT('',(1.338032837314E+03,320.,329.22878908113));
#201 = CARTESIAN_POINT('',(1.336379411849E+03,-320.,328.26612223237));
#202 = CARTESIAN_POINT('',(1.336379411849E+03,320.,328.26612223237));
#203 = CARTESIAN_POINT('',(1.335290960333E+03,-320.,327.22688617646));
#204 = CARTESIAN_POINT('',(1.335290960333E+03,320.,327.22688617646));
#205 = CARTESIAN_POINT('',(1.334871103414E+03,-320.,326.));
#206 = CARTESIAN_POINT('',(1.334871103414E+03,320.,326.));
#207 = CARTESIAN_POINT('',(1.335290960333E+03,-320.,324.77311382353));
#208 = CARTESIAN_POINT('',(1.335290960333E+03,320.,324.77311382353));
#209 = CARTESIAN_POINT('',(1.336379411849E+03,-320.,323.73387776762));
#210 = CARTESIAN_POINT('',(1.336379411849E+03,320.,323.73387776762));
#211 = CARTESIAN_POINT('',(1.338032837314E+03,-320.,322.77121091886));
#212 = CARTESIAN_POINT('',(1.338032837314E+03,320.,322.77121091886));
#213 = CARTESIAN_POINT('',(1.34028639935E+03,-320.,321.86667135017));
#214 = CARTESIAN_POINT('',(1.34028639935E+03,320.,321.86667135017));
#215 = CARTESIAN_POINT('',(1.343131439093E+03,-320.,321.02162661755));
#216 = CARTESIAN_POINT('',(1.343131439093E+03,320.,321.02162661755));
#217 = CARTESIAN_POINT('',(1.346555845167E+03,-320.,320.24697228743));
#218 = CARTESIAN_POINT('',(1.346555845167E+03,320.,320.24697228743));
#219 = CARTESIAN_POINT('',(1.350535621219E+03,-320.,319.55281399301));
#220 = CARTESIAN_POINT('',(1.350535621219E+03,320.,319.55281399301));
#221 = CARTESIAN_POINT('',(1.355042261536E+03,-320.,318.94883968096));
#222 = CARTESIAN_POINT('',(1.355042261536E+03,320.,318.94883968096));
#223 = CARTESIAN_POINT('',(1.360042102729E+03,-320.,318.44301498737));
#224 = CARTESIAN_POINT('',(1.360042102729E+03,320.,318.44301498737));
#225 = CARTESIAN_POINT('',(1.365497522645E+03,-320.,318.04131214568));
#226 = CARTESIAN_POINT('',(1.365497522645E+03,320.,318.04131214568));
#227 = CARTESIAN_POINT('',(1.371367211059E+03,-320.,317.74730322539));
#228 = CARTESIAN_POINT('',(1.371367211059E+03,320.,317.74730322539));
#229 = CARTESIAN_POINT('',(1.377606626325E+03,-320.,317.56199398855));
#230 = CARTESIAN_POINT('',(1.377606626325E+03,320.,317.56199398855));
#231 = CARTESIAN_POINT('',(1.38416836158E+03,-320.,317.48379618532));
#232 = CARTESIAN_POINT('',(1.38416836158E+03,320.,317.48379618532));
#233 = CARTESIAN_POINT('',(1.391002535244E+03,-320.,317.50866926422));
#234 = CARTESIAN_POINT('',(1.391002535244E+03,320.,317.50866926422));
#235 = CARTESIAN_POINT('',(1.398057181958E+03,-320.,317.63039910648));
#236 = CARTESIAN_POINT('',(1.398057181958E+03,320.,317.63039910648));
#237 = CARTESIAN_POINT('',(1.40527865445E+03,-320.,317.84098184063));
#238 = CARTESIAN_POINT('',(1.40527865445E+03,320.,317.84098184063));
#239 = CARTESIAN_POINT('',(1.412612033448E+03,-320.,318.13106835778));
#240 = CARTESIAN_POINT('',(1.412612033448E+03,320.,318.13106835778));
#241 = CARTESIAN_POINT('',(1.42000154517E+03,-320.,318.49042366978));
#242 = CARTESIAN_POINT('',(1.42000154517E+03,320.,318.49042366978));
#243 = CARTESIAN_POINT('',(1.427390984324E+03,-320.,318.90835772176));
#244 = CARTESIAN_POINT('',(1.427390984324E+03,320.,318.90835772176));
#245 = CARTESIAN_POINT('',(1.434724140387E+03,-320.,319.37409196608));
#246 = CARTESIAN_POINT('',(1.434724140387E+03,320.,319.37409196608));
#247 = CARTESIAN_POINT('',(1.441945224431E+03,-320.,319.87703717991));
#248 = CARTESIAN_POINT('',(1.441945224431E+03,320.,319.87703717991));
#249 = CARTESIAN_POINT('',(1.44899929348E+03,-320.,320.40697129983));
#250 = CARTESIAN_POINT('',(1.44899929348E+03,320.,320.40697129983));
#251 = CARTESIAN_POINT('',(1.455832669157E+03,-320.,320.95411971235));
#252 = CARTESIAN_POINT('',(1.455832669157E+03,320.,320.95411971235));
#253 = CARTESIAN_POINT('',(1.462393347297E+03,-320.,321.50915281773));
#254 = CARTESIAN_POINT('',(1.462393347297E+03,320.,321.50915281773));
#255 = CARTESIAN_POINT('',(1.468631395215E+03,-320.,322.06312531293));
#256 = CARTESIAN_POINT('',(1.468631395215E+03,320.,322.06312531293));
#257 = CARTESIAN_POINT('',(1.474499333384E+03,-320.,322.6073874479));
#258 = CARTESIAN_POINT('',(1.474499333384E+03,320.,322.6073874479));
#259 = CARTESIAN_POINT('',(1.479952498459E+03,-320.,323.13349993375));
#260 = CARTESIAN_POINT('',(1.479952498459E+03,320.,323.13349993375));
#261 = CARTESIAN_POINT('',(1.484949384714E+03,-320.,323.63318122423));
#262 = CARTESIAN_POINT('',(1.484949384714E+03,320.,323.63318122423));
#263 = CARTESIAN_POINT('',(1.489451961133E+03,-320.,324.09830910976));
#264 = CARTESIAN_POINT('',(1.489451961133E+03,320.,324.09830910976));
#265 = CARTESIAN_POINT('',(1.493425961618E+03,-320.,324.52098898405));
#266 = CARTESIAN_POINT('',(1.493425961618E+03,320.,324.52098898405));
#267 = CARTESIAN_POINT('',(1.49684114598E+03,-320.,324.8936901231));
#268 = CARTESIAN_POINT('',(1.49684114598E+03,320.,324.8936901231));
#269 = CARTESIAN_POINT('',(1.499671529689E+03,-320.,325.20944037016));
#270 = CARTESIAN_POINT('',(1.499671529689E+03,320.,325.20944037016));
#271 = CARTESIAN_POINT('',(1.501895580669E+03,-320.,325.46206019929));
#272 = CARTESIAN_POINT('',(1.501895580669E+03,320.,325.46206019929));
#273 = CARTESIAN_POINT('',(1.50349638179E+03,-320.,325.64641050181));
#274 = CARTESIAN_POINT('',(1.50349638179E+03,320.,325.64641050181));
#275 = CARTESIAN_POINT('',(1.504461758072E+03,-320.,325.75862535597));
#276 = CARTESIAN_POINT('',(1.504461758072E+03,320.,325.75862535597));
#277 = CARTESIAN_POINT('',(1.504892184823E+03,-320.,325.80889371182));
#278 = CARTESIAN_POINT('',(1.504892184823E+03,320.,325.80889371182));
#279 = CARTESIAN_POINT('',(1.505E+03,-320.,325.8215));
#280 = CARTESIAN_POINT('',(1.505E+03,320.,325.8215));
#281 = DEFINITIONAL_REPRESENTATION('',(#282),#288);
#282 = B_SPLINE_CURVE_WITH_KNOTS('',4,(#283,#284,#285,#286,#287),
  .UNSPECIFIED.,.F.,.F.,(5,5),(0.,1.),.PIECEWISE_BEZIER_KNOTS.);
#283 = CARTESIAN_POINT('',(199.50825944143,0.465625));
#284 = CARTESIAN_POINT('',(199.50825944143,0.4828125));
#285 = CARTESIAN_POINT('',(199.50825944143,0.5));
#286 = CARTESIAN_POINT('',(199.50825944143,0.5171875));
#287 = CARTESIAN_POINT('',(199.50825944143,0.534375));
#288 = ( GEOMETRIC_REPRESENTATION_CONTEXT(2) 
PARAMETRIC_REPRESENTATION_CONTEXT() REPRESENTATION_CONTEXT('2D SPACE',''
  ) );
#289 = FACE_BOUND('',#290,.F.);
#290 = EDGE_LOOP('',(#291));
#291 = ORIENTED_EDGE('',*,*,#292,.F.);
#292 = EDGE_CURVE('',#293,#293,#295,.T.);
#293 = VERTEX_POINT('',#294);
#294 = CARTESIAN_POINT('',(1.36E+03,-2.449293598295E-15,290.));
#295 = SURFACE_CURVE('',#296,(#301,#308),.PCURVE_S1.);
#296 = CIRCLE('',#297,10.);
#297 = AXIS2_PLACEMENT_3D('',#298,#299,#300);
#298 = CARTESIAN_POINT('',(1.36E+03,0.,300.));
#299 = DIRECTION('',(1.,0.,2.22044604925E-16));
#300 = DIRECTION('',(2.22044604925E-16,0.,-1.));
#301 = PCURVE('',#32,#302);
#302 = DEFINITIONAL_REPRESENTATION('',(#303),#307);
#303 = CIRCLE('',#304,10.);
#304 = AXIS2_PLACEMENT_2D('',#305,#306);
#305 = CARTESIAN_POINT('',(15.,-22.));
#306 = DIRECTION('',(-1.,0.));
#307 = ( GEOMETRIC_REPRESENTATION_CONTEXT(2) 
PARAMETRIC_REPRESENTATION_CONTEXT() REPRESENTATION_CONTEXT('2D SPACE',''
  ) );
#308 = PCURVE('',#309,#314);
#309 = CYLINDRICAL_SURFACE('',#310,10.);
#310 = AXIS2_PLACEMENT_3D('',#311,#312,#313);
#311 = CARTESIAN_POINT('',(1.3E+03,0.,300.));
#312 = DIRECTION('',(1.,0.,2.22044604925E-16));
#313 = DIRECTION('',(2.22044604925E-16,0.,-1.));
#314 = DEFINITIONAL_REPRESENTATION('',(#315),#319);
#315 = LINE('',#316,#317);
#316 = CARTESIAN_POINT('',(0.,60.));
#317 = VECTOR('',#318,1.);
#318 = DIRECTION('',(1.,0.));
#319 = ( GEOMETRIC_REPRESENTATION_CONTEXT(2) 
PARAMETRIC_REPRESENTATION_CONTEXT() REPRESENTATION_CONTEXT('2D SPACE',''
  ) );
#320 = ADVANCED_FACE('',(#321),#44,.F.);
#321 = FACE_BOUND('',#322,.F.);
#322 = EDGE_LOOP('',(#323,#353,#374,#375));
#323 = ORIENTED_EDGE('',*,*,#324,.F.);
#324 = EDGE_CURVE('',#325,#327,#329,.T.);
#325 = VERTEX_POINT('',#326);
#326 = CARTESIAN_POINT('',(1.5E+03,-22.,285.));
#327 = VERTEX_POINT('',#328);
#328 = CARTESIAN_POINT('',(1.5E+03,-22.,325.24730712629));
#329 = SURFACE_CURVE('',#330,(#334,#341),.PCURVE_S1.);
#330 = LINE('',#331,#332);
#331 = CARTESIAN_POINT('',(1.5E+03,-22.,285.));
#332 = VECTOR('',#333,1.);
#333 = DIRECTION('',(0.,0.,1.));
#334 = PCURVE('',#44,#335);
#335 = DEFINITIONAL_REPRESENTATION('',(#336),#340);
#336 = LINE('',#337,#338);
#337 = CARTESIAN_POINT('',(0.,140.));
#338 = VECTOR('',#339,1.);
#339 = DIRECTION('',(1.,0.));
#340 = ( GEOMETRIC_REPRESENTATION_CONTEXT(2) 
PARAMETRIC_REPRESENTATION_CONTEXT() REPRESENTATION_CONTEXT('2D SPACE',''
  ) );
#341 = PCURVE('',#342,#347);
#342 = PLANE('',#343);
#343 = AXIS2_PLACEMENT_3D('',#344,#345,#346);
#344 = CARTESIAN_POINT('',(1.5E+03,-22.,285.));
#345 = DIRECTION('',(1.,0.,-0.));
#346 = DIRECTION('',(0.,0.,1.));
#347 = DEFINITIONAL_REPRESENTATION('',(#348),#352);
#348 = LINE('',#349,#350);
#349 = CARTESIAN_POINT('',(0.,0.));
#350 = VECTOR('',#351,1.);
#351 = DIRECTION('',(1.,0.));
#352 = ( GEOMETRIC_REPRESENTATION_CONTEXT(2) 
PARAMETRIC_REPRESENTATION_CONTEXT() REPRESENTATION_CONTEXT('2D SPACE',''
  ) );
#353 = ORIENTED_EDGE('',*,*,#354,.F.);
#354 = EDGE_CURVE('',#22,#325,#355,.T.);
#355 = SURFACE_CURVE('',#356,(#360,#367),.PCURVE_S1.);
#356 = LINE('',#357,#358);
#357 = CARTESIAN_POINT('',(1.36E+03,-22.,285.));
#358 = VECTOR('',#359,1.);
#359 = DIRECTION('',(1.,0.,-0.));
#360 = PCURVE('',#44,#361);
#361 = DEFINITIONAL_REPRESENTATION('',(#362),#366);
#362 = LINE('',#363,#364);
#363 = CARTESIAN_POINT('',(0.,0.));
#364 = VECTOR('',#365,1.);
#365 = DIRECTION('',(0.,1.));
#366 = ( GEOMETRIC_REPRESENTATION_CONTEXT(2) 
PARAMETRIC_REPRESENTATION_CONTEXT() REPRESENTATION_CONTEXT('2D SPACE',''
  ) );
#367 = PCURVE('',#72,#368);
#368 = DEFINITIONAL_REPRESENTATION('',(#369),#373);
#369 = LINE('',#370,#371);
#370 = CARTESIAN_POINT('',(0.,0.));
#371 = VECTOR('',#372,1.);
#372 = DIRECTION('',(1.,0.));
#373 = ( GEOMETRIC_REPRESENTATION_CONTEXT(2) 
PARAMETRIC_REPRESENTATION_CONTEXT() REPRESENTATION_CONTEXT('2D SPACE',''
  ) );
#374 = ORIENTED_EDGE('',*,*,#21,.T.);
#375 = ORIENTED_EDGE('',*,*,#376,.F.);
#376 = EDGE_CURVE('',#327,#24,#377,.T.);
#377 = SURFACE_CURVE('',#378,(#542,#709),.PCURVE_S1.);
#378 = B_SPLINE_CURVE_WITH_KNOTS('',8,(#379,#380,#381,#382,#383,#384,
    #385,#386,#387,#388,#389,#390,#391,#392,#393,#394,#395,#396,#397,
    #398,#399,#400,#401,#402,#403,#404,#405,#406,#407,#408,#409,#410,
    #411,#412,#413,#414,#415,#416,#417,#418,#419,#420,#421,#422,#423,
    #424,#425,#426,#427,#428,#429,#430,#431,#432,#433,#434,#435,#436,
    #437,#438,#439,#440,#441,#442,#443,#444,#445,#446,#447,#448,#449,
    #450,#451,#452,#453,#454,#455,#456,#457,#458,#459,#460,#461,#462,
    #463,#464,#465,#466,#467,#468,#469,#470,#471,#472,#473,#474,#475,
    #476,#477,#478,#479,#480,#481,#482,#483,#484,#485,#486,#487,#488,
    #489,#490,#491,#492,#493,#494,#495,#496,#497,#498,#499,#500,#501,
    #502,#503,#504,#505,#506,#507,#508,#509,#510,#511,#512,#513,#514,
    #515,#516,#517,#518,#519,#520,#521,#522,#523,#524,#525,#526,#527,
    #528,#529,#530,#531,#532,#533,#534,#535,#536,#537,#538,#539,#540,
    #541),.UNSPECIFIED.,.F.,.F.,(9,7,7,7,7,7,7,7,7,7,7,7,7,7,7,7,7,7,7,7
    ,7,7,7,9),(0.,5.506439897704E-02,9.684144900482E-02,0.160735764098,
    0.224630082542,0.293439352947,0.352418732243,0.404025693956,
    0.448260237918,0.487579837962,0.521984491891,0.583421392485,
    0.630113453492,0.664518143931,0.718582683473,0.74561495602,
    0.775104709514,0.83162678404,0.873404026132,0.905351382431,
    0.927468805466,0.944671276707,0.971703783887,1.),.UNSPECIFIED.);
#379 = CARTESIAN_POINT('',(1.5E+03,-22.,325.24730712629));
#380 = CARTESIAN_POINT('',(1.499040123975E+03,-22.,325.13903899089));
#381 = CARTESIAN_POINT('',(1.498080153914E+03,-22.,325.03160445998));
#382 = CARTESIAN_POINT('',(1.497120092017E+03,-22.,324.924991566));
#383 = CARTESIAN_POINT('',(1.496159940388E+03,-22.,324.81918885118));
#384 = CARTESIAN_POINT('',(1.495199701032E+03,-22.,324.71418538262));
#385 = CARTESIAN_POINT('',(1.49423937586E+03,-22.,324.60997076743));
#386 = CARTESIAN_POINT('',(1.493278966683E+03,-22.,324.50653516781));
#387 = CARTESIAN_POINT('',(1.491589755744E+03,-22.,324.32597731159));
#388 = CARTESIAN_POINT('',(1.490860988867E+03,-22.,324.24852868211));
#389 = CARTESIAN_POINT('',(1.490132175378E+03,-22.,324.17151906528));
#390 = CARTESIAN_POINT('',(1.489403316006E+03,-22.,324.09494451795));
#391 = CARTESIAN_POINT('',(1.488674411438E+03,-22.,324.01880143775));
#392 = CARTESIAN_POINT('',(1.487945462316E+03,-22.,323.94308648459));
#393 = CARTESIAN_POINT('',(1.487216469259E+03,-22.,323.86779650208));
#394 = CARTESIAN_POINT('',(1.485372435963E+03,-22.,323.67842433664));
#395 = CARTESIAN_POINT('',(1.484257337647E+03,-22.,323.56490763269));
#396 = CARTESIAN_POINT('',(1.48314214066E+03,-22.,323.45236217245));
#397 = CARTESIAN_POINT('',(1.48202684606E+03,-22.,323.34078639114));
#398 = CARTESIAN_POINT('',(1.480911455993E+03,-22.,323.23016880207));
#399 = CARTESIAN_POINT('',(1.479795972781E+03,-22.,323.12049635374));
#400 = CARTESIAN_POINT('',(1.478680397569E+03,-22.,323.01176650756));
#401 = CARTESIAN_POINT('',(1.476449065938E+03,-22.,322.79618126223));
#402 = CARTESIAN_POINT('',(1.475333309562E+03,-22.,322.68932558674));
#403 = CARTESIAN_POINT('',(1.474217463955E+03,-22.,322.58340270013));
#404 = CARTESIAN_POINT('',(1.473101531145E+03,-22.,322.47840148978));
#405 = CARTESIAN_POINT('',(1.471985511867E+03,-22.,322.37432342182));
#406 = CARTESIAN_POINT('',(1.470869406727E+03,-22.,322.27117115307));
#407 = CARTESIAN_POINT('',(1.469753217385E+03,-22.,322.16893695179));
#408 = CARTESIAN_POINT('',(1.467434804637E+03,-22.,321.95851286544));
#409 = CARTESIAN_POINT('',(1.466232567906E+03,-22.,321.85047017583));
#410 = CARTESIAN_POINT('',(1.465030235594E+03,-22.,321.74349242783));
#411 = CARTESIAN_POINT('',(1.46382780788E+03,-22.,321.63759086271));
#412 = CARTESIAN_POINT('',(1.462625286304E+03,-22.,321.53275995454));
#413 = CARTESIAN_POINT('',(1.461422672124E+03,-22.,321.42899785154));
#414 = CARTESIAN_POINT('',(1.460219964886E+03,-22.,321.32632414067));
#415 = CARTESIAN_POINT('',(1.457986194304E+03,-22.,321.13767279669));
#416 = CARTESIAN_POINT('',(1.456955155453E+03,-22.,321.05140531188));
#417 = CARTESIAN_POINT('',(1.45592404888E+03,-22.,320.96594867784));
#418 = CARTESIAN_POINT('',(1.454892875496E+03,-22.,320.88129948403));
#419 = CARTESIAN_POINT('',(1.453861635168E+03,-22.,320.79746933588));
#420 = CARTESIAN_POINT('',(1.452830327559E+03,-22.,320.71447286221));
#421 = CARTESIAN_POINT('',(1.451798953143E+03,-22.,320.63231325585));
#422 = CARTESIAN_POINT('',(1.449865000624E+03,-22.,320.4798542329));
#423 = CARTESIAN_POINT('',(1.44896243819E+03,-22.,320.40935629387));
#424 = CARTESIAN_POINT('',(1.448059824758E+03,-22.,320.33951131418));
#425 = CARTESIAN_POINT('',(1.447157160234E+03,-22.,320.27032816461));
#426 = CARTESIAN_POINT('',(1.446254444471E+03,-22.,320.2018168206));
#427 = CARTESIAN_POINT('',(1.445351677393E+03,-22.,320.13398620003));
#428 = CARTESIAN_POINT('',(1.444448858997E+03,-22.,320.06684425386));
#429 = CARTESIAN_POINT('',(1.442772100729E+03,-22.,319.94344835099));
#430 = CARTESIAN_POINT('',(1.441998174479E+03,-22.,319.88700956126));
#431 = CARTESIAN_POINT('',(1.441224210521E+03,-22.,319.83108760206));
#432 = CARTESIAN_POINT('',(1.440450208754E+03,-22.,319.77568987379));
#433 = CARTESIAN_POINT('',(1.43967616905E+03,-22.,319.72082465139));
#434 = CARTESIAN_POINT('',(1.438902091315E+03,-22.,319.66649962631));
#435 = CARTESIAN_POINT('',(1.438127975491E+03,-22.,319.61272185495));
#436 = CARTESIAN_POINT('',(1.436665684532E+03,-22.,319.51219000377));
#437 = CARTESIAN_POINT('',(1.435977517418E+03,-22.,319.46531926698));
#438 = CARTESIAN_POINT('',(1.435289320087E+03,-22.,319.41889296099));
#439 = CARTESIAN_POINT('',(1.434601092542E+03,-22.,319.37291504891));
#440 = CARTESIAN_POINT('',(1.433912834759E+03,-22.,319.32739070592));
#441 = CARTESIAN_POINT('',(1.43322454665E+03,-22.,319.28232733217));
#442 = CARTESIAN_POINT('',(1.432536228106E+03,-22.,319.23773327202));
#443 = CARTESIAN_POINT('',(1.431245573669E+03,-22.,319.15501008187));
#444 = CARTESIAN_POINT('',(1.430643244908E+03,-22.,319.11676977415));
#445 = CARTESIAN_POINT('',(1.430040892792E+03,-22.,319.07889805074));
#446 = CARTESIAN_POINT('',(1.429438517292E+03,-22.,319.04139948596));
#447 = CARTESIAN_POINT('',(1.428836118385E+03,-22.,319.00427859209));
#448 = CARTESIAN_POINT('',(1.428233696057E+03,-22.,318.96753991733));
#449 = CARTESIAN_POINT('',(1.427631250295E+03,-22.,318.93118814378));
#450 = CARTESIAN_POINT('',(1.4259529429E+03,-22.,318.83101395462));
#451 = CARTESIAN_POINT('',(1.424877029952E+03,-22.,318.76804975707));
#452 = CARTESIAN_POINT('',(1.423801042137E+03,-22.,318.70637090979));
#453 = CARTESIAN_POINT('',(1.42272497932E+03,-22.,318.64600428751));
#454 = CARTESIAN_POINT('',(1.42164884166E+03,-22.,318.58699278373));
#455 = CARTESIAN_POINT('',(1.420572629153E+03,-22.,318.52936254533));
#456 = CARTESIAN_POINT('',(1.419496342108E+03,-22.,318.47314328761));
#457 = CARTESIAN_POINT('',(1.41760194596E+03,-22.,318.3767658554));
#458 = CARTESIAN_POINT('',(1.416783868216E+03,-22.,318.3359903516));
#459 = CARTESIAN_POINT('',(1.415965747769E+03,-22.,318.29607614698));
#460 = CARTESIAN_POINT('',(1.415147584748E+03,-22.,318.25703881758));
#461 = CARTESIAN_POINT('',(1.414329379434E+03,-22.,318.21889881612));
#462 = CARTESIAN_POINT('',(1.413511132118E+03,-22.,318.18167504463));
#463 = CARTESIAN_POINT('',(1.412692843014E+03,-22.,318.14538094173));
#464 = CARTESIAN_POINT('',(1.411271532069E+03,-22.,318.08400032795));
#465 = CARTESIAN_POINT('',(1.410668529102E+03,-22.,318.05847789222));
#466 = CARTESIAN_POINT('',(1.41006550389E+03,-22.,318.03348225263));
#467 = CARTESIAN_POINT('',(1.409462456627E+03,-22.,318.00902237533));
#468 = CARTESIAN_POINT('',(1.408859387528E+03,-22.,317.98510722716));
#469 = CARTESIAN_POINT('',(1.408256296821E+03,-22.,317.96174577567));
#470 = CARTESIAN_POINT('',(1.407653184754E+03,-22.,317.93894698913));
#471 = CARTESIAN_POINT('',(1.406102270449E+03,-22.,317.88179143702));
#472 = CARTESIAN_POINT('',(1.405154437243E+03,-22.,317.84827481591));
#473 = CARTESIAN_POINT('',(1.404206552939E+03,-22.,317.81620589983));
#474 = CARTESIAN_POINT('',(1.403258618257E+03,-22.,317.78560443744));
#475 = CARTESIAN_POINT('',(1.402310636108E+03,-22.,317.75655234526));
#476 = CARTESIAN_POINT('',(1.401362607103E+03,-22.,317.72905958032));
#477 = CARTESIAN_POINT('',(1.400414533686E+03,-22.,317.70318678512));
#478 = CARTESIAN_POINT('',(1.398992359671E+03,-22.,317.66686408792));
#479 = CARTESIAN_POINT('',(1.398518290975E+03,-22.,317.65517126515));
#480 = CARTESIAN_POINT('',(1.398044211797E+03,-22.,317.64389828719));
#481 = CARTESIAN_POINT('',(1.39757012236E+03,-22.,317.63305016456));
#482 = CARTESIAN_POINT('',(1.397096022989E+03,-22.,317.62263298865));
#483 = CARTESIAN_POINT('',(1.396621914113E+03,-22.,317.6126540553));
#484 = CARTESIAN_POINT('',(1.396147796216E+03,-22.,317.60312094033));
#485 = CARTESIAN_POINT('',(1.395156440818E+03,-22.,317.58413253086));
#486 = CARTESIAN_POINT('',(1.394639201628E+03,-22.,317.57476336851));
#487 = CARTESIAN_POINT('',(1.394121952696E+03,-22.,317.56594079428));
#488 = CARTESIAN_POINT('',(1.393604694555E+03,-22.,317.55767356208));
#489 = CARTESIAN_POINT('',(1.393087427736E+03,-22.,317.54997042587));
#490 = CARTESIAN_POINT('',(1.392570152773E+03,-22.,317.54284013959));
#491 = CARTESIAN_POINT('',(1.392052870197E+03,-22.,317.53629145716));
#492 = CARTESIAN_POINT('',(1.390544107875E+03,-22.,317.51891300083));
#493 = CARTESIAN_POINT('',(1.389552609761E+03,-22.,317.50966187302));
#494 = CARTESIAN_POINT('',(1.388561089709E+03,-22.,317.50263265065));
#495 = CARTESIAN_POINT('',(1.387569557242E+03,-22.,317.49794927784));
#496 = CARTESIAN_POINT('',(1.386578013551E+03,-22.,317.49562922059));
#497 = CARTESIAN_POINT('',(1.385586470523E+03,-22.,317.49581192433));
#498 = CARTESIAN_POINT('',(1.384594931182E+03,-22.,317.49853013067));
#499 = CARTESIAN_POINT('',(1.382870537285E+03,-22.,317.50784667968));
#500 = CARTESIAN_POINT('',(1.382137676716E+03,-22.,317.51324839292));
#501 = CARTESIAN_POINT('',(1.381404827468E+03,-22.,317.52013353881));
#502 = CARTESIAN_POINT('',(1.38067199364E+03,-22.,317.52854337015));
#503 = CARTESIAN_POINT('',(1.379939179514E+03,-22.,317.53851913676));
#504 = CARTESIAN_POINT('',(1.379206389561E+03,-22.,317.55010208543));
#505 = CARTESIAN_POINT('',(1.378473628434E+03,-22.,317.56333345994));
#506 = CARTESIAN_POINT('',(1.377180579036E+03,-22.,317.58966472812));
#507 = CARTESIAN_POINT('',(1.376620276671E+03,-22.,317.60206195316));
#508 = CARTESIAN_POINT('',(1.376059996569E+03,-22.,317.61546931944));
#509 = CARTESIAN_POINT('',(1.375499741749E+03,-22.,317.62991220875));
#510 = CARTESIAN_POINT('',(1.37493951534E+03,-22.,317.64541609494));
#511 = CARTESIAN_POINT('',(1.374379320489E+03,-22.,317.6620056523));
#512 = CARTESIAN_POINT('',(1.373819160394E+03,-22.,317.67970511892));
#513 = CARTESIAN_POINT('',(1.372871261358E+03,-22.,317.71157940247));
#514 = CARTESIAN_POINT('',(1.372483502534E+03,-22.,317.72516280018));
#515 = CARTESIAN_POINT('',(1.372095763189E+03,-22.,317.73929906097));
#516 = CARTESIAN_POINT('',(1.371708044379E+03,-22.,317.75399580152));
#517 = CARTESIAN_POINT('',(1.37132034717E+03,-22.,317.76926049726));
#518 = CARTESIAN_POINT('',(1.370932672801E+03,-22.,317.78510167713));
#519 = CARTESIAN_POINT('',(1.370545022826E+03,-22.,317.80153011852));
#520 = CARTESIAN_POINT('',(1.369855913744E+03,-22.,317.83180556209));
#521 = CARTESIAN_POINT('',(1.369554444091E+03,-22.,317.84541443306));
#522 = CARTESIAN_POINT('',(1.369252991165E+03,-22.,317.85939211444));
#523 = CARTESIAN_POINT('',(1.368951555814E+03,-22.,317.87374406569));
#524 = CARTESIAN_POINT('',(1.368650138887E+03,-22.,317.88847574628));
#525 = CARTESIAN_POINT('',(1.368348741233E+03,-22.,317.90359261569));
#526 = CARTESIAN_POINT('',(1.368047363699E+03,-22.,317.91910013337));
#527 = CARTESIAN_POINT('',(1.367272445903E+03,-22.,317.95999521863));
#528 = CARTESIAN_POINT('',(1.366798936604E+03,-22.,317.98596592534));
#529 = CARTESIAN_POINT('',(1.366325481582E+03,-22.,318.01293052415));
#530 = CARTESIAN_POINT('',(1.365852086651E+03,-22.,318.04092586071));
#531 = CARTESIAN_POINT('',(1.365378753036E+03,-22.,318.06995778373));
#532 = CARTESIAN_POINT('',(1.364905483301E+03,-22.,318.10003984325));
#533 = CARTESIAN_POINT('',(1.364432286282E+03,-22.,318.13122589871));
#534 = CARTESIAN_POINT('',(1.363463928556E+03,-22.,318.19736195169));
#535 = CARTESIAN_POINT('',(1.362968775493E+03,-22.,318.23242117795));
#536 = CARTESIAN_POINT('',(1.362473713218E+03,-22.,318.26875238564));
#537 = CARTESIAN_POINT('',(1.361978748274E+03,-22.,318.30639161096));
#538 = CARTESIAN_POINT('',(1.361483887413E+03,-22.,318.3453748704));
#539 = CARTESIAN_POINT('',(1.360989137597E+03,-22.,318.38573816072));
#540 = CARTESIAN_POINT('',(1.360494505999E+03,-22.,318.42751745896));
#541 = CARTESIAN_POINT('',(1.36E+03,-22.,318.47074872245));
#542 = PCURVE('',#44,#543);
#543 = DEFINITIONAL_REPRESENTATION('',(#544),#708);
#544 = B_SPLINE_CURVE_WITH_KNOTS('',8,(#545,#546,#547,#548,#549,#550,
    #551,#552,#553,#554,#555,#556,#557,#558,#559,#560,#561,#562,#563,
    #564,#565,#566,#567,#568,#569,#570,#571,#572,#573,#574,#575,#576,
    #577,#578,#579,#580,#581,#582,#583,#584,#585,#586,#587,#588,#589,
    #590,#591,#592,#593,#594,#595,#596,#597,#598,#599,#600,#601,#602,
    #603,#604,#605,#606,#607,#608,#609,#610,#611,#612,#613,#614,#615,
    #616,#617,#618,#619,#620,#621,#622,#623,#624,#625,#626,#627,#628,
    #629,#630,#631,#632,#633,#634,#635,#636,#637,#638,#639,#640,#641,
    #642,#643,#644,#645,#646,#647,#648,#649,#650,#651,#652,#653,#654,
    #655,#656,#657,#658,#659,#660,#661,#662,#663,#664,#665,#666,#667,
    #668,#669,#670,#671,#672,#673,#674,#675,#676,#677,#678,#679,#680,
    #681,#682,#683,#684,#685,#686,#687,#688,#689,#690,#691,#692,#693,
    #694,#695,#696,#697,#698,#699,#700,#701,#702,#703,#704,#705,#706,
    #707),.UNSPECIFIED.,.F.,.F.,(9,7,7,7,7,7,7,7,7,7,7,7,7,7,7,7,7,7,7,7
    ,7,7,7,9),(0.,5.506439897704E-02,9.684144900482E-02,0.160735764098,
    0.224630082542,0.293439352947,0.352418732243,0.404025693956,
    0.448260237918,0.487579837962,0.521984491891,0.583421392485,
    0.630113453492,0.664518143931,0.718582683473,0.74561495602,
    0.775104709514,0.83162678404,0.873404026132,0.905351382431,
    0.927468805466,0.944671276707,0.971703783887,1.),.UNSPECIFIED.);
#545 = CARTESIAN_POINT('',(40.247307126294,140.));
#546 = CARTESIAN_POINT('',(40.139038990893,139.04012397533));
#547 = CARTESIAN_POINT('',(40.031604459982,138.08015391369));
#548 = CARTESIAN_POINT('',(39.924991566006,137.12009201669));
#549 = CARTESIAN_POINT('',(39.819188851185,136.15994038765));
#550 = CARTESIAN_POINT('',(39.714185382626,135.19970103237));
#551 = CARTESIAN_POINT('',(39.609970767433,134.23937585986));
#552 = CARTESIAN_POINT('',(39.506535167816,133.27896668301));
#553 = CARTESIAN_POINT('',(39.32597731159,131.5897557441));
#554 = CARTESIAN_POINT('',(39.248528682112,130.86098886742));
#555 = CARTESIAN_POINT('',(39.171519065283,130.13217537771));
#556 = CARTESIAN_POINT('',(39.09494451795,129.40331600647));
#557 = CARTESIAN_POINT('',(39.018801437755,128.67441143753));
#558 = CARTESIAN_POINT('',(38.943086484595,127.94546231632));
#559 = CARTESIAN_POINT('',(38.867796502081,127.2164692591));
#560 = CARTESIAN_POINT('',(38.678424336646,125.37243596265));
#561 = CARTESIAN_POINT('',(38.56490763269,124.25733764747));
#562 = CARTESIAN_POINT('',(38.452362172452,123.14214066039));
#563 = CARTESIAN_POINT('',(38.340786391145,122.02684605964));
#564 = CARTESIAN_POINT('',(38.230168802074,120.91145599258));
#565 = CARTESIAN_POINT('',(38.120496353748,119.79597278105));
#566 = CARTESIAN_POINT('',(38.011766507567,118.6803975688));
#567 = CARTESIAN_POINT('',(37.796181262237,116.44906593799));
#568 = CARTESIAN_POINT('',(37.689325586745,115.33330956176));
#569 = CARTESIAN_POINT('',(37.583402700135,114.21746395477));
#570 = CARTESIAN_POINT('',(37.478401489788,113.10153114468));
#571 = CARTESIAN_POINT('',(37.374323421828,111.98551186724));
#572 = CARTESIAN_POINT('',(37.271171153076,110.86940672706));
#573 = CARTESIAN_POINT('',(37.168936951799,109.75321738477));
#574 = CARTESIAN_POINT('',(36.958512865443,107.43480463696));
#575 = CARTESIAN_POINT('',(36.850470175836,106.23256790618));
#576 = CARTESIAN_POINT('',(36.743492427839,105.03023559385));
#577 = CARTESIAN_POINT('',(36.637590862714,103.82780788018));
#578 = CARTESIAN_POINT('',(36.532759954542,102.62528630398));
#579 = CARTESIAN_POINT('',(36.42899785154,101.42267212411));
#580 = CARTESIAN_POINT('',(36.326324140674,100.21996488617));
#581 = CARTESIAN_POINT('',(36.137672796699,97.986194304306));
#582 = CARTESIAN_POINT('',(36.051405311882,96.955155452519));
#583 = CARTESIAN_POINT('',(35.965948677843,95.924048879961));
#584 = CARTESIAN_POINT('',(35.881299484037,94.892875496171));
#585 = CARTESIAN_POINT('',(35.797469335886,93.861635168407));
#586 = CARTESIAN_POINT('',(35.714472862214,92.830327559093));
#587 = CARTESIAN_POINT('',(35.632313255854,91.79895314306));
#588 = CARTESIAN_POINT('',(35.479854232903,89.865000623749));
#589 = CARTESIAN_POINT('',(35.409356293871,88.962438190226));
#590 = CARTESIAN_POINT('',(35.339511314186,88.059824758221));
#591 = CARTESIAN_POINT('',(35.270328164611,87.157160233952));
#592 = CARTESIAN_POINT('',(35.201816820605,86.254444470521));
#593 = CARTESIAN_POINT('',(35.133986200033,85.351677393496));
#594 = CARTESIAN_POINT('',(35.066844253866,84.448858997089));
#595 = CARTESIAN_POINT('',(34.943448350992,82.772100729174));
#596 = CARTESIAN_POINT('',(34.887009561268,81.998174479467));
#597 = CARTESIAN_POINT('',(34.831087602065,81.224210520627));
#598 = CARTESIAN_POINT('',(34.775689873793,80.450208753965));
#599 = CARTESIAN_POINT('',(34.720824651395,79.67616905016));
#600 = CARTESIAN_POINT('',(34.666499626311,78.902091314588));
#601 = CARTESIAN_POINT('',(34.612721854953,78.127975491107));
#602 = CARTESIAN_POINT('',(34.512190003778,76.665684532436));
#603 = CARTESIAN_POINT('',(34.465319266987,75.977517418076));
#604 = CARTESIAN_POINT('',(34.418892960992,75.289320086543));
#605 = CARTESIAN_POINT('',(34.372915048917,74.601092541777));
#606 = CARTESIAN_POINT('',(34.327390705928,73.912834758856));
#607 = CARTESIAN_POINT('',(34.282327332175,73.224546650346));
#608 = CARTESIAN_POINT('',(34.237733272026,72.536228106494));
#609 = CARTESIAN_POINT('',(34.155010081874,71.24557366855));
#610 = CARTESIAN_POINT('',(34.116769774154,70.643244908337));
#611 = CARTESIAN_POINT('',(34.078898050748,70.040892792218));
#612 = CARTESIAN_POINT('',(34.041399485967,69.43851729177));
#613 = CARTESIAN_POINT('',(34.004278592091,68.836118385342));
#614 = CARTESIAN_POINT('',(33.967539917331,68.233696056879));
#615 = CARTESIAN_POINT('',(33.931188143789,67.631250294737));
#616 = CARTESIAN_POINT('',(33.831013954623,65.952942900456));
#617 = CARTESIAN_POINT('',(33.768049757079,64.877029952428));
#618 = CARTESIAN_POINT('',(33.706370909799,63.801042137083));
#619 = CARTESIAN_POINT('',(33.646004287511,62.724979320366));
#620 = CARTESIAN_POINT('',(33.58699278373,61.648841660342));
#621 = CARTESIAN_POINT('',(33.529362545332,60.572629153211));
#622 = CARTESIAN_POINT('',(33.473143287614,59.496342108284));
#623 = CARTESIAN_POINT('',(33.376765855408,57.601945960358));
#624 = CARTESIAN_POINT('',(33.335990351604,56.783868216413));
#625 = CARTESIAN_POINT('',(33.296076146987,55.965747768948));
#626 = CARTESIAN_POINT('',(33.257038817585,55.147584748027));
#627 = CARTESIAN_POINT('',(33.218898816123,54.329379433844));
#628 = CARTESIAN_POINT('',(33.181675044634,53.511132117612));
#629 = CARTESIAN_POINT('',(33.145380941736,52.692843013835));
#630 = CARTESIAN_POINT('',(33.084000327956,51.271532068516));
#631 = CARTESIAN_POINT('',(33.058477892223,50.668529102151));
#632 = CARTESIAN_POINT('',(33.033482252637,50.065503889802));
#633 = CARTESIAN_POINT('',(33.009022375336,49.462456627427));
#634 = CARTESIAN_POINT('',(32.985107227164,48.859387527948));
#635 = CARTESIAN_POINT('',(32.961745775676,48.25629682125));
#636 = CARTESIAN_POINT('',(32.938946989134,47.653184754183));
#637 = CARTESIAN_POINT('',(32.881791437021,46.102270449173));
#638 = CARTESIAN_POINT('',(32.848274815911,45.154437243179));
#639 = CARTESIAN_POINT('',(32.816205899838,44.206552938919));
#640 = CARTESIAN_POINT('',(32.785604437446,43.258618257391));
#641 = CARTESIAN_POINT('',(32.756552345264,42.31063610813));
#642 = CARTESIAN_POINT('',(32.729059580323,41.362607103071));
#643 = CARTESIAN_POINT('',(32.703186785124,40.414533685572));
#644 = CARTESIAN_POINT('',(32.666864087926,38.99235967102));
#645 = CARTESIAN_POINT('',(32.655171265159,38.518290975336));
#646 = CARTESIAN_POINT('',(32.643898287198,38.044211797073));
#647 = CARTESIAN_POINT('',(32.63305016456,37.570122359833));
#648 = CARTESIAN_POINT('',(32.622632988656,37.096022988758));
#649 = CARTESIAN_POINT('',(32.612654055301,36.621914112821));
#650 = CARTESIAN_POINT('',(32.603120940336,36.147796215644));
#651 = CARTESIAN_POINT('',(32.58413253086,35.156440818289));
#652 = CARTESIAN_POINT('',(32.574763368518,34.639201627882));
#653 = CARTESIAN_POINT('',(32.565940794281,34.121952695897));
#654 = CARTESIAN_POINT('',(32.557673562089,33.604694554575));
#655 = CARTESIAN_POINT('',(32.549970425879,33.087427736155));
#656 = CARTESIAN_POINT('',(32.542840139591,32.570152772876));
#657 = CARTESIAN_POINT('',(32.536291457164,32.052870196979));
#658 = CARTESIAN_POINT('',(32.518913000836,30.54410787515));
#659 = CARTESIAN_POINT('',(32.509661873023,29.552609761223));
#660 = CARTESIAN_POINT('',(32.502632650656,28.56108970878));
#661 = CARTESIAN_POINT('',(32.497949277848,27.569557242259));
#662 = CARTESIAN_POINT('',(32.495629220599,26.578013550651));
#663 = CARTESIAN_POINT('',(32.49581192433,25.586470523111));
#664 = CARTESIAN_POINT('',(32.498530130677,24.594931181723));
#665 = CARTESIAN_POINT('',(32.507846679688,22.870537285275));
#666 = CARTESIAN_POINT('',(32.513248392928,22.137676716341));
#667 = CARTESIAN_POINT('',(32.520133538814,21.404827468314));
#668 = CARTESIAN_POINT('',(32.528543370158,20.671993639685));
#669 = CARTESIAN_POINT('',(32.538519136765,19.939179514227));
#670 = CARTESIAN_POINT('',(32.55010208543,19.206389560996));
#671 = CARTESIAN_POINT('',(32.563333459942,18.47362843433));
#672 = CARTESIAN_POINT('',(32.589664728128,17.18057903592));
#673 = CARTESIAN_POINT('',(32.602061953167,16.620276670973));
#674 = CARTESIAN_POINT('',(32.615469319443,16.059996568618));
#675 = CARTESIAN_POINT('',(32.629912208755,15.499741748619));
#676 = CARTESIAN_POINT('',(32.645416094943,14.939515340077));
#677 = CARTESIAN_POINT('',(32.662005652301,14.379320488907));
#678 = CARTESIAN_POINT('',(32.679705118927,13.819160393589));
#679 = CARTESIAN_POINT('',(32.711579402476,12.871261357524));
#680 = CARTESIAN_POINT('',(32.725162800186,12.483502533772));
#681 = CARTESIAN_POINT('',(32.73929906097,12.095763189408));
#682 = CARTESIAN_POINT('',(32.753995801527,11.708044378554));
#683 = CARTESIAN_POINT('',(32.769260497262,11.320347170291));
#684 = CARTESIAN_POINT('',(32.785101677137,10.932672800929));
#685 = CARTESIAN_POINT('',(32.801530118525,10.54502282629));
#686 = CARTESIAN_POINT('',(32.831805562097,9.855913743742));
#687 = CARTESIAN_POINT('',(32.845414433067,9.554444091279));
#688 = CARTESIAN_POINT('',(32.859392114443,9.252991165262));
#689 = CARTESIAN_POINT('',(32.873744065694,8.951555814363));
#690 = CARTESIAN_POINT('',(32.888475746287,8.650138887253));
#691 = CARTESIAN_POINT('',(32.903592615693,8.348741232603));
#692 = CARTESIAN_POINT('',(32.919100133379,8.047363699085));
#693 = CARTESIAN_POINT('',(32.959995218633,7.272445903499));
#694 = CARTESIAN_POINT('',(32.985965925342,6.798936603594));
#695 = CARTESIAN_POINT('',(33.012930524157,6.325481582442));
#696 = CARTESIAN_POINT('',(33.040925860715,5.85208665075));
#697 = CARTESIAN_POINT('',(33.06995778373,5.378753035592));
#698 = CARTESIAN_POINT('',(33.100039843253,4.905483301079));
#699 = CARTESIAN_POINT('',(33.13122589871,4.432286281569));
#700 = CARTESIAN_POINT('',(33.197361951691,3.463928555748));
#701 = CARTESIAN_POINT('',(33.23242117795,2.968775493431));
#702 = CARTESIAN_POINT('',(33.26875238564,2.473713218435));
#703 = CARTESIAN_POINT('',(33.306391610964,1.978748273982));
#704 = CARTESIAN_POINT('',(33.345374870405,1.483887412836));
#705 = CARTESIAN_POINT('',(33.385738160725,0.989137597303));
#706 = CARTESIAN_POINT('',(33.427517458967,0.494505999229));
#707 = CARTESIAN_POINT('',(33.470748722454,0.));
#708 = ( GEOMETRIC_REPRESENTATION_CONTEXT(2) 
PARAMETRIC_REPRESENTATION_CONTEXT() REPRESENTATION_CONTEXT('2D SPACE',''
  ) );
#709 = PCURVE('',#130,#710);
#710 = DEFINITIONAL_REPRESENTATION('',(#711),#875);
#711 = B_SPLINE_CURVE_WITH_KNOTS('',8,(#712,#713,#714,#715,#716,#717,
    #718,#719,#720,#721,#722,#723,#724,#725,#726,#727,#728,#729,#730,
    #731,#732,#733,#734,#735,#736,#737,#738,#739,#740,#741,#742,#743,
    #744,#745,#746,#747,#748,#749,#750,#751,#752,#753,#754,#755,#756,
    #757,#758,#759,#760,#761,#762,#763,#764,#765,#766,#767,#768,#769,
    #770,#771,#772,#773,#774,#775,#776,#777,#778,#779,#780,#781,#782,
    #783,#784,#785,#786,#787,#788,#789,#790,#791,#792,#793,#794,#795,
    #796,#797,#798,#799,#800,#801,#802,#803,#804,#805,#806,#807,#808,
    #809,#810,#811,#812,#813,#814,#815,#816,#817,#818,#819,#820,#821,
    #822,#823,#824,#825,#826,#827,#828,#829,#830,#831,#832,#833,#834,
    #835,#836,#837,#838,#839,#840,#841,#842,#843,#844,#845,#846,#847,
    #848,#849,#850,#851,#852,#853,#854,#855,#856,#857,#858,#859,#860,
    #861,#862,#863,#864,#865,#866,#867,#868,#869,#870,#871,#872,#873,
    #874),.UNSPECIFIED.,.F.,.F.,(9,7,7,7,7,7,7,7,7,7,7,7,7,7,7,7,7,7,7,7
    ,7,7,7,9),(0.,5.506439897704E-02,9.684144900482E-02,0.160735764098,
    0.224630082542,0.293439352947,0.352418732243,0.404025693956,
    0.448260237918,0.487579837962,0.521984491891,0.583421392485,
    0.630113453492,0.664518143931,0.718582683473,0.74561495602,
    0.775104709514,0.83162678404,0.873404026132,0.905351382431,
    0.927468805466,0.944671276707,0.971703783887,1.),.UNSPECIFIED.);
#712 = CARTESIAN_POINT('',(339.84726880103,0.465625));
#713 = CARTESIAN_POINT('',(338.88130624021,0.465625));
#714 = CARTESIAN_POINT('',(337.9153436952,0.465625));
#715 = CARTESIAN_POINT('',(336.94938116298,0.465625));
#716 = CARTESIAN_POINT('',(335.98341864307,0.465625));
#717 = CARTESIAN_POINT('',(335.0174561359,0.465625));
#718 = CARTESIAN_POINT('',(334.05149364137,0.465625));
#719 = CARTESIAN_POINT('',(333.08553115721,0.465625));
#720 = CARTESIAN_POINT('',(331.38669837317,0.465625));
#721 = CARTESIAN_POINT('',(330.65382808248,0.465625));
#722 = CARTESIAN_POINT('',(329.9209577952,0.465625));
#723 = CARTESIAN_POINT('',(329.18808750837,0.465625));
#724 = CARTESIAN_POINT('',(328.45521722352,0.465625));
#725 = CARTESIAN_POINT('',(327.72234694393,0.465625));
#726 = CARTESIAN_POINT('',(326.9894766719,0.465625));
#727 = CARTESIAN_POINT('',(325.13574594163,0.465625));
#728 = CARTESIAN_POINT('',(324.01488550942,0.465625));
#729 = CARTESIAN_POINT('',(322.89402501206,0.465625));
#730 = CARTESIAN_POINT('',(321.7731645875,0.465625));
#731 = CARTESIAN_POINT('',(320.65230419435,0.465625));
#732 = CARTESIAN_POINT('',(319.53144375271,0.465625));
#733 = CARTESIAN_POINT('',(318.41058333873,0.465625));
#734 = CARTESIAN_POINT('',(316.16886246611,0.465625));
#735 = CARTESIAN_POINT('',(315.04800201924,0.465625));
#736 = CARTESIAN_POINT('',(313.92714158102,0.465625));
#737 = CARTESIAN_POINT('',(312.80628112764,0.465625));
#738 = CARTESIAN_POINT('',(311.68542068433,0.465625));
#739 = CARTESIAN_POINT('',(310.56456027299,0.465625));
#740 = CARTESIAN_POINT('',(309.44369986473,0.465625));
#741 = CARTESIAN_POINT('',(307.11575894229,0.465625));
#742 = CARTESIAN_POINT('',(305.90867844759,0.465625));
#743 = CARTESIAN_POINT('',(304.70159797792,0.465625));
#744 = CARTESIAN_POINT('',(303.49451747856,0.465625));
#745 = CARTESIAN_POINT('',(302.28743699605,0.465625));
#746 = CARTESIAN_POINT('',(301.0803565724,0.465625));
#747 = CARTESIAN_POINT('',(299.87327614411,0.465625));
#748 = CARTESIAN_POINT('',(297.63155526773,0.465625));
#749 = CARTESIAN_POINT('',(296.59691483691,0.465625));
#750 = CARTESIAN_POINT('',(295.56227437237,0.465625));
#751 = CARTESIAN_POINT('',(294.52763399389,0.465625));
#752 = CARTESIAN_POINT('',(293.49299364895,0.465625));
#753 = CARTESIAN_POINT('',(292.45835325531,0.465625));
#754 = CARTESIAN_POINT('',(291.4237128806,0.465625));
#755 = CARTESIAN_POINT('',(289.48376209976,0.465625));
#756 = CARTESIAN_POINT('',(288.57845169161,0.465625));
#757 = CARTESIAN_POINT('',(287.67314134515,0.465625));
#758 = CARTESIAN_POINT('',(286.76783103,0.465625));
#759 = CARTESIAN_POINT('',(285.86252070622,0.465625));
#760 = CARTESIAN_POINT('',(284.95721036463,0.465625));
#761 = CARTESIAN_POINT('',(284.05190002664,0.465625));
#762 = CARTESIAN_POINT('',(282.37060933225,0.465625));
#763 = CARTESIAN_POINT('',(281.5946289648,0.465625));
#764 = CARTESIAN_POINT('',(280.81864866256,0.465625));
#765 = CARTESIAN_POINT('',(280.04266840021,0.465625));
#766 = CARTESIAN_POINT('',(279.26668813829,0.465625));
#767 = CARTESIAN_POINT('',(278.49070786107,0.465625));
#768 = CARTESIAN_POINT('',(277.71472757931,0.465625));
#769 = CARTESIAN_POINT('',(276.24898695321,0.465625));
#770 = CARTESIAN_POINT('',(275.55922661999,0.465625));
#771 = CARTESIAN_POINT('',(274.86946627414,0.465625));
#772 = CARTESIAN_POINT('',(274.17970597835,0.465625));
#773 = CARTESIAN_POINT('',(273.48994576164,0.465625));
#774 = CARTESIAN_POINT('',(272.80018558163,0.465625));
#775 = CARTESIAN_POINT('',(272.11042536987,0.465625));
#776 = CARTESIAN_POINT('',(270.81712490841,0.465625));
#777 = CARTESIAN_POINT('',(270.21358465524,0.465625));
#778 = CARTESIAN_POINT('',(269.61004439216,0.465625));
#779 = CARTESIAN_POINT('',(269.0065041233,0.465625));
#780 = CARTESIAN_POINT('',(268.40296386143,0.465625));
#781 = CARTESIAN_POINT('',(267.79942362385,0.465625));
#782 = CARTESIAN_POINT('',(267.19588342842,0.465625));
#783 = CARTESIAN_POINT('',(265.51459271539,0.465625));
#784 = CARTESIAN_POINT('',(264.4368423058,0.465625));
#785 = CARTESIAN_POINT('',(263.35909180862,0.465625));
#786 = CARTESIAN_POINT('',(262.28134141959,0.465625));
#787 = CARTESIAN_POINT('',(261.20359073134,0.465625));
#788 = CARTESIAN_POINT('',(260.12584011105,0.465625));
#789 = CARTESIAN_POINT('',(259.04809004185,0.465625));
#790 = CARTESIAN_POINT('',(257.15124958786,0.465625));
#791 = CARTESIAN_POINT('',(256.33215927023,0.465625));
#792 = CARTESIAN_POINT('',(255.51306886621,0.465625));
#793 = CARTESIAN_POINT('',(254.69397851045,0.465625));
#794 = CARTESIAN_POINT('',(253.87488807901,0.465625));
#795 = CARTESIAN_POINT('',(253.05579758922,0.465625));
#796 = CARTESIAN_POINT('',(252.23670743997,0.465625));
#797 = CARTESIAN_POINT('',(250.81407714412,0.465625));
#798 = CARTESIAN_POINT('',(250.21053694118,0.465625));
#799 = CARTESIAN_POINT('',(249.60699675314,0.465625));
#800 = CARTESIAN_POINT('',(249.00345654881,0.465625));
#801 = CARTESIAN_POINT('',(248.399916314,0.465625));
#802 = CARTESIAN_POINT('',(247.79637605149,0.465625));
#803 = CARTESIAN_POINT('',(247.19283578105,0.465625));
#804 = CARTESIAN_POINT('',(245.64087470367,0.465625));
#805 = CARTESIAN_POINT('',(244.69245394885,0.465625));
#806 = CARTESIAN_POINT('',(243.74403323493,0.465625));
#807 = CARTESIAN_POINT('',(242.7956140755,0.465625));
#808 = CARTESIAN_POINT('',(241.84719326221,0.465625));
#809 = CARTESIAN_POINT('',(240.89877329052,0.465625));
#810 = CARTESIAN_POINT('',(239.95035285206,0.465625));
#811 = CARTESIAN_POINT('',(238.52772242485,0.465625));
#812 = CARTESIAN_POINT('',(238.05351223807,0.465625));
#813 = CARTESIAN_POINT('',(237.57930202917,0.465625));
#814 = CARTESIAN_POINT('',(237.10509184823,0.465625));
#815 = CARTESIAN_POINT('',(236.63088169928,0.465625));
#816 = CARTESIAN_POINT('',(236.15667152574,0.465625));
#817 = CARTESIAN_POINT('',(235.68246128751,0.465625));
#818 = CARTESIAN_POINT('',(234.69093092946,0.465625));
#819 = CARTESIAN_POINT('',(234.17361072903,0.465625));
#820 = CARTESIAN_POINT('',(233.65629052859,0.465625));
#821 = CARTESIAN_POINT('',(233.13897032816,0.465625));
#822 = CARTESIAN_POINT('',(232.62165012773,0.465625));
#823 = CARTESIAN_POINT('',(232.1043299273,0.465625));
#824 = CARTESIAN_POINT('',(231.58700972687,0.465625));
#825 = CARTESIAN_POINT('',(230.07815831787,0.465625));
#826 = CARTESIAN_POINT('',(229.08662761965,0.465625));
#827 = CARTESIAN_POINT('',(228.09509867596,0.465625));
#828 = CARTESIAN_POINT('',(227.10356702667,0.465625));
#829 = CARTESIAN_POINT('',(226.11203773567,0.465625));
#830 = CARTESIAN_POINT('',(225.1205057721,0.465625));
#831 = CARTESIAN_POINT('',(224.12897571305,0.465625));
#832 = CARTESIAN_POINT('',(222.40457600773,0.465625));
#833 = CARTESIAN_POINT('',(221.67170596742,0.465625));
#834 = CARTESIAN_POINT('',(220.93883592109,0.465625));
#835 = CARTESIAN_POINT('',(220.20596564292,0.465625));
#836 = CARTESIAN_POINT('',(219.47309509243,0.465625));
#837 = CARTESIAN_POINT('',(218.74022441441,0.465625));
#838 = CARTESIAN_POINT('',(218.00735393898,0.465625));
#839 = CARTESIAN_POINT('',(216.71405342816,0.465625));
#840 = CARTESIAN_POINT('',(216.15362319589,0.465625));
#841 = CARTESIAN_POINT('',(215.59319330036,0.465625));
#842 = CARTESIAN_POINT('',(215.03276344024,0.465625));
#843 = CARTESIAN_POINT('',(214.47233340512,0.465625));
#844 = CARTESIAN_POINT('',(213.91190316085,0.465625));
#845 = CARTESIAN_POINT('',(213.35147281244,0.465625));
#846 = CARTESIAN_POINT('',(212.40305179471,0.465625));
#847 = CARTESIAN_POINT('',(212.01506118008,0.465625));
#848 = CARTESIAN_POINT('',(211.62707057036,0.465625));
#849 = CARTESIAN_POINT('',(211.23908008967,0.465625));
#850 = CARTESIAN_POINT('',(210.85108990755,0.465625));
#851 = CARTESIAN_POINT('',(210.46310013002,0.465625));
#852 = CARTESIAN_POINT('',(210.07511069071,0.465625));
#853 = CARTESIAN_POINT('',(209.38535112498,0.465625));
#854 = CARTESIAN_POINT('',(209.08358100806,0.465625));
#855 = CARTESIAN_POINT('',(208.78181089114,0.465625));
#856 = CARTESIAN_POINT('',(208.48004077422,0.465625));
#857 = CARTESIAN_POINT('',(208.1782706573,0.465625));
#858 = CARTESIAN_POINT('',(207.87650054039,0.465625));
#859 = CARTESIAN_POINT('',(207.57473042347,0.465625));
#860 = CARTESIAN_POINT('',(206.7987492041,0.465625));
#861 = CARTESIAN_POINT('',(206.32453798448,0.465625));
#862 = CARTESIAN_POINT('',(205.85032728642,0.465625));
#863 = CARTESIAN_POINT('',(205.37611582852,0.465625));
#864 = CARTESIAN_POINT('',(204.90190526042,0.465625));
#865 = CARTESIAN_POINT('',(204.42769669738,0.465625));
#866 = CARTESIAN_POINT('',(203.95348774698,0.465625));
#867 = CARTESIAN_POINT('',(202.98290172606,0.465625));
#868 = CARTESIAN_POINT('',(202.48652460635,0.465625));
#869 = CARTESIAN_POINT('',(201.99014717424,0.465625));
#870 = CARTESIAN_POINT('',(201.49376933682,0.465625));
#871 = CARTESIAN_POINT('',(200.99739121163,0.465625));
#872 = CARTESIAN_POINT('',(200.50101312664,0.465625));
#873 = CARTESIAN_POINT('',(200.00463562029,0.465625));
#874 = CARTESIAN_POINT('',(199.50825944143,0.465625));
#875 = ( GEOMETRIC_REPRESENTATION_CONTEXT(2) 
PARAMETRIC_REPRESENTATION_CONTEXT() REPRESENTATION_CONTEXT('2D SPACE',''
  ) );
#876 = ADVANCED_FACE('',(#877),#72,.F.);
#877 = FACE_BOUND('',#878,.F.);
#878 = EDGE_LOOP('',(#879,#880,#881,#904));
#879 = ORIENTED_EDGE('',*,*,#56,.F.);
#880 = ORIENTED_EDGE('',*,*,#354,.T.);
#881 = ORIENTED_EDGE('',*,*,#882,.T.);
#882 = EDGE_CURVE('',#325,#883,#885,.T.);
#883 = VERTEX_POINT('',#884);
#884 = CARTESIAN_POINT('',(1.5E+03,22.,285.));
#885 = SURFACE_CURVE('',#886,(#890,#897),.PCURVE_S1.);
#886 = LINE('',#887,#888);
#887 = CARTESIAN_POINT('',(1.5E+03,-22.,285.));
#888 = VECTOR('',#889,1.);
#889 = DIRECTION('',(-0.,1.,0.));
#890 = PCURVE('',#72,#891);
#891 = DEFINITIONAL_REPRESENTATION('',(#892),#896);
#892 = LINE('',#893,#894);
#893 = CARTESIAN_POINT('',(140.,0.));
#894 = VECTOR('',#895,1.);
#895 = DIRECTION('',(0.,1.));
#896 = ( GEOMETRIC_REPRESENTATION_CONTEXT(2) 
PARAMETRIC_REPRESENTATION_CONTEXT() REPRESENTATION_CONTEXT('2D SPACE',''
  ) );
#897 = PCURVE('',#342,#898);
#898 = DEFINITIONAL_REPRESENTATION('',(#899),#903);
#899 = LINE('',#900,#901);
#900 = CARTESIAN_POINT('',(0.,0.));
#901 = VECTOR('',#902,1.);
#902 = DIRECTION('',(0.,-1.));
#903 = ( GEOMETRIC_REPRESENTATION_CONTEXT(2) 
PARAMETRIC_REPRESENTATION_CONTEXT() REPRESENTATION_CONTEXT('2D SPACE',''
  ) );
#904 = ORIENTED_EDGE('',*,*,#905,.F.);
#905 = EDGE_CURVE('',#57,#883,#906,.T.);
#906 = SURFACE_CURVE('',#907,(#911,#918),.PCURVE_S1.);
#907 = LINE('',#908,#909);
#908 = CARTESIAN_POINT('',(1.36E+03,22.,285.));
#909 = VECTOR('',#910,1.);
#910 = DIRECTION('',(1.,0.,-0.));
#911 = PCURVE('',#72,#912);
#912 = DEFINITIONAL_REPRESENTATION('',(#913),#917);
#913 = LINE('',#914,#915);
#914 = CARTESIAN_POINT('',(0.,44.));
#915 = VECTOR('',#916,1.);
#916 = DIRECTION('',(1.,0.));
#917 = ( GEOMETRIC_REPRESENTATION_CONTEXT(2) 
PARAMETRIC_REPRESENTATION_CONTEXT() REPRESENTATION_CONTEXT('2D SPACE',''
  ) );
#918 = PCURVE('',#100,#919);
#919 = DEFINITIONAL_REPRESENTATION('',(#920),#924);
#920 = LINE('',#921,#922);
#921 = CARTESIAN_POINT('',(0.,0.));
#922 = VECTOR('',#923,1.);
#923 = DIRECTION('',(0.,1.));
#924 = ( GEOMETRIC_REPRESENTATION_CONTEXT(2) 
PARAMETRIC_REPRESENTATION_CONTEXT() REPRESENTATION_CONTEXT('2D SPACE',''
  ) );
#925 = ADVANCED_FACE('',(#926),#130,.T.);
#926 = FACE_BOUND('',#927,.T.);
#927 = EDGE_LOOP('',(#928,#929,#930,#959));
#928 = ORIENTED_EDGE('',*,*,#112,.F.);
#929 = ORIENTED_EDGE('',*,*,#376,.F.);
#930 = ORIENTED_EDGE('',*,*,#931,.F.);
#931 = EDGE_CURVE('',#932,#327,#934,.T.);
#932 = VERTEX_POINT('',#933);
#933 = CARTESIAN_POINT('',(1.5E+03,22.,325.24730712629));
#934 = SURFACE_CURVE('',#935,(#941,#950),.PCURVE_S1.);
#935 = B_SPLINE_CURVE_WITH_KNOTS('',4,(#936,#937,#938,#939,#940),
  .UNSPECIFIED.,.F.,.F.,(5,5),(0.,1.),.PIECEWISE_BEZIER_KNOTS.);
#936 = CARTESIAN_POINT('',(1.5E+03,22.,325.24730712629));
#937 = CARTESIAN_POINT('',(1.5E+03,11.,325.24730712629));
#938 = CARTESIAN_POINT('',(1.5E+03,4.618527782441E-14,325.24730712629));
#939 = CARTESIAN_POINT('',(1.5E+03,-11.,325.24730712629));
#940 = CARTESIAN_POINT('',(1.5E+03,-22.,325.24730712629));
#941 = PCURVE('',#130,#942);
#942 = DEFINITIONAL_REPRESENTATION('',(#943),#949);
#943 = B_SPLINE_CURVE_WITH_KNOTS('',4,(#944,#945,#946,#947,#948),
  .UNSPECIFIED.,.F.,.F.,(5,5),(0.,1.),.PIECEWISE_BEZIER_KNOTS.);
#944 = CARTESIAN_POINT('',(339.84726880103,0.534375));
#945 = CARTESIAN_POINT('',(339.84726880103,0.5171875));
#946 = CARTESIAN_POINT('',(339.84726880103,0.5));
#947 = CARTESIAN_POINT('',(339.84726880103,0.4828125));
#948 = CARTESIAN_POINT('',(339.84726880103,0.465625));
#949 = ( GEOMETRIC_REPRESENTATION_CONTEXT(2) 
PARAMETRIC_REPRESENTATION_CONTEXT() REPRESENTATION_CONTEXT('2D SPACE',''
  ) );
#950 = PCURVE('',#342,#951);
#951 = DEFINITIONAL_REPRESENTATION('',(#952),#958);
#952 = B_SPLINE_CURVE_WITH_KNOTS('',4,(#953,#954,#955,#956,#957),
  .UNSPECIFIED.,.F.,.F.,(5,5),(0.,1.),.PIECEWISE_BEZIER_KNOTS.);
#953 = CARTESIAN_POINT('',(40.247307126294,-44.));
#954 = CARTESIAN_POINT('',(40.247307126294,-33.));
#955 = CARTESIAN_POINT('',(40.247307126294,-22.));
#956 = CARTESIAN_POINT('',(40.247307126294,-11.));
#957 = CARTESIAN_POINT('',(40.247307126294,0.));
#958 = ( GEOMETRIC_REPRESENTATION_CONTEXT(2) 
PARAMETRIC_REPRESENTATION_CONTEXT() REPRESENTATION_CONTEXT('2D SPACE',''
  ) );
#959 = ORIENTED_EDGE('',*,*,#960,.T.);
#960 = EDGE_CURVE('',#932,#85,#961,.T.);
#961 = SURFACE_CURVE('',#962,(#1126,#1293),.PCURVE_S1.);
#962 = B_SPLINE_CURVE_WITH_KNOTS('',8,(#963,#964,#965,#966,#967,#968,
    #969,#970,#971,#972,#973,#974,#975,#976,#977,#978,#979,#980,#981,
    #982,#983,#984,#985,#986,#987,#988,#989,#990,#991,#992,#993,#994,
    #995,#996,#997,#998,#999,#1000,#1001,#1002,#1003,#1004,#1005,#1006,
    #1007,#1008,#1009,#1010,#1011,#1012,#1013,#1014,#1015,#1016,#1017,
    #1018,#1019,#1020,#1021,#1022,#1023,#1024,#1025,#1026,#1027,#1028,
    #1029,#1030,#1031,#1032,#1033,#1034,#1035,#1036,#1037,#1038,#1039,
    #1040,#1041,#1042,#1043,#1044,#1045,#1046,#1047,#1048,#1049,#1050,
    #1051,#1052,#1053,#1054,#1055,#1056,#1057,#1058,#1059,#1060,#1061,
    #1062,#1063,#1064,#1065,#1066,#1067,#1068,#1069,#1070,#1071,#1072,
    #1073,#1074,#1075,#1076,#1077,#1078,#1079,#1080,#1081,#1082,#1083,
    #1084,#1085,#1086,#1087,#1088,#1089,#1090,#1091,#1092,#1093,#1094,
    #1095,#1096,#1097,#1098,#1099,#1100,#1101,#1102,#1103,#1104,#1105,
    #1106,#1107,#1108,#1109,#1110,#1111,#1112,#1113,#1114,#1115,#1116,
    #1117,#1118,#1119,#1120,#1121,#1122,#1123,#1124,#1125),
  .UNSPECIFIED.,.F.,.F.,(9,7,7,7,7,7,7,7,7,7,7,7,7,7,7,7,7,7,7,7,7,7,7,9
    ),(0.,5.506439897704E-02,9.684144900482E-02,0.160735764098,
    0.224630082542,0.293439352947,0.352418732243,0.404025693956,
    0.448260237918,0.487579837962,0.521984491891,0.583421392485,
    0.630113453492,0.664518143931,0.718582683473,0.74561495602,
    0.775104709514,0.83162678404,0.873404026132,0.905351382431,
    0.927468805466,0.944671276707,0.971703783887,1.),.UNSPECIFIED.);
#963 = CARTESIAN_POINT('',(1.5E+03,22.,325.24730712629));
#964 = CARTESIAN_POINT('',(1.499040123975E+03,22.,325.13903899089));
#965 = CARTESIAN_POINT('',(1.498080153914E+03,22.,325.03160445998));
#966 = CARTESIAN_POINT('',(1.497120092017E+03,22.,324.924991566));
#967 = CARTESIAN_POINT('',(1.496159940388E+03,22.,324.81918885118));
#968 = CARTESIAN_POINT('',(1.495199701032E+03,22.,324.71418538262));
#969 = CARTESIAN_POINT('',(1.49423937586E+03,22.,324.60997076743));
#970 = CARTESIAN_POINT('',(1.493278966683E+03,22.,324.50653516781));
#971 = CARTESIAN_POINT('',(1.491589755744E+03,22.,324.32597731159));
#972 = CARTESIAN_POINT('',(1.490860988867E+03,22.,324.24852868211));
#973 = CARTESIAN_POINT('',(1.490132175378E+03,22.,324.17151906528));
#974 = CARTESIAN_POINT('',(1.489403316006E+03,22.,324.09494451795));
#975 = CARTESIAN_POINT('',(1.488674411438E+03,22.,324.01880143775));
#976 = CARTESIAN_POINT('',(1.487945462316E+03,22.,323.94308648459));
#977 = CARTESIAN_POINT('',(1.487216469259E+03,22.,323.86779650208));
#978 = CARTESIAN_POINT('',(1.485372435963E+03,22.,323.67842433664));
#979 = CARTESIAN_POINT('',(1.484257337647E+03,22.,323.56490763269));
#980 = CARTESIAN_POINT('',(1.48314214066E+03,22.,323.45236217245));
#981 = CARTESIAN_POINT('',(1.48202684606E+03,22.,323.34078639114));
#982 = CARTESIAN_POINT('',(1.480911455993E+03,22.,323.23016880207));
#983 = CARTESIAN_POINT('',(1.479795972781E+03,22.,323.12049635374));
#984 = CARTESIAN_POINT('',(1.478680397569E+03,22.,323.01176650756));
#985 = CARTESIAN_POINT('',(1.476449065938E+03,22.,322.79618126223));
#986 = CARTESIAN_POINT('',(1.475333309562E+03,22.,322.68932558674));
#987 = CARTESIAN_POINT('',(1.474217463955E+03,22.,322.58340270013));
#988 = CARTESIAN_POINT('',(1.473101531145E+03,22.,322.47840148978));
#989 = CARTESIAN_POINT('',(1.471985511867E+03,22.,322.37432342182));
#990 = CARTESIAN_POINT('',(1.470869406727E+03,22.,322.27117115307));
#991 = CARTESIAN_POINT('',(1.469753217385E+03,22.,322.16893695179));
#992 = CARTESIAN_POINT('',(1.467434804637E+03,22.,321.95851286544));
#993 = CARTESIAN_POINT('',(1.466232567906E+03,22.,321.85047017583));
#994 = CARTESIAN_POINT('',(1.465030235594E+03,22.,321.74349242783));
#995 = CARTESIAN_POINT('',(1.46382780788E+03,22.,321.63759086271));
#996 = CARTESIAN_POINT('',(1.462625286304E+03,22.,321.53275995454));
#997 = CARTESIAN_POINT('',(1.461422672124E+03,22.,321.42899785154));
#998 = CARTESIAN_POINT('',(1.460219964886E+03,22.,321.32632414067));
#999 = CARTESIAN_POINT('',(1.457986194304E+03,22.,321.13767279669));
#1000 = CARTESIAN_POINT('',(1.456955155453E+03,22.,321.05140531188));
#1001 = CARTESIAN_POINT('',(1.45592404888E+03,22.,320.96594867784));
#1002 = CARTESIAN_POINT('',(1.454892875496E+03,22.,320.88129948403));
#1003 = CARTESIAN_POINT('',(1.453861635168E+03,22.,320.79746933588));
#1004 = CARTESIAN_POINT('',(1.452830327559E+03,22.,320.71447286221));
#1005 = CARTESIAN_POINT('',(1.451798953143E+03,22.,320.63231325585));
#1006 = CARTESIAN_POINT('',(1.449865000624E+03,22.,320.4798542329));
#1007 = CARTESIAN_POINT('',(1.44896243819E+03,22.,320.40935629387));
#1008 = CARTESIAN_POINT('',(1.448059824758E+03,22.,320.33951131418));
#1009 = CARTESIAN_POINT('',(1.447157160234E+03,22.,320.27032816461));
#1010 = CARTESIAN_POINT('',(1.446254444471E+03,22.,320.2018168206));
#1011 = CARTESIAN_POINT('',(1.445351677393E+03,22.,320.13398620003));
#1012 = CARTESIAN_POINT('',(1.444448858997E+03,22.,320.06684425386));
#1013 = CARTESIAN_POINT('',(1.442772100729E+03,22.,319.94344835099));
#1014 = CARTESIAN_POINT('',(1.441998174479E+03,22.,319.88700956126));
#1015 = CARTESIAN_POINT('',(1.441224210521E+03,22.,319.83108760206));
#1016 = CARTESIAN_POINT('',(1.440450208754E+03,22.,319.77568987379));
#1017 = CARTESIAN_POINT('',(1.43967616905E+03,22.,319.72082465139));
#1018 = CARTESIAN_POINT('',(1.438902091315E+03,22.,319.66649962631));
#1019 = CARTESIAN_POINT('',(1.438127975491E+03,22.,319.61272185495));
#1020 = CARTESIAN_POINT('',(1.436665684532E+03,22.,319.51219000377));
#1021 = CARTESIAN_POINT('',(1.435977517418E+03,22.,319.46531926698));
#1022 = CARTESIAN_POINT('',(1.435289320087E+03,22.,319.41889296099));
#1023 = CARTESIAN_POINT('',(1.434601092542E+03,22.,319.37291504891));
#1024 = CARTESIAN_POINT('',(1.433912834759E+03,22.,319.32739070592));
#1025 = CARTESIAN_POINT('',(1.43322454665E+03,22.,319.28232733217));
#1026 = CARTESIAN_POINT('',(1.432536228106E+03,22.,319.23773327202));
#1027 = CARTESIAN_POINT('',(1.431245573669E+03,22.,319.15501008187));
#1028 = CARTESIAN_POINT('',(1.430643244908E+03,22.,319.11676977415));
#1029 = CARTESIAN_POINT('',(1.430040892792E+03,22.,319.07889805074));
#1030 = CARTESIAN_POINT('',(1.429438517292E+03,22.,319.04139948596));
#1031 = CARTESIAN_POINT('',(1.428836118385E+03,22.,319.00427859209));
#1032 = CARTESIAN_POINT('',(1.428233696057E+03,22.,318.96753991733));
#1033 = CARTESIAN_POINT('',(1.427631250295E+03,22.,318.93118814378));
#1034 = CARTESIAN_POINT('',(1.4259529429E+03,22.,318.83101395462));
#1035 = CARTESIAN_POINT('',(1.424877029952E+03,22.,318.76804975707));
#1036 = CARTESIAN_POINT('',(1.423801042137E+03,22.,318.70637090979));
#1037 = CARTESIAN_POINT('',(1.42272497932E+03,22.,318.64600428751));
#1038 = CARTESIAN_POINT('',(1.42164884166E+03,22.,318.58699278373));
#1039 = CARTESIAN_POINT('',(1.420572629153E+03,22.,318.52936254533));
#1040 = CARTESIAN_POINT('',(1.419496342108E+03,22.,318.47314328761));
#1041 = CARTESIAN_POINT('',(1.41760194596E+03,22.,318.3767658554));
#1042 = CARTESIAN_POINT('',(1.416783868216E+03,22.,318.3359903516));
#1043 = CARTESIAN_POINT('',(1.415965747769E+03,22.,318.29607614698));
#1044 = CARTESIAN_POINT('',(1.415147584748E+03,22.,318.25703881758));
#1045 = CARTESIAN_POINT('',(1.414329379434E+03,22.,318.21889881612));
#1046 = CARTESIAN_POINT('',(1.413511132118E+03,22.,318.18167504463));
#1047 = CARTESIAN_POINT('',(1.412692843014E+03,22.,318.14538094173));
#1048 = CARTESIAN_POINT('',(1.411271532069E+03,22.,318.08400032795));
#1049 = CARTESIAN_POINT('',(1.410668529102E+03,22.,318.05847789222));
#1050 = CARTESIAN_POINT('',(1.41006550389E+03,22.,318.03348225263));
#1051 = CARTESIAN_POINT('',(1.409462456627E+03,22.,318.00902237533));
#1052 = CARTESIAN_POINT('',(1.408859387528E+03,22.,317.98510722716));
#1053 = CARTESIAN_POINT('',(1.408256296821E+03,22.,317.96174577567));
#1054 = CARTESIAN_POINT('',(1.407653184754E+03,22.,317.93894698913));
#1055 = CARTESIAN_POINT('',(1.406102270449E+03,22.,317.88179143702));
#1056 = CARTESIAN_POINT('',(1.405154437243E+03,22.,317.84827481591));
#1057 = CARTESIAN_POINT('',(1.404206552939E+03,22.,317.81620589983));
#1058 = CARTESIAN_POINT('',(1.403258618257E+03,22.,317.78560443744));
#1059 = CARTESIAN_POINT('',(1.402310636108E+03,22.,317.75655234526));
#1060 = CARTESIAN_POINT('',(1.401362607103E+03,22.,317.72905958032));
#1061 = CARTESIAN_POINT('',(1.400414533686E+03,22.,317.70318678512));
#1062 = CARTESIAN_POINT('',(1.398992359671E+03,22.,317.66686408792));
#1063 = CARTESIAN_POINT('',(1.398518290975E+03,22.,317.65517126515));
#1064 = CARTESIAN_POINT('',(1.398044211797E+03,22.,317.64389828719));
#1065 = CARTESIAN_POINT('',(1.39757012236E+03,22.,317.63305016456));
#1066 = CARTESIAN_POINT('',(1.397096022989E+03,22.,317.62263298865));
#1067 = CARTESIAN_POINT('',(1.396621914113E+03,22.,317.6126540553));
#1068 = CARTESIAN_POINT('',(1.396147796216E+03,22.,317.60312094033));
#1069 = CARTESIAN_POINT('',(1.395156440818E+03,22.,317.58413253086));
#1070 = CARTESIAN_POINT('',(1.394639201628E+03,22.,317.57476336851));
#1071 = CARTESIAN_POINT('',(1.394121952696E+03,22.,317.56594079428));
#1072 = CARTESIAN_POINT('',(1.393604694555E+03,22.,317.55767356208));
#1073 = CARTESIAN_POINT('',(1.393087427736E+03,22.,317.54997042587));
#1074 = CARTESIAN_POINT('',(1.392570152773E+03,22.,317.54284013959));
#1075 = CARTESIAN_POINT('',(1.392052870197E+03,22.,317.53629145716));
#1076 = CARTESIAN_POINT('',(1.390544107875E+03,22.,317.51891300083));
#1077 = CARTESIAN_POINT('',(1.389552609761E+03,22.,317.50966187302));
#1078 = CARTESIAN_POINT('',(1.388561089709E+03,22.,317.50263265065));
#1079 = CARTESIAN_POINT('',(1.387569557242E+03,22.,317.49794927784));
#1080 = CARTESIAN_POINT('',(1.386578013551E+03,22.,317.49562922059));
#1081 = CARTESIAN_POINT('',(1.385586470523E+03,22.,317.49581192433));
#1082 = CARTESIAN_POINT('',(1.384594931182E+03,22.,317.49853013067));
#1083 = CARTESIAN_POINT('',(1.382870537285E+03,22.,317.50784667968));
#1084 = CARTESIAN_POINT('',(1.382137676716E+03,22.,317.51324839292));
#1085 = CARTESIAN_POINT('',(1.381404827468E+03,22.,317.52013353881));
#1086 = CARTESIAN_POINT('',(1.38067199364E+03,22.,317.52854337015));
#1087 = CARTESIAN_POINT('',(1.379939179514E+03,22.,317.53851913676));
#1088 = CARTESIAN_POINT('',(1.379206389561E+03,22.,317.55010208543));
#1089 = CARTESIAN_POINT('',(1.378473628434E+03,22.,317.56333345994));
#1090 = CARTESIAN_POINT('',(1.377180579036E+03,22.,317.58966472812));
#1091 = CARTESIAN_POINT('',(1.376620276671E+03,22.,317.60206195316));
#1092 = CARTESIAN_POINT('',(1.376059996569E+03,22.,317.61546931944));
#1093 = CARTESIAN_POINT('',(1.375499741749E+03,22.,317.62991220875));
#1094 = CARTESIAN_POINT('',(1.37493951534E+03,22.,317.64541609494));
#1095 = CARTESIAN_POINT('',(1.374379320489E+03,22.,317.6620056523));
#1096 = CARTESIAN_POINT('',(1.373819160394E+03,22.,317.67970511892));
#1097 = CARTESIAN_POINT('',(1.372871261358E+03,22.,317.71157940247));
#1098 = CARTESIAN_POINT('',(1.372483502534E+03,22.,317.72516280018));
#1099 = CARTESIAN_POINT('',(1.372095763189E+03,22.,317.73929906097));
#1100 = CARTESIAN_POINT('',(1.371708044379E+03,22.,317.75399580152));
#1101 = CARTESIAN_POINT('',(1.37132034717E+03,22.,317.76926049726));
#1102 = CARTESIAN_POINT('',(1.370932672801E+03,22.,317.78510167713));
#1103 = CARTESIAN_POINT('',(1.370545022826E+03,22.,317.80153011852));
#1104 = CARTESIAN_POINT('',(1.369855913744E+03,22.,317.83180556209));
#1105 = CARTESIAN_POINT('',(1.369554444091E+03,22.,317.84541443306));
#1106 = CARTESIAN_POINT('',(1.369252991165E+03,22.,317.85939211444));
#1107 = CARTESIAN_POINT('',(1.368951555814E+03,22.,317.87374406569));
#1108 = CARTESIAN_POINT('',(1.368650138887E+03,22.,317.88847574628));
#1109 = CARTESIAN_POINT('',(1.368348741233E+03,22.,317.90359261569));
#1110 = CARTESIAN_POINT('',(1.368047363699E+03,22.,317.91910013337));
#1111 = CARTESIAN_POINT('',(1.367272445903E+03,22.,317.95999521863));
#1112 = CARTESIAN_POINT('',(1.366798936604E+03,22.,317.98596592534));
#1113 = CARTESIAN_POINT('',(1.366325481582E+03,22.,318.01293052415));
#1114 = CARTESIAN_POINT('',(1.365852086651E+03,22.,318.04092586071));
#1115 = CARTESIAN_POINT('',(1.365378753036E+03,22.,318.06995778373));
#1116 = CARTESIAN_POINT('',(1.364905483301E+03,22.,318.10003984325));
#1117 = CARTESIAN_POINT('',(1.364432286282E+03,22.,318.13122589871));
#1118 = CARTESIAN_POINT('',(1.363463928556E+03,22.,318.19736195169));
#1119 = CARTESIAN_POINT('',(1.362968775493E+03,22.,318.23242117795));
#1120 = CARTESIAN_POINT('',(1.362473713218E+03,22.,318.26875238564));
#1121 = CARTESIAN_POINT('',(1.361978748274E+03,22.,318.30639161096));
#1122 = CARTESIAN_POINT('',(1.361483887413E+03,22.,318.3453748704));
#1123 = CARTESIAN_POINT('',(1.360989137597E+03,22.,318.38573816072));
#1124 = CARTESIAN_POINT('',(1.360494505999E+03,22.,318.42751745896));
#1125 = CARTESIAN_POINT('',(1.36E+03,22.,318.47074872245));
#1126 = PCURVE('',#130,#1127);
#1127 = DEFINITIONAL_REPRESENTATION('',(#1128),#1292);
#1128 = B_SPLINE_CURVE_WITH_KNOTS('',8,(#1129,#1130,#1131,#1132,#1133,
    #1134,#1135,#1136,#1137,#1138,#1139,#1140,#1141,#1142,#1143,#1144,
    #1145,#1146,#1147,#1148,#1149,#1150,#1151,#1152,#1153,#1154,#1155,
    #1156,#1157,#1158,#1159,#1160,#1161,#1162,#1163,#1164,#1165,#1166,
    #1167,#1168,#1169,#1170,#1171,#1172,#1173,#1174,#1175,#1176,#1177,
    #1178,#1179,#1180,#1181,#1182,#1183,#1184,#1185,#1186,#1187,#1188,
    #1189,#1190,#1191,#1192,#1193,#1194,#1195,#1196,#1197,#1198,#1199,
    #1200,#1201,#1202,#1203,#1204,#1205,#1206,#1207,#1208,#1209,#1210,
    #1211,#1212,#1213,#1214,#1215,#1216,#1217,#1218,#1219,#1220,#1221,
    #1222,#1223,#1224,#1225,#1226,#1227,#1228,#1229,#1230,#1231,#1232,
    #1233,#1234,#1235,#1236,#1237,#1238,#1239,#1240,#1241,#1242,#1243,
    #1244,#1245,#1246,#1247,#1248,#1249,#1250,#1251,#1252,#1253,#1254,
    #1255,#1256,#1257,#1258,#1259,#1260,#1261,#1262,#1263,#1264,#1265,
    #1266,#1267,#1268,#1269,#1270,#1271,#1272,#1273,#1274,#1275,#1276,
    #1277,#1278,#1279,#1280,#1281,#1282,#1283,#1284,#1285,#1286,#1287,
    #1288,#1289,#1290,#1291),.UNSPECIFIED.,.F.,.F.,(9,7,7,7,7,7,7,7,7,7,
    7,7,7,7,7,7,7,7,7,7,7,7,7,9),(0.,5.506439897704E-02,
    9.684144900482E-02,0.160735764098,0.224630082542,0.293439352947,
    0.352418732243,0.404025693956,0.448260237918,0.487579837962,
    0.521984491891,0.583421392485,0.630113453492,0.664518143931,
    0.718582683473,0.74561495602,0.775104709514,0.83162678404,
    0.873404026132,0.905351382431,0.927468805466,0.944671276707,
    0.971703783887,1.),.UNSPECIFIED.);
#1129 = CARTESIAN_POINT('',(339.84726880103,0.534375));
#1130 = CARTESIAN_POINT('',(338.88130624021,0.534375));
#1131 = CARTESIAN_POINT('',(337.9153436952,0.534375));
#1132 = CARTESIAN_POINT('',(336.94938116298,0.534375));
#1133 = CARTESIAN_POINT('',(335.98341864307,0.534375));
#1134 = CARTESIAN_POINT('',(335.0174561359,0.534375));
#1135 = CARTESIAN_POINT('',(334.05149364137,0.534375));
#1136 = CARTESIAN_POINT('',(333.08553115721,0.534375));
#1137 = CARTESIAN_POINT('',(331.38669837317,0.534375));
#1138 = CARTESIAN_POINT('',(330.65382808248,0.534375));
#1139 = CARTESIAN_POINT('',(329.9209577952,0.534375));
#1140 = CARTESIAN_POINT('',(329.18808750837,0.534375));
#1141 = CARTESIAN_POINT('',(328.45521722352,0.534375));
#1142 = CARTESIAN_POINT('',(327.72234694393,0.534375));
#1143 = CARTESIAN_POINT('',(326.9894766719,0.534375));
#1144 = CARTESIAN_POINT('',(325.13574594163,0.534375));
#1145 = CARTESIAN_POINT('',(324.01488550942,0.534375));
#1146 = CARTESIAN_POINT('',(322.89402501206,0.534375));
#1147 = CARTESIAN_POINT('',(321.7731645875,0.534375));
#1148 = CARTESIAN_POINT('',(320.65230419435,0.534375));
#1149 = CARTESIAN_POINT('',(319.53144375271,0.534375));
#1150 = CARTESIAN_POINT('',(318.41058333873,0.534375));
#1151 = CARTESIAN_POINT('',(316.16886246611,0.534375));
#1152 = CARTESIAN_POINT('',(315.04800201924,0.534375));
#1153 = CARTESIAN_POINT('',(313.92714158102,0.534375));
#1154 = CARTESIAN_POINT('',(312.80628112764,0.534375));
#1155 = CARTESIAN_POINT('',(311.68542068433,0.534375));
#1156 = CARTESIAN_POINT('',(310.56456027299,0.534375));
#1157 = CARTESIAN_POINT('',(309.44369986473,0.534375));
#1158 = CARTESIAN_POINT('',(307.11575894229,0.534375));
#1159 = CARTESIAN_POINT('',(305.90867844759,0.534375));
#1160 = CARTESIAN_POINT('',(304.70159797792,0.534375));
#1161 = CARTESIAN_POINT('',(303.49451747856,0.534375));
#1162 = CARTESIAN_POINT('',(302.28743699605,0.534375));
#1163 = CARTESIAN_POINT('',(301.0803565724,0.534375));
#1164 = CARTESIAN_POINT('',(299.87327614411,0.534375));
#1165 = CARTESIAN_POINT('',(297.63155526773,0.534375));
#1166 = CARTESIAN_POINT('',(296.59691483691,0.534375));
#1167 = CARTESIAN_POINT('',(295.56227437237,0.534375));
#1168 = CARTESIAN_POINT('',(294.52763399389,0.534375));
#1169 = CARTESIAN_POINT('',(293.49299364895,0.534375));
#1170 = CARTESIAN_POINT('',(292.45835325531,0.534375));
#1171 = CARTESIAN_POINT('',(291.4237128806,0.534375));
#1172 = CARTESIAN_POINT('',(289.48376209976,0.534375));
#1173 = CARTESIAN_POINT('',(288.57845169161,0.534375));
#1174 = CARTESIAN_POINT('',(287.67314134515,0.534375));
#1175 = CARTESIAN_POINT('',(286.76783103,0.534375));
#1176 = CARTESIAN_POINT('',(285.86252070622,0.534375));
#1177 = CARTESIAN_POINT('',(284.95721036463,0.534375));
#1178 = CARTESIAN_POINT('',(284.05190002664,0.534375));
#1179 = CARTESIAN_POINT('',(282.37060933225,0.534375));
#1180 = CARTESIAN_POINT('',(281.5946289648,0.534375));
#1181 = CARTESIAN_POINT('',(280.81864866256,0.534375));
#1182 = CARTESIAN_POINT('',(280.04266840021,0.534375));
#1183 = CARTESIAN_POINT('',(279.26668813829,0.534375));
#1184 = CARTESIAN_POINT('',(278.49070786107,0.534375));
#1185 = CARTESIAN_POINT('',(277.71472757931,0.534375));
#1186 = CARTESIAN_POINT('',(276.24898695321,0.534375));
#1187 = CARTESIAN_POINT('',(275.55922661999,0.534375));
#1188 = CARTESIAN_POINT('',(274.86946627414,0.534375));
#1189 = CARTESIAN_POINT('',(274.17970597835,0.534375));
#1190 = CARTESIAN_POINT('',(273.48994576164,0.534375));
#1191 = CARTESIAN_POINT('',(272.80018558163,0.534375));
#1192 = CARTESIAN_POINT('',(272.11042536987,0.534375));
#1193 = CARTESIAN_POINT('',(270.81712490841,0.534375));
#1194 = CARTESIAN_POINT('',(270.21358465524,0.534375));
#1195 = CARTESIAN_POINT('',(269.61004439216,0.534375));
#1196 = CARTESIAN_POINT('',(269.0065041233,0.534375));
#1197 = CARTESIAN_POINT('',(268.40296386143,0.534375));
#1198 = CARTESIAN_POINT('',(267.79942362385,0.534375));
#1199 = CARTESIAN_POINT('',(267.19588342842,0.534375));
#1200 = CARTESIAN_POINT('',(265.51459271539,0.534375));
#1201 = CARTESIAN_POINT('',(264.4368423058,0.534375));
#1202 = CARTESIAN_POINT('',(263.35909180862,0.534375));
#1203 = CARTESIAN_POINT('',(262.28134141959,0.534375));
#1204 = CARTESIAN_POINT('',(261.20359073134,0.534375));
#1205 = CARTESIAN_POINT('',(260.12584011105,0.534375));
#1206 = CARTESIAN_POINT('',(259.04809004185,0.534375));
#1207 = CARTESIAN_POINT('',(257.15124958786,0.534375));
#1208 = CARTESIAN_POINT('',(256.33215927023,0.534375));
#1209 = CARTESIAN_POINT('',(255.51306886621,0.534375));
#1210 = CARTESIAN_POINT('',(254.69397851045,0.534375));
#1211 = CARTESIAN_POINT('',(253.87488807901,0.534375));
#1212 = CARTESIAN_POINT('',(253.05579758922,0.534375));
#1213 = CARTESIAN_POINT('',(252.23670743997,0.534375));
#1214 = CARTESIAN_POINT('',(250.81407714412,0.534375));
#1215 = CARTESIAN_POINT('',(250.21053694118,0.534375));
#1216 = CARTESIAN_POINT('',(249.60699675314,0.534375));
#1217 = CARTESIAN_POINT('',(249.00345654881,0.534375));
#1218 = CARTESIAN_POINT('',(248.399916314,0.534375));
#1219 = CARTESIAN_POINT('',(247.79637605149,0.534375));
#1220 = CARTESIAN_POINT('',(247.19283578105,0.534375));
#1221 = CARTESIAN_POINT('',(245.64087470367,0.534375));
#1222 = CARTESIAN_POINT('',(244.69245394885,0.534375));
#1223 = CARTESIAN_POINT('',(243.74403323493,0.534375));
#1224 = CARTESIAN_POINT('',(242.7956140755,0.534375));
#1225 = CARTESIAN_POINT('',(241.84719326221,0.534375));
#1226 = CARTESIAN_POINT('',(240.89877329052,0.534375));
#1227 = CARTESIAN_POINT('',(239.95035285206,0.534375));
#1228 = CARTESIAN_POINT('',(238.52772242485,0.534375));
#1229 = CARTESIAN_POINT('',(238.05351223807,0.534375));
#1230 = CARTESIAN_POINT('',(237.57930202917,0.534375));
#1231 = CARTESIAN_POINT('',(237.10509184823,0.534375));
#1232 = CARTESIAN_POINT('',(236.63088169928,0.534375));
#1233 = CARTESIAN_POINT('',(236.15667152574,0.534375));
#1234 = CARTESIAN_POINT('',(235.68246128751,0.534375));
#1235 = CARTESIAN_POINT('',(234.69093092946,0.534375));
#1236 = CARTESIAN_POINT('',(234.17361072903,0.534375));
#1237 = CARTESIAN_POINT('',(233.65629052859,0.534375));
#1238 = CARTESIAN_POINT('',(233.13897032816,0.534375));
#1239 = CARTESIAN_POINT('',(232.62165012773,0.534375));
#1240 = CARTESIAN_POINT('',(232.1043299273,0.534375));
#1241 = CARTESIAN_POINT('',(231.58700972687,0.534375));
#1242 = CARTESIAN_POINT('',(230.07815831787,0.534375));
#1243 = CARTESIAN_POINT('',(229.08662761965,0.534375));
#1244 = CARTESIAN_POINT('',(228.09509867596,0.534375));
#1245 = CARTESIAN_POINT('',(227.10356702667,0.534375));
#1246 = CARTESIAN_POINT('',(226.11203773567,0.534375));
#1247 = CARTESIAN_POINT('',(225.1205057721,0.534375));
#1248 = CARTESIAN_POINT('',(224.12897571305,0.534375));
#1249 = CARTESIAN_POINT('',(222.40457600773,0.534375));
#1250 = CARTESIAN_POINT('',(221.67170596742,0.534375));
#1251 = CARTESIAN_POINT('',(220.93883592109,0.534375));
#1252 = CARTESIAN_POINT('',(220.20596564292,0.534375));
#1253 = CARTESIAN_POINT('',(219.47309509243,0.534375));
#1254 = CARTESIAN_POINT('',(218.74022441441,0.534375));
#1255 = CARTESIAN_POINT('',(218.00735393898,0.534375));
#1256 = CARTESIAN_POINT('',(216.71405342816,0.534375));
#1257 = CARTESIAN_POINT('',(216.15362319589,0.534375));
#1258 = CARTESIAN_POINT('',(215.59319330036,0.534375));
#1259 = CARTESIAN_POINT('',(215.03276344024,0.534375));
#1260 = CARTESIAN_POINT('',(214.47233340512,0.534375));
#1261 = CARTESIAN_POINT('',(213.91190316085,0.534375));
#1262 = CARTESIAN_POINT('',(213.35147281244,0.534375));
#1263 = CARTESIAN_POINT('',(212.40305179471,0.534375));
#1264 = CARTESIAN_POINT('',(212.01506118008,0.534375));
#1265 = CARTESIAN_POINT('',(211.62707057036,0.534375));
#1266 = CARTESIAN_POINT('',(211.23908008967,0.534375));
#1267 = CARTESIAN_POINT('',(210.85108990755,0.534375));
#1268 = CARTESIAN_POINT('',(210.46310013002,0.534375));
#1269 = CARTESIAN_POINT('',(210.07511069071,0.534375));
#1270 = CARTESIAN_POINT('',(209.38535112498,0.534375));
#1271 = CARTESIAN_POINT('',(209.08358100806,0.534375));
#1272 = CARTESIAN_POINT('',(208.78181089114,0.534375));
#1273 = CARTESIAN_POINT('',(208.48004077422,0.534375));
#1274 = CARTESIAN_POINT('',(208.1782706573,0.534375));
#1275 = CARTESIAN_POINT('',(207.87650054039,0.534375));
#1276 = CARTESIAN_POINT('',(207.57473042347,0.534375));
#1277 = CARTESIAN_POINT('',(206.7987492041,0.534375));
#1278 = CARTESIAN_POINT('',(206.32453798448,0.534375));
#1279 = CARTESIAN_POINT('',(205.85032728642,0.534375));
#1280 = CARTESIAN_POINT('',(205.37611582852,0.534375));
#1281 = CARTESIAN_POINT('',(204.90190526042,0.534375));
#1282 = CARTESIAN_POINT('',(204.42769669738,0.534375));
#1283 = CARTESIAN_POINT('',(203.95348774698,0.534375));
#1284 = CARTESIAN_POINT('',(202.98290172606,0.534375));
#1285 = CARTESIAN_POINT('',(202.48652460635,0.534375));
#1286 = CARTESIAN_POINT('',(201.99014717424,0.534375));
#1287 = CARTESIAN_POINT('',(201.49376933682,0.534375));
#1288 = CARTESIAN_POINT('',(200.99739121163,0.534375));
#1289 = CARTESIAN_POINT('',(200.50101312664,0.534375));
#1290 = CARTESIAN_POINT('',(200.00463562029,0.534375));
#1291 = CARTESIAN_POINT('',(199.50825944143,0.534375));
#1292 = ( GEOMETRIC_REPRESENTATION_CONTEXT(2) 
PARAMETRIC_REPRESENTATION_CONTEXT() REPRESENTATION_CONTEXT('2D SPACE',''
  ) );
#1293 = PCURVE('',#100,#1294);
#1294 = DEFINITIONAL_REPRESENTATION('',(#1295),#1459);
#1295 = B_SPLINE_CURVE_WITH_KNOTS('',8,(#1296,#1297,#1298,#1299,#1300,
    #1301,#1302,#1303,#1304,#1305,#1306,#1307,#1308,#1309,#1310,#1311,
    #1312,#1313,#1314,#1315,#1316,#1317,#1318,#1319,#1320,#1321,#1322,
    #1323,#1324,#1325,#1326,#1327,#1328,#1329,#1330,#1331,#1332,#1333,
    #1334,#1335,#1336,#1337,#1338,#1339,#1340,#1341,#1342,#1343,#1344,
    #1345,#1346,#1347,#1348,#1349,#1350,#1351,#1352,#1353,#1354,#1355,
    #1356,#1357,#1358,#1359,#1360,#1361,#1362,#1363,#1364,#1365,#1366,
    #1367,#1368,#1369,#1370,#1371,#1372,#1373,#1374,#1375,#1376,#1377,
    #1378,#1379,#1380,#1381,#1382,#1383,#1384,#1385,#1386,#1387,#1388,
    #1389,#1390,#1391,#1392,#1393,#1394,#1395,#1396,#1397,#1398,#1399,
    #1400,#1401,#1402,#1403,#1404,#1405,#1406,#1407,#1408,#1409,#1410,
    #1411,#1412,#1413,#1414,#1415,#1416,#1417,#1418,#1419,#1420,#1421,
    #1422,#1423,#1424,#1425,#1426,#1427,#1428,#1429,#1430,#1431,#1432,
    #1433,#1434,#1435,#1436,#1437,#1438,#1439,#1440,#1441,#1442,#1443,
    #1444,#1445,#1446,#1447,#1448,#1449,#1450,#1451,#1452,#1453,#1454,
    #1455,#1456,#1457,#1458),.UNSPECIFIED.,.F.,.F.,(9,7,7,7,7,7,7,7,7,7,
    7,7,7,7,7,7,7,7,7,7,7,7,7,9),(0.,5.506439897704E-02,
    9.684144900482E-02,0.160735764098,0.224630082542,0.293439352947,
    0.352418732243,0.404025693956,0.448260237918,0.487579837962,
    0.521984491891,0.583421392485,0.630113453492,0.664518143931,
    0.718582683473,0.74561495602,0.775104709514,0.83162678404,
    0.873404026132,0.905351382431,0.927468805466,0.944671276707,
    0.971703783887,1.),.UNSPECIFIED.);
#1296 = CARTESIAN_POINT('',(40.247307126294,140.));
#1297 = CARTESIAN_POINT('',(40.139038990893,139.04012397533));
#1298 = CARTESIAN_POINT('',(40.031604459982,138.08015391369));
#1299 = CARTESIAN_POINT('',(39.924991566006,137.12009201669));
#1300 = CARTESIAN_POINT('',(39.819188851185,136.15994038765));
#1301 = CARTESIAN_POINT('',(39.714185382626,135.19970103237));
#1302 = CARTESIAN_POINT('',(39.609970767433,134.23937585986));
#1303 = CARTESIAN_POINT('',(39.506535167816,133.27896668301));
#1304 = CARTESIAN_POINT('',(39.32597731159,131.5897557441));
#1305 = CARTESIAN_POINT('',(39.248528682112,130.86098886742));
#1306 = CARTESIAN_POINT('',(39.171519065283,130.13217537771));
#1307 = CARTESIAN_POINT('',(39.09494451795,129.40331600647));
#1308 = CARTESIAN_POINT('',(39.018801437755,128.67441143753));
#1309 = CARTESIAN_POINT('',(38.943086484595,127.94546231632));
#1310 = CARTESIAN_POINT('',(38.867796502081,127.2164692591));
#1311 = CARTESIAN_POINT('',(38.678424336646,125.37243596265));
#1312 = CARTESIAN_POINT('',(38.56490763269,124.25733764747));
#1313 = CARTESIAN_POINT('',(38.452362172452,123.14214066039));
#1314 = CARTESIAN_POINT('',(38.340786391145,122.02684605964));
#1315 = CARTESIAN_POINT('',(38.230168802074,120.91145599258));
#1316 = CARTESIAN_POINT('',(38.120496353748,119.79597278105));
#1317 = CARTESIAN_POINT('',(38.011766507567,118.6803975688));
#1318 = CARTESIAN_POINT('',(37.796181262237,116.44906593799));
#1319 = CARTESIAN_POINT('',(37.689325586745,115.33330956176));
#1320 = CARTESIAN_POINT('',(37.583402700135,114.21746395477));
#1321 = CARTESIAN_POINT('',(37.478401489788,113.10153114468));
#1322 = CARTESIAN_POINT('',(37.374323421828,111.98551186724));
#1323 = CARTESIAN_POINT('',(37.271171153076,110.86940672706));
#1324 = CARTESIAN_POINT('',(37.168936951799,109.75321738477));
#1325 = CARTESIAN_POINT('',(36.958512865443,107.43480463696));
#1326 = CARTESIAN_POINT('',(36.850470175836,106.23256790618));
#1327 = CARTESIAN_POINT('',(36.743492427839,105.03023559385));
#1328 = CARTESIAN_POINT('',(36.637590862714,103.82780788018));
#1329 = CARTESIAN_POINT('',(36.532759954542,102.62528630398));
#1330 = CARTESIAN_POINT('',(36.42899785154,101.42267212411));
#1331 = CARTESIAN_POINT('',(36.326324140674,100.21996488617));
#1332 = CARTESIAN_POINT('',(36.137672796699,97.986194304306));
#1333 = CARTESIAN_POINT('',(36.051405311882,96.955155452519));
#1334 = CARTESIAN_POINT('',(35.965948677843,95.924048879961));
#1335 = CARTESIAN_POINT('',(35.881299484037,94.892875496171));
#1336 = CARTESIAN_POINT('',(35.797469335886,93.861635168407));
#1337 = CARTESIAN_POINT('',(35.714472862214,92.830327559093));
#1338 = CARTESIAN_POINT('',(35.632313255854,91.79895314306));
#1339 = CARTESIAN_POINT('',(35.479854232903,89.865000623749));
#1340 = CARTESIAN_POINT('',(35.409356293871,88.962438190226));
#1341 = CARTESIAN_POINT('',(35.339511314186,88.059824758221));
#1342 = CARTESIAN_POINT('',(35.270328164611,87.157160233952));
#1343 = CARTESIAN_POINT('',(35.201816820605,86.254444470521));
#1344 = CARTESIAN_POINT('',(35.133986200033,85.351677393496));
#1345 = CARTESIAN_POINT('',(35.066844253866,84.448858997089));
#1346 = CARTESIAN_POINT('',(34.943448350992,82.772100729174));
#1347 = CARTESIAN_POINT('',(34.887009561268,81.998174479467));
#1348 = CARTESIAN_POINT('',(34.831087602065,81.224210520627));
#1349 = CARTESIAN_POINT('',(34.775689873793,80.450208753965));
#1350 = CARTESIAN_POINT('',(34.720824651395,79.67616905016));
#1351 = CARTESIAN_POINT('',(34.666499626311,78.902091314588));
#1352 = CARTESIAN_POINT('',(34.612721854953,78.127975491107));
#1353 = CARTESIAN_POINT('',(34.512190003778,76.665684532436));
#1354 = CARTESIAN_POINT('',(34.465319266987,75.977517418076));
#1355 = CARTESIAN_POINT('',(34.418892960992,75.289320086543));
#1356 = CARTESIAN_POINT('',(34.372915048917,74.601092541777));
#1357 = CARTESIAN_POINT('',(34.327390705928,73.912834758856));
#1358 = CARTESIAN_POINT('',(34.282327332175,73.224546650346));
#1359 = CARTESIAN_POINT('',(34.237733272026,72.536228106494));
#1360 = CARTESIAN_POINT('',(34.155010081874,71.24557366855));
#1361 = CARTESIAN_POINT('',(34.116769774154,70.643244908337));
#1362 = CARTESIAN_POINT('',(34.078898050748,70.040892792218));
#1363 = CARTESIAN_POINT('',(34.041399485967,69.43851729177));
#1364 = CARTESIAN_POINT('',(34.004278592091,68.836118385342));
#1365 = CARTESIAN_POINT('',(33.967539917331,68.233696056879));
#1366 = CARTESIAN_POINT('',(33.931188143789,67.631250294737));
#1367 = CARTESIAN_POINT('',(33.831013954623,65.952942900456));
#1368 = CARTESIAN_POINT('',(33.768049757079,64.877029952428));
#1369 = CARTESIAN_POINT('',(33.706370909799,63.801042137083));
#1370 = CARTESIAN_POINT('',(33.646004287511,62.724979320366));
#1371 = CARTESIAN_POINT('',(33.58699278373,61.648841660342));
#1372 = CARTESIAN_POINT('',(33.529362545332,60.572629153211));
#1373 = CARTESIAN_POINT('',(33.473143287614,59.496342108284));
#1374 = CARTESIAN_POINT('',(33.376765855408,57.601945960358));
#1375 = CARTESIAN_POINT('',(33.335990351604,56.783868216413));
#1376 = CARTESIAN_POINT('',(33.296076146987,55.965747768948));
#1377 = CARTESIAN_POINT('',(33.257038817585,55.147584748027));
#1378 = CARTESIAN_POINT('',(33.218898816123,54.329379433844));
#1379 = CARTESIAN_POINT('',(33.181675044634,53.511132117612));
#1380 = CARTESIAN_POINT('',(33.145380941736,52.692843013835));
#1381 = CARTESIAN_POINT('',(33.084000327956,51.271532068516));
#1382 = CARTESIAN_POINT('',(33.058477892223,50.668529102151));
#1383 = CARTESIAN_POINT('',(33.033482252637,50.065503889802));
#1384 = CARTESIAN_POINT('',(33.009022375336,49.462456627427));
#1385 = CARTESIAN_POINT('',(32.985107227164,48.859387527948));
#1386 = CARTESIAN_POINT('',(32.961745775676,48.25629682125));
#1387 = CARTESIAN_POINT('',(32.938946989134,47.653184754183));
#1388 = CARTESIAN_POINT('',(32.881791437021,46.102270449173));
#1389 = CARTESIAN_POINT('',(32.848274815911,45.154437243179));
#1390 = CARTESIAN_POINT('',(32.816205899838,44.206552938919));
#1391 = CARTESIAN_POINT('',(32.785604437446,43.258618257391));
#1392 = CARTESIAN_POINT('',(32.756552345264,42.31063610813));
#1393 = CARTESIAN_POINT('',(32.729059580323,41.362607103071));
#1394 = CARTESIAN_POINT('',(32.703186785124,40.414533685572));
#1395 = CARTESIAN_POINT('',(32.666864087926,38.99235967102));
#1396 = CARTESIAN_POINT('',(32.655171265159,38.518290975336));
#1397 = CARTESIAN_POINT('',(32.643898287198,38.044211797073));
#1398 = CARTESIAN_POINT('',(32.63305016456,37.570122359833));
#1399 = CARTESIAN_POINT('',(32.622632988656,37.096022988758));
#1400 = CARTESIAN_POINT('',(32.612654055301,36.621914112821));
#1401 = CARTESIAN_POINT('',(32.603120940336,36.147796215644));
#1402 = CARTESIAN_POINT('',(32.58413253086,35.156440818289));
#1403 = CARTESIAN_POINT('',(32.574763368518,34.639201627882));
#1404 = CARTESIAN_POINT('',(32.565940794281,34.121952695897));
#1405 = CARTESIAN_POINT('',(32.557673562089,33.604694554575));
#1406 = CARTESIAN_POINT('',(32.549970425879,33.087427736155));
#1407 = CARTESIAN_POINT('',(32.542840139591,32.570152772876));
#1408 = CARTESIAN_POINT('',(32.536291457164,32.052870196979));
#1409 = CARTESIAN_POINT('',(32.518913000836,30.54410787515));
#1410 = CARTESIAN_POINT('',(32.509661873023,29.552609761223));
#1411 = CARTESIAN_POINT('',(32.502632650656,28.56108970878));
#1412 = CARTESIAN_POINT('',(32.497949277848,27.569557242259));
#1413 = CARTESIAN_POINT('',(32.495629220599,26.578013550651));
#1414 = CARTESIAN_POINT('',(32.49581192433,25.586470523111));
#1415 = CARTESIAN_POINT('',(32.498530130677,24.594931181723));
#1416 = CARTESIAN_POINT('',(32.507846679688,22.870537285275));
#1417 = CARTESIAN_POINT('',(32.513248392928,22.137676716341));
#1418 = CARTESIAN_POINT('',(32.520133538814,21.404827468314));
#1419 = CARTESIAN_POINT('',(32.528543370158,20.671993639685));
#1420 = CARTESIAN_POINT('',(32.538519136765,19.939179514227));
#1421 = CARTESIAN_POINT('',(32.55010208543,19.206389560996));
#1422 = CARTESIAN_POINT('',(32.563333459942,18.47362843433));
#1423 = CARTESIAN_POINT('',(32.589664728128,17.18057903592));
#1424 = CARTESIAN_POINT('',(32.602061953167,16.620276670973));
#1425 = CARTESIAN_POINT('',(32.615469319443,16.059996568618));
#1426 = CARTESIAN_POINT('',(32.629912208755,15.499741748619));
#1427 = CARTESIAN_POINT('',(32.645416094943,14.939515340077));
#1428 = CARTESIAN_POINT('',(32.662005652301,14.379320488907));
#1429 = CARTESIAN_POINT('',(32.679705118927,13.819160393589));
#1430 = CARTESIAN_POINT('',(32.711579402476,12.871261357524));
#1431 = CARTESIAN_POINT('',(32.725162800186,12.483502533772));
#1432 = CARTESIAN_POINT('',(32.73929906097,12.095763189408));
#1433 = CARTESIAN_POINT('',(32.753995801527,11.708044378554));
#1434 = CARTESIAN_POINT('',(32.769260497262,11.320347170291));
#1435 = CARTESIAN_POINT('',(32.785101677137,10.932672800929));
#1436 = CARTESIAN_POINT('',(32.801530118525,10.54502282629));
#1437 = CARTESIAN_POINT('',(32.831805562097,9.855913743742));
#1438 = CARTESIAN_POINT('',(32.845414433067,9.554444091279));
#1439 = CARTESIAN_POINT('',(32.859392114443,9.252991165262));
#1440 = CARTESIAN_POINT('',(32.873744065694,8.951555814363));
#1441 = CARTESIAN_POINT('',(32.888475746287,8.650138887253));
#1442 = CARTESIAN_POINT('',(32.903592615693,8.348741232603));
#1443 = CARTESIAN_POINT('',(32.919100133379,8.047363699085));
#1444 = CARTESIAN_POINT('',(32.959995218633,7.272445903499));
#1445 = CARTESIAN_POINT('',(32.985965925342,6.798936603594));
#1446 = CARTESIAN_POINT('',(33.012930524157,6.325481582442));
#1447 = CARTESIAN_POINT('',(33.040925860715,5.85208665075));
#1448 = CARTESIAN_POINT('',(33.06995778373,5.378753035592));
#1449 = CARTESIAN_POINT('',(33.100039843253,4.905483301079));
#1450 = CARTESIAN_POINT('',(33.13122589871,4.432286281569));
#1451 = CARTESIAN_POINT('',(33.197361951691,3.463928555748));
#1452 = CARTESIAN_POINT('',(33.23242117795,2.968775493431));
#1453 = CARTESIAN_POINT('',(33.26875238564,2.473713218435));
#1454 = CARTESIAN_POINT('',(33.306391610964,1.978748273982));
#1455 = CARTESIAN_POINT('',(33.345374870405,1.483887412836));
#1456 = CARTESIAN_POINT('',(33.385738160725,0.989137597303));
#1457 = CARTESIAN_POINT('',(33.427517458967,0.494505999229));
#1458 = CARTESIAN_POINT('',(33.470748722454,0.));
#1459 = ( GEOMETRIC_REPRESENTATION_CONTEXT(2) 
PARAMETRIC_REPRESENTATION_CONTEXT() REPRESENTATION_CONTEXT('2D SPACE',''
  ) );
#1460 = ADVANCED_FACE('',(#1461),#100,.T.);
#1461 = FACE_BOUND('',#1462,.T.);
#1462 = EDGE_LOOP('',(#1463,#1484,#1485,#1486));
#1463 = ORIENTED_EDGE('',*,*,#1464,.F.);
#1464 = EDGE_CURVE('',#883,#932,#1465,.T.);
#1465 = SURFACE_CURVE('',#1466,(#1470,#1477),.PCURVE_S1.);
#1466 = LINE('',#1467,#1468);
#1467 = CARTESIAN_POINT('',(1.5E+03,22.,285.));
#1468 = VECTOR('',#1469,1.);
#1469 = DIRECTION('',(0.,0.,1.));
#1470 = PCURVE('',#100,#1471);
#1471 = DEFINITIONAL_REPRESENTATION('',(#1472),#1476);
#1472 = LINE('',#1473,#1474);
#1473 = CARTESIAN_POINT('',(0.,140.));
#1474 = VECTOR('',#1475,1.);
#1475 = DIRECTION('',(1.,0.));
#1476 = ( GEOMETRIC_REPRESENTATION_CONTEXT(2) 
PARAMETRIC_REPRESENTATION_CONTEXT() REPRESENTATION_CONTEXT('2D SPACE',''
  ) );
#1477 = PCURVE('',#342,#1478);
#1478 = DEFINITIONAL_REPRESENTATION('',(#1479),#1483);
#1479 = LINE('',#1480,#1481);
#1480 = CARTESIAN_POINT('',(0.,-44.));
#1481 = VECTOR('',#1482,1.);
#1482 = DIRECTION('',(1.,0.));
#1483 = ( GEOMETRIC_REPRESENTATION_CONTEXT(2) 
PARAMETRIC_REPRESENTATION_CONTEXT() REPRESENTATION_CONTEXT('2D SPACE',''
  ) );
#1484 = ORIENTED_EDGE('',*,*,#905,.F.);
#1485 = ORIENTED_EDGE('',*,*,#84,.T.);
#1486 = ORIENTED_EDGE('',*,*,#960,.F.);
#1487 = ADVANCED_FACE('',(#1488),#309,.F.);
#1488 = FACE_BOUND('',#1489,.F.);
#1489 = EDGE_LOOP('',(#1490,#1514,#1535,#1536));
#1490 = ORIENTED_EDGE('',*,*,#1491,.F.);
#1491 = EDGE_CURVE('',#1492,#1492,#1494,.T.);
#1492 = VERTEX_POINT('',#1493);
#1493 = CARTESIAN_POINT('',(1.5E+03,-2.449293598295E-15,290.));
#1494 = SURFACE_CURVE('',#1495,(#1500,#1507),.PCURVE_S1.);
#1495 = CIRCLE('',#1496,10.);
#1496 = AXIS2_PLACEMENT_3D('',#1497,#1498,#1499);
#1497 = CARTESIAN_POINT('',(1.5E+03,0.,300.));
#1498 = DIRECTION('',(1.,0.,2.22044604925E-16));
#1499 = DIRECTION('',(2.22044604925E-16,0.,-1.));
#1500 = PCURVE('',#309,#1501);
#1501 = DEFINITIONAL_REPRESENTATION('',(#1502),#1506);
#1502 = LINE('',#1503,#1504);
#1503 = CARTESIAN_POINT('',(0.,200.));
#1504 = VECTOR('',#1505,1.);
#1505 = DIRECTION('',(1.,0.));
#1506 = ( GEOMETRIC_REPRESENTATION_CONTEXT(2) 
PARAMETRIC_REPRESENTATION_CONTEXT() REPRESENTATION_CONTEXT('2D SPACE',''
  ) );
#1507 = PCURVE('',#342,#1508);
#1508 = DEFINITIONAL_REPRESENTATION('',(#1509),#1513);
#1509 = CIRCLE('',#1510,10.);
#1510 = AXIS2_PLACEMENT_2D('',#1511,#1512);
#1511 = CARTESIAN_POINT('',(15.,-22.));
#1512 = DIRECTION('',(-1.,0.));
#1513 = ( GEOMETRIC_REPRESENTATION_CONTEXT(2) 
PARAMETRIC_REPRESENTATION_CONTEXT() REPRESENTATION_CONTEXT('2D SPACE',''
  ) );
#1514 = ORIENTED_EDGE('',*,*,#1515,.F.);
#1515 = EDGE_CURVE('',#293,#1492,#1516,.T.);
#1516 = SEAM_CURVE('',#1517,(#1521,#1528),.PCURVE_S1.);
#1517 = LINE('',#1518,#1519);
#1518 = CARTESIAN_POINT('',(1.3E+03,-2.449293598295E-15,290.));
#1519 = VECTOR('',#1520,1.);
#1520 = DIRECTION('',(1.,0.,2.22044604925E-16));
#1521 = PCURVE('',#309,#1522);
#1522 = DEFINITIONAL_REPRESENTATION('',(#1523),#1527);
#1523 = LINE('',#1524,#1525);
#1524 = CARTESIAN_POINT('',(6.28318530718,-0.));
#1525 = VECTOR('',#1526,1.);
#1526 = DIRECTION('',(0.,1.));
#1527 = ( GEOMETRIC_REPRESENTATION_CONTEXT(2) 
PARAMETRIC_REPRESENTATION_CONTEXT() REPRESENTATION_CONTEXT('2D SPACE',''
  ) );
#1528 = PCURVE('',#309,#1529);
#1529 = DEFINITIONAL_REPRESENTATION('',(#1530),#1534);
#1530 = LINE('',#1531,#1532);
#1531 = CARTESIAN_POINT('',(0.,-0.));
#1532 = VECTOR('',#1533,1.);
#1533 = DIRECTION('',(0.,1.));
#1534 = ( GEOMETRIC_REPRESENTATION_CONTEXT(2) 
PARAMETRIC_REPRESENTATION_CONTEXT() REPRESENTATION_CONTEXT('2D SPACE',''
  ) );
#1535 = ORIENTED_EDGE('',*,*,#292,.T.);
#1536 = ORIENTED_EDGE('',*,*,#1515,.T.);
#1537 = ADVANCED_FACE('',(#1538,#1544),#342,.T.);
#1538 = FACE_BOUND('',#1539,.T.);
#1539 = EDGE_LOOP('',(#1540,#1541,#1542,#1543));
#1540 = ORIENTED_EDGE('',*,*,#324,.F.);
#1541 = ORIENTED_EDGE('',*,*,#882,.T.);
#1542 = ORIENTED_EDGE('',*,*,#1464,.T.);
#1543 = ORIENTED_EDGE('',*,*,#931,.T.);
#1544 = FACE_BOUND('',#1545,.T.);
#1545 = EDGE_LOOP('',(#1546));
#1546 = ORIENTED_EDGE('',*,*,#1491,.F.);
#1547 = MANIFOLD_SOLID_BREP('',#1548);
#1548 = CLOSED_SHELL('',(#1549,#1805,#2015,#2091,#4023));
#1549 = ADVANCED_FACE('',(#1550),#1564,.F.);
#1550 = FACE_BOUND('',#1551,.F.);
#1551 = EDGE_LOOP('',(#1552,#1587,#1779));
#1552 = ORIENTED_EDGE('',*,*,#1553,.F.);
#1553 = EDGE_CURVE('',#1554,#1556,#1558,.T.);
#1554 = VERTEX_POINT('',#1555);
#1555 = CARTESIAN_POINT('',(1.5E+03,-22.,326.7526928737));
#1556 = VERTEX_POINT('',#1557);
#1557 = CARTESIAN_POINT('',(1.5E+03,-22.,328.));
#1558 = SURFACE_CURVE('',#1559,(#1563,#1575),.PCURVE_S1.);
#1559 = LINE('',#1560,#1561);
#1560 = CARTESIAN_POINT('',(1.5E+03,-22.,285.));
#1561 = VECTOR('',#1562,1.);
#1562 = DIRECTION('',(0.,0.,1.));
#1563 = PCURVE('',#1564,#1569);
#1564 = PLANE('',#1565);
#1565 = AXIS2_PLACEMENT_3D('',#1566,#1567,#1568);
#1566 = CARTESIAN_POINT('',(1.36E+03,-22.,285.));
#1567 = DIRECTION('',(-0.,1.,0.));
#1568 = DIRECTION('',(0.,0.,1.));
#1569 = DEFINITIONAL_REPRESENTATION('',(#1570),#1574);
#1570 = LINE('',#1571,#1572);
#1571 = CARTESIAN_POINT('',(0.,140.));
#1572 = VECTOR('',#1573,1.);
#1573 = DIRECTION('',(1.,0.));
#1574 = ( GEOMETRIC_REPRESENTATION_CONTEXT(2) 
PARAMETRIC_REPRESENTATION_CONTEXT() REPRESENTATION_CONTEXT('2D SPACE',''
  ) );
#1575 = PCURVE('',#1576,#1581);
#1576 = PLANE('',#1577);
#1577 = AXIS2_PLACEMENT_3D('',#1578,#1579,#1580);
#1578 = CARTESIAN_POINT('',(1.5E+03,-22.,285.));
#1579 = DIRECTION('',(1.,0.,-0.));
#1580 = DIRECTION('',(0.,0.,1.));
#1581 = DEFINITIONAL_REPRESENTATION('',(#1582),#1586);
#1582 = LINE('',#1583,#1584);
#1583 = CARTESIAN_POINT('',(0.,0.));
#1584 = VECTOR('',#1585,1.);
#1585 = DIRECTION('',(1.,0.));
#1586 = ( GEOMETRIC_REPRESENTATION_CONTEXT(2) 
PARAMETRIC_REPRESENTATION_CONTEXT() REPRESENTATION_CONTEXT('2D SPACE',''
  ) );
#1587 = ORIENTED_EDGE('',*,*,#1588,.F.);
#1588 = EDGE_CURVE('',#1589,#1554,#1591,.T.);
#1589 = VERTEX_POINT('',#1590);
#1590 = CARTESIAN_POINT('',(1.488490038326E+03,-22.,328.));
#1591 = SURFACE_CURVE('',#1592,(#1602,#1615),.PCURVE_S1.);
#1592 = B_SPLINE_CURVE_WITH_KNOTS('',8,(#1593,#1594,#1595,#1596,#1597,
    #1598,#1599,#1600,#1601),.UNSPECIFIED.,.F.,.F.,(9,9),(0.,1.),
  .PIECEWISE_BEZIER_KNOTS.);
#1593 = CARTESIAN_POINT('',(1.488490038326E+03,-22.,328.));
#1594 = CARTESIAN_POINT('',(1.489929431465E+03,-22.,327.85014268906));
#1595 = CARTESIAN_POINT('',(1.491368650648E+03,-22.,327.6986146838));
#1596 = CARTESIAN_POINT('',(1.492807691169E+03,-22.,327.54539272783));
#1597 = CARTESIAN_POINT('',(1.49424654643E+03,-22.,327.39043710809));
#1598 = CARTESIAN_POINT('',(1.495685212413E+03,-22.,327.23373275566));
#1599 = CARTESIAN_POINT('',(1.497123680898E+03,-22.,327.07522874132));
#1600 = CARTESIAN_POINT('',(1.498561945995E+03,-22.,326.91489655596));
#1601 = CARTESIAN_POINT('',(1.5E+03,-22.,326.7526928737));
#1602 = PCURVE('',#1564,#1603);
#1603 = DEFINITIONAL_REPRESENTATION('',(#1604),#1614);
#1604 = B_SPLINE_CURVE_WITH_KNOTS('',8,(#1605,#1606,#1607,#1608,#1609,
    #1610,#1611,#1612,#1613),.UNSPECIFIED.,.F.,.F.,(9,9),(0.,1.),
  .PIECEWISE_BEZIER_KNOTS.);
#1605 = CARTESIAN_POINT('',(43.,128.49003832638));
#1606 = CARTESIAN_POINT('',(42.850142689062,129.92943146451));
#1607 = CARTESIAN_POINT('',(42.6986146838,131.3686506478));
#1608 = CARTESIAN_POINT('',(42.545392727837,132.80769116918));
#1609 = CARTESIAN_POINT('',(42.390437108092,134.24654643023));
#1610 = CARTESIAN_POINT('',(42.233732755667,135.68521241299));
#1611 = CARTESIAN_POINT('',(42.07522874132,137.1236808983));
#1612 = CARTESIAN_POINT('',(41.914896555967,138.5619459951));
#1613 = CARTESIAN_POINT('',(41.752692873706,140.));
#1614 = ( GEOMETRIC_REPRESENTATION_CONTEXT(2) 
PARAMETRIC_REPRESENTATION_CONTEXT() REPRESENTATION_CONTEXT('2D SPACE',''
  ) );
#1615 = PCURVE('',#1616,#1767);
#1616 = B_SPLINE_SURFACE_WITH_KNOTS('',3,1,(
    (#1617,#1618)
    ,(#1619,#1620)
    ,(#1621,#1622)
    ,(#1623,#1624)
    ,(#1625,#1626)
    ,(#1627,#1628)
    ,(#1629,#1630)
    ,(#1631,#1632)
    ,(#1633,#1634)
    ,(#1635,#1636)
    ,(#1637,#1638)
    ,(#1639,#1640)
    ,(#1641,#1642)
    ,(#1643,#1644)
    ,(#1645,#1646)
    ,(#1647,#1648)
    ,(#1649,#1650)
    ,(#1651,#1652)
    ,(#1653,#1654)
    ,(#1655,#1656)
    ,(#1657,#1658)
    ,(#1659,#1660)
    ,(#1661,#1662)
    ,(#1663,#1664)
    ,(#1665,#1666)
    ,(#1667,#1668)
    ,(#1669,#1670)
    ,(#1671,#1672)
    ,(#1673,#1674)
    ,(#1675,#1676)
    ,(#1677,#1678)
    ,(#1679,#1680)
    ,(#1681,#1682)
    ,(#1683,#1684)
    ,(#1685,#1686)
    ,(#1687,#1688)
    ,(#1689,#1690)
    ,(#1691,#1692)
    ,(#1693,#1694)
    ,(#1695,#1696)
    ,(#1697,#1698)
    ,(#1699,#1700)
    ,(#1701,#1702)
    ,(#1703,#1704)
    ,(#1705,#1706)
    ,(#1707,#1708)
    ,(#1709,#1710)
    ,(#1711,#1712)
    ,(#1713,#1714)
    ,(#1715,#1716)
    ,(#1717,#1718)
    ,(#1719,#1720)
    ,(#1721,#1722)
    ,(#1723,#1724)
    ,(#1725,#1726)
    ,(#1727,#1728)
    ,(#1729,#1730)
    ,(#1731,#1732)
    ,(#1733,#1734)
    ,(#1735,#1736)
    ,(#1737,#1738)
    ,(#1739,#1740)
    ,(#1741,#1742)
    ,(#1743,#1744)
    ,(#1745,#1746)
    ,(#1747,#1748)
    ,(#1749,#1750)
    ,(#1751,#1752)
    ,(#1753,#1754)
    ,(#1755,#1756)
    ,(#1757,#1758)
    ,(#1759,#1760)
    ,(#1761,#1762)
    ,(#1763,#1764)
    ,(#1765,#1766
    )),.UNSPECIFIED.,.F.,.F.,.F.,(4,1,1,1,1,1,1,1,1,1,1,1,1,1,1,1,1,1,1,
    1,1,1,1,1,1,1,1,1,1,1,1,1,1,1,1,1,1,1,1,1,1,1,1,1,1,1,1,1,1,1,1,1,1,
    1,1,1,1,1,1,1,1,1,1,1,1,1,1,1,1,1,1,1,4),(2,2),(0.,0.325649012239,
    1.300056467361,2.915628577805,5.159791107265,8.015108786077,
    11.459445769691,15.466161823501,20.004339025744,25.039034567447,
    30.531556447672,36.439760227956,42.718366268848,49.319297844643,
    56.192041117745,63.284028099775,70.541043396594,77.907654691178,
    85.327665539508,92.744587182818,100.10212388634,107.34466414756,
    114.41776850165,121.26864423519,127.84659877246,134.10346742426,
    139.99401813761,145.47634661345,150.51229145019,155.06792565481,
    159.11423098528,162.62817063658,165.59464524501,168.01056103307,
    169.8944974134,171.31236943151,172.44006681077,173.56776419002,
    174.98563620813,176.86957258847,179.28548837652,182.25196298496,
    185.76590263625,189.81220796672,194.36784217134,199.40378700808,
    204.88611548392,210.77666619727,217.03353484908,223.61148938634,
    230.46236511989,237.53546947397,244.7780097352,252.13554643872,
    259.55246808203,266.97247893036,274.33909022494,281.59610552176,
    288.68809250379,295.5608357769,302.16176735269,308.44037339358,
    314.34857717387,319.84109905409,324.87579459579,329.41397179804,
    333.42068785185,336.86502483546,339.72034251427,341.96450504373,
    343.58007715418,344.5544846093,344.88013362154),(0.,1.),
  .UNSPECIFIED.);
#1617 = CARTESIAN_POINT('',(1.505E+03,-320.,326.1785));
#1618 = CARTESIAN_POINT('',(1.505E+03,320.,326.1785));
#1619 = CARTESIAN_POINT('',(1.504892184823E+03,-320.,326.19110628817));
#1620 = CARTESIAN_POINT('',(1.504892184823E+03,320.,326.19110628817));
#1621 = CARTESIAN_POINT('',(1.504461758072E+03,-320.,326.24137464402));
#1622 = CARTESIAN_POINT('',(1.504461758072E+03,320.,326.24137464402));
#1623 = CARTESIAN_POINT('',(1.50349638179E+03,-320.,326.35358949818));
#1624 = CARTESIAN_POINT('',(1.50349638179E+03,320.,326.35358949818));
#1625 = CARTESIAN_POINT('',(1.501895580669E+03,-320.,326.5379398007));
#1626 = CARTESIAN_POINT('',(1.501895580669E+03,320.,326.5379398007));
#1627 = CARTESIAN_POINT('',(1.499671529689E+03,-320.,326.79055962983));
#1628 = CARTESIAN_POINT('',(1.499671529689E+03,320.,326.79055962983));
#1629 = CARTESIAN_POINT('',(1.49684114598E+03,-320.,327.10630987689));
#1630 = CARTESIAN_POINT('',(1.49684114598E+03,320.,327.10630987689));
#1631 = CARTESIAN_POINT('',(1.493425961618E+03,-320.,327.47901101594));
#1632 = CARTESIAN_POINT('',(1.493425961618E+03,320.,327.47901101594));
#1633 = CARTESIAN_POINT('',(1.489451961133E+03,-320.,327.90169089023));
#1634 = CARTESIAN_POINT('',(1.489451961133E+03,320.,327.90169089023));
#1635 = CARTESIAN_POINT('',(1.484949384714E+03,-320.,328.36681877576));
#1636 = CARTESIAN_POINT('',(1.484949384714E+03,320.,328.36681877576));
#1637 = CARTESIAN_POINT('',(1.479952498459E+03,-320.,328.86650006624));
#1638 = CARTESIAN_POINT('',(1.479952498459E+03,320.,328.86650006624));
#1639 = CARTESIAN_POINT('',(1.474499333384E+03,-320.,329.39261255209));
#1640 = CARTESIAN_POINT('',(1.474499333384E+03,320.,329.39261255209));
#1641 = CARTESIAN_POINT('',(1.468631395215E+03,-320.,329.93687468706));
#1642 = CARTESIAN_POINT('',(1.468631395215E+03,320.,329.93687468706));
#1643 = CARTESIAN_POINT('',(1.462393347297E+03,-320.,330.49084718226));
#1644 = CARTESIAN_POINT('',(1.462393347297E+03,320.,330.49084718226));
#1645 = CARTESIAN_POINT('',(1.455832669157E+03,-320.,331.04588028764));
#1646 = CARTESIAN_POINT('',(1.455832669157E+03,320.,331.04588028764));
#1647 = CARTESIAN_POINT('',(1.44899929348E+03,-320.,331.59302870016));
#1648 = CARTESIAN_POINT('',(1.44899929348E+03,320.,331.59302870016));
#1649 = CARTESIAN_POINT('',(1.441945224431E+03,-320.,332.12296282008));
#1650 = CARTESIAN_POINT('',(1.441945224431E+03,320.,332.12296282008));
#1651 = CARTESIAN_POINT('',(1.434724140387E+03,-320.,332.62590803391));
#1652 = CARTESIAN_POINT('',(1.434724140387E+03,320.,332.62590803391));
#1653 = CARTESIAN_POINT('',(1.427390984324E+03,-320.,333.09164227823));
#1654 = CARTESIAN_POINT('',(1.427390984324E+03,320.,333.09164227823));
#1655 = CARTESIAN_POINT('',(1.42000154517E+03,-320.,333.50957633021));
#1656 = CARTESIAN_POINT('',(1.42000154517E+03,320.,333.50957633021));
#1657 = CARTESIAN_POINT('',(1.412612033448E+03,-320.,333.86893164221));
#1658 = CARTESIAN_POINT('',(1.412612033448E+03,320.,333.86893164221));
#1659 = CARTESIAN_POINT('',(1.40527865445E+03,-320.,334.15901815936));
#1660 = CARTESIAN_POINT('',(1.40527865445E+03,320.,334.15901815936));
#1661 = CARTESIAN_POINT('',(1.398057181958E+03,-320.,334.36960089351));
#1662 = CARTESIAN_POINT('',(1.398057181958E+03,320.,334.36960089351));
#1663 = CARTESIAN_POINT('',(1.391002535244E+03,-320.,334.49133073577));
#1664 = CARTESIAN_POINT('',(1.391002535244E+03,320.,334.49133073577));
#1665 = CARTESIAN_POINT('',(1.38416836158E+03,-320.,334.51620381467));
#1666 = CARTESIAN_POINT('',(1.38416836158E+03,320.,334.51620381467));
#1667 = CARTESIAN_POINT('',(1.377606626325E+03,-320.,334.43800601144));
#1668 = CARTESIAN_POINT('',(1.377606626325E+03,320.,334.43800601144));
#1669 = CARTESIAN_POINT('',(1.371367211059E+03,-320.,334.2526967746));
#1670 = CARTESIAN_POINT('',(1.371367211059E+03,320.,334.2526967746));
#1671 = CARTESIAN_POINT('',(1.365497522645E+03,-320.,333.95868785431));
#1672 = CARTESIAN_POINT('',(1.365497522645E+03,320.,333.95868785431));
#1673 = CARTESIAN_POINT('',(1.360042102729E+03,-320.,333.55698501262));
#1674 = CARTESIAN_POINT('',(1.360042102729E+03,320.,333.55698501262));
#1675 = CARTESIAN_POINT('',(1.355042261536E+03,-320.,333.05116031903));
#1676 = CARTESIAN_POINT('',(1.355042261536E+03,320.,333.05116031903));
#1677 = CARTESIAN_POINT('',(1.350535621219E+03,-320.,332.44718600698));
#1678 = CARTESIAN_POINT('',(1.350535621219E+03,320.,332.44718600698));
#1679 = CARTESIAN_POINT('',(1.346555845167E+03,-320.,331.75302771256));
#1680 = CARTESIAN_POINT('',(1.346555845167E+03,320.,331.75302771256));
#1681 = CARTESIAN_POINT('',(1.343131439093E+03,-320.,330.97837338244));
#1682 = CARTESIAN_POINT('',(1.343131439093E+03,320.,330.97837338244));
#1683 = CARTESIAN_POINT('',(1.34028639935E+03,-320.,330.13332864982));
#1684 = CARTESIAN_POINT('',(1.34028639935E+03,320.,330.13332864982));
#1685 = CARTESIAN_POINT('',(1.338032837314E+03,-320.,329.22878908113));
#1686 = CARTESIAN_POINT('',(1.338032837314E+03,320.,329.22878908113));
#1687 = CARTESIAN_POINT('',(1.336379411849E+03,-320.,328.26612223237));
#1688 = CARTESIAN_POINT('',(1.336379411849E+03,320.,328.26612223237));
#1689 = CARTESIAN_POINT('',(1.335290960333E+03,-320.,327.22688617646));
#1690 = CARTESIAN_POINT('',(1.335290960333E+03,320.,327.22688617646));
#1691 = CARTESIAN_POINT('',(1.334871103414E+03,-320.,326.));
#1692 = CARTESIAN_POINT('',(1.334871103414E+03,320.,326.));
#1693 = CARTESIAN_POINT('',(1.335290960333E+03,-320.,324.77311382353));
#1694 = CARTESIAN_POINT('',(1.335290960333E+03,320.,324.77311382353));
#1695 = CARTESIAN_POINT('',(1.336379411849E+03,-320.,323.73387776762));
#1696 = CARTESIAN_POINT('',(1.336379411849E+03,320.,323.73387776762));
#1697 = CARTESIAN_POINT('',(1.338032837314E+03,-320.,322.77121091886));
#1698 = CARTESIAN_POINT('',(1.338032837314E+03,320.,322.77121091886));
#1699 = CARTESIAN_POINT('',(1.34028639935E+03,-320.,321.86667135017));
#1700 = CARTESIAN_POINT('',(1.34028639935E+03,320.,321.86667135017));
#1701 = CARTESIAN_POINT('',(1.343131439093E+03,-320.,321.02162661755));
#1702 = CARTESIAN_POINT('',(1.343131439093E+03,320.,321.02162661755));
#1703 = CARTESIAN_POINT('',(1.346555845167E+03,-320.,320.24697228743));
#1704 = CARTESIAN_POINT('',(1.346555845167E+03,320.,320.24697228743));
#1705 = CARTESIAN_POINT('',(1.350535621219E+03,-320.,319.55281399301));
#1706 = CARTESIAN_POINT('',(1.350535621219E+03,320.,319.55281399301));
#1707 = CARTESIAN_POINT('',(1.355042261536E+03,-320.,318.94883968096));
#1708 = CARTESIAN_POINT('',(1.355042261536E+03,320.,318.94883968096));
#1709 = CARTESIAN_POINT('',(1.360042102729E+03,-320.,318.44301498737));
#1710 = CARTESIAN_POINT('',(1.360042102729E+03,320.,318.44301498737));
#1711 = CARTESIAN_POINT('',(1.365497522645E+03,-320.,318.04131214568));
#1712 = CARTESIAN_POINT('',(1.365497522645E+03,320.,318.04131214568));
#1713 = CARTESIAN_POINT('',(1.371367211059E+03,-320.,317.74730322539));
#1714 = CARTESIAN_POINT('',(1.371367211059E+03,320.,317.74730322539));
#1715 = CARTESIAN_POINT('',(1.377606626325E+03,-320.,317.56199398855));
#1716 = CARTESIAN_POINT('',(1.377606626325E+03,320.,317.56199398855));
#1717 = CARTESIAN_POINT('',(1.38416836158E+03,-320.,317.48379618532));
#1718 = CARTESIAN_POINT('',(1.38416836158E+03,320.,317.48379618532));
#1719 = CARTESIAN_POINT('',(1.391002535244E+03,-320.,317.50866926422));
#1720 = CARTESIAN_POINT('',(1.391002535244E+03,320.,317.50866926422));
#1721 = CARTESIAN_POINT('',(1.398057181958E+03,-320.,317.63039910648));
#1722 = CARTESIAN_POINT('',(1.398057181958E+03,320.,317.63039910648));
#1723 = CARTESIAN_POINT('',(1.40527865445E+03,-320.,317.84098184063));
#1724 = CARTESIAN_POINT('',(1.40527865445E+03,320.,317.84098184063));
#1725 = CARTESIAN_POINT('',(1.412612033448E+03,-320.,318.13106835778));
#1726 = CARTESIAN_POINT('',(1.412612033448E+03,320.,318.13106835778));
#1727 = CARTESIAN_POINT('',(1.42000154517E+03,-320.,318.49042366978));
#1728 = CARTESIAN_POINT('',(1.42000154517E+03,320.,318.49042366978));
#1729 = CARTESIAN_POINT('',(1.427390984324E+03,-320.,318.90835772176));
#1730 = CARTESIAN_POINT('',(1.427390984324E+03,320.,318.90835772176));
#1731 = CARTESIAN_POINT('',(1.434724140387E+03,-320.,319.37409196608));
#1732 = CARTESIAN_POINT('',(1.434724140387E+03,320.,319.37409196608));
#1733 = CARTESIAN_POINT('',(1.441945224431E+03,-320.,319.87703717991));
#1734 = CARTESIAN_POINT('',(1.441945224431E+03,320.,319.87703717991));
#1735 = CARTESIAN_POINT('',(1.44899929348E+03,-320.,320.40697129983));
#1736 = CARTESIAN_POINT('',(1.44899929348E+03,320.,320.40697129983));
#1737 = CARTESIAN_POINT('',(1.455832669157E+03,-320.,320.95411971235));
#1738 = CARTESIAN_POINT('',(1.455832669157E+03,320.,320.95411971235));
#1739 = CARTESIAN_POINT('',(1.462393347297E+03,-320.,321.50915281773));
#1740 = CARTESIAN_POINT('',(1.462393347297E+03,320.,321.50915281773));
#1741 = CARTESIAN_POINT('',(1.468631395215E+03,-320.,322.06312531293));
#1742 = CARTESIAN_POINT('',(1.468631395215E+03,320.,322.06312531293));
#1743 = CARTESIAN_POINT('',(1.474499333384E+03,-320.,322.6073874479));
#1744 = CARTESIAN_POINT('',(1.474499333384E+03,320.,322.6073874479));
#1745 = CARTESIAN_POINT('',(1.479952498459E+03,-320.,323.13349993375));
#1746 = CARTESIAN_POINT('',(1.479952498459E+03,320.,323.13349993375));
#1747 = CARTESIAN_POINT('',(1.484949384714E+03,-320.,323.63318122423));
#1748 = CARTESIAN_POINT('',(1.484949384714E+03,320.,323.63318122423));
#1749 = CARTESIAN_POINT('',(1.489451961133E+03,-320.,324.09830910976));
#1750 = CARTESIAN_POINT('',(1.489451961133E+03,320.,324.09830910976));
#1751 = CARTESIAN_POINT('',(1.493425961618E+03,-320.,324.52098898405));
#1752 = CARTESIAN_POINT('',(1.493425961618E+03,320.,324.52098898405));
#1753 = CARTESIAN_POINT('',(1.49684114598E+03,-320.,324.8936901231));
#1754 = CARTESIAN_POINT('',(1.49684114598E+03,320.,324.8936901231));
#1755 = CARTESIAN_POINT('',(1.499671529689E+03,-320.,325.20944037016));
#1756 = CARTESIAN_POINT('',(1.499671529689E+03,320.,325.20944037016));
#1757 = CARTESIAN_POINT('',(1.501895580669E+03,-320.,325.46206019929));
#1758 = CARTESIAN_POINT('',(1.501895580669E+03,320.,325.46206019929));
#1759 = CARTESIAN_POINT('',(1.50349638179E+03,-320.,325.64641050181));
#1760 = CARTESIAN_POINT('',(1.50349638179E+03,320.,325.64641050181));
#1761 = CARTESIAN_POINT('',(1.504461758072E+03,-320.,325.75862535597));
#1762 = CARTESIAN_POINT('',(1.504461758072E+03,320.,325.75862535597));
#1763 = CARTESIAN_POINT('',(1.504892184823E+03,-320.,325.80889371182));
#1764 = CARTESIAN_POINT('',(1.504892184823E+03,320.,325.80889371182));
#1765 = CARTESIAN_POINT('',(1.505E+03,-320.,325.8215));
#1766 = CARTESIAN_POINT('',(1.505E+03,320.,325.8215));
#1767 = DEFINITIONAL_REPRESENTATION('',(#1768),#1778);
#1768 = B_SPLINE_CURVE_WITH_KNOTS('',8,(#1769,#1770,#1771,#1772,#1773,
    #1774,#1775,#1776,#1777),.UNSPECIFIED.,.F.,.F.,(9,9),(0.,1.),
  .PIECEWISE_BEZIER_KNOTS.);
#1769 = CARTESIAN_POINT('',(16.610245170677,0.465625));
#1770 = CARTESIAN_POINT('',(15.163072692051,0.465625));
#1771 = CARTESIAN_POINT('',(13.715900206292,0.465625));
#1772 = CARTESIAN_POINT('',(12.268727785446,0.465625));
#1773 = CARTESIAN_POINT('',(10.821555109739,0.465625));
#1774 = CARTESIAN_POINT('',(9.374382684783,0.465625));
#1775 = CARTESIAN_POINT('',(7.92721004372,0.465625));
#1776 = CARTESIAN_POINT('',(6.480037469331,0.465625));
#1777 = CARTESIAN_POINT('',(5.032864820511,0.465625));
#1778 = ( GEOMETRIC_REPRESENTATION_CONTEXT(2) 
PARAMETRIC_REPRESENTATION_CONTEXT() REPRESENTATION_CONTEXT('2D SPACE',''
  ) );
#1779 = ORIENTED_EDGE('',*,*,#1780,.T.);
#1780 = EDGE_CURVE('',#1589,#1556,#1781,.T.);
#1781 = SURFACE_CURVE('',#1782,(#1786,#1793),.PCURVE_S1.);
#1782 = LINE('',#1783,#1784);
#1783 = CARTESIAN_POINT('',(1.36E+03,-22.,328.));
#1784 = VECTOR('',#1785,1.);
#1785 = DIRECTION('',(1.,0.,-0.));
#1786 = PCURVE('',#1564,#1787);
#1787 = DEFINITIONAL_REPRESENTATION('',(#1788),#1792);
#1788 = LINE('',#1789,#1790);
#1789 = CARTESIAN_POINT('',(43.,0.));
#1790 = VECTOR('',#1791,1.);
#1791 = DIRECTION('',(0.,1.));
#1792 = ( GEOMETRIC_REPRESENTATION_CONTEXT(2) 
PARAMETRIC_REPRESENTATION_CONTEXT() REPRESENTATION_CONTEXT('2D SPACE',''
  ) );
#1793 = PCURVE('',#1794,#1799);
#1794 = PLANE('',#1795);
#1795 = AXIS2_PLACEMENT_3D('',#1796,#1797,#1798);
#1796 = CARTESIAN_POINT('',(1.36E+03,-22.,328.));
#1797 = DIRECTION('',(0.,0.,1.));
#1798 = DIRECTION('',(1.,0.,-0.));
#1799 = DEFINITIONAL_REPRESENTATION('',(#1800),#1804);
#1800 = LINE('',#1801,#1802);
#1801 = CARTESIAN_POINT('',(0.,0.));
#1802 = VECTOR('',#1803,1.);
#1803 = DIRECTION('',(1.,0.));
#1804 = ( GEOMETRIC_REPRESENTATION_CONTEXT(2) 
PARAMETRIC_REPRESENTATION_CONTEXT() REPRESENTATION_CONTEXT('2D SPACE',''
  ) );
#1805 = ADVANCED_FACE('',(#1806),#1576,.T.);
#1806 = FACE_BOUND('',#1807,.T.);
#1807 = EDGE_LOOP('',(#1808,#1809,#1838,#1994));
#1808 = ORIENTED_EDGE('',*,*,#1553,.F.);
#1809 = ORIENTED_EDGE('',*,*,#1810,.T.);
#1810 = EDGE_CURVE('',#1554,#1811,#1813,.T.);
#1811 = VERTEX_POINT('',#1812);
#1812 = CARTESIAN_POINT('',(1.500000000001E+03,-0.752584558556,
    326.75269288284));
#1813 = SURFACE_CURVE('',#1814,(#1820,#1829),.PCURVE_S1.);
#1814 = B_SPLINE_CURVE_WITH_KNOTS('',4,(#1815,#1816,#1817,#1818,#1819),
  .UNSPECIFIED.,.F.,.F.,(5,5),(0.,1.),.PIECEWISE_BEZIER_KNOTS.);
#1815 = CARTESIAN_POINT('',(1.5E+03,-22.,326.7526928737));
#1816 = CARTESIAN_POINT('',(1.5E+03,-11.,326.7526928737));
#1817 = CARTESIAN_POINT('',(1.5E+03,1.7763568394E-14,326.7526928737));
#1818 = CARTESIAN_POINT('',(1.5E+03,11.,326.7526928737));
#1819 = CARTESIAN_POINT('',(1.5E+03,22.,326.7526928737));
#1820 = PCURVE('',#1576,#1821);
#1821 = DEFINITIONAL_REPRESENTATION('',(#1822),#1828);
#1822 = B_SPLINE_CURVE_WITH_KNOTS('',4,(#1823,#1824,#1825,#1826,#1827),
  .UNSPECIFIED.,.F.,.F.,(5,5),(0.,1.),.PIECEWISE_BEZIER_KNOTS.);
#1823 = CARTESIAN_POINT('',(41.752692873706,0.));
#1824 = CARTESIAN_POINT('',(41.752692873706,-11.));
#1825 = CARTESIAN_POINT('',(41.752692873706,-22.));
#1826 = CARTESIAN_POINT('',(41.752692873706,-33.));
#1827 = CARTESIAN_POINT('',(41.752692873706,-44.));
#1828 = ( GEOMETRIC_REPRESENTATION_CONTEXT(2) 
PARAMETRIC_REPRESENTATION_CONTEXT() REPRESENTATION_CONTEXT('2D SPACE',''
  ) );
#1829 = PCURVE('',#1616,#1830);
#1830 = DEFINITIONAL_REPRESENTATION('',(#1831),#1837);
#1831 = B_SPLINE_CURVE_WITH_KNOTS('',4,(#1832,#1833,#1834,#1835,#1836),
  .UNSPECIFIED.,.F.,.F.,(5,5),(0.,1.),.PIECEWISE_BEZIER_KNOTS.);
#1832 = CARTESIAN_POINT('',(5.032864820511,0.465625));
#1833 = CARTESIAN_POINT('',(5.032864820511,0.4828125));
#1834 = CARTESIAN_POINT('',(5.032864820511,0.5));
#1835 = CARTESIAN_POINT('',(5.032864820511,0.5171875));
#1836 = CARTESIAN_POINT('',(5.032864820511,0.534375));
#1837 = ( GEOMETRIC_REPRESENTATION_CONTEXT(2) 
PARAMETRIC_REPRESENTATION_CONTEXT() REPRESENTATION_CONTEXT('2D SPACE',''
  ) );
#1838 = ORIENTED_EDGE('',*,*,#1839,.T.);
#1839 = EDGE_CURVE('',#1811,#1840,#1842,.T.);
#1840 = VERTEX_POINT('',#1841);
#1841 = CARTESIAN_POINT('',(1.5E+03,-0.752405020085,328.));
#1842 = SURFACE_CURVE('',#1843,(#1849,#1858),.PCURVE_S1.);
#1843 = B_SPLINE_CURVE_WITH_KNOTS('',4,(#1844,#1845,#1846,#1847,#1848),
  .UNSPECIFIED.,.F.,.F.,(5,5),(0.,1.),.PIECEWISE_BEZIER_KNOTS.);
#1844 = CARTESIAN_POINT('',(1.5E+03,-0.752584577455,326.7526928737));
#1845 = CARTESIAN_POINT('',(1.5E+03,-0.752539690386,327.06451965965));
#1846 = CARTESIAN_POINT('',(1.5E+03,-0.752494801802,327.37634644308));
#1847 = CARTESIAN_POINT('',(1.5E+03,-0.752449911703,327.68817322283));
#1848 = CARTESIAN_POINT('',(1.5E+03,-0.752405020085,328.));
#1849 = PCURVE('',#1576,#1850);
#1850 = DEFINITIONAL_REPRESENTATION('',(#1851),#1857);
#1851 = B_SPLINE_CURVE_WITH_KNOTS('',4,(#1852,#1853,#1854,#1855,#1856),
  .UNSPECIFIED.,.F.,.F.,(5,5),(0.,1.),.PIECEWISE_BEZIER_KNOTS.);
#1852 = CARTESIAN_POINT('',(41.752692873706,-21.24741542254));
#1853 = CARTESIAN_POINT('',(42.064519659658,-21.24746030961));
#1854 = CARTESIAN_POINT('',(42.376346443081,-21.24750519819));
#1855 = CARTESIAN_POINT('',(42.688173222831,-21.24755008829));
#1856 = CARTESIAN_POINT('',(43.,-21.24759497991));
#1857 = ( GEOMETRIC_REPRESENTATION_CONTEXT(2) 
PARAMETRIC_REPRESENTATION_CONTEXT() REPRESENTATION_CONTEXT('2D SPACE',''
  ) );
#1858 = PCURVE('',#1859,#1986);
#1859 = B_SPLINE_SURFACE_WITH_KNOTS('',3,1,(
    (#1860,#1861)
    ,(#1862,#1863)
    ,(#1864,#1865)
    ,(#1866,#1867)
    ,(#1868,#1869)
    ,(#1870,#1871)
    ,(#1872,#1873)
    ,(#1874,#1875)
    ,(#1876,#1877)
    ,(#1878,#1879)
    ,(#1880,#1881)
    ,(#1882,#1883)
    ,(#1884,#1885)
    ,(#1886,#1887)
    ,(#1888,#1889)
    ,(#1890,#1891)
    ,(#1892,#1893)
    ,(#1894,#1895)
    ,(#1896,#1897)
    ,(#1898,#1899)
    ,(#1900,#1901)
    ,(#1902,#1903)
    ,(#1904,#1905)
    ,(#1906,#1907)
    ,(#1908,#1909)
    ,(#1910,#1911)
    ,(#1912,#1913)
    ,(#1914,#1915)
    ,(#1916,#1917)
    ,(#1918,#1919)
    ,(#1920,#1921)
    ,(#1922,#1923)
    ,(#1924,#1925)
    ,(#1926,#1927)
    ,(#1928,#1929)
    ,(#1930,#1931)
    ,(#1932,#1933)
    ,(#1934,#1935)
    ,(#1936,#1937)
    ,(#1938,#1939)
    ,(#1940,#1941)
    ,(#1942,#1943)
    ,(#1944,#1945)
    ,(#1946,#1947)
    ,(#1948,#1949)
    ,(#1950,#1951)
    ,(#1952,#1953)
    ,(#1954,#1955)
    ,(#1956,#1957)
    ,(#1958,#1959)
    ,(#1960,#1961)
    ,(#1962,#1963)
    ,(#1964,#1965)
    ,(#1966,#1967)
    ,(#1968,#1969)
    ,(#1970,#1971)
    ,(#1972,#1973)
    ,(#1974,#1975)
    ,(#1976,#1977)
    ,(#1978,#1979)
    ,(#1980,#1981)
    ,(#1982,#1983)
    ,(#1984,#1985
    )),.UNSPECIFIED.,.F.,.F.,.F.,(4,1,1,1,1,1,1,1,1,1,1,1,1,1,1,1,1,1,1,
    1,1,1,1,1,1,1,1,1,1,1,1,1,1,1,1,1,1,1,1,1,1,1,1,1,1,1,1,1,1,1,1,1,1,
    1,1,1,1,1,1,1,4),(2,2),(0.,0.468800374291,1.869939206351,
    4.187703783057,7.396148780068,11.459444915812,16.33234065384,
    21.960718221585,28.282227946915,35.226989978954,42.718358167532,
    50.673745776222,59.005515878678,67.621940281435,76.428229375447,
    85.327631229203,94.222591469417,103.01595665377,111.61219464247,
    119.91859891969,127.84644379759,135.31206796359,142.23788851985,
    148.55339088327,154.19621247136,159.11357510262,163.26463856351,
    166.6252470772,169.19955490597,171.05444447863,172.42705583072,
    173.7996671828,175.65455675547,178.22886458423,181.58947309793,
    185.74053655882,190.65789919007,196.30072077816,202.61622314159,
    209.54204369784,217.00766786384,224.93551274174,233.24191701897,
    241.83815500767,250.63152019202,259.52648043224,268.42588228599,
    277.23217138,285.84859578276,294.18036588522,302.13575349391,
    309.62712168248,316.57188371452,322.89339343985,328.5217710076,
    333.39466674563,337.45796288137,340.66640787838,342.98417245509,
    344.38531128715,344.85411166144),(0.,1.),.UNSPECIFIED.);
#1860 = CARTESIAN_POINT('',(1.505E+03,0.1785,326.));
#1861 = CARTESIAN_POINT('',(1.505E+03,0.1365,634.5));
#1862 = CARTESIAN_POINT('',(1.504844790576E+03,0.196647855736,326.));
#1863 = CARTESIAN_POINT('',(1.50488131044E+03,0.150377772033,634.5));
#1864 = CARTESIAN_POINT('',(1.504225680946E+03,0.268914484727,326.));
#1865 = CARTESIAN_POINT('',(1.504407873664E+03,0.205640488321,634.5));
#1866 = CARTESIAN_POINT('',(1.502839067785E+03,0.429678748802,326.));
#1867 = CARTESIAN_POINT('',(1.503347522424E+03,0.328577866731,634.5));
#1868 = CARTESIAN_POINT('',(1.500544914436E+03,0.692136321345,326.));
#1869 = CARTESIAN_POINT('',(1.501593169863E+03,0.529280716323,634.5));
#1870 = CARTESIAN_POINT('',(1.497368334405E+03,1.048486193871,326.));
#1871 = CARTESIAN_POINT('',(1.499164020427E+03,0.801783560019,634.5));
#1872 = CARTESIAN_POINT('',(1.493344108576E+03,1.488577446679,326.));
#1873 = CARTESIAN_POINT('',(1.496086671264E+03,1.138323929813,634.5));
#1874 = CARTESIAN_POINT('',(1.488516309235E+03,2.000516576768,326.));
#1875 = CARTESIAN_POINT('',(1.492394824709E+03,1.529806793999,634.5));
#1876 = CARTESIAN_POINT('',(1.482937820772E+03,2.571251428729,326.));
#1877 = CARTESIAN_POINT('',(1.488128921767E+03,1.966251092557,634.5));
#1878 = CARTESIAN_POINT('',(1.476669761462E+03,3.187039341291,326.));
#1879 = CARTESIAN_POINT('',(1.483335699941E+03,2.437147731576,634.5));
#1880 = CARTESIAN_POINT('',(1.469780812492E+03,3.833735407171,326.));
#1881 = CARTESIAN_POINT('',(1.478067680141E+03,2.931680017248,634.5));
#1882 = CARTESIAN_POINT('',(1.462346461938E+03,4.496878202734,326.));
#1883 = CARTESIAN_POINT('',(1.472382588541E+03,3.438789213855,634.5));
#1884 = CARTESIAN_POINT('',(1.4544481726E+03,5.161597539125,326.));
#1885 = CARTESIAN_POINT('',(1.466342720223E+03,3.947104000508,634.5));
#1886 = CARTESIAN_POINT('',(1.446172483592E+03,5.812412428869,326.));
#1887 = CARTESIAN_POINT('',(1.460014252159E+03,4.444785975017,634.5));
#1888 = CARTESIAN_POINT('',(1.437610056353E+03,6.433018858714,326.));
#1889 = CARTESIAN_POINT('',(1.453466513682E+03,4.919367362546,634.5));
#1890 = CARTESIAN_POINT('',(1.428854676476E+03,7.006179389156,326.));
#1891 = CARTESIAN_POINT('',(1.446771223187E+03,5.357666591708,634.5));
#1892 = CARTESIAN_POINT('',(1.420002223318E+03,7.513816736612,326.));
#1893 = CARTESIAN_POINT('',(1.440001700184E+03,5.745859857409,634.5));
#1894 = CARTESIAN_POINT('',(1.411149619595E+03,7.937381981622,326.));
#1895 = CARTESIAN_POINT('',(1.433232062043E+03,6.069762691829,634.5));
#1896 = CARTESIAN_POINT('',(1.402393772563E+03,8.258519874101,326.));
#1897 = CARTESIAN_POINT('',(1.426536414313E+03,6.315338727254,634.5));
#1898 = CARTESIAN_POINT('',(1.39383051778E+03,8.45999602009,326.));
#1899 = CARTESIAN_POINT('',(1.419988043008E+03,6.469408721245,634.5));
#1900 = CARTESIAN_POINT('',(1.385553572422E+03,8.526796773209,326.));
#1901 = CARTESIAN_POINT('',(1.413658614205E+03,6.520491650101,634.5));
#1902 = CARTESIAN_POINT('',(1.377653510082E+03,8.447261012925,326.));
#1903 = CARTESIAN_POINT('',(1.407617390063E+03,6.459670186354,634.5));
#1904 = CARTESIAN_POINT('',(1.370216739846E+03,8.214103969659,326.));
#1905 = CARTESIAN_POINT('',(1.401930448118E+03,6.281373623857,634.5));
#1906 = CARTESIAN_POINT('',(1.363324557251E+03,7.825109538118,326.));
#1907 = CARTESIAN_POINT('',(1.396659955545E+03,5.983907293855,634.5));
#1908 = CARTESIAN_POINT('',(1.357052021832E+03,7.283590009935,326.));
#1909 = CARTESIAN_POINT('',(1.391863310813E+03,5.569804125245,634.5));
#1910 = CARTESIAN_POINT('',(1.351467382414E+03,6.597813176412,326.));
#1911 = CARTESIAN_POINT('',(1.387592704199E+03,5.045386546668,634.5));
#1912 = CARTESIAN_POINT('',(1.346629499757E+03,5.781737349039,326.));
#1913 = CARTESIAN_POINT('',(1.383893146873E+03,4.42132856103,634.5));
#1914 = CARTESIAN_POINT('',(1.342590348383E+03,4.849909794431,326.));
#1915 = CARTESIAN_POINT('',(1.380804384057E+03,3.708754548682,634.5));
#1916 = CARTESIAN_POINT('',(1.339379324283E+03,3.827424236337,326.));
#1917 = CARTESIAN_POINT('',(1.37834889504E+03,2.926853827787,634.5));
#1918 = CARTESIAN_POINT('',(1.337027052551E+03,2.712308742074,326.));
#1919 = CARTESIAN_POINT('',(1.37655009901E+03,2.074118449821,634.5));
#1920 = CARTESIAN_POINT('',(1.33545983327E+03,1.525238661206,326.));
#1921 = CARTESIAN_POINT('',(1.375351637206E+03,1.166358976216,634.5));
#1922 = CARTESIAN_POINT('',(1.334804439292E+03,0.,326.));
#1923 = CARTESIAN_POINT('',(1.374850453576E+03,-4.294835654255E-17,634.5
    ));
#1924 = CARTESIAN_POINT('',(1.33545983327E+03,-1.525238661206,326.));
#1925 = CARTESIAN_POINT('',(1.375351637206E+03,-1.166358976216,634.5));
#1926 = CARTESIAN_POINT('',(1.337027052551E+03,-2.712308742074,326.));
#1927 = CARTESIAN_POINT('',(1.37655009901E+03,-2.074118449821,634.5));
#1928 = CARTESIAN_POINT('',(1.339379324283E+03,-3.827424236337,326.));
#1929 = CARTESIAN_POINT('',(1.37834889504E+03,-2.926853827787,634.5));
#1930 = CARTESIAN_POINT('',(1.342590348383E+03,-4.849909794431,326.));
#1931 = CARTESIAN_POINT('',(1.380804384057E+03,-3.708754548682,634.5));
#1932 = CARTESIAN_POINT('',(1.346629499757E+03,-5.781737349039,326.));
#1933 = CARTESIAN_POINT('',(1.383893146873E+03,-4.42132856103,634.5));
#1934 = CARTESIAN_POINT('',(1.351467382414E+03,-6.597813176412,326.));
#1935 = CARTESIAN_POINT('',(1.387592704199E+03,-5.045386546668,634.5));
#1936 = CARTESIAN_POINT('',(1.357052021832E+03,-7.283590009935,326.));
#1937 = CARTESIAN_POINT('',(1.391863310813E+03,-5.569804125245,634.5));
#1938 = CARTESIAN_POINT('',(1.363324557251E+03,-7.825109538118,326.));
#1939 = CARTESIAN_POINT('',(1.396659955545E+03,-5.983907293855,634.5));
#1940 = CARTESIAN_POINT('',(1.370216739846E+03,-8.214103969659,326.));
#1941 = CARTESIAN_POINT('',(1.401930448118E+03,-6.281373623857,634.5));
#1942 = CARTESIAN_POINT('',(1.377653510082E+03,-8.447261012925,326.));
#1943 = CARTESIAN_POINT('',(1.407617390063E+03,-6.459670186354,634.5));
#1944 = CARTESIAN_POINT('',(1.385553572422E+03,-8.526796773209,326.));
#1945 = CARTESIAN_POINT('',(1.413658614205E+03,-6.520491650101,634.5));
#1946 = CARTESIAN_POINT('',(1.39383051778E+03,-8.45999602009,326.));
#1947 = CARTESIAN_POINT('',(1.419988043008E+03,-6.469408721245,634.5));
#1948 = CARTESIAN_POINT('',(1.402393772563E+03,-8.258519874101,326.));
#1949 = CARTESIAN_POINT('',(1.426536414313E+03,-6.315338727254,634.5));
#1950 = CARTESIAN_POINT('',(1.411149619595E+03,-7.937381981622,326.));
#1951 = CARTESIAN_POINT('',(1.433232062043E+03,-6.069762691829,634.5));
#1952 = CARTESIAN_POINT('',(1.420002223318E+03,-7.513816736612,326.));
#1953 = CARTESIAN_POINT('',(1.440001700184E+03,-5.745859857409,634.5));
#1954 = CARTESIAN_POINT('',(1.428854676476E+03,-7.006179389156,326.));
#1955 = CARTESIAN_POINT('',(1.446771223187E+03,-5.357666591708,634.5));
#1956 = CARTESIAN_POINT('',(1.437610056353E+03,-6.433018858714,326.));
#1957 = CARTESIAN_POINT('',(1.453466513682E+03,-4.919367362546,634.5));
#1958 = CARTESIAN_POINT('',(1.446172483592E+03,-5.812412428869,326.));
#1959 = CARTESIAN_POINT('',(1.460014252159E+03,-4.444785975017,634.5));
#1960 = CARTESIAN_POINT('',(1.4544481726E+03,-5.161597539125,326.));
#1961 = CARTESIAN_POINT('',(1.466342720223E+03,-3.947104000508,634.5));
#1962 = CARTESIAN_POINT('',(1.462346461938E+03,-4.496878202734,326.));
#1963 = CARTESIAN_POINT('',(1.472382588541E+03,-3.438789213855,634.5));
#1964 = CARTESIAN_POINT('',(1.469780812492E+03,-3.833735407171,326.));
#1965 = CARTESIAN_POINT('',(1.478067680141E+03,-2.931680017248,634.5));
#1966 = CARTESIAN_POINT('',(1.476669761462E+03,-3.187039341291,326.));
#1967 = CARTESIAN_POINT('',(1.483335699941E+03,-2.437147731576,634.5));
#1968 = CARTESIAN_POINT('',(1.482937820772E+03,-2.571251428729,326.));
#1969 = CARTESIAN_POINT('',(1.488128921767E+03,-1.966251092557,634.5));
#1970 = CARTESIAN_POINT('',(1.488516309235E+03,-2.000516576768,326.));
#1971 = CARTESIAN_POINT('',(1.492394824709E+03,-1.529806793999,634.5));
#1972 = CARTESIAN_POINT('',(1.493344108576E+03,-1.488577446679,326.));
#1973 = CARTESIAN_POINT('',(1.496086671264E+03,-1.138323929813,634.5));
#1974 = CARTESIAN_POINT('',(1.497368334405E+03,-1.048486193871,326.));
#1975 = CARTESIAN_POINT('',(1.499164020427E+03,-0.801783560019,634.5));
#1976 = CARTESIAN_POINT('',(1.500544914436E+03,-0.692136321345,326.));
#1977 = CARTESIAN_POINT('',(1.501593169863E+03,-0.529280716323,634.5));
#1978 = CARTESIAN_POINT('',(1.502839067785E+03,-0.429678748802,326.));
#1979 = CARTESIAN_POINT('',(1.503347522424E+03,-0.328577866731,634.5));
#1980 = CARTESIAN_POINT('',(1.504225680946E+03,-0.268914484727,326.));
#1981 = CARTESIAN_POINT('',(1.504407873664E+03,-0.205640488321,634.5));
#1982 = CARTESIAN_POINT('',(1.504844790576E+03,-0.196647855736,326.));
#1983 = CARTESIAN_POINT('',(1.50488131044E+03,-0.150377772033,634.5));
#1984 = CARTESIAN_POINT('',(1.505E+03,-0.1785,326.));
#1985 = CARTESIAN_POINT('',(1.505E+03,-0.1365,634.5));
#1986 = DEFINITIONAL_REPRESENTATION('',(#1987),#1993);
#1987 = B_SPLINE_CURVE_WITH_KNOTS('',4,(#1988,#1989,#1990,#1991,#1992),
  .UNSPECIFIED.,.F.,.F.,(5,5),(0.,1.),.PIECEWISE_BEZIER_KNOTS.);
#1988 = CARTESIAN_POINT('',(339.81835670722,2.439847240538E-03));
#1989 = CARTESIAN_POINT('',(339.81715863465,3.450630987546E-03));
#1990 = CARTESIAN_POINT('',(339.81595990391,4.461414726356E-03));
#1991 = CARTESIAN_POINT('',(339.81476021801,5.472198453261E-03));
#1992 = CARTESIAN_POINT('',(339.81355986191,6.482982171799E-03));
#1993 = ( GEOMETRIC_REPRESENTATION_CONTEXT(2) 
PARAMETRIC_REPRESENTATION_CONTEXT() REPRESENTATION_CONTEXT('2D SPACE',''
  ) );
#1994 = ORIENTED_EDGE('',*,*,#1995,.F.);
#1995 = EDGE_CURVE('',#1556,#1840,#1996,.T.);
#1996 = SURFACE_CURVE('',#1997,(#2001,#2008),.PCURVE_S1.);
#1997 = LINE('',#1998,#1999);
#1998 = CARTESIAN_POINT('',(1.5E+03,-22.,328.));
#1999 = VECTOR('',#2000,1.);
#2000 = DIRECTION('',(-0.,1.,0.));
#2001 = PCURVE('',#1576,#2002);
#2002 = DEFINITIONAL_REPRESENTATION('',(#2003),#2007);
#2003 = LINE('',#2004,#2005);
#2004 = CARTESIAN_POINT('',(43.,0.));
#2005 = VECTOR('',#2006,1.);
#2006 = DIRECTION('',(0.,-1.));
#2007 = ( GEOMETRIC_REPRESENTATION_CONTEXT(2) 
PARAMETRIC_REPRESENTATION_CONTEXT() REPRESENTATION_CONTEXT('2D SPACE',''
  ) );
#2008 = PCURVE('',#1794,#2009);
#2009 = DEFINITIONAL_REPRESENTATION('',(#2010),#2014);
#2010 = LINE('',#2011,#2012);
#2011 = CARTESIAN_POINT('',(140.,0.));
#2012 = VECTOR('',#2013,1.);
#2013 = DIRECTION('',(0.,1.));
#2014 = ( GEOMETRIC_REPRESENTATION_CONTEXT(2) 
PARAMETRIC_REPRESENTATION_CONTEXT() REPRESENTATION_CONTEXT('2D SPACE',''
  ) );
#2015 = ADVANCED_FACE('',(#2016),#1794,.T.);
#2016 = FACE_BOUND('',#2017,.T.);
#2017 = EDGE_LOOP('',(#2018,#2062,#2089,#2090));
#2018 = ORIENTED_EDGE('',*,*,#2019,.T.);
#2019 = EDGE_CURVE('',#1840,#2020,#2022,.T.);
#2020 = VERTEX_POINT('',#2021);
#2021 = CARTESIAN_POINT('',(1.488490038327E+03,-1.999570793195,
    328.00000000808));
#2022 = SURFACE_CURVE('',#2023,(#2034,#2048),.PCURVE_S1.);
#2023 = B_SPLINE_CURVE_WITH_KNOTS('',5,(#2024,#2025,#2026,#2027,#2028,
    #2029,#2030,#2031,#2032,#2033),.UNSPECIFIED.,.F.,.F.,(6,4,6),(0.,
    0.487270430468,1.),.UNSPECIFIED.);
#2024 = CARTESIAN_POINT('',(1.5E+03,-0.752405020085,328.));
#2025 = CARTESIAN_POINT('',(1.498878846842E+03,-0.878857427252,328.));
#2026 = CARTESIAN_POINT('',(1.497757553078E+03,-1.004063609622,328.));
#2027 = CARTESIAN_POINT('',(1.496636123771E+03,-1.128051464252,328.));
#2028 = CARTESIAN_POINT('',(1.495514563055E+03,-1.250843036615,328.));
#2029 = CARTESIAN_POINT('',(1.493212580601E+03,-1.500433530529,328.));
#2030 = CARTESIAN_POINT('',(1.492032145306E+03,-1.627107237075,328.));
#2031 = CARTESIAN_POINT('',(1.490851573797E+03,-1.752507008993,328.));
#2032 = CARTESIAN_POINT('',(1.489670870067E+03,-1.876653873288,328.));
#2033 = CARTESIAN_POINT('',(1.488490038326E+03,-1.999570802823,328.));
#2034 = PCURVE('',#1794,#2035);
#2035 = DEFINITIONAL_REPRESENTATION('',(#2036),#2047);
#2036 = B_SPLINE_CURVE_WITH_KNOTS('',5,(#2037,#2038,#2039,#2040,#2041,
    #2042,#2043,#2044,#2045,#2046),.UNSPECIFIED.,.F.,.F.,(6,4,6),(0.,
    0.487270430468,1.),.UNSPECIFIED.);
#2037 = CARTESIAN_POINT('',(140.,21.247594979915));
#2038 = CARTESIAN_POINT('',(138.87884684241,21.121142572748));
#2039 = CARTESIAN_POINT('',(137.75755307812,20.995936390378));
#2040 = CARTESIAN_POINT('',(136.63612377146,20.871948535748));
#2041 = CARTESIAN_POINT('',(135.51456305521,20.749156963385));
#2042 = CARTESIAN_POINT('',(133.21258060095,20.499566469471));
#2043 = CARTESIAN_POINT('',(132.03214530588,20.372892762925));
#2044 = CARTESIAN_POINT('',(130.85157379698,20.247492991007));
#2045 = CARTESIAN_POINT('',(129.6708700667,20.123346126712));
#2046 = CARTESIAN_POINT('',(128.49003832638,20.000429197177));
#2047 = ( GEOMETRIC_REPRESENTATION_CONTEXT(2) 
PARAMETRIC_REPRESENTATION_CONTEXT() REPRESENTATION_CONTEXT('2D SPACE',''
  ) );
#2048 = PCURVE('',#1859,#2049);
#2049 = DEFINITIONAL_REPRESENTATION('',(#2050),#2061);
#2050 = B_SPLINE_CURVE_WITH_KNOTS('',5,(#2051,#2052,#2053,#2054,#2055,
    #2056,#2057,#2058,#2059,#2060),.UNSPECIFIED.,.F.,.F.,(6,4,6),(0.,
    0.487270430468,1.),.UNSPECIFIED.);
#2051 = CARTESIAN_POINT('',(339.81355988497,6.482982171799E-03));
#2052 = CARTESIAN_POINT('',(338.68357468708,6.482982171799E-03));
#2053 = CARTESIAN_POINT('',(337.55358954245,6.482982171799E-03));
#2054 = CARTESIAN_POINT('',(336.42360438086,6.482982171799E-03));
#2055 = CARTESIAN_POINT('',(335.29361928112,6.482982171799E-03));
#2056 = CARTESIAN_POINT('',(332.97460911647,6.482982171799E-03));
#2057 = CARTESIAN_POINT('',(331.78558403844,6.4829821718E-03));
#2058 = CARTESIAN_POINT('',(330.59655898139,6.4829821718E-03));
#2059 = CARTESIAN_POINT('',(329.40753399078,6.482982171799E-03));
#2060 = CARTESIAN_POINT('',(328.21850898528,6.482982171799E-03));
#2061 = ( GEOMETRIC_REPRESENTATION_CONTEXT(2) 
PARAMETRIC_REPRESENTATION_CONTEXT() REPRESENTATION_CONTEXT('2D SPACE',''
  ) );
#2062 = ORIENTED_EDGE('',*,*,#2063,.F.);
#2063 = EDGE_CURVE('',#1589,#2020,#2064,.T.);
#2064 = SURFACE_CURVE('',#2065,(#2071,#2080),.PCURVE_S1.);
#2065 = B_SPLINE_CURVE_WITH_KNOTS('',4,(#2066,#2067,#2068,#2069,#2070),
  .UNSPECIFIED.,.F.,.F.,(5,5),(0.,1.),.PIECEWISE_BEZIER_KNOTS.);
#2066 = CARTESIAN_POINT('',(1.488490038326E+03,-22.,328.));
#2067 = CARTESIAN_POINT('',(1.488490038326E+03,-11.,328.));
#2068 = CARTESIAN_POINT('',(1.488490038326E+03,-5.329070518201E-14,328.)
  );
#2069 = CARTESIAN_POINT('',(1.488490038326E+03,11.,328.));
#2070 = CARTESIAN_POINT('',(1.488490038326E+03,22.,328.));
#2071 = PCURVE('',#1794,#2072);
#2072 = DEFINITIONAL_REPRESENTATION('',(#2073),#2079);
#2073 = B_SPLINE_CURVE_WITH_KNOTS('',4,(#2074,#2075,#2076,#2077,#2078),
  .UNSPECIFIED.,.F.,.F.,(5,5),(0.,1.),.PIECEWISE_BEZIER_KNOTS.);
#2074 = CARTESIAN_POINT('',(128.49003832638,0.));
#2075 = CARTESIAN_POINT('',(128.49003832638,11.));
#2076 = CARTESIAN_POINT('',(128.49003832638,22.));
#2077 = CARTESIAN_POINT('',(128.49003832638,33.));
#2078 = CARTESIAN_POINT('',(128.49003832638,44.));
#2079 = ( GEOMETRIC_REPRESENTATION_CONTEXT(2) 
PARAMETRIC_REPRESENTATION_CONTEXT() REPRESENTATION_CONTEXT('2D SPACE',''
  ) );
#2080 = PCURVE('',#1616,#2081);
#2081 = DEFINITIONAL_REPRESENTATION('',(#2082),#2088);
#2082 = B_SPLINE_CURVE_WITH_KNOTS('',4,(#2083,#2084,#2085,#2086,#2087),
  .UNSPECIFIED.,.F.,.F.,(5,5),(0.,1.),.PIECEWISE_BEZIER_KNOTS.);
#2083 = CARTESIAN_POINT('',(16.610245170678,0.465625));
#2084 = CARTESIAN_POINT('',(16.610245170678,0.4828125));
#2085 = CARTESIAN_POINT('',(16.610245170678,0.5));
#2086 = CARTESIAN_POINT('',(16.610245170678,0.5171875));
#2087 = CARTESIAN_POINT('',(16.610245170678,0.534375));
#2088 = ( GEOMETRIC_REPRESENTATION_CONTEXT(2) 
PARAMETRIC_REPRESENTATION_CONTEXT() REPRESENTATION_CONTEXT('2D SPACE',''
  ) );
#2089 = ORIENTED_EDGE('',*,*,#1780,.T.);
#2090 = ORIENTED_EDGE('',*,*,#1995,.T.);
#2091 = ADVANCED_FACE('',(#2092),#1616,.T.);
#2092 = FACE_BOUND('',#2093,.T.);
#2093 = EDGE_LOOP('',(#2094,#2095,#2096,#2097));
#2094 = ORIENTED_EDGE('',*,*,#1810,.F.);
#2095 = ORIENTED_EDGE('',*,*,#1588,.F.);
#2096 = ORIENTED_EDGE('',*,*,#2063,.T.);
#2097 = ORIENTED_EDGE('',*,*,#2098,.F.);
#2098 = EDGE_CURVE('',#1811,#2020,#2099,.T.);
#2099 = SURFACE_CURVE('',#2100,(#2739,#3381),.PCURVE_S1.);
#2100 = B_SPLINE_CURVE_WITH_KNOTS('',8,(#2101,#2102,#2103,#2104,#2105,
    #2106,#2107,#2108,#2109,#2110,#2111,#2112,#2113,#2114,#2115,#2116,
    #2117,#2118,#2119,#2120,#2121,#2122,#2123,#2124,#2125,#2126,#2127,
    #2128,#2129,#2130,#2131,#2132,#2133,#2134,#2135,#2136,#2137,#2138,
    #2139,#2140,#2141,#2142,#2143,#2144,#2145,#2146,#2147,#2148,#2149,
    #2150,#2151,#2152,#2153,#2154,#2155,#2156,#2157,#2158,#2159,#2160,
    #2161,#2162,#2163,#2164,#2165,#2166,#2167,#2168,#2169,#2170,#2171,
    #2172,#2173,#2174,#2175,#2176,#2177,#2178,#2179,#2180,#2181,#2182,
    #2183,#2184,#2185,#2186,#2187,#2188,#2189,#2190,#2191,#2192,#2193,
    #2194,#2195,#2196,#2197,#2198,#2199,#2200,#2201,#2202,#2203,#2204,
    #2205,#2206,#2207,#2208,#2209,#2210,#2211,#2212,#2213,#2214,#2215,
    #2216,#2217,#2218,#2219,#2220,#2221,#2222,#2223,#2224,#2225,#2226,
    #2227,#2228,#2229,#2230,#2231,#2232,#2233,#2234,#2235,#2236,#2237,
    #2238,#2239,#2240,#2241,#2242,#2243,#2244,#2245,#2246,#2247,#2248,
    #2249,#2250,#2251,#2252,#2253,#2254,#2255,#2256,#2257,#2258,#2259,
    #2260,#2261,#2262,#2263,#2264,#2265,#2266,#2267,#2268,#2269,#2270,
    #2271,#2272,#2273,#2274,#2275,#2276,#2277,#2278,#2279,#2280,#2281,
    #2282,#2283,#2284,#2285,#2286,#2287,#2288,#2289,#2290,#2291,#2292,
    #2293,#2294,#2295,#2296,#2297,#2298,#2299,#2300,#2301,#2302,#2303,
    #2304,#2305,#2306,#2307,#2308,#2309,#2310,#2311,#2312,#2313,#2314,
    #2315,#2316,#2317,#2318,#2319,#2320,#2321,#2322,#2323,#2324,#2325,
    #2326,#2327,#2328,#2329,#2330,#2331,#2332,#2333,#2334,#2335,#2336,
    #2337,#2338,#2339,#2340,#2341,#2342,#2343,#2344,#2345,#2346,#2347,
    #2348,#2349,#2350,#2351,#2352,#2353,#2354,#2355,#2356,#2357,#2358,
    #2359,#2360,#2361,#2362,#2363,#2364,#2365,#2366,#2367,#2368,#2369,
    #2370,#2371,#2372,#2373,#2374,#2375,#2376,#2377,#2378,#2379,#2380,
    #2381,#2382,#2383,#2384,#2385,#2386,#2387,#2388,#2389,#2390,#2391,
    #2392,#2393,#2394,#2395,#2396,#2397,#2398,#2399,#2400,#2401,#2402,
    #2403,#2404,#2405,#2406,#2407,#2408,#2409,#2410,#2411,#2412,#2413,
    #2414,#2415,#2416,#2417,#2418,#2419,#2420,#2421,#2422,#2423,#2424,
    #2425,#2426,#2427,#2428,#2429,#2430,#2431,#2432,#2433,#2434,#2435,
    #2436,#2437,#2438,#2439,#2440,#2441,#2442,#2443,#2444,#2445,#2446,
    #2447,#2448,#2449,#2450,#2451,#2452,#2453,#2454,#2455,#2456,#2457,
    #2458,#2459,#2460,#2461,#2462,#2463,#2464,#2465,#2466,#2467,#2468,
    #2469,#2470,#2471,#2472,#2473,#2474,#2475,#2476,#2477,#2478,#2479,
    #2480,#2481,#2482,#2483,#2484,#2485,#2486,#2487,#2488,#2489,#2490,
    #2491,#2492,#2493,#2494,#2495,#2496,#2497,#2498,#2499,#2500,#2501,
    #2502,#2503,#2504,#2505,#2506,#2507,#2508,#2509,#2510,#2511,#2512,
    #2513,#2514,#2515,#2516,#2517,#2518,#2519,#2520,#2521,#2522,#2523,
    #2524,#2525,#2526,#2527,#2528,#2529,#2530,#2531,#2532,#2533,#2534,
    #2535,#2536,#2537,#2538,#2539,#2540,#2541,#2542,#2543,#2544,#2545,
    #2546,#2547,#2548,#2549,#2550,#2551,#2552,#2553,#2554,#2555,#2556,
    #2557,#2558,#2559,#2560,#2561,#2562,#2563,#2564,#2565,#2566,#2567,
    #2568,#2569,#2570,#2571,#2572,#2573,#2574,#2575,#2576,#2577,#2578,
    #2579,#2580,#2581,#2582,#2583,#2584,#2585,#2586,#2587,#2588,#2589,
    #2590,#2591,#2592,#2593,#2594,#2595,#2596,#2597,#2598,#2599,#2600,
    #2601,#2602,#2603,#2604,#2605,#2606,#2607,#2608,#2609,#2610,#2611,
    #2612,#2613,#2614,#2615,#2616,#2617,#2618,#2619,#2620,#2621,#2622,
    #2623,#2624,#2625,#2626,#2627,#2628,#2629,#2630,#2631,#2632,#2633,
    #2634,#2635,#2636,#2637,#2638,#2639,#2640,#2641,#2642,#2643,#2644,
    #2645,#2646,#2647,#2648,#2649,#2650,#2651,#2652,#2653,#2654,#2655,
    #2656,#2657,#2658,#2659,#2660,#2661,#2662,#2663,#2664,#2665,#2666,
    #2667,#2668,#2669,#2670,#2671,#2672,#2673,#2674,#2675,#2676,#2677,
    #2678,#2679,#2680,#2681,#2682,#2683,#2684,#2685,#2686,#2687,#2688,
    #2689,#2690,#2691,#2692,#2693,#2694,#2695,#2696,#2697,#2698,#2699,
    #2700,#2701,#2702,#2703,#2704,#2705,#2706,#2707,#2708,#2709,#2710,
    #2711,#2712,#2713,#2714,#2715,#2716,#2717,#2718,#2719,#2720,#2721,
    #2722,#2723,#2724,#2725,#2726,#2727,#2728,#2729,#2730,#2731,#2732,
    #2733,#2734,#2735,#2736,#2737,#2738),.UNSPECIFIED.,.F.,.F.,(9,7,7,7,
    7,7,7,7,7,7,7,7,7,7,7,7,7,7,7,7,7,7,7,7,7,7,7,7,7,7,7,7,7,7,7,7,7,7,
    7,7,8,7,8,7,8,8,8,7,7,7,8,7,7,7,7,7,7,7,7,7,7,7,7,7,7,7,7,7,7,7,7,7,
    7,7,7,7,7,7,7,7,7,7,7,7,7,7,7,7,7,7,9),(0.,3.725321914343E-03,
    7.433665779807E-03,1.11147629005E-02,1.48247525117E-02,
    1.876035763771E-02,2.269660360294E-02,2.663328742635E-02,
    2.860171409341E-02,3.057014692472E-02,3.450685384223E-02,
    3.647502847883E-02,3.844300974151E-02,4.038262836516E-02,
    4.1844169559E-02,4.406418784166E-02,4.628363380788E-02,
    4.796884269452E-02,4.924646856828E-02,5.119462233015E-02,
    5.317010958858E-02,5.488678590286E-02,5.617387641545E-02,
    5.714386758391E-02,5.860406946863E-02,5.934662253071E-02,
    6.008908025401E-02,6.148971654357E-02,6.254569231686E-02,
    6.331878033218E-02,6.451797707574E-02,6.511789523376E-02,
    6.571814227422E-02,6.602675895234E-02,6.63578580499E-02,
    6.764943883873E-02,6.797046280191E-02,6.845921176964E-02,
    6.891062231913E-02,6.928575352274E-02,6.958906499801E-02,
    7.331438691235E-02,7.711103447031E-02,8.083635638465E-02,
    8.625639205072E-02,8.998171396506E-02,9.37070358794E-02,
    9.743235779374E-02,0.103298305552,0.108825683564,0.114688339934,
    0.118413661848,0.121869290252,0.127296600568,0.129842966265,
    0.132704862271,0.143125344109,0.147074317529,0.161459305312,
    0.168826653423,0.176191080004,0.182832047033,0.189075282897,
    0.194956941096,0.205998797785,0.215561780828,0.224042692234,
    0.238769245145,0.261225984696,0.283691113865,0.298070382924,
    0.323513406304,0.342313069912,0.371100954901,0.39939392486,
    0.427623432038,0.448981517296,0.480844318541,0.513075723522,
    0.550020982414,0.577551586881,0.619212110982,0.661235418156,
    0.698185535621,0.725715297899,0.767368287055,0.809015426015,
    0.856810543307,0.9045954098,0.952007359428,1.),.UNSPECIFIED.);
#2101 = CARTESIAN_POINT('',(1.505E+03,-0.178475698541,326.1785));
#2102 = CARTESIAN_POINT('',(1.503864007992E+03,-0.311283457577,
    326.31132585119));
#2103 = CARTESIAN_POINT('',(1.502727910936E+03,-0.44284722448,
    326.44290769169));
#2104 = CARTESIAN_POINT('',(1.501591713071E+03,-0.573189477884,
    326.57326852334));
#2105 = CARTESIAN_POINT('',(1.500455418401E+03,-0.7023316898,
    326.70243029373));
#2106 = CARTESIAN_POINT('',(1.499319030692E+03,-0.830294325616,
    326.83041389615));
#2107 = CARTESIAN_POINT('',(1.49818255347E+03,-0.9570968441,
    326.95723916961));
#2108 = CARTESIAN_POINT('',(1.497045990027E+03,-1.082757697401,
    327.08292489885));
#2109 = CARTESIAN_POINT('',(1.494777877068E+03,-1.33126360087,
    327.33148514765));
#2110 = CARTESIAN_POINT('',(1.493646328012E+03,-1.45411655065,
    327.45436874804));
#2111 = CARTESIAN_POINT('',(1.492514699996E+03,-1.575875769938,
    327.57615973939));
#2112 = CARTESIAN_POINT('',(1.491382995302E+03,-1.696553700816,
    327.6968724431));
#2113 = CARTESIAN_POINT('',(1.490251216195E+03,-1.816162919817,
    327.81652108031));
#2114 = CARTESIAN_POINT('',(1.489119365387E+03,-1.934719618491,
    327.93512143082));
#2115 = CARTESIAN_POINT('',(1.487987445541E+03,-2.052240282629,
    328.05268844884));
#2116 = CARTESIAN_POINT('',(1.485731787264E+03,-2.284366820649,
    328.28491555674));
#2117 = CARTESIAN_POINT('',(1.484608050118E+03,-2.398990831556,
    328.39959081021));
#2118 = CARTESIAN_POINT('',(1.483484248189E+03,-2.512607324242,
    328.51327370894));
#2119 = CARTESIAN_POINT('',(1.482360383635E+03,-2.625239533037,
    328.62596793329));
#2120 = CARTESIAN_POINT('',(1.481236457597E+03,-2.736892039998,
    328.7376825112));
#2121 = CARTESIAN_POINT('',(1.48011247118E+03,-2.847565033145,
    328.84843020965));
#2122 = CARTESIAN_POINT('',(1.478988426193E+03,-2.957272993338,
    328.9582189368));
#2123 = CARTESIAN_POINT('',(1.476731397113E+03,-3.175620026538,
    329.17673654581));
#2124 = CARTESIAN_POINT('',(1.47559841244E+03,-3.284246096803,
    329.28545249391));
#2125 = CARTESIAN_POINT('',(1.474465369731E+03,-3.39190303646,
    329.39320020809));
#2126 = CARTESIAN_POINT('',(1.473332270532E+03,-3.498594442156,
    329.49999547974));
#2127 = CARTESIAN_POINT('',(1.472199114888E+03,-3.604321158461,
    329.6058359434));
#2128 = CARTESIAN_POINT('',(1.471065902873E+03,-3.709086860539,
    329.71071732324));
#2129 = CARTESIAN_POINT('',(1.469932635899E+03,-3.81289892712,
    329.81465062258));
#2130 = CARTESIAN_POINT('',(1.467597070666E+03,-4.024861852367,
    330.02687789168));
#2131 = CARTESIAN_POINT('',(1.466394765618E+03,-4.132892287786,
    330.13505468064));
#2132 = CARTESIAN_POINT('',(1.465192398239E+03,-4.239842602539,
    330.24215875187));
#2133 = CARTESIAN_POINT('',(1.463989969177E+03,-4.345713791202,
    330.34819602935));
#2134 = CARTESIAN_POINT('',(1.462787476022E+03,-4.450488252658,
    330.45314274078));
#2135 = CARTESIAN_POINT('',(1.461584923037E+03,-4.554198990195,
    330.55703326963));
#2136 = CARTESIAN_POINT('',(1.460382305205E+03,-4.656800293388,
    330.65982634516));
#2137 = CARTESIAN_POINT('',(1.457976745892E+03,-4.859815925541,
    330.86324600324));
#2138 = CARTESIAN_POINT('',(1.456773804193E+03,-4.960225586541,
    330.96387248271));
#2139 = CARTESIAN_POINT('',(1.455570796895E+03,-5.059525309426,
    331.06338416082));
#2140 = CARTESIAN_POINT('',(1.454367724402E+03,-5.157684505543,
    331.1618111503));
#2141 = CARTESIAN_POINT('',(1.453164585499E+03,-5.254748949227,
    331.25909546791));
#2142 = CARTESIAN_POINT('',(1.451961377117E+03,-5.350633125869,
    331.35525074139));
#2143 = CARTESIAN_POINT('',(1.450758099083E+03,-5.445364577326,
    331.45025119217));
#2144 = CARTESIAN_POINT('',(1.448351265624E+03,-5.632464450328,
    331.637931455));
#2145 = CARTESIAN_POINT('',(1.447147710615E+03,-5.724840228793,
    331.73061295202));
#2146 = CARTESIAN_POINT('',(1.445944081578E+03,-5.816000616695,
    331.82210695976));
#2147 = CARTESIAN_POINT('',(1.44474037894E+03,-5.905982319829,
    331.91240157157));
#2148 = CARTESIAN_POINT('',(1.443536597482E+03,-5.994689607854,
    332.00146216996));
#2149 = CARTESIAN_POINT('',(1.442332737417E+03,-6.082149065851,
    332.08927998567));
#2150 = CARTESIAN_POINT('',(1.441128795823E+03,-6.168309640494,
    332.1758346086));
#2151 = CARTESIAN_POINT('',(1.439322731401E+03,-6.295580565605,
    332.30371761745));
#2152 = CARTESIAN_POINT('',(1.438720671639E+03,-6.337675590061,
    332.3460221262));
#2153 = CARTESIAN_POINT('',(1.438118590589E+03,-6.379439046263,
    332.38799858991));
#2154 = CARTESIAN_POINT('',(1.437516487953E+03,-6.420867791831,
    332.42964348266));
#2155 = CARTESIAN_POINT('',(1.436914363409E+03,-6.461957696872,
    332.4709532793));
#2156 = CARTESIAN_POINT('',(1.436312216624E+03,-6.502704140314,
    332.51192445454));
#2157 = CARTESIAN_POINT('',(1.435710047268E+03,-6.543102506237,
    332.55255348202));
#2158 = CARTESIAN_POINT('',(1.434505660897E+03,-6.623194993291,
    332.63312022697));
#2159 = CARTESIAN_POINT('',(1.433903443897E+03,-6.66288907847,
    332.67305836976));
#2160 = CARTESIAN_POINT('',(1.433301203668E+03,-6.702226598204,
    332.71264669719));
#2161 = CARTESIAN_POINT('',(1.432698939853E+03,-6.741203215234,
    332.75188063693));
#2162 = CARTESIAN_POINT('',(1.432096652096E+03,-6.779814592584,
    332.79075560895));
#2163 = CARTESIAN_POINT('',(1.431494340045E+03,-6.818056393563,
    332.8292670255));
#2164 = CARTESIAN_POINT('',(1.430892003349E+03,-6.85592428176,
    332.86741029115));
#2165 = CARTESIAN_POINT('',(1.429084966835E+03,-6.968390091484,
    332.98071846496));
#2166 = CARTESIAN_POINT('',(1.427880192183E+03,-7.041853032086,
    333.05476856183));
#2167 = CARTESIAN_POINT('',(1.426675314398E+03,-7.113776341745,
    333.12727585619));
#2168 = CARTESIAN_POINT('',(1.425470331964E+03,-7.184086666757,
    333.19825852623));
#2169 = CARTESIAN_POINT('',(1.424265239762E+03,-7.252765809836,
    333.26758989563));
#2170 = CARTESIAN_POINT('',(1.423060036371E+03,-7.319746123047,
    333.33528575023));
#2171 = CARTESIAN_POINT('',(1.42185471804E+03,-7.384993453293,
    333.4012660983));
#2172 = CARTESIAN_POINT('',(1.42004661906E+03,-7.480185939099,
    333.49760869981));
#2173 = CARTESIAN_POINT('',(1.419443926532E+03,-7.511469604673,
    333.52928358605));
#2174 = CARTESIAN_POINT('',(1.418841204271E+03,-7.542300507823,
    333.56051430988));
#2175 = CARTESIAN_POINT('',(1.418238451907E+03,-7.572671148577,
    333.59129373183));
#2176 = CARTESIAN_POINT('',(1.417635669077E+03,-7.602574027748,
    333.62161465841));
#2177 = CARTESIAN_POINT('',(1.417032855426E+03,-7.632001646941,
    333.6514698422));
#2178 = CARTESIAN_POINT('',(1.416430010606E+03,-7.660946508546,
    333.68085198177));
#2179 = CARTESIAN_POINT('',(1.415224317172E+03,-7.717852845133,
    333.73865255227));
#2180 = CARTESIAN_POINT('',(1.414621468571E+03,-7.745814679915,
    333.76707163171));
#2181 = CARTESIAN_POINT('',(1.414018588129E+03,-7.773278677021,
    333.79500277164));
#2182 = CARTESIAN_POINT('',(1.41341567552E+03,-7.800237388798,
    333.82243901671));
#2183 = CARTESIAN_POINT('',(1.412812730429E+03,-7.826683573668,
    333.84937376864));
#2184 = CARTESIAN_POINT('',(1.412209752547E+03,-7.852609906799,
    333.87579991028));
#2185 = CARTESIAN_POINT('',(1.411606741567E+03,-7.878008690768,
    333.90170892966));
#2186 = CARTESIAN_POINT('',(1.410409343884E+03,-7.927375837984,
    333.95210553131));
#2187 = CARTESIAN_POINT('',(1.409814958163E+03,-7.951358575061,
    333.97660896898));
#2188 = CARTESIAN_POINT('',(1.409220539756E+03,-7.974810525517,
    334.00059175752));
#2189 = CARTESIAN_POINT('',(1.408626088418E+03,-7.99772244165,
    334.02404529323));
#2190 = CARTESIAN_POINT('',(1.408031603919E+03,-8.020085079998,
    334.04696096814));
#2191 = CARTESIAN_POINT('',(1.407437086044E+03,-8.04188920134,
    334.06933017005));
#2192 = CARTESIAN_POINT('',(1.406842534591E+03,-8.063125570691,
    334.09114428246));
#2193 = CARTESIAN_POINT('',(1.40579991759E+03,-8.099352202617,
    334.12840729757));
#2194 = CARTESIAN_POINT('',(1.405351866635E+03,-8.114591883927,
    334.14409966461));
#2195 = CARTESIAN_POINT('',(1.40490379643E+03,-8.129499979704,
    334.15946873313));
#2196 = CARTESIAN_POINT('',(1.404455706901E+03,-8.144072549622,
    334.17451041244));
#2197 = CARTESIAN_POINT('',(1.404007597975E+03,-8.158305689447,
    334.18921999408));
#2198 = CARTESIAN_POINT('',(1.403559469588E+03,-8.172195485917,
    334.20359257225));
#2199 = CARTESIAN_POINT('',(1.403111321684E+03,-8.185737971623,
    334.21762346412));
#2200 = CARTESIAN_POINT('',(1.401982407069E+03,-8.218965655261,
    334.25209581747));
#2201 = CARTESIAN_POINT('',(1.401301614824E+03,-8.238190394252,
    334.27208409469));
#2202 = CARTESIAN_POINT('',(1.400620777403E+03,-8.256585340861,
    334.2912589546));
#2203 = CARTESIAN_POINT('',(1.3999398948E+03,-8.274132563693,
    334.3096030943));
#2204 = CARTESIAN_POINT('',(1.399258967044E+03,-8.2908141411,
    334.32710002753));
#2205 = CARTESIAN_POINT('',(1.398577994186E+03,-8.306612159051,
    334.34373491017));
#2206 = CARTESIAN_POINT('',(1.397896976327E+03,-8.321508721706,
    334.35949257878));
#2207 = CARTESIAN_POINT('',(1.396535026557E+03,-8.349459920603,
    334.38920897126));
#2208 = CARTESIAN_POINT('',(1.395854094805E+03,-8.362512582409,
    334.40316747266));
#2209 = CARTESIAN_POINT('',(1.395173118023E+03,-8.374638342685,
    334.4162082491));
#2210 = CARTESIAN_POINT('',(1.394492097961E+03,-8.385785945887,
    334.4283111957));
#2211 = CARTESIAN_POINT('',(1.39381103221E+03,-8.395996922823,
    334.4394562615));
#2212 = CARTESIAN_POINT('',(1.393129924009E+03,-8.405190605161,
    334.4496232841));
#2213 = CARTESIAN_POINT('',(1.392448772644E+03,-8.413373418237,
    334.45879216343));
#2214 = CARTESIAN_POINT('',(1.39125035428E+03,-8.425931699343,
    334.47313118043));
#2215 = CARTESIAN_POINT('',(1.390733104994E+03,-8.43075066466,
    334.47873312881));
#2216 = CARTESIAN_POINT('',(1.390215831794E+03,-8.434958169851,
    334.48373970164));
#2217 = CARTESIAN_POINT('',(1.389698535064E+03,-8.438543929298,
    334.48814032442));
#2218 = CARTESIAN_POINT('',(1.389181215238E+03,-8.441497674774,
    334.49192345426));
#2219 = CARTESIAN_POINT('',(1.38866387278E+03,-8.443809152669,
    334.49507729142));
#2220 = CARTESIAN_POINT('',(1.38814650817E+03,-8.445468121222,
    334.49759049082));
#2221 = CARTESIAN_POINT('',(1.387236870166E+03,-8.447219933601,
    334.50086468364));
#2222 = CARTESIAN_POINT('',(1.386844606053E+03,-8.447593618305,
    334.50190208246));
#2223 = CARTESIAN_POINT('',(1.386452329677E+03,-8.447582552039,
    334.50256018118));
#2224 = CARTESIAN_POINT('',(1.386060041254E+03,-8.447182473563,
    334.50283408841));
#2225 = CARTESIAN_POINT('',(1.385667741078E+03,-8.446388047916,
    334.50271891062));
#2226 = CARTESIAN_POINT('',(1.385275429499E+03,-8.44519320412,
    334.50220975252));
#2227 = CARTESIAN_POINT('',(1.384883106899E+03,-8.443591472876,
    334.50130171752));
#2228 = CARTESIAN_POINT('',(1.383892534819E+03,-8.438503817194,
    334.49798918916));
#2229 = CARTESIAN_POINT('',(1.383294271156E+03,-8.434470980702,
    334.49505182554));
#2230 = CARTESIAN_POINT('',(1.382695984145E+03,-8.429456254662,
    334.4911558106));
#2231 = CARTESIAN_POINT('',(1.38209767534E+03,-8.423438120075,
    334.48627867728));
#2232 = CARTESIAN_POINT('',(1.381499346386E+03,-8.416395101611,
    334.48039769432));
#2233 = CARTESIAN_POINT('',(1.380900999007E+03,-8.408305770156,
    334.47349006229));
#2234 = CARTESIAN_POINT('',(1.380302635008E+03,-8.399148745345,
    334.46553310974));
#2235 = CARTESIAN_POINT('',(1.379097481992E+03,-8.378512717383,
    334.44734909523));
#2236 = CARTESIAN_POINT('',(1.378490692463E+03,-8.367005189917,
    334.43709128927));
#2237 = CARTESIAN_POINT('',(1.377883890521E+03,-8.354343247062,
    334.42571150074));
#2238 = CARTESIAN_POINT('',(1.377277075318E+03,-8.34055377864,
    334.41316565476));
#2239 = CARTESIAN_POINT('',(1.376670253519E+03,-8.32552616077,
    334.39948500472));
#2240 = CARTESIAN_POINT('',(1.376063426592E+03,-8.309292726096,
    334.38456559723));
#2241 = CARTESIAN_POINT('',(1.375456598865E+03,-8.291785761206,
    334.36842202444));
#2242 = CARTESIAN_POINT('',(1.374322449469E+03,-8.256651213391,
    334.33586732593));
#2243 = CARTESIAN_POINT('',(1.373795127156E+03,-8.23933797764,
    334.31977259058));
#2244 = CARTESIAN_POINT('',(1.373267809481E+03,-8.221025789798,
    334.30269439963));
#2245 = CARTESIAN_POINT('',(1.372740498465E+03,-8.201695453435,
    334.28461863635));
#2246 = CARTESIAN_POINT('',(1.372213197083E+03,-8.181325204409,
    334.26551884766));
#2247 = CARTESIAN_POINT('',(1.371685908179E+03,-8.159893850156,
    334.2453721637));
#2248 = CARTESIAN_POINT('',(1.371158633754E+03,-8.137383081735,
    334.22416915646));
#2249 = CARTESIAN_POINT('',(1.370236063764E+03,-8.096065385596,
    334.18515545906));
#2250 = CARTESIAN_POINT('',(1.369840760247E+03,-8.077739647723,
    334.16782420693));
#2251 = CARTESIAN_POINT('',(1.369445469024E+03,-8.058779351681,
    334.149866369));
#2252 = CARTESIAN_POINT('',(1.369050191964E+03,-8.039171245021,
    334.13126955109));
#2253 = CARTESIAN_POINT('',(1.368654930985E+03,-8.018902108805,
    334.11202135769));
#2254 = CARTESIAN_POINT('',(1.368259688056E+03,-7.997958757607,
    334.09210939195));
#2255 = CARTESIAN_POINT('',(1.367864465198E+03,-7.976328039512,
    334.07152125566));
#2256 = CARTESIAN_POINT('',(1.367171429013E+03,-7.937167353432,
    334.03420970312));
#2257 = CARTESIAN_POINT('',(1.366873606111E+03,-7.919940021943,
    334.01778397384));
#2258 = CARTESIAN_POINT('',(1.36657579668E+03,-7.902309234512,
    334.0009617182));
#2259 = CARTESIAN_POINT('',(1.366278001625E+03,-7.884269389894,
    333.98373765855));
#2260 = CARTESIAN_POINT('',(1.365980221855E+03,-7.865814897088,
    333.96610666989));
#2261 = CARTESIAN_POINT('',(1.365682458303E+03,-7.846940179689,
    333.9480635669));
#2262 = CARTESIAN_POINT('',(1.365384711939E+03,-7.827639680239,
    333.92960289109));
#2263 = CARTESIAN_POINT('',(1.364638790882E+03,-7.778203441755,
    333.88229043604));
#2264 = CARTESIAN_POINT('',(1.36419063885E+03,-7.747527232177,
    333.85289969087));
#2265 = CARTESIAN_POINT('',(1.36374253477E+03,-7.715831123385,
    333.82251980546));
#2266 = CARTESIAN_POINT('',(1.363294473685E+03,-7.68317707705,
    333.79112326815));
#2267 = CARTESIAN_POINT('',(1.362846473522E+03,-7.649423385668,
    333.75868408832));
#2268 = CARTESIAN_POINT('',(1.36239853096E+03,-7.614619702126,
    333.7251748888));
#2269 = CARTESIAN_POINT('',(1.361950656671E+03,-7.578692602408,
    333.69056920008));
#2270 = CARTESIAN_POINT('',(1.361275135608E+03,-7.522775744385,
    333.63667101489));
#2271 = CARTESIAN_POINT('',(1.36104743503E+03,-7.503630383318,
    333.6182112703));
#2272 = CARTESIAN_POINT('',(1.360819754157E+03,-7.484185335957,
    333.59945751817));
#2273 = CARTESIAN_POINT('',(1.360592093804E+03,-7.464436482075,
    333.58040629574));
#2274 = CARTESIAN_POINT('',(1.360364454804E+03,-7.444379712582,
    333.56105409175));
#2275 = CARTESIAN_POINT('',(1.360136838006E+03,-7.424010929521,
    333.54139734643));
#2276 = CARTESIAN_POINT('',(1.359909244274E+03,-7.403326046071,
    333.52143245149));
#2277 = CARTESIAN_POINT('',(1.359454133957E+03,-7.361318632136,
    333.48088130866));
#2278 = CARTESIAN_POINT('',(1.359226617463E+03,-7.339996214571,
    333.46029392395));
#2279 = CARTESIAN_POINT('',(1.358999126042E+03,-7.318349705664,
    333.43938802795));
#2280 = CARTESIAN_POINT('',(1.358771660747E+03,-7.29637509301,
    333.41815805248));
#2281 = CARTESIAN_POINT('',(1.358544222643E+03,-7.274068379977,
    333.39659842918));
#2282 = CARTESIAN_POINT('',(1.358316812816E+03,-7.251425585709,
    333.37470358956));
#2283 = CARTESIAN_POINT('',(1.358089432365E+03,-7.228442745124,
    333.35246796498));
#2284 = CARTESIAN_POINT('',(1.357433189867E+03,-7.161109601212,
    333.28728569633));
#2285 = CARTESIAN_POINT('',(1.357004405593E+03,-7.11588343078,
    333.24345045119));
#2286 = CARTESIAN_POINT('',(1.356575737389E+03,-7.069398618695,
    333.19835393944));
#2287 = CARTESIAN_POINT('',(1.356147200805E+03,-7.02159027876,
    333.15192997546));
#2288 = CARTESIAN_POINT('',(1.35571879903E+03,-6.972425856373,
    333.10419653562));
#2289 = CARTESIAN_POINT('',(1.355290552792E+03,-6.921844436005,
    333.05504019524));
#2290 = CARTESIAN_POINT('',(1.354862464536E+03,-6.869803502815,
    333.00450501978));
#2291 = CARTESIAN_POINT('',(1.354111939828E+03,-6.775881366084,
    332.91327181128));
#2292 = CARTESIAN_POINT('',(1.353789426784E+03,-6.734650864911,
    332.87321678437));
#2293 = CARTESIAN_POINT('',(1.353467019761E+03,-6.692545821554,
    332.83229589106));
#2294 = CARTESIAN_POINT('',(1.353144726841E+03,-6.64953671936,
    332.79048219922));
#2295 = CARTESIAN_POINT('',(1.352822551855E+03,-6.605620072715,
    332.74774816289));
#2296 = CARTESIAN_POINT('',(1.352500505071E+03,-6.560755813087,
    332.70406714354));
#2297 = CARTESIAN_POINT('',(1.352178590262E+03,-6.514943049712,
    332.65941157761));
#2298 = CARTESIAN_POINT('',(1.351621243794E+03,-6.433892084424,
    332.58032889023));
#2299 = CARTESIAN_POINT('',(1.35138574702E+03,-6.399106261779,
    332.54636676297));
#2300 = CARTESIAN_POINT('',(1.351150330977E+03,-6.363775313074,
    332.51185641489));
#2301 = CARTESIAN_POINT('',(1.350914999779E+03,-6.327881793647,
    332.47679128359));
#2302 = CARTESIAN_POINT('',(1.350679758661E+03,-6.29140873836,
    332.44115597791));
#2303 = CARTESIAN_POINT('',(1.350444612227E+03,-6.254338983574,
    332.4049411146));
#2304 = CARTESIAN_POINT('',(1.350209563992E+03,-6.216654974617,
    332.36814738838));
#2305 = CARTESIAN_POINT('',(1.349610184808E+03,-6.118908836979,
    332.27271326654));
#2306 = CARTESIAN_POINT('',(1.349246001906E+03,-6.057960414128,
    332.21321951269));
#2307 = CARTESIAN_POINT('',(1.348882095602E+03,-5.995433722284,
    332.15218519197));
#2308 = CARTESIAN_POINT('',(1.348518489049E+03,-5.931267757834,
    332.08953788651));
#2309 = CARTESIAN_POINT('',(1.348155206123E+03,-5.865402411023,
    332.02520542988));
#2310 = CARTESIAN_POINT('',(1.34779227142E+03,-5.797778465959,
    331.95911590701));
#2311 = CARTESIAN_POINT('',(1.347429710257E+03,-5.728337600611,
    331.89119765428));
#2312 = CARTESIAN_POINT('',(1.346886371281E+03,-5.621345716984,
    331.78645162036));
#2313 = CARTESIAN_POINT('',(1.346705294418E+03,-5.585199100993,
    331.75104665717));
#2314 = CARTESIAN_POINT('',(1.346524321208E+03,-5.548564632246,
    331.71516728005));
#2315 = CARTESIAN_POINT('',(1.346343463173E+03,-5.511427923665,
    331.67876542381));
#2316 = CARTESIAN_POINT('',(1.346162711322E+03,-5.473766295904,
    331.64191897575));
#2317 = CARTESIAN_POINT('',(1.345982089365E+03,-5.435570197641,
    331.60450822228));
#2318 = CARTESIAN_POINT('',(1.345801594055E+03,-5.396819585795,
    331.56657679376));
#2319 = CARTESIAN_POINT('',(1.345440780224E+03,-5.318159242801,
    331.48956608756));
#2320 = CARTESIAN_POINT('',(1.345260461022E+03,-5.278248580111,
    331.45049146627));
#2321 = CARTESIAN_POINT('',(1.345080286252E+03,-5.237752350934,
    331.41083927962));
#2322 = CARTESIAN_POINT('',(1.344900263258E+03,-5.196654882644,
    331.37059107395));
#2323 = CARTESIAN_POINT('',(1.344720399512E+03,-5.154940711414,
    331.32972845326));
#2324 = CARTESIAN_POINT('',(1.344540702615E+03,-5.112594582212,
    331.28823307925));
#2325 = CARTESIAN_POINT('',(1.3443611803E+03,-5.069601448802,
    331.24608667129));
#2326 = CARTESIAN_POINT('',(1.344089632895E+03,-5.003501333594,
    331.18125745582));
#2327 = CARTESIAN_POINT('',(1.344005770955E+03,-4.982901208791,
    331.16104790438));
#2328 = CARTESIAN_POINT('',(1.343923939914E+03,-4.962663400378,
    331.141189763));
#2329 = CARTESIAN_POINT('',(1.343840329314E+03,-4.941846412043,
    331.12075882539));
#2330 = CARTESIAN_POINT('',(1.343753621834E+03,-4.920089435473,
    331.09939946966));
#2331 = CARTESIAN_POINT('',(1.34366498219E+03,-4.89765183572,
    331.07736485987));
#2332 = CARTESIAN_POINT('',(1.343578046043E+03,-4.875452636556,
    331.05555714758));
#2333 = CARTESIAN_POINT('',(1.343414006681E+03,-4.833285390579,
    331.01412208621));
#2334 = CARTESIAN_POINT('',(1.343339827484E+03,-4.814047609876,
    330.99521139901));
#2335 = CARTESIAN_POINT('',(1.343268160648E+03,-4.795354072847,
    330.97683143594));
#2336 = CARTESIAN_POINT('',(1.343194017506E+03,-4.775905182284,
    330.9577041392));
#2337 = CARTESIAN_POINT('',(1.343115618976E+03,-4.755193225611,
    330.93732802052));
#2338 = CARTESIAN_POINT('',(1.343034383158E+03,-4.733551265849,
    330.91602861252));
#2339 = CARTESIAN_POINT('',(1.342954912934E+03,-4.712202032582,
    330.89500892015));
#2340 = CARTESIAN_POINT('',(1.342612197136E+03,-4.619597696478,
    330.80380786281));
#2341 = CARTESIAN_POINT('',(1.342339955633E+03,-4.544126384181,
    330.72939724075));
#2342 = CARTESIAN_POINT('',(1.342068346989E+03,-4.466703604911,
    330.65302484277));
#2343 = CARTESIAN_POINT('',(1.341797462273E+03,-4.387143088313,
    330.57454946018));
#2344 = CARTESIAN_POINT('',(1.341527395474E+03,-4.305262016049,
    330.4938324564));
#2345 = CARTESIAN_POINT('',(1.341258243276E+03,-4.220881473067,
    330.41073838461));
#2346 = CARTESIAN_POINT('',(1.340990104844E+03,-4.133826898858,
    330.32513560541));
#2347 = CARTESIAN_POINT('',(1.340656712653E+03,-4.021584195685,
    330.21496507075));
#2348 = CARTESIAN_POINT('',(1.340590412626E+03,-3.999064184492,
    330.19287040935));
#2349 = CARTESIAN_POINT('',(1.340524183087E+03,-3.976365902169,
    330.17061096974));
#2350 = CARTESIAN_POINT('',(1.340458025616E+03,-3.953486767257,
    330.14818482148));
#2351 = CARTESIAN_POINT('',(1.340391941799E+03,-3.930424219812,
    330.12559005417));
#2352 = CARTESIAN_POINT('',(1.340325933235E+03,-3.907175721408,
    330.10282477746));
#2353 = CARTESIAN_POINT('',(1.340260001533E+03,-3.883738755134,
    330.07988712107));
#2354 = CARTESIAN_POINT('',(1.340093889268E+03,-3.824137245404,
    330.02158770252));
#2355 = CARTESIAN_POINT('',(1.339992969459E+03,-3.787425597856,
    329.98570327299));
#2356 = CARTESIAN_POINT('',(1.339892887263E+03,-3.750455534847,
    329.94962440934));
#2357 = CARTESIAN_POINT('',(1.339794266951E+03,-3.713551586252,
    329.91354578328));
#2358 = CARTESIAN_POINT('',(1.339696947251E+03,-3.676530225783,
    329.87744236134));
#2359 = CARTESIAN_POINT('',(1.339599851307E+03,-3.63918718718,
    329.84089508795));
#2360 = CARTESIAN_POINT('',(1.339501180837E+03,-3.600644547687,
    329.80319591227));
#2361 = CARTESIAN_POINT('',(1.339303279192E+03,-3.522032686007,
    329.72623005839));
#2362 = CARTESIAN_POINT('',(1.339205735104E+03,-3.482719307128,
    329.68771961669));
#2363 = CARTESIAN_POINT('',(1.339107189633E+03,-3.442358456362,
    329.64816280911));
#2364 = CARTESIAN_POINT('',(1.339008705848E+03,-3.401331617945,
    329.60793557071));
#2365 = CARTESIAN_POINT('',(1.338910892978E+03,-3.359870036648,
    329.56726737713));
#2366 = CARTESIAN_POINT('',(1.338813915201E+03,-3.318037325482,
    329.52622315146));
#2367 = CARTESIAN_POINT('',(1.338717504169E+03,-3.275706106992,
    329.48467985862));
#2368 = CARTESIAN_POINT('',(1.338540757765E+03,-3.196647441222,
    329.40707748675));
#2369 = CARTESIAN_POINT('',(1.338460569227E+03,-3.160231168806,
    329.3713263736));
#2370 = CARTESIAN_POINT('',(1.338380434527E+03,-3.123270446028,
    329.33503610438));
#2371 = CARTESIAN_POINT('',(1.338300408436E+03,-3.085769112145,
    329.29821128455));
#2372 = CARTESIAN_POINT('',(1.3382205752E+03,-3.047746513812,
    329.26087165778));
#2373 = CARTESIAN_POINT('',(1.338141048115E+03,-3.009239748336,
    329.22305429531));
#2374 = CARTESIAN_POINT('',(1.338061969112E+03,-2.970305906931,
    329.18481578534));
#2375 = CARTESIAN_POINT('',(1.337920070248E+03,-2.899264150255,
    329.11503622184));
#2376 = CARTESIAN_POINT('',(1.337856828844E+03,-2.867172212735,
    329.08352276078));
#2377 = CARTESIAN_POINT('',(1.337793793041E+03,-2.834745779061,
    329.05167874886));
#2378 = CARTESIAN_POINT('',(1.337730972102E+03,-2.801982881966,
    329.01948794097));
#2379 = CARTESIAN_POINT('',(1.337668375629E+03,-2.76888231327,
    328.98693313729));
#2380 = CARTESIAN_POINT('',(1.337606013564E+03,-2.735443623876,
    328.95399618324));
#2381 = CARTESIAN_POINT('',(1.337543896188E+03,-2.701667123774,
    328.92065796952));
#2382 = CARTESIAN_POINT('',(1.337482034122E+03,-2.667553882038,
    328.88689843206));
#2383 = CARTESIAN_POINT('',(1.337375761518E+03,-2.608933776451,
    328.82890505898));
#2384 = CARTESIAN_POINT('',(1.337279416504E+03,-2.554505162295,
    328.77467866293));
#2385 = CARTESIAN_POINT('',(1.337189034278E+03,-2.501925578209,
    328.72244368251));
#2386 = CARTESIAN_POINT('',(1.337101119064E+03,-2.450608892813,
    328.67033637002));
#2387 = CARTESIAN_POINT('',(1.337014279543E+03,-2.398142789239,
    328.61748973444));
#2388 = CARTESIAN_POINT('',(1.336927177072E+03,-2.344450293101,
    328.56297347583));
#2389 = CARTESIAN_POINT('',(1.336839881351E+03,-2.288834087707,
    328.50663021537));
#2390 = CARTESIAN_POINT('',(1.336664463512E+03,-2.17324059294,
    328.38978192709));
#2391 = CARTESIAN_POINT('',(1.336576970379E+03,-2.113559913414,
    328.32970195283));
#2392 = CARTESIAN_POINT('',(1.336490757071E+03,-2.052560716847,
    328.2682436803));
#2393 = CARTESIAN_POINT('',(1.336405588495E+03,-1.989660034028,
    328.20617070491));
#2394 = CARTESIAN_POINT('',(1.336322239351E+03,-1.925523999878,
    328.1420873687));
#2395 = CARTESIAN_POINT('',(1.336239916525E+03,-1.85889992507,
    328.07796392217));
#2396 = CARTESIAN_POINT('',(1.336159567059E+03,-1.79056103599,
    328.01216948139));
#2397 = CARTESIAN_POINT('',(1.336081081816E+03,-1.720132977252,
    327.94520114045));
#2398 = CARTESIAN_POINT('',(1.336033041781E+03,-1.67702485574,
    327.90419425975));
#2399 = CARTESIAN_POINT('',(1.335985726353E+03,-1.633163680846,
    327.86269555986));
#2400 = CARTESIAN_POINT('',(1.335939182682E+03,-1.588539797507,
    327.82067771601));
#2401 = CARTESIAN_POINT('',(1.335893456491E+03,-1.543148352117,
    327.77811292126));
#2402 = CARTESIAN_POINT('',(1.335848592074E+03,-1.496989292522,
    327.73497288653));
#2403 = CARTESIAN_POINT('',(1.335804632303E+03,-1.450067368023,
    327.69122884062));
#2404 = CARTESIAN_POINT('',(1.335761618622E+03,-1.402392129374,
    327.64685153015));
#2405 = CARTESIAN_POINT('',(1.335658443505E+03,-1.283542456748,
    327.53627868987));
#2406 = CARTESIAN_POINT('',(1.335599369048E+03,-1.211515060437,
    327.46933135375));
#2407 = CARTESIAN_POINT('',(1.335542504118E+03,-1.138011265487,
    327.40086929467));
#2408 = CARTESIAN_POINT('',(1.335488023622E+03,-1.063166162472,
    327.33086851568));
#2409 = CARTESIAN_POINT('',(1.335436103636E+03,-0.98710709001,
    327.25931181587));
#2410 = CARTESIAN_POINT('',(1.335386908761E+03,-0.909926561782,
    327.18618178412));
#2411 = CARTESIAN_POINT('',(1.335340604138E+03,-0.831655437443,
    327.11151591039));
#2412 = CARTESIAN_POINT('',(1.335297392114E+03,-0.752236337439,
    327.03552381426));
#2413 = CARTESIAN_POINT('',(1.33525117945E+03,-0.666405194862,
    326.95473630109));
#2414 = CARTESIAN_POINT('',(1.335209533848E+03,-0.586125323217,
    326.87156690585));
#2415 = CARTESIAN_POINT('',(1.335174123329E+03,-0.497360268959,
    326.79941499284));
#2416 = CARTESIAN_POINT('',(1.335137524473E+03,-0.415056902181,
    326.70896268642));
#2417 = CARTESIAN_POINT('',(1.335106209294E+03,-0.323011630888,
    326.62395717087));
#2418 = CARTESIAN_POINT('',(1.335083241808E+03,-0.219145280131,
    326.551924357));
#2419 = CARTESIAN_POINT('',(1.335059042721E+03,-0.135216054185,
    326.4532173256));
#2420 = CARTESIAN_POINT('',(1.33505858061E+03,0.,326.45180295813));
#2421 = CARTESIAN_POINT('',(1.335059683869E+03,9.246425531689E-02,
    326.45705933135));
#2422 = CARTESIAN_POINT('',(1.335070298765E+03,0.171127599687,
    326.49815370537));
#2423 = CARTESIAN_POINT('',(1.3350866971E+03,0.241370475258,
    326.55662976251));
#2424 = CARTESIAN_POINT('',(1.335106253769E+03,0.307211912339,
    326.61956626948));
#2425 = CARTESIAN_POINT('',(1.335127446752E+03,0.371309529407,
    326.67957707735));
#2426 = CARTESIAN_POINT('',(1.335149857126E+03,0.434959533099,
    326.73481112158));
#2427 = CARTESIAN_POINT('',(1.335174169053E+03,0.498096718218,
    326.78895242201));
#2428 = CARTESIAN_POINT('',(1.335202169789E+03,0.559294467729,
    326.85122008285));
#2429 = CARTESIAN_POINT('',(1.335224216125E+03,0.609159188196,
    326.89854992424));
#2430 = CARTESIAN_POINT('',(1.335247567188E+03,0.658488865165,
    326.94570585646));
#2431 = CARTESIAN_POINT('',(1.335272161442E+03,0.707340541818,
    326.99255084618));
#2432 = CARTESIAN_POINT('',(1.3352979429E+03,0.755755213967,
    327.03897703395));
#2433 = CARTESIAN_POINT('',(1.335324861124E+03,0.803757830054,
    327.08490573419));
#2434 = CARTESIAN_POINT('',(1.335352871226E+03,0.851357291156,
    327.13028743519));
#2435 = CARTESIAN_POINT('',(1.335381933866E+03,0.898546450978,
    327.17510179908));
#2436 = CARTESIAN_POINT('',(1.335459380943E+03,1.018929112303,
    327.28903913445));
#2437 = CARTESIAN_POINT('',(1.335512260207E+03,1.096167749126,
    327.36175608928));
#2438 = CARTESIAN_POINT('',(1.335568544947E+03,1.172774772794,
    327.43336447361));
#2439 = CARTESIAN_POINT('',(1.335626214792E+03,1.246268335731,
    327.50172139314));
#2440 = CARTESIAN_POINT('',(1.335684099951E+03,1.315927974707,
    327.56639770617));
#2441 = CARTESIAN_POINT('',(1.335742414988E+03,1.382657732811,
    327.62840229674));
#2442 = CARTESIAN_POINT('',(1.335803063516E+03,1.448712425026,
    327.68991802696));
#2443 = CARTESIAN_POINT('',(1.335932516348E+03,1.581897564984,
    327.81448663873));
#2444 = CARTESIAN_POINT('',(1.335997055737E+03,1.645025875036,
    327.87374572182));
#2445 = CARTESIAN_POINT('',(1.336063176335E+03,1.706624915189,
    327.93197510123));
#2446 = CARTESIAN_POINT('',(1.336130786781E+03,1.766737059505,
    327.98918792321));
#2447 = CARTESIAN_POINT('',(1.336199766744E+03,1.825393138981,
    328.0454459108));
#2448 = CARTESIAN_POINT('',(1.336269949873E+03,1.882590349003,
    328.10089591245));
#2449 = CARTESIAN_POINT('',(1.336341182956E+03,1.938349043721,
    328.15565908508));
#2450 = CARTESIAN_POINT('',(1.336490122048E+03,2.050650699824,
    328.26676197704));
#2451 = CARTESIAN_POINT('',(1.336567306571E+03,2.106534816458,
    328.32256419054));
#2452 = CARTESIAN_POINT('',(1.336645109212E+03,2.160821315338,
    328.37713771146));
#2453 = CARTESIAN_POINT('',(1.336723595846E+03,2.213753848895,
    328.43059932124));
#2454 = CARTESIAN_POINT('',(1.336802792579E+03,2.265518037551,
    328.48302702496));
#2455 = CARTESIAN_POINT('',(1.33688267724E+03,2.316255059511,
    328.53446353552));
#2456 = CARTESIAN_POINT('',(1.336963173661E+03,2.366069966691,
    328.58492044042));
#2457 = CARTESIAN_POINT('',(1.337044148745E+03,2.4150347268,
    328.6343830511));
#2458 = CARTESIAN_POINT('',(1.337128068557E+03,2.465796117687,
    328.6856445053));
#2459 = CARTESIAN_POINT('',(1.337212705248E+03,2.515678001813,
    328.73596120578));
#2460 = CARTESIAN_POINT('',(1.337297876719E+03,2.565008838913,
    328.78528645816));
#2461 = CARTESIAN_POINT('',(1.337383591247E+03,2.613696868342,
    328.83369734694));
#2462 = CARTESIAN_POINT('',(1.337469840152E+03,2.661696742222,
    328.88125482866));
#2463 = CARTESIAN_POINT('',(1.33755657999E+03,2.709043201868,
    328.92799711031));
#2464 = CARTESIAN_POINT('',(1.337643781964E+03,2.755736725471,
    328.97397555037));
#2465 = CARTESIAN_POINT('',(1.337812724472E+03,2.844463713355,
    329.06123370296));
#2466 = CARTESIAN_POINT('',(1.337889935672E+03,2.884251940286,
    329.10029377889));
#2467 = CARTESIAN_POINT('',(1.337966503733E+03,2.923091767722,
    329.13843843544));
#2468 = CARTESIAN_POINT('',(1.338044542181E+03,2.96206434331,
    329.17672468824));
#2469 = CARTESIAN_POINT('',(1.338124754812E+03,3.001453760229,
    329.21541106185));
#2470 = CARTESIAN_POINT('',(1.338206375544E+03,3.040827188883,
    329.25407308124));
#2471 = CARTESIAN_POINT('',(1.338287127556E+03,3.079112330497,
    329.29167387295));
#2472 = CARTESIAN_POINT('',(1.338482681305E+03,3.170520843245,
    329.38142912851));
#2473 = CARTESIAN_POINT('',(1.33860276609E+03,3.225317945471,
    329.43522817816));
#2474 = CARTESIAN_POINT('',(1.338723421909E+03,3.279100008129,
    329.48802027205));
#2475 = CARTESIAN_POINT('',(1.338844614985E+03,3.331904942483,
    329.53983950983));
#2476 = CARTESIAN_POINT('',(1.338966311912E+03,3.383772062229,
    329.59072084395));
#2477 = CARTESIAN_POINT('',(1.339088479647E+03,3.434742083493,
    329.64070007969));
#2478 = CARTESIAN_POINT('',(1.339211085519E+03,3.484857124833,
    329.68981387516));
#2479 = CARTESIAN_POINT('',(1.339391811149E+03,3.557293537412,
    329.76075420469));
#2480 = CARTESIAN_POINT('',(1.339449614987E+03,3.580245958417,
    329.78322658935));
#2481 = CARTESIAN_POINT('',(1.339507504781E+03,3.603024359317,
    329.80552052194));
#2482 = CARTESIAN_POINT('',(1.339565476932E+03,3.625634150237,
    329.82763977941));
#2483 = CARTESIAN_POINT('',(1.339623528192E+03,3.648079762359,
    329.849588289));
#2484 = CARTESIAN_POINT('',(1.339681655673E+03,3.670364647921,
    329.87137012819));
#2485 = CARTESIAN_POINT('',(1.339739856838E+03,3.692491280219,
    329.89298952476));
#2486 = CARTESIAN_POINT('',(1.339863622937E+03,3.739152319645,
    329.93857274147));
#2487 = CARTESIAN_POINT('',(1.339929207925E+03,3.76364417117,
    329.96249263185));
#2488 = CARTESIAN_POINT('',(1.339994880708E+03,3.787937844968,
    329.98621965732));
#2489 = CARTESIAN_POINT('',(1.340060638007E+03,3.812034794111,
    330.0097613254));
#2490 = CARTESIAN_POINT('',(1.340126477019E+03,3.835936787956,
    330.03312352162));
#2491 = CARTESIAN_POINT('',(1.340192395424E+03,3.859645912146,
    330.05631050957));
#2492 = CARTESIAN_POINT('',(1.340258391377E+03,3.88316456861,
    330.07932493089));
#2493 = CARTESIAN_POINT('',(1.340565040016E+03,3.99144613527,
    330.18533956878));
#2494 = CARTESIAN_POINT('',(1.340806627662E+03,4.073907825596,
    330.26623205963));
#2495 = CARTESIAN_POINT('',(1.341049148951E+03,4.154002955825,
    330.34493631411));
#2496 = CARTESIAN_POINT('',(1.341292527922E+03,4.23185763748,
    330.42154685799));
#2497 = CARTESIAN_POINT('',(1.341536690317E+03,4.307601339302,
    330.49616127559));
#2498 = CARTESIAN_POINT('',(1.341781563747E+03,4.381366542232,
    330.56887977888));
#2499 = CARTESIAN_POINT('',(1.342027077857E+03,4.453288394393,
    330.63980477652));
#2500 = CARTESIAN_POINT('',(1.342366422117E+03,4.55011365494,
    330.73527820178));
#2501 = CARTESIAN_POINT('',(1.342459031303E+03,4.576269217997,
    330.7610676526));
#2502 = CARTESIAN_POINT('',(1.342551893831E+03,4.60224492615,
    330.78667683652));
#2503 = CARTESIAN_POINT('',(1.342645439294E+03,4.628163581237,
    330.81222546781));
#2504 = CARTESIAN_POINT('',(1.342739620551E+03,4.654010901366,
    330.83769766368));
#2505 = CARTESIAN_POINT('',(1.342833910415E+03,4.679646384626,
    330.86295263382));
#2506 = CARTESIAN_POINT('',(1.342927299591E+03,4.704811051188,
    330.88773332995));
#2507 = CARTESIAN_POINT('',(1.343349769893E+03,4.817725405916,
    330.99887802953));
#2508 = CARTESIAN_POINT('',(1.343682012663E+03,4.903786929208,
    331.08346201489));
#2509 = CARTESIAN_POINT('',(1.344014970084E+03,4.987405659833,
    331.16554039002));
#2510 = CARTESIAN_POINT('',(1.344348589648E+03,5.068673433663,
    331.24522935135));
#2511 = CARTESIAN_POINT('',(1.344682820426E+03,5.147684896267,
    331.32264591296));
#2512 = CARTESIAN_POINT('',(1.345017613068E+03,5.224537502904,
    331.39790790662));
#2513 = CARTESIAN_POINT('',(1.3453529198E+03,5.299331518531,
    331.47113398174));
#2514 = CARTESIAN_POINT('',(1.345860663132E+03,5.409474506403,
    331.57896565453));
#2515 = CARTESIAN_POINT('',(1.346032755171E+03,5.446266155986,
    331.61498100808));
#2516 = CARTESIAN_POINT('',(1.346204961132E+03,5.482557469506,
    331.65052503937));
#2517 = CARTESIAN_POINT('',(1.346377283635E+03,5.51836571653,
    331.68556145497));
#2518 = CARTESIAN_POINT('',(1.346549701329E+03,5.553698925161,
    331.72019857189));
#2519 = CARTESIAN_POINT('',(1.346722224436E+03,5.588577638499,
    331.7543546877));
#2520 = CARTESIAN_POINT('',(1.346894840755E+03,5.623013482565,
    331.78808460027));
#2521 = CARTESIAN_POINT('',(1.34724018805E+03,5.691017724664,
    331.85466108815));
#2522 = CARTESIAN_POINT('',(1.347412918232E+03,5.724587173783,
    331.88751115377));
#2523 = CARTESIAN_POINT('',(1.347585736396E+03,5.757736938104,
    331.91993718244));
#2524 = CARTESIAN_POINT('',(1.347758639754E+03,5.790473272583,
    331.95194691606));
#2525 = CARTESIAN_POINT('',(1.347931625559E+03,5.822802483206,
    331.98354811233));
#2526 = CARTESIAN_POINT('',(1.3481046911E+03,5.854730926981,
    332.01474854474));
#2527 = CARTESIAN_POINT('',(1.348277833708E+03,5.886265011944,
    332.04555600255));
#2528 = CARTESIAN_POINT('',(1.34860725146E+03,5.945497673199,
    332.10341198286));
#2529 = CARTESIAN_POINT('',(1.348763512698E+03,5.97326871433,
    332.13053246145));
#2530 = CARTESIAN_POINT('',(1.348919832532E+03,6.000729057064,
    332.15734544922));
#2531 = CARTESIAN_POINT('',(1.349076209057E+03,6.027883465849,
    332.18385667614));
#2532 = CARTESIAN_POINT('',(1.34923264039E+03,6.05473673306,
    332.21007187955));
#2533 = CARTESIAN_POINT('',(1.349389124672E+03,6.081293678996,
    332.23599680413));
#2534 = CARTESIAN_POINT('',(1.349545660071E+03,6.107559151887,
    332.26163720188));
#2535 = CARTESIAN_POINT('',(1.349849451572E+03,6.157961026392,
    332.31084128794));
#2536 = CARTESIAN_POINT('',(1.349996701802E+03,6.18213067633,
    332.33443851682));
#2537 = CARTESIAN_POINT('',(1.350143994324E+03,6.206051157536,
    332.35779231818));
#2538 = CARTESIAN_POINT('',(1.350291327379E+03,6.229726439427,
    332.38090974911));
#2539 = CARTESIAN_POINT('',(1.350438699328E+03,6.253160549005,
    332.40379700713));
#2540 = CARTESIAN_POINT('',(1.350586108947E+03,6.276357677536,
    332.42645694045));
#2541 = CARTESIAN_POINT('',(1.3507335553E+03,6.299322125922,
    332.44889018561));
#2542 = CARTESIAN_POINT('',(1.351019977596E+03,6.343477294256,
    332.49202344398));
#2543 = CARTESIAN_POINT('',(1.351158949538E+03,6.364693713295,
    332.51274859635));
#2544 = CARTESIAN_POINT('',(1.351297952026E+03,6.38571087971,
    332.5332775088));
#2545 = CARTESIAN_POINT('',(1.351436984107E+03,6.406532335441,
    332.55361230473));
#2546 = CARTESIAN_POINT('',(1.351576044835E+03,6.427161630539,
    332.57375511209));
#2547 = CARTESIAN_POINT('',(1.351715133275E+03,6.447602323164,
    332.5937080633));
#2548 = CARTESIAN_POINT('',(1.351854248501E+03,6.467857979587,
    332.6134732953));
#2549 = CARTESIAN_POINT('',(1.352254604376E+03,6.52561819127,
    332.6698105669));
#2550 = CARTESIAN_POINT('',(1.352515910205E+03,6.562665358023,
    332.70591411395));
#2551 = CARTESIAN_POINT('',(1.352777303305E+03,6.599084023776,
    332.74137808167));
#2552 = CARTESIAN_POINT('',(1.353038779966E+03,6.634884617939,
    332.77621696852));
#2553 = CARTESIAN_POINT('',(1.353300336549E+03,6.670077650003,
    332.8104452805));
#2554 = CARTESIAN_POINT('',(1.353561969486E+03,6.704673709544,
    332.84407753108));
#2555 = CARTESIAN_POINT('',(1.35382367528E+03,6.73868346622,
    332.87712824127));
#2556 = CARTESIAN_POINT('',(1.354312165271E+03,6.801073912259,
    332.9377450136));
#2557 = CARTESIAN_POINT('',(1.354538932077E+03,6.829598437123,
    332.96545301172));
#2558 = CARTESIAN_POINT('',(1.354765748885E+03,6.857698271258,
    332.99274366741));
#2559 = CARTESIAN_POINT('',(1.35499261314E+03,6.885380320638,
    333.0196300147));
#2560 = CARTESIAN_POINT('',(1.355219522701E+03,6.91265164899,
    333.04612128031));
#2561 = CARTESIAN_POINT('',(1.355446476088E+03,6.939519544184,
    333.07222053448));
#2562 = CARTESIAN_POINT('',(1.355673472034E+03,6.965991372358,
    333.09792910046));
#2563 = CARTESIAN_POINT('',(1.356101855067E+03,7.015205751061,
    333.14571997994));
#2564 = CARTESIAN_POINT('',(1.356303233685E+03,7.038031398382,
    333.16788185119));
#2565 = CARTESIAN_POINT('',(1.35650464304E+03,7.060556223521,
    333.18974716945));
#2566 = CARTESIAN_POINT('',(1.356706081984E+03,7.082785301348,
    333.21131977146));
#2567 = CARTESIAN_POINT('',(1.356907549386E+03,7.104723719808,
    333.23260349767));
#2568 = CARTESIAN_POINT('',(1.357109044129E+03,7.12637657992,
    333.2536021922));
#2569 = CARTESIAN_POINT('',(1.357310565114E+03,7.147748995778,
    333.27431970288));
#2570 = CARTESIAN_POINT('',(1.35786208312E+03,7.205479484384,
    333.33025276531));
#2571 = CARTESIAN_POINT('',(1.358212130388E+03,7.241285654189,
    333.36491038262));
#2572 = CARTESIAN_POINT('',(1.358562248951E+03,7.276281199301,
    333.39874945534));
#2573 = CARTESIAN_POINT('',(1.358912434504E+03,7.310478559623,
    333.43179640973));
#2574 = CARTESIAN_POINT('',(1.359262683441E+03,7.343892869737,
    333.46406657601));
#2575 = CARTESIAN_POINT('',(1.359612991928E+03,7.376539702585,
    333.49557857329));
#2576 = CARTESIAN_POINT('',(1.359963355527E+03,7.408432244419,
    333.52636312539));
#2577 = CARTESIAN_POINT('',(1.360848126432E+03,7.487094062159,
    333.60226824926));
#2578 = CARTESIAN_POINT('',(1.361382603353E+03,7.532882588538,
    333.6464342398));
#2579 = CARTESIAN_POINT('',(1.361917190631E+03,7.577012654079,
    333.68896890173));
#2580 = CARTESIAN_POINT('',(1.362451880097E+03,7.619516251197,
    333.72991787541));
#2581 = CARTESIAN_POINT('',(1.362986656752E+03,7.660489009333,
    333.7693264013));
#2582 = CARTESIAN_POINT('',(1.363521517668E+03,7.699923048699,
    333.80724048905));
#2583 = CARTESIAN_POINT('',(1.364056445488E+03,7.737941875631,
    333.84370523633));
#2584 = CARTESIAN_POINT('',(1.365126630031E+03,7.811149876289,
    333.91384185789));
#2585 = CARTESIAN_POINT('',(1.365661886246E+03,7.846345079841,
    333.94750745044));
#2586 = CARTESIAN_POINT('',(1.366197198332E+03,7.880155757052,
    333.97983210558));
#2587 = CARTESIAN_POINT('',(1.366732562088E+03,7.912614601803,
    334.0108244583));
#2588 = CARTESIAN_POINT('',(1.367267971989E+03,7.94375401373,
    334.04051725707));
#2589 = CARTESIAN_POINT('',(1.367803422147E+03,7.973606372461,
    334.06895188613));
#2590 = CARTESIAN_POINT('',(1.368338908232E+03,8.002204582985,
    334.09614791448));
#2591 = CARTESIAN_POINT('',(1.369217193578E+03,8.047104451205,
    334.13878043571));
#2592 = CARTESIAN_POINT('',(1.369559974786E+03,8.064126890917,
    334.1549253089));
#2593 = CARTESIAN_POINT('',(1.369902767248E+03,8.080658161456,
    334.17058579115));
#2594 = CARTESIAN_POINT('',(1.370245569855E+03,8.096705706386,
    334.18576931826));
#2595 = CARTESIAN_POINT('',(1.370588381392E+03,8.112278260683,
    334.20048374302));
#2596 = CARTESIAN_POINT('',(1.370931200494E+03,8.127386032961,
    334.21473776898));
#2597 = CARTESIAN_POINT('',(1.371274025964E+03,8.142037724361,
    334.22853995611));
#2598 = CARTESIAN_POINT('',(1.372223471676E+03,8.181354841418,
    334.26552907638));
#2599 = CARTESIAN_POINT('',(1.372830104332E+03,8.205055720959,
    334.28776438997));
#2600 = CARTESIAN_POINT('',(1.373436751206E+03,8.227368341208,
    334.30863411846));
#2601 = CARTESIAN_POINT('',(1.374043408251E+03,8.248324122689,
    334.32817012757));
#2602 = CARTESIAN_POINT('',(1.374650071575E+03,8.267954587952,
    334.34640426948));
#2603 = CARTESIAN_POINT('',(1.375256737448E+03,8.28629136157,
    334.36336838283));
#2604 = CARTESIAN_POINT('',(1.375863402296E+03,8.303366170139,
    334.3790942927));
#2605 = CARTESIAN_POINT('',(1.376918319636E+03,8.330918119711,
    334.40434238916));
#2606 = CARTESIAN_POINT('',(1.37736657408E+03,8.341954947561,
    334.41441127908));
#2607 = CARTESIAN_POINT('',(1.377814824815E+03,8.352330918573,
    334.42383571853));
#2608 = CARTESIAN_POINT('',(1.378263070306E+03,8.362061278145,
    334.43262909338));
#2609 = CARTESIAN_POINT('',(1.378711309263E+03,8.371162114396,
    334.44079788062));
#2610 = CARTESIAN_POINT('',(1.379159540932E+03,8.379642294122,
    334.44834963926));
#2611 = CARTESIAN_POINT('',(1.37960776487E+03,8.387503680061,
    334.4552981763));
#2612 = CARTESIAN_POINT('',(1.380742330844E+03,8.405874025333,
    334.47137651046));
#2613 = CARTESIAN_POINT('',(1.381428661143E+03,8.41556643801,
    334.47970824667));
#2614 = CARTESIAN_POINT('',(1.382114968423E+03,8.423870693288,
    334.48666868838));
#2615 = CARTESIAN_POINT('',(1.382801249202E+03,8.430818903499,
    334.4923192525));
#2616 = CARTESIAN_POINT('',(1.383487502381E+03,8.436443791107,
    334.49664733737));
#2617 = CARTESIAN_POINT('',(1.384173723953E+03,8.440777426958,
    334.49974133208));
#2618 = CARTESIAN_POINT('',(1.384859912757E+03,8.4438526196,
    334.50159826252));
#2619 = CARTESIAN_POINT('',(1.386220424572E+03,8.447519298575,
    334.50289212163));
#2620 = CARTESIAN_POINT('',(1.386894748721E+03,8.448152959485,
    334.50236957085));
#2621 = CARTESIAN_POINT('',(1.387569037245E+03,8.44763721845,
    334.50070800273));
#2622 = CARTESIAN_POINT('',(1.388243289472E+03,8.445985750741,
    334.49793226783));
#2623 = CARTESIAN_POINT('',(1.38891750418E+03,8.443223003215,
    334.49406719732));
#2624 = CARTESIAN_POINT('',(1.389591680077E+03,8.439375965006,
    334.48913760327));
#2625 = CARTESIAN_POINT('',(1.390265816537E+03,8.434461769574,
    334.48316827942));
#2626 = CARTESIAN_POINT('',(1.391612496396E+03,8.422564918114,
    334.46921538485));
#2627 = CARTESIAN_POINT('',(1.392285040118E+03,8.415583819528,
    334.46123629301));
#2628 = CARTESIAN_POINT('',(1.392957542529E+03,8.407593711903,
    334.45226611993));
#2629 = CARTESIAN_POINT('',(1.393630003519E+03,8.398604332313,
    334.44232423366));
#2630 = CARTESIAN_POINT('',(1.394302422035E+03,8.388647414081,
    334.43143000817));
#2631 = CARTESIAN_POINT('',(1.394974797177E+03,8.377752546372,
    334.41960280474));
#2632 = CARTESIAN_POINT('',(1.39564712928E+03,8.365923524475,
    334.40686195176));
#2633 = CARTESIAN_POINT('',(1.396828062939E+03,8.343542802085,
    334.38291088157));
#2634 = CARTESIAN_POINT('',(1.397336683098E+03,8.333380579893,
    334.37208199261));
#2635 = CARTESIAN_POINT('',(1.397845278284E+03,8.322703273171,
    334.36075038906));
#2636 = CARTESIAN_POINT('',(1.398353848415E+03,8.311518317129,
    334.34892445697));
#2637 = CARTESIAN_POINT('',(1.398862393435E+03,8.299833159127,
    334.33661128865));
#2638 = CARTESIAN_POINT('',(1.399370913308E+03,8.28765525511,
    334.32381728489));
#2639 = CARTESIAN_POINT('',(1.399879408016E+03,8.274992066045,
    334.31054875722));
#2640 = CARTESIAN_POINT('',(1.401146431662E+03,8.24224628543,
    334.27632034468));
#2641 = CARTESIAN_POINT('',(1.401904929623E+03,8.221581278721,
    334.25478765864));
#2642 = CARTESIAN_POINT('',(1.402663371777E+03,8.199869199333,
    334.23223553497));
#2643 = CARTESIAN_POINT('',(1.403421757593E+03,8.177153011313,
    334.20868854404));
#2644 = CARTESIAN_POINT('',(1.404180087389E+03,8.153449738061,
    334.18416619954));
#2645 = CARTESIAN_POINT('',(1.404938361783E+03,8.128768323178,
    334.15869066361));
#2646 = CARTESIAN_POINT('',(1.405696580881E+03,8.103136127692,
    334.13228971455));
#2647 = CARTESIAN_POINT('',(1.407221680314E+03,8.04969493964,
    334.07734248937));
#2648 = CARTESIAN_POINT('',(1.40798855935E+03,8.021864102294,
    334.04877684164));
#2649 = CARTESIAN_POINT('',(1.40875538268E+03,7.993098198822,
    334.01929552785));
#2650 = CARTESIAN_POINT('',(1.409522150777E+03,7.963415562951,
    333.98891703432));
#2651 = CARTESIAN_POINT('',(1.410288864137E+03,7.932835527643,
    333.95765983627));
#2652 = CARTESIAN_POINT('',(1.411055523261E+03,7.901379393097,
    333.92554239864));
#2653 = CARTESIAN_POINT('',(1.411822128693E+03,7.869068085986,
    333.89258317455));
#2654 = CARTESIAN_POINT('',(1.413467342078E+03,7.79791623426,
    333.82007731564));
#2655 = CARTESIAN_POINT('',(1.414345933395E+03,7.758811051286,
    333.78027225404));
#2656 = CARTESIAN_POINT('',(1.415224456015E+03,7.718624120141,
    333.73940788153));
#2657 = CARTESIAN_POINT('',(1.41610291093E+03,7.677378610203,
    333.69750664886));
#2658 = CARTESIAN_POINT('',(1.416981299169E+03,7.635097701093,
    333.65459099258));
#2659 = CARTESIAN_POINT('',(1.417859621805E+03,7.591804582677,
    333.610683335));
#2660 = CARTESIAN_POINT('',(1.418737879949E+03,7.547522455065,
    333.56580608423));
#2661 = CARTESIAN_POINT('',(1.420270481675E+03,7.468556712376,
    333.48583437466));
#2662 = CARTESIAN_POINT('',(1.420924853434E+03,7.434303484615,
    333.45116183423));
#2663 = CARTESIAN_POINT('',(1.421579190476E+03,7.399523595261,
    333.41597158842));
#2664 = CARTESIAN_POINT('',(1.422233493252E+03,7.364224774077,
    333.38027111199));
#2665 = CARTESIAN_POINT('',(1.422887762222E+03,7.328414171338,
    333.34406782198));
#2666 = CARTESIAN_POINT('',(1.42354199785E+03,7.292098798531,
    333.30736912088));
#2667 = CARTESIAN_POINT('',(1.424196200613E+03,7.25528596904,
    333.2701824397));
#2668 = CARTESIAN_POINT('',(1.425840290438E+03,7.161536593011,
    333.17551534814));
#2669 = CARTESIAN_POINT('',(1.426830135749E+03,7.103964777728,
    333.11741770208));
#2670 = CARTESIAN_POINT('',(1.427819908397E+03,7.045307828483,
    333.05823500368));
#2671 = CARTESIAN_POINT('',(1.428809610709E+03,6.985558358746,
    332.99802686212));
#2672 = CARTESIAN_POINT('',(1.429799243538E+03,6.924790358506,
    332.93677050043));
#2673 = CARTESIAN_POINT('',(1.430788808934E+03,6.862991874313,
    332.87451630812));
#2674 = CARTESIAN_POINT('',(1.43177830811E+03,6.800189474113,
    332.81127005004));
#2675 = CARTESIAN_POINT('',(1.433765793609E+03,6.672061186914,
    332.68228493968));
#2676 = CARTESIAN_POINT('',(1.434763778598E+03,6.606715305702,
    332.61652593996));
#2677 = CARTESIAN_POINT('',(1.435761699876E+03,6.540392795957,
    332.54980788809));
#2678 = CARTESIAN_POINT('',(1.436759558526E+03,6.473100634227,
    332.48214589281));
#2679 = CARTESIAN_POINT('',(1.437757356135E+03,6.404867390882,
    332.41355354932));
#2680 = CARTESIAN_POINT('',(1.438755094376E+03,6.335719708839,
    332.34404720374));
#2681 = CARTESIAN_POINT('',(1.439752774357E+03,6.265658953379,
    332.27364474309));
#2682 = CARTESIAN_POINT('',(1.441627584391E+03,6.132314758149,
    332.13968195705));
#2683 = CARTESIAN_POINT('',(1.442504727302E+03,6.069233077103,
    332.07632203237));
#2684 = CARTESIAN_POINT('',(1.443381827319E+03,6.005470062217,
    332.01229329163));
#2685 = CARTESIAN_POINT('',(1.444258885157E+03,5.941033915518,
    331.94760291456));
#2686 = CARTESIAN_POINT('',(1.445135901551E+03,5.875933849871,
    331.88225762832));
#2687 = CARTESIAN_POINT('',(1.446012877384E+03,5.81018094433,
    331.81626579864));
#2688 = CARTESIAN_POINT('',(1.446889813572E+03,5.743785770372,
    331.7496366787));
#2689 = CARTESIAN_POINT('',(1.448420044724E+03,5.626809671146,
    331.63226476063));
#2690 = CARTESIAN_POINT('',(1.449073357083E+03,5.576512550532,
    331.58180287173));
#2691 = CARTESIAN_POINT('',(1.449726648086E+03,5.525864034942,
    331.53099492742));
#2692 = CARTESIAN_POINT('',(1.450379917994E+03,5.474866737676,
    331.47984361508));
#2693 = CARTESIAN_POINT('',(1.451033167033E+03,5.423523275198,
    331.42835098355));
#2694 = CARTESIAN_POINT('',(1.451686395422E+03,5.371836264783,
    331.3765188955));
#2695 = CARTESIAN_POINT('',(1.452339603393E+03,5.31980832216,
    331.32434947979));
#2696 = CARTESIAN_POINT('',(1.453981075293E+03,5.18821135981,
    331.19240602925));
#2697 = CARTESIAN_POINT('',(1.45496931317E+03,5.108204082512,
    331.11220107305));
#2698 = CARTESIAN_POINT('',(1.45595750574E+03,5.027436502476,
    331.0312336504));
#2699 = CARTESIAN_POINT('',(1.456945654058E+03,4.945909670551,
    330.94952136159));
#2700 = CARTESIAN_POINT('',(1.457933758296E+03,4.863627513431,
    330.86706477895));
#2701 = CARTESIAN_POINT('',(1.458921818619E+03,4.780596650733,
    330.78386209422));
#2702 = CARTESIAN_POINT('',(1.459909835916E+03,4.696821240872,
    330.6999255382));
#2703 = CARTESIAN_POINT('',(1.461885646109E+03,4.52780313472,
    330.5305965897));
#2704 = CARTESIAN_POINT('',(1.462873438984E+03,4.442559560923,
    330.44520499814));
#2705 = CARTESIAN_POINT('',(1.46386118988E+03,4.356584652697,
    330.35908743771));
#2706 = CARTESIAN_POINT('',(1.464848898748E+03,4.269878665646,
    330.2722443707));
#2707 = CARTESIAN_POINT('',(1.465836565434E+03,4.182440752789,
    330.18467555845));
#2708 = CARTESIAN_POINT('',(1.466824190039E+03,4.09427244529,
    330.09638268199));
#2709 = CARTESIAN_POINT('',(1.46781177282E+03,4.005376765649,
    330.00736853866));
#2710 = CARTESIAN_POINT('',(1.469932635899E+03,3.812898927119,
    329.81465062258));
#2711 = CARTESIAN_POINT('',(1.471065902873E+03,3.709086860537,
    329.71071732323));
#2712 = CARTESIAN_POINT('',(1.472199114888E+03,3.604321158461,
    329.60583594341));
#2713 = CARTESIAN_POINT('',(1.473332270532E+03,3.498594442155,
    329.49999547974));
#2714 = CARTESIAN_POINT('',(1.474465369731E+03,3.391903036458,
    329.39320020809));
#2715 = CARTESIAN_POINT('',(1.47559841244E+03,3.284246096802,
    329.28545249391));
#2716 = CARTESIAN_POINT('',(1.476731397113E+03,3.175620026537,
    329.17673654581));
#2717 = CARTESIAN_POINT('',(1.47899700616E+03,2.956442944007,
    328.95738826782));
#2718 = CARTESIAN_POINT('',(1.480129630225E+03,2.845890290987,
    328.84675413387));
#2719 = CARTESIAN_POINT('',(1.481262194817E+03,2.734357583364,
    328.73514649077));
#2720 = CARTESIAN_POINT('',(1.482394698078E+03,2.621830365867,
    328.62255682788));
#2721 = CARTESIAN_POINT('',(1.483527138888E+03,2.508308374735,
    328.50897225731));
#2722 = CARTESIAN_POINT('',(1.484659516075E+03,2.393786638575,
    328.39438378142));
#2723 = CARTESIAN_POINT('',(1.485791827405E+03,2.278241406637,
    328.27878729073));
#2724 = CARTESIAN_POINT('',(1.488047478525E+03,2.046006165739,
    328.04645191652));
#2725 = CARTESIAN_POINT('',(1.489170819091E+03,1.929329130494,
    327.92972892774));
#2726 = CARTESIAN_POINT('',(1.490294091576E+03,1.811631119807,
    327.81198777751));
#2727 = CARTESIAN_POINT('',(1.491417293366E+03,1.69289600339,
    327.69321372003));
#2728 = CARTESIAN_POINT('',(1.492540421805E+03,1.573108006687,
    327.57339126199));
#2729 = CARTESIAN_POINT('',(1.493663474687E+03,1.452254851944,
    327.45250655817));
#2730 = CARTESIAN_POINT('',(1.494786449786E+03,1.330324334038,
    327.33054568816));
#2731 = CARTESIAN_POINT('',(1.497045990027E+03,1.0827576974,
    327.08292489885));
#2732 = CARTESIAN_POINT('',(1.49818255347E+03,0.9570968441,
    326.95723916961));
#2733 = CARTESIAN_POINT('',(1.499319030692E+03,0.830294325615,
    326.83041389615));
#2734 = CARTESIAN_POINT('',(1.500455418401E+03,0.702331689799,
    326.70243029373));
#2735 = CARTESIAN_POINT('',(1.501591713071E+03,0.573189477884,
    326.57326852334));
#2736 = CARTESIAN_POINT('',(1.502727910936E+03,0.44284722448,
    326.44290769169));
#2737 = CARTESIAN_POINT('',(1.503864007992E+03,0.311283457576,
    326.31132585119));
#2738 = CARTESIAN_POINT('',(1.505E+03,0.178475698541,326.1785));
#2739 = PCURVE('',#1616,#2740);
#2740 = DEFINITIONAL_REPRESENTATION('',(#2741),#3380);
#2741 = B_SPLINE_CURVE_WITH_KNOTS('',8,(#2742,#2743,#2744,#2745,#2746,
    #2747,#2748,#2749,#2750,#2751,#2752,#2753,#2754,#2755,#2756,#2757,
    #2758,#2759,#2760,#2761,#2762,#2763,#2764,#2765,#2766,#2767,#2768,
    #2769,#2770,#2771,#2772,#2773,#2774,#2775,#2776,#2777,#2778,#2779,
    #2780,#2781,#2782,#2783,#2784,#2785,#2786,#2787,#2788,#2789,#2790,
    #2791,#2792,#2793,#2794,#2795,#2796,#2797,#2798,#2799,#2800,#2801,
    #2802,#2803,#2804,#2805,#2806,#2807,#2808,#2809,#2810,#2811,#2812,
    #2813,#2814,#2815,#2816,#2817,#2818,#2819,#2820,#2821,#2822,#2823,
    #2824,#2825,#2826,#2827,#2828,#2829,#2830,#2831,#2832,#2833,#2834,
    #2835,#2836,#2837,#2838,#2839,#2840,#2841,#2842,#2843,#2844,#2845,
    #2846,#2847,#2848,#2849,#2850,#2851,#2852,#2853,#2854,#2855,#2856,
    #2857,#2858,#2859,#2860,#2861,#2862,#2863,#2864,#2865,#2866,#2867,
    #2868,#2869,#2870,#2871,#2872,#2873,#2874,#2875,#2876,#2877,#2878,
    #2879,#2880,#2881,#2882,#2883,#2884,#2885,#2886,#2887,#2888,#2889,
    #2890,#2891,#2892,#2893,#2894,#2895,#2896,#2897,#2898,#2899,#2900,
    #2901,#2902,#2903,#2904,#2905,#2906,#2907,#2908,#2909,#2910,#2911,
    #2912,#2913,#2914,#2915,#2916,#2917,#2918,#2919,#2920,#2921,#2922,
    #2923,#2924,#2925,#2926,#2927,#2928,#2929,#2930,#2931,#2932,#2933,
    #2934,#2935,#2936,#2937,#2938,#2939,#2940,#2941,#2942,#2943,#2944,
    #2945,#2946,#2947,#2948,#2949,#2950,#2951,#2952,#2953,#2954,#2955,
    #2956,#2957,#2958,#2959,#2960,#2961,#2962,#2963,#2964,#2965,#2966,
    #2967,#2968,#2969,#2970,#2971,#2972,#2973,#2974,#2975,#2976,#2977,
    #2978,#2979,#2980,#2981,#2982,#2983,#2984,#2985,#2986,#2987,#2988,
    #2989,#2990,#2991,#2992,#2993,#2994,#2995,#2996,#2997,#2998,#2999,
    #3000,#3001,#3002,#3003,#3004,#3005,#3006,#3007,#3008,#3009,#3010,
    #3011,#3012,#3013,#3014,#3015,#3016,#3017,#3018,#3019,#3020,#3021,
    #3022,#3023,#3024,#3025,#3026,#3027,#3028,#3029,#3030,#3031,#3032,
    #3033,#3034,#3035,#3036,#3037,#3038,#3039,#3040,#3041,#3042,#3043,
    #3044,#3045,#3046,#3047,#3048,#3049,#3050,#3051,#3052,#3053,#3054,
    #3055,#3056,#3057,#3058,#3059,#3060,#3061,#3062,#3063,#3064,#3065,
    #3066,#3067,#3068,#3069,#3070,#3071,#3072,#3073,#3074,#3075,#3076,
    #3077,#3078,#3079,#3080,#3081,#3082,#3083,#3084,#3085,#3086,#3087,
    #3088,#3089,#3090,#3091,#3092,#3093,#3094,#3095,#3096,#3097,#3098,
    #3099,#3100,#3101,#3102,#3103,#3104,#3105,#3106,#3107,#3108,#3109,
    #3110,#3111,#3112,#3113,#3114,#3115,#3116,#3117,#3118,#3119,#3120,
    #3121,#3122,#3123,#3124,#3125,#3126,#3127,#3128,#3129,#3130,#3131,
    #3132,#3133,#3134,#3135,#3136,#3137,#3138,#3139,#3140,#3141,#3142,
    #3143,#3144,#3145,#3146,#3147,#3148,#3149,#3150,#3151,#3152,#3153,
    #3154,#3155,#3156,#3157,#3158,#3159,#3160,#3161,#3162,#3163,#3164,
    #3165,#3166,#3167,#3168,#3169,#3170,#3171,#3172,#3173,#3174,#3175,
    #3176,#3177,#3178,#3179,#3180,#3181,#3182,#3183,#3184,#3185,#3186,
    #3187,#3188,#3189,#3190,#3191,#3192,#3193,#3194,#3195,#3196,#3197,
    #3198,#3199,#3200,#3201,#3202,#3203,#3204,#3205,#3206,#3207,#3208,
    #3209,#3210,#3211,#3212,#3213,#3214,#3215,#3216,#3217,#3218,#3219,
    #3220,#3221,#3222,#3223,#3224,#3225,#3226,#3227,#3228,#3229,#3230,
    #3231,#3232,#3233,#3234,#3235,#3236,#3237,#3238,#3239,#3240,#3241,
    #3242,#3243,#3244,#3245,#3246,#3247,#3248,#3249,#3250,#3251,#3252,
    #3253,#3254,#3255,#3256,#3257,#3258,#3259,#3260,#3261,#3262,#3263,
    #3264,#3265,#3266,#3267,#3268,#3269,#3270,#3271,#3272,#3273,#3274,
    #3275,#3276,#3277,#3278,#3279,#3280,#3281,#3282,#3283,#3284,#3285,
    #3286,#3287,#3288,#3289,#3290,#3291,#3292,#3293,#3294,#3295,#3296,
    #3297,#3298,#3299,#3300,#3301,#3302,#3303,#3304,#3305,#3306,#3307,
    #3308,#3309,#3310,#3311,#3312,#3313,#3314,#3315,#3316,#3317,#3318,
    #3319,#3320,#3321,#3322,#3323,#3324,#3325,#3326,#3327,#3328,#3329,
    #3330,#3331,#3332,#3333,#3334,#3335,#3336,#3337,#3338,#3339,#3340,
    #3341,#3342,#3343,#3344,#3345,#3346,#3347,#3348,#3349,#3350,#3351,
    #3352,#3353,#3354,#3355,#3356,#3357,#3358,#3359,#3360,#3361,#3362,
    #3363,#3364,#3365,#3366,#3367,#3368,#3369,#3370,#3371,#3372,#3373,
    #3374,#3375,#3376,#3377,#3378,#3379),.UNSPECIFIED.,.F.,.F.,(9,7,7,7,
    7,7,7,7,7,7,7,7,7,7,7,7,7,7,7,7,7,7,7,7,7,7,7,7,7,7,7,7,7,7,7,7,7,7,
    7,7,8,7,8,7,8,8,8,7,7,7,8,7,7,7,7,7,7,7,7,7,7,7,7,7,7,7,7,7,7,7,7,7,
    7,7,7,7,7,7,7,7,7,7,7,7,7,7,7,7,7,7,9),(0.,3.725321914343E-03,
    7.433665779807E-03,1.11147629005E-02,1.48247525117E-02,
    1.876035763771E-02,2.269660360294E-02,2.663328742635E-02,
    2.860171409341E-02,3.057014692472E-02,3.450685384223E-02,
    3.647502847883E-02,3.844300974151E-02,4.038262836516E-02,
    4.1844169559E-02,4.406418784166E-02,4.628363380788E-02,
    4.796884269452E-02,4.924646856828E-02,5.119462233015E-02,
    5.317010958858E-02,5.488678590286E-02,5.617387641545E-02,
    5.714386758391E-02,5.860406946863E-02,5.934662253071E-02,
    6.008908025401E-02,6.148971654357E-02,6.254569231686E-02,
    6.331878033218E-02,6.451797707574E-02,6.511789523376E-02,
    6.571814227422E-02,6.602675895234E-02,6.63578580499E-02,
    6.764943883873E-02,6.797046280191E-02,6.845921176964E-02,
    6.891062231913E-02,6.928575352274E-02,6.958906499801E-02,
    7.331438691235E-02,7.711103447031E-02,8.083635638465E-02,
    8.625639205072E-02,8.998171396506E-02,9.37070358794E-02,
    9.743235779374E-02,0.103298305552,0.108825683564,0.114688339934,
    0.118413661848,0.121869290252,0.127296600568,0.129842966265,
    0.132704862271,0.143125344109,0.147074317529,0.161459305312,
    0.168826653423,0.176191080004,0.182832047033,0.189075282897,
    0.194956941096,0.205998797785,0.215561780828,0.224042692234,
    0.238769245145,0.261225984696,0.283691113865,0.298070382924,
    0.323513406304,0.342313069912,0.371100954901,0.39939392486,
    0.427623432038,0.448981517296,0.480844318541,0.513075723522,
    0.550020982414,0.577551586881,0.619212110982,0.661235418156,
    0.698185535621,0.725715297899,0.767368287055,0.809015426015,
    0.856810543307,0.9045954098,0.952007359428,1.),.UNSPECIFIED.);
#2742 = CARTESIAN_POINT('',(1.128671327824E-08,0.499721131719));
#2743 = CARTESIAN_POINT('',(1.143730968402,0.499513619598));
#2744 = CARTESIAN_POINT('',(2.28742176887,0.499308051213));
#2745 = CARTESIAN_POINT('',(3.431072430283,0.499104391441));
#2746 = CARTESIAN_POINT('',(4.574683002469,0.498902606734));
#2747 = CARTESIAN_POINT('',(5.718253567495,0.498702665116));
#2748 = CARTESIAN_POINT('',(6.861784239664,0.498504536181));
#2749 = CARTESIAN_POINT('',(8.005275165517,0.498308191098));
#2750 = CARTESIAN_POINT('',(10.286966623211,0.497919900624));
#2751 = CARTESIAN_POINT('',(11.425167628697,0.49772794289));
#2752 = CARTESIAN_POINT('',(12.563329435387,0.497537694109));
#2753 = CARTESIAN_POINT('',(13.701452430066,0.497349134842));
#2754 = CARTESIAN_POINT('',(14.83953698982,0.497162245438));
#2755 = CARTESIAN_POINT('',(15.977583298358,0.496977000596));
#2756 = CARTESIAN_POINT('',(17.115591480011,0.496793374558));
#2757 = CARTESIAN_POINT('',(19.383171519217,0.496430676843));
#2758 = CARTESIAN_POINT('',(20.512743695668,0.496251576826));
#2759 = CARTESIAN_POINT('',(21.642279862227,0.496074051056));
#2760 = CARTESIAN_POINT('',(22.771779051787,0.49589806323));
#2761 = CARTESIAN_POINT('',(23.901242019076,0.495723606188));
#2762 = CARTESIAN_POINT('',(25.030670038649,0.495550679636));
#2763 = CARTESIAN_POINT('',(26.160063035381,0.495379260948));
#2764 = CARTESIAN_POINT('',(28.427644288414,0.495038093709));
#2765 = CARTESIAN_POINT('',(29.565831914411,0.494868365474));
#2766 = CARTESIAN_POINT('',(30.703984902696,0.494700151506));
#2767 = CARTESIAN_POINT('',(31.842104293561,0.494533446184));
#2768 = CARTESIAN_POINT('',(32.980190692436,0.49436824819));
#2769 = CARTESIAN_POINT('',(34.118244471687,0.49420455178));
#2770 = CARTESIAN_POINT('',(35.256266294696,0.494042345426));
#2771 = CARTESIAN_POINT('',(37.601452479839,0.493711153356));
#2772 = CARTESIAN_POINT('',(38.808613015634,0.4935423558));
#2773 = CARTESIAN_POINT('',(40.015739672796,0.493375245934));
#2774 = CARTESIAN_POINT('',(41.222833325826,0.493209822201));
#2775 = CARTESIAN_POINT('',(42.429895676133,0.493046112105));
#2776 = CARTESIAN_POINT('',(43.636926119104,0.492884064078));
#2777 = CARTESIAN_POINT('',(44.843927648925,0.492723749542));
#2778 = CARTESIAN_POINT('',(47.258070582201,0.492406537616));
#2779 = CARTESIAN_POINT('',(48.46521213776,0.492249647521));
#2780 = CARTESIAN_POINT('',(49.672326588903,0.492094491704));
#2781 = CARTESIAN_POINT('',(50.879416219195,0.49194111796));
#2782 = CARTESIAN_POINT('',(52.086479824439,0.491789454767));
#2783 = CARTESIAN_POINT('',(53.293522201183,0.491639635741));
#2784 = CARTESIAN_POINT('',(54.500542970115,0.491491617848));
#2785 = CARTESIAN_POINT('',(56.914680430367,0.491199274296));
#2786 = CARTESIAN_POINT('',(58.121796726156,0.491054937143));
#2787 = CARTESIAN_POINT('',(59.328895991312,0.490912499036));
#2788 = CARTESIAN_POINT('',(60.535977759077,0.490771902625));
#2789 = CARTESIAN_POINT('',(61.743046929106,0.490633297488));
#2790 = CARTESIAN_POINT('',(62.950103314614,0.490496642085));
#2791 = CARTESIAN_POINT('',(64.157149742914,0.490362016187));
#2792 = CARTESIAN_POINT('',(65.967733553793,0.490163155366));
#2793 = CARTESIAN_POINT('',(66.571276847555,0.490097381891));
#2794 = CARTESIAN_POINT('',(67.174818416387,0.49003212649));
#2795 = CARTESIAN_POINT('',(67.778358525261,0.489967394075));
#2796 = CARTESIAN_POINT('',(68.38189746109,0.489903191099));
#2797 = CARTESIAN_POINT('',(68.985435520645,0.489839524781));
#2798 = CARTESIAN_POINT('',(69.588972998477,0.489776402334));
#2799 = CARTESIAN_POINT('',(70.796049246282,0.489651257823));
#2800 = CARTESIAN_POINT('',(71.399587997613,0.489589235815));
#2801 = CARTESIAN_POINT('',(72.003126758133,0.48952777094));
#2802 = CARTESIAN_POINT('',(72.60666585459,0.489466869976));
#2803 = CARTESIAN_POINT('',(73.210205611184,0.489406539699));
#2804 = CARTESIAN_POINT('',(73.813746349565,0.489346786885));
#2805 = CARTESIAN_POINT('',(74.417288388835,0.48928761831));
#2806 = CARTESIAN_POINT('',(76.227870720575,0.489111890482));
#2807 = CARTESIAN_POINT('',(77.434915634114,0.488997104637));
#2808 = CARTESIAN_POINT('',(78.641970383014,0.488884724466));
#2809 = CARTESIAN_POINT('',(79.849034629877,0.488774864583));
#2810 = CARTESIAN_POINT('',(81.056115866717,0.488667553422));
#2811 = CARTESIAN_POINT('',(82.263213726311,0.488562896683));
#2812 = CARTESIAN_POINT('',(83.470332964199,0.488460947729));
#2813 = CARTESIAN_POINT('',(85.280992406861,0.48831220947));
#2814 = CARTESIAN_POINT('',(85.884514881463,0.488263328743));
#2815 = CARTESIAN_POINT('',(86.488043662515,0.488215155457));
#2816 = CARTESIAN_POINT('',(87.091579197228,0.48816770133));
#2817 = CARTESIAN_POINT('',(87.695121928262,0.488120978082));
#2818 = CARTESIAN_POINT('',(88.298672293728,0.488074997427));
#2819 = CARTESIAN_POINT('',(88.902230727187,0.48802977108));
#2820 = CARTESIAN_POINT('',(90.109305301956,0.487940854929));
#2821 = CARTESIAN_POINT('',(90.712821392275,0.487897164563));
#2822 = CARTESIAN_POINT('',(91.316346433287,0.487854252067));
#2823 = CARTESIAN_POINT('',(91.919880808823,0.48781212908));
#2824 = CARTESIAN_POINT('',(92.523424860891,0.487770806916));
#2825 = CARTESIAN_POINT('',(93.12697896869,0.487730297021));
#2826 = CARTESIAN_POINT('',(93.730543627631,0.487690611421));
#2827 = CARTESIAN_POINT('',(94.928996655116,0.487613475253));
#2828 = CARTESIAN_POINT('',(95.523884612149,0.487576002226));
#2829 = CARTESIAN_POINT('',(96.118783874023,0.487539358554));
#2830 = CARTESIAN_POINT('',(96.713694901112,0.487503558685));
#2831 = CARTESIAN_POINT('',(97.308618139597,0.487468617063));
#2832 = CARTESIAN_POINT('',(97.903554021466,0.487434548123));
#2833 = CARTESIAN_POINT('',(98.498502964511,0.487401366296));
#2834 = CARTESIAN_POINT('',(99.541781373522,0.487344762183));
#2835 = CARTESIAN_POINT('',(99.990105039559,0.487320950181));
#2836 = CARTESIAN_POINT('',(100.43843647064,0.487297656282));
#2837 = CARTESIAN_POINT('',(100.88677587899,0.487274886641));
#2838 = CARTESIAN_POINT('',(101.33512354083,0.48725264736));
#2839 = CARTESIAN_POINT('',(101.78347974843,0.487230944553));
#2840 = CARTESIAN_POINT('',(102.23184476205,0.487209784419));
#2841 = CARTESIAN_POINT('',(103.36127960478,0.487157866164));
#2842 = CARTESIAN_POINT('',(104.04236128853,0.487127827509));
#2843 = CARTESIAN_POINT('',(104.72346434383,0.487099085405));
#2844 = CARTESIAN_POINT('',(105.40458961449,0.487071667869));
#2845 = CARTESIAN_POINT('',(106.08573779778,0.487045602905));
#2846 = CARTESIAN_POINT('',(106.76690933925,0.487020918501));
#2847 = CARTESIAN_POINT('',(107.44810468245,0.486997642622));
#2848 = CARTESIAN_POINT('',(108.81036947608,0.486953968874));
#2849 = CARTESIAN_POINT('',(109.49143887232,0.48693357409));
#2850 = CARTESIAN_POINT('',(110.1725346477,0.48691462759));
#2851 = CARTESIAN_POINT('',(110.85365626256,0.48689720946));
#2852 = CARTESIAN_POINT('',(111.53480734237,0.486881254808));
#2853 = CARTESIAN_POINT('',(112.21598585767,0.486866889679));
#2854 = CARTESIAN_POINT('',(112.89719373744,0.486854104034));
#2855 = CARTESIAN_POINT('',(114.09568942291,0.48683448172));
#2856 = CARTESIAN_POINT('',(114.61296475167,0.486826952086));
#2857 = CARTESIAN_POINT('',(115.13025718909,0.48682037786));
#2858 = CARTESIAN_POINT('',(115.64756716047,0.48681477511));
#2859 = CARTESIAN_POINT('',(116.16489519899,0.486810159883));
#2860 = CARTESIAN_POINT('',(116.68224184668,0.486806548199));
#2861 = CARTESIAN_POINT('',(117.19960755543,0.486803956061));
#2862 = CARTESIAN_POINT('',(118.10924339227,0.486801218854));
#2863 = CARTESIAN_POINT('',(118.50150528851,0.486800634971));
#2864 = CARTESIAN_POINT('',(118.89377855222,0.486800652262));
#2865 = CARTESIAN_POINT('',(119.28606336289,0.486801277385));
#2866 = CARTESIAN_POINT('',(119.67835982444,0.486802518675));
#2867 = CARTESIAN_POINT('',(120.07066798571,0.486804385619));
#2868 = CARTESIAN_POINT('',(120.46298786092,0.486806888324));
#2869 = CARTESIAN_POINT('',(121.45355589691,0.486814837786));
#2870 = CARTESIAN_POINT('',(122.0518192968,0.486821139093));
#2871 = CARTESIAN_POINT('',(122.65011043876,0.486828974602));
#2872 = CARTESIAN_POINT('',(123.24843009759,0.486838377937));
#2873 = CARTESIAN_POINT('',(123.84677900483,0.486849382654));
#2874 = CARTESIAN_POINT('',(124.44515781956,0.486862022234));
#2875 = CARTESIAN_POINT('',(125.04356709922,0.486876330085));
#2876 = CARTESIAN_POINT('',(126.24884384747,0.486908573879));
#2877 = CARTESIAN_POINT('',(126.85571237108,0.486926554391));
#2878 = CARTESIAN_POINT('',(127.4626116532,0.486946338676));
#2879 = CARTESIAN_POINT('',(128.06954905491,0.486967884721));
#2880 = CARTESIAN_POINT('',(128.6765094508,0.486991365374));
#2881 = CARTESIAN_POINT('',(129.28350983668,0.487016730115));
#2882 = CARTESIAN_POINT('',(129.89054072458,0.487044084748));
#2883 = CARTESIAN_POINT('',(131.0251399864,0.487098982479));
#2884 = CARTESIAN_POINT('',(131.5526989447,0.48712603441));
#2885 = CARTESIAN_POINT('',(132.08028433662,0.487154647203));
#2886 = CARTESIAN_POINT('',(132.60789534889,0.487184850854));
#2887 = CARTESIAN_POINT('',(133.13553290201,0.487216679368));
#2888 = CARTESIAN_POINT('',(133.66319726949,0.487250165859));
#2889 = CARTESIAN_POINT('',(134.19088663359,0.487285338935));
#2890 = CARTESIAN_POINT('',(135.11426269761,0.487349897835));
#2891 = CARTESIAN_POINT('',(135.50993719824,0.4873785318));
#2892 = CARTESIAN_POINT('',(135.90562690867,0.487408157263));
#2893 = CARTESIAN_POINT('',(136.30133187755,0.48743879493));
#2894 = CARTESIAN_POINT('',(136.69705210371,0.487470465455));
#2895 = CARTESIAN_POINT('',(137.09278753613,0.487503189441));
#2896 = CARTESIAN_POINT('',(137.48853807397,0.487536987438));
#2897 = CARTESIAN_POINT('',(138.18256467893,0.48759817601));
#2898 = CARTESIAN_POINT('',(138.48083424816,0.487625093716));
#2899 = CARTESIAN_POINT('',(138.77911226883,0.487652641821));
#2900 = CARTESIAN_POINT('',(139.07739865286,0.487680829078));
#2901 = CARTESIAN_POINT('',(139.37569326728,0.487709664223));
#2902 = CARTESIAN_POINT('',(139.67399597196,0.487739155969));
#2903 = CARTESIAN_POINT('',(139.97230665737,0.487769313));
#2904 = CARTESIAN_POINT('',(140.71970716068,0.487846557122));
#2905 = CARTESIAN_POINT('',(141.16880807042,0.4878944887));
#2906 = CARTESIAN_POINT('',(141.61792584298,0.48794401387));
#2907 = CARTESIAN_POINT('',(142.06707038076,0.487995035817));
#2908 = CARTESIAN_POINT('',(142.51622865889,0.48804777596));
#2909 = CARTESIAN_POINT('',(142.96540893952,0.488102156715));
#2910 = CARTESIAN_POINT('',(143.41460547021,0.488158292809));
#2911 = CARTESIAN_POINT('',(144.09225609642,0.488245662899));
#2912 = CARTESIAN_POINT('',(144.32069770429,0.488275577526));
#2913 = CARTESIAN_POINT('',(144.54914338692,0.488305960413));
#2914 = CARTESIAN_POINT('',(144.77759296207,0.488336817997));
#2915 = CARTESIAN_POINT('',(145.00604624431,0.488368156699));
#2916 = CARTESIAN_POINT('',(145.23450304502,0.488399982923));
#2917 = CARTESIAN_POINT('',(145.46296317236,0.488432303053));
#2918 = CARTESIAN_POINT('',(145.91986041794,0.488497939637));
#2919 = CARTESIAN_POINT('',(146.14829775889,0.488531255915));
#2920 = CARTESIAN_POINT('',(146.37673861107,0.488565078585));
#2921 = CARTESIAN_POINT('',(146.60518311488,0.488599413917));
#2922 = CARTESIAN_POINT('',(146.83363139419,0.488634268156));
#2923 = CARTESIAN_POINT('',(147.06208355635,0.488669647522));
#2924 = CARTESIAN_POINT('',(147.2905396922,0.488705558211));
#2925 = CARTESIAN_POINT('',(147.94998675496,0.488810766248));
#2926 = CARTESIAN_POINT('',(148.38098900212,0.488881432139));
#2927 = CARTESIAN_POINT('',(148.8120034526,0.488954064658));
#2928 = CARTESIAN_POINT('',(149.24303152649,0.489028765189));
#2929 = CARTESIAN_POINT('',(149.67406110023,0.489105584599));
#2930 = CARTESIAN_POINT('',(150.10510293574,0.489184618069));
#2931 = CARTESIAN_POINT('',(150.53613771988,0.489265932027));
#2932 = CARTESIAN_POINT('',(151.29214455313,0.489412685365));
#2933 = CARTESIAN_POINT('',(151.61711478197,0.489477108024));
#2934 = CARTESIAN_POINT('',(151.94208666976,0.489542897154));
#2935 = CARTESIAN_POINT('',(152.26705903633,0.489610098876));
#2936 = CARTESIAN_POINT('',(152.59203499978,0.489678718636));
#2937 = CARTESIAN_POINT('',(152.91701117313,0.489748819042));
#2938 = CARTESIAN_POINT('',(153.24199073371,0.489820401485));
#2939 = CARTESIAN_POINT('',(153.80489209324,0.489947043618));
#2940 = CARTESIAN_POINT('',(154.04281289649,0.490001396466));
#2941 = CARTESIAN_POINT('',(154.28073230654,0.490056601073));
#2942 = CARTESIAN_POINT('',(154.51864764047,0.490112684697));
#2943 = CARTESIAN_POINT('',(154.75655804453,0.490169673846));
#2944 = CARTESIAN_POINT('',(154.99446129871,0.490227595338));
#2945 = CARTESIAN_POINT('',(155.23235292586,0.490286476602));
#2946 = CARTESIAN_POINT('',(155.83923512357,0.490439204942));
#2947 = CARTESIAN_POINT('',(156.20821150307,0.490534436853));
#2948 = CARTESIAN_POINT('',(156.57716438426,0.490632134809));
#2949 = CARTESIAN_POINT('',(156.94609207898,0.490732394128));
#2950 = CARTESIAN_POINT('',(157.31499213946,0.490835308733));
#2951 = CARTESIAN_POINT('',(157.6838613583,0.490940971147));
#2952 = CARTESIAN_POINT('',(158.05269576844,0.491049472499));
#2953 = CARTESIAN_POINT('',(158.60598637794,0.491216647317));
#2954 = CARTESIAN_POINT('',(158.79047247799,0.491273126405));
#2955 = CARTESIAN_POINT('',(158.9749434822,0.491330367762));
#2956 = CARTESIAN_POINT('',(159.15940759167,0.491388393869));
#2957 = CARTESIAN_POINT('',(159.34383903087,0.491447240163));
#2958 = CARTESIAN_POINT('',(159.52826490545,0.491506921566));
#2959 = CARTESIAN_POINT('',(159.71266851872,0.491567469397));
#2960 = CARTESIAN_POINT('',(160.08154488614,0.491690376183));
#2961 = CARTESIAN_POINT('',(160.2660161728,0.491752736594));
#2962 = CARTESIAN_POINT('',(160.45046987842,0.491816011952));
#2963 = CARTESIAN_POINT('',(160.63490563864,0.491880226746));
#2964 = CARTESIAN_POINT('',(160.8193229483,0.491945405138));
#2965 = CARTESIAN_POINT('',(161.00372116144,0.492011570965));
#2966 = CARTESIAN_POINT('',(161.18809949134,0.492078747736));
#2967 = CARTESIAN_POINT('',(161.46724429032,0.492182029166));
#2968 = CARTESIAN_POINT('',(161.55349672254,0.492214216861));
#2969 = CARTESIAN_POINT('',(161.6376927857,0.492245838437));
#2970 = CARTESIAN_POINT('',(161.72375324523,0.492278364981));
#2971 = CARTESIAN_POINT('',(161.81304233856,0.492312360257));
#2972 = CARTESIAN_POINT('',(161.90436896015,0.492347419007));
#2973 = CARTESIAN_POINT('',(161.99398784663,0.492382105255));
#2974 = CARTESIAN_POINT('',(162.16315901041,0.492447991577));
#2975 = CARTESIAN_POINT('',(162.23970109697,0.49247805061));
#2976 = CARTESIAN_POINT('',(162.31367754277,0.492507259261));
#2977 = CARTESIAN_POINT('',(162.39023765451,0.492537648153));
#2978 = CARTESIAN_POINT('',(162.47122914711,0.492570010585));
#2979 = CARTESIAN_POINT('',(162.55519776642,0.492603826147));
#2980 = CARTESIAN_POINT('',(162.63738691202,0.492637184324));
#2981 = CARTESIAN_POINT('',(162.99196767904,0.492781878599));
#2982 = CARTESIAN_POINT('',(163.27412922941,0.492899802525));
#2983 = CARTESIAN_POINT('',(163.55619822916,0.493020775617));
#2984 = CARTESIAN_POINT('',(163.83814744267,0.493145088925));
#2985 = CARTESIAN_POINT('',(164.11994606626,0.4932730281));
#2986 = CARTESIAN_POINT('',(164.40155971382,0.493404872698));
#2987 = CARTESIAN_POINT('',(164.68295040246,0.493540895471));
#2988 = CARTESIAN_POINT('',(165.03395077903,0.493716274694));
#2989 = CARTESIAN_POINT('',(165.10380864469,0.493751462212));
#2990 = CARTESIAN_POINT('',(165.1736494867,0.493786928278));
#2991 = CARTESIAN_POINT('',(165.24347263987,0.493822676926));
#2992 = CARTESIAN_POINT('',(165.31327742224,0.493858712157));
#2993 = CARTESIAN_POINT('',(165.38306313513,0.493895037935));
#2994 = CARTESIAN_POINT('',(165.45282906307,0.493931658195));
#2995 = CARTESIAN_POINT('',(165.62875959857,0.494024785554));
#2996 = CARTESIAN_POINT('',(165.73578786757,0.494082147503));
#2997 = CARTESIAN_POINT('',(165.84208095111,0.494139913227));
#2998 = CARTESIAN_POINT('',(165.94699946409,0.494197575646));
#2999 = CARTESIAN_POINT('',(166.05070277502,0.494255421522));
#3000 = CARTESIAN_POINT('',(166.15435472537,0.49431377002));
#3001 = CARTESIAN_POINT('',(166.25988754177,0.494373992894));
#3002 = CARTESIAN_POINT('',(166.47205318243,0.494496823928));
#3003 = CARTESIAN_POINT('',(166.57684011174,0.494558251083));
#3004 = CARTESIAN_POINT('',(166.68294768922,0.494621314912));
#3005 = CARTESIAN_POINT('',(166.78925566414,0.494685419347));
#3006 = CARTESIAN_POINT('',(166.89511882197,0.494750203068));
#3007 = CARTESIAN_POINT('',(167.00036510447,0.494815566679));
#3008 = CARTESIAN_POINT('',(167.10529338173,0.494881709208));
#3009 = CARTESIAN_POINT('',(167.29824170137,0.495005238373));
#3010 = CARTESIAN_POINT('',(167.38600230174,0.495062138799));
#3011 = CARTESIAN_POINT('',(167.47393558005,0.495119889928));
#3012 = CARTESIAN_POINT('',(167.56199198024,0.495178485762));
#3013 = CARTESIAN_POINT('',(167.6500889021,0.495237896072));
#3014 = CARTESIAN_POINT('',(167.73811011566,0.495298062893));
#3015 = CARTESIAN_POINT('',(167.82590517566,0.49535889702));
#3016 = CARTESIAN_POINT('',(167.98394419641,0.495469899765));
#3017 = CARTESIAN_POINT('',(168.05455380501,0.495520043418));
#3018 = CARTESIAN_POINT('',(168.12512079964,0.49557070972));
#3019 = CARTESIAN_POINT('',(168.19564871216,0.495621901747));
#3020 = CARTESIAN_POINT('',(168.26614146839,0.495673621386));
#3021 = CARTESIAN_POINT('',(168.33660338814,0.495725869338));
#3022 = CARTESIAN_POINT('',(168.40703918516,0.495778645119));
#3023 = CARTESIAN_POINT('',(168.47745396718,0.495831947059));
#3024 = CARTESIAN_POINT('',(168.59841786538,0.495923540974));
#3025 = CARTESIAN_POINT('',(168.70887403532,0.496008585684));
#3026 = CARTESIAN_POINT('',(168.81317062691,0.496090741284));
#3027 = CARTESIAN_POINT('',(168.91527194276,0.496170923605));
#3028 = CARTESIAN_POINT('',(169.01682531747,0.496252901892));
#3029 = CARTESIAN_POINT('',(169.11946465087,0.496336796417));
#3030 = CARTESIAN_POINT('',(169.2232235678,0.496423696738));
#3031 = CARTESIAN_POINT('',(169.43364781163,0.496604311574));
#3032 = CARTESIAN_POINT('',(169.53951029031,0.496697562635));
#3033 = CARTESIAN_POINT('',(169.64519513253,0.49679287388));
#3034 = CARTESIAN_POINT('',(169.74993395626,0.496891156197));
#3035 = CARTESIAN_POINT('',(169.85491391963,0.49699136875));
#3036 = CARTESIAN_POINT('',(169.9582755769,0.497095468867));
#3037 = CARTESIAN_POINT('',(170.0614356557,0.497202248381));
#3038 = CARTESIAN_POINT('',(170.16386964863,0.497312292223));
#3039 = CARTESIAN_POINT('',(170.22658640815,0.497379648663));
#3040 = CARTESIAN_POINT('',(170.28907848751,0.497448181749));
#3041 = CARTESIAN_POINT('',(170.35135435454,0.497517906566));
#3042 = CARTESIAN_POINT('',(170.41342326563,0.4975888307));
#3043 = CARTESIAN_POINT('',(170.47529526575,0.49766095423));
#3044 = CARTESIAN_POINT('',(170.53698118848,0.497734269737));
#3045 = CARTESIAN_POINT('',(170.59849265597,0.497808762298));
#3046 = CARTESIAN_POINT('',(170.74910167516,0.497994464911));
#3047 = CARTESIAN_POINT('',(170.83804214291,0.498107007718));
#3048 = CARTESIAN_POINT('',(170.92668486131,0.498221857398));
#3049 = CARTESIAN_POINT('',(171.01499447383,0.498338802871));
#3050 = CARTESIAN_POINT('',(171.1029205061,0.498457645172));
#3051 = CARTESIAN_POINT('',(171.19040226395,0.498578239747));
#3052 = CARTESIAN_POINT('',(171.27733701169,0.498700538379));
#3053 = CARTESIAN_POINT('',(171.36351143047,0.498824630723));
#3054 = CARTESIAN_POINT('',(171.45524394331,0.498958741883));
#3055 = CARTESIAN_POINT('',(171.54664234849,0.499084179182));
#3056 = CARTESIAN_POINT('',(171.62519076061,0.49922287458));
#3057 = CARTESIAN_POINT('',(171.72093600091,0.49935147359));
#3058 = CARTESIAN_POINT('',(171.8097035839,0.499495294327));
#3059 = CARTESIAN_POINT('',(171.88395997247,0.4996575855));
#3060 = CARTESIAN_POINT('',(171.98447458793,0.499788724915));
#3061 = CARTESIAN_POINT('',(171.98593506169,0.5));
#3062 = CARTESIAN_POINT('',(171.98060395907,0.500144475399));
#3063 = CARTESIAN_POINT('',(171.93868958336,0.500267386875));
#3064 = CARTESIAN_POINT('',(171.87877890567,0.500377141368));
#3065 = CARTESIAN_POINT('',(171.81385582465,0.500480018613));
#3066 = CARTESIAN_POINT('',(171.75130116654,0.50058017114));
#3067 = CARTESIAN_POINT('',(171.69289268509,0.50067962427));
#3068 = CARTESIAN_POINT('',(171.63480506165,0.500778276122));
#3069 = CARTESIAN_POINT('',(171.56760990511,0.500873897606));
#3070 = CARTESIAN_POINT('',(171.5163100607,0.500951811232));
#3071 = CARTESIAN_POINT('',(171.46465062485,0.501028888852));
#3072 = CARTESIAN_POINT('',(171.41267007982,0.501105219597));
#3073 = CARTESIAN_POINT('',(171.360402811,0.501180867522));
#3074 = CARTESIAN_POINT('',(171.30787910687,0.501255871609));
#3075 = CARTESIAN_POINT('',(171.25512515906,0.501330245767));
#3076 = CARTESIAN_POINT('',(171.20216306229,0.50140397883));
#3077 = CARTESIAN_POINT('',(171.06533022255,0.501592076738));
#3078 = CARTESIAN_POINT('',(170.97589054779,0.501712762108));
#3079 = CARTESIAN_POINT('',(170.88520208688,0.501832460582));
#3080 = CARTESIAN_POINT('',(170.79612938062,0.501947294275));
#3081 = CARTESIAN_POINT('',(170.70969320704,0.50205613746));
#3082 = CARTESIAN_POINT('',(170.62496004709,0.502160402708));
#3083 = CARTESIAN_POINT('',(170.53901902245,0.502263613164));
#3084 = CARTESIAN_POINT('',(170.3603738577,0.502471714945));
#3085 = CARTESIAN_POINT('',(170.27334912344,0.50257035293));
#3086 = CARTESIAN_POINT('',(170.18587856332,0.50266660143));
#3087 = CARTESIAN_POINT('',(170.09799480203,0.502760526655));
#3088 = CARTESIAN_POINT('',(170.00968661195,0.50285217678));
#3089 = CARTESIAN_POINT('',(169.9208645138,0.50294154742));
#3090 = CARTESIAN_POINT('',(169.83146199517,0.503028670381));
#3091 = CARTESIAN_POINT('',(169.64643129677,0.503204141718));
#3092 = CARTESIAN_POINT('',(169.5515045061,0.503291460651));
#3093 = CARTESIAN_POINT('',(169.45672034967,0.503376283305));
#3094 = CARTESIAN_POINT('',(169.36195381572,0.503458990389));
#3095 = CARTESIAN_POINT('',(169.26713416451,0.503539871934));
#3096 = CARTESIAN_POINT('',(169.17225010284,0.50361914853));
#3097 = CARTESIAN_POINT('',(169.07735247421,0.503696984323));
#3098 = CARTESIAN_POINT('',(168.98255446467,0.503773491761));
#3099 = CARTESIAN_POINT('',(168.88430899584,0.503852806434));
#3100 = CARTESIAN_POINT('',(168.78593350348,0.503930746878));
#3101 = CARTESIAN_POINT('',(168.68759862328,0.504007826311));
#3102 = CARTESIAN_POINT('',(168.58924829238,0.504083901357));
#3103 = CARTESIAN_POINT('',(168.49084922785,0.50415890116));
#3104 = CARTESIAN_POINT('',(168.39240957819,0.504232880003));
#3105 = CARTESIAN_POINT('',(168.29391812291,0.504305838634));
#3106 = CARTESIAN_POINT('',(168.10392768735,0.504444474552));
#3107 = CARTESIAN_POINT('',(168.01747154863,0.504506643657));
#3108 = CARTESIAN_POINT('',(167.93198590077,0.504567330887));
#3109 = CARTESIAN_POINT('',(167.84510933712,0.504628225536));
#3110 = CARTESIAN_POINT('',(167.75609933523,0.5046897715));
#3111 = CARTESIAN_POINT('',(167.66582655228,0.504751292483));
#3112 = CARTESIAN_POINT('',(167.5767842033,0.504811113016));
#3113 = CARTESIAN_POINT('',(167.36169941494,0.504953938818));
#3114 = CARTESIAN_POINT('',(167.23016982203,0.50503955929));
#3115 = CARTESIAN_POINT('',(167.09853376793,0.505123593763));
#3116 = CARTESIAN_POINT('',(166.966800554,0.505206101473));
#3117 = CARTESIAN_POINT('',(166.83497875848,0.505287143847));
#3118 = CARTESIAN_POINT('',(166.70307623651,0.505366784505));
#3119 = CARTESIAN_POINT('',(166.57110012012,0.505445089258));
#3120 = CARTESIAN_POINT('',(166.37710550768,0.505558271152));
#3121 = CARTESIAN_POINT('',(166.31513881476,0.50559413431));
#3122 = CARTESIAN_POINT('',(166.25315806883,0.505629725561));
#3123 = CARTESIAN_POINT('',(166.19116421288,0.50566505336));
#3124 = CARTESIAN_POINT('',(166.12915780363,0.505700124629));
#3125 = CARTESIAN_POINT('',(166.06713901151,0.505734944762));
#3126 = CARTESIAN_POINT('',(166.00510762061,0.505769517625));
#3127 = CARTESIAN_POINT('',(165.87332949287,0.505842425499));
#3128 = CARTESIAN_POINT('',(165.80357977032,0.505880694017));
#3129 = CARTESIAN_POINT('',(165.73381164705,0.505918652883));
#3130 = CARTESIAN_POINT('',(165.66402356323,0.505956304366));
#3131 = CARTESIAN_POINT('',(165.59421461323,0.505993651231));
#3132 = CARTESIAN_POINT('',(165.52438454562,0.506030696738));
#3133 = CARTESIAN_POINT('',(165.45453376319,0.506067444638));
#3134 = CARTESIAN_POINT('',(165.13025796745,0.506236634586));
#3135 = CARTESIAN_POINT('',(164.87559439558,0.506365480977));
#3136 = CARTESIAN_POINT('',(164.62070669294,0.506490629618));
#3137 = CARTESIAN_POINT('',(164.36562631646,0.506612277559));
#3138 = CARTESIAN_POINT('',(164.11038209267,0.506730627093));
#3139 = CARTESIAN_POINT('',(163.85500021602,0.506845885222));
#3140 = CARTESIAN_POINT('',(163.59950424712,0.506958263116));
#3141 = CARTESIAN_POINT('',(163.24705638693,0.507109552586));
#3142 = CARTESIAN_POINT('',(163.15094320282,0.507150420653));
#3143 = CARTESIAN_POINT('',(163.05463414699,0.507191007697));
#3144 = CARTESIAN_POINT('',(162.95768254073,0.507231505596));
#3145 = CARTESIAN_POINT('',(162.86013710529,0.507271892033));
#3146 = CARTESIAN_POINT('',(162.76254228672,0.507311947476));
#3147 = CARTESIAN_POINT('',(162.66593823865,0.507351267267));
#3148 = CARTESIAN_POINT('',(162.22916170006,0.507527695947));
#3149 = CARTESIAN_POINT('',(161.88636999823,0.507662167077));
#3150 = CARTESIAN_POINT('',(161.54349523695,0.507792821343));
#3151 = CARTESIAN_POINT('',(161.20054554266,0.50791980224));
#3152 = CARTESIAN_POINT('',(160.85752728878,0.50804325765));
#3153 = CARTESIAN_POINT('',(160.51444509575,0.508163339848));
#3154 = CARTESIAN_POINT('',(160.171301831,0.508280205498));
#3155 = CARTESIAN_POINT('',(159.65232511634,0.508452303916));
#3156 = CARTESIAN_POINT('',(159.47653701265,0.508509790869));
#3157 = CARTESIAN_POINT('',(159.3007292757,0.508566496046));
#3158 = CARTESIAN_POINT('',(159.1249159187,0.508622446432));
#3159 = CARTESIAN_POINT('',(158.94907226262,0.508677654571));
#3160 = CARTESIAN_POINT('',(158.77322438412,0.50873215256));
#3161 = CARTESIAN_POINT('',(158.5973616875,0.508785958567));
#3162 = CARTESIAN_POINT('',(158.24568923606,0.508892215195));
#3163 = CARTESIAN_POINT('',(158.06987883334,0.508944667459));
#3164 = CARTESIAN_POINT('',(157.89405995409,0.508996463966));
#3165 = CARTESIAN_POINT('',(157.71823307602,0.509047614488));
#3166 = CARTESIAN_POINT('',(157.5423986355,0.50909812888));
#3167 = CARTESIAN_POINT('',(157.36655702758,0.509148017073));
#3168 = CARTESIAN_POINT('',(157.19070860593,0.509197289081));
#3169 = CARTESIAN_POINT('',(156.85627422905,0.509289840114));
#3170 = CARTESIAN_POINT('',(156.69768949051,0.509333232366));
#3171 = CARTESIAN_POINT('',(156.53909969679,0.509376139152));
#3172 = CARTESIAN_POINT('',(156.3805050524,0.509418567915));
#3173 = CARTESIAN_POINT('',(156.22190573687,0.509460526145));
#3174 = CARTESIAN_POINT('',(156.06330190477,0.509502021373));
#3175 = CARTESIAN_POINT('',(155.90469368568,0.509543061175));
#3176 = CARTESIAN_POINT('',(155.59696811819,0.509621814104));
#3177 = CARTESIAN_POINT('',(155.44785102752,0.509659579182));
#3178 = CARTESIAN_POINT('',(155.29873063135,0.509696954934));
#3179 = CARTESIAN_POINT('',(155.14960651351,0.509733947562));
#3180 = CARTESIAN_POINT('',(155.00047842724,0.509770563358));
#3181 = CARTESIAN_POINT('',(154.85134682521,0.509806808871));
#3182 = CARTESIAN_POINT('',(154.70221261489,0.509842690822));
#3183 = CARTESIAN_POINT('',(154.41257690975,0.509911683272));
#3184 = CARTESIAN_POINT('',(154.27207567577,0.509944833927));
#3185 = CARTESIAN_POINT('',(154.13157284827,0.50997767325));
#3186 = CARTESIAN_POINT('',(153.99106882832,0.510010206774));
#3187 = CARTESIAN_POINT('',(153.85056400696,0.510042440048));
#3188 = CARTESIAN_POINT('',(153.71005876517,0.51007437863));
#3189 = CARTESIAN_POINT('',(153.56955347391,0.510106028093));
#3190 = CARTESIAN_POINT('',(153.16527324323,0.510196278424));
#3191 = CARTESIAN_POINT('',(152.90149921573,0.510254164622));
#3192 = CARTESIAN_POINT('',(152.63772649281,0.510311068787));
#3193 = CARTESIAN_POINT('',(152.37395508493,0.510367007216));
#3194 = CARTESIAN_POINT('',(152.11018493175,0.510421996328));
#3195 = CARTESIAN_POINT('',(151.84641590218,0.510476052671));
#3196 = CARTESIAN_POINT('',(151.58264779429,0.510529192916));
#3197 = CARTESIAN_POINT('',(151.09044014906,0.510626677988));
#3198 = CARTESIAN_POINT('',(150.86200041901,0.510671247558));
#3199 = CARTESIAN_POINT('',(150.63356130102,0.510715153549));
#3200 = CARTESIAN_POINT('',(150.40512184353,0.510758406751));
#3201 = CARTESIAN_POINT('',(150.17668184844,0.510801018202));
#3202 = CARTESIAN_POINT('',(149.94824234871,0.510842999288));
#3203 = CARTESIAN_POINT('',(149.7198047026,0.510884361519));
#3204 = CARTESIAN_POINT('',(149.28878004096,0.510961258986));
#3205 = CARTESIAN_POINT('',(149.08619308662,0.51099692406));
#3206 = CARTESIAN_POINT('',(148.88360777687,0.511032119099));
#3207 = CARTESIAN_POINT('',(148.68102443084,0.511066852033));
#3208 = CARTESIAN_POINT('',(148.47844335164,0.511101130812));
#3209 = CARTESIAN_POINT('',(148.27586482634,0.511134963406));
#3210 = CARTESIAN_POINT('',(148.07328912599,0.511168357806));
#3211 = CARTESIAN_POINT('',(147.51896227122,0.511258561694));
#3212 = CARTESIAN_POINT('',(147.16721751485,0.511314508835));
#3213 = CARTESIAN_POINT('',(146.81548294173,0.511369189374));
#3214 = CARTESIAN_POINT('',(146.46375689956,0.511422622749));
#3215 = CARTESIAN_POINT('',(146.11203996582,0.511474832609));
#3216 = CARTESIAN_POINT('',(145.76033207188,0.511525843285));
#3217 = CARTESIAN_POINT('',(145.40863056878,0.511575675382));
#3218 = CARTESIAN_POINT('',(144.52063586381,0.511698584472));
#3219 = CARTESIAN_POINT('',(143.98435338895,0.511770129045));
#3220 = CARTESIAN_POINT('',(143.44809363753,0.511839082272));
#3221 = CARTESIAN_POINT('',(142.91185639401,0.511905494142));
#3222 = CARTESIAN_POINT('',(142.37564828554,0.511969514077));
#3223 = CARTESIAN_POINT('',(141.83946384601,0.512031129764));
#3224 = CARTESIAN_POINT('',(141.3033120691,0.512090534181));
#3225 = CARTESIAN_POINT('',(140.2308613934,0.512204921682));
#3226 = CARTESIAN_POINT('',(139.69456432082,0.512259914187));
#3227 = CARTESIAN_POINT('',(139.15828997048,0.51231274337));
#3228 = CARTESIAN_POINT('',(138.62204311868,0.512363460315));
#3229 = CARTESIAN_POINT('',(138.08582405363,0.512412115646));
#3230 = CARTESIAN_POINT('',(137.54963134368,0.512458759957));
#3231 = CARTESIAN_POINT('',(137.01346726571,0.512503444661));
#3232 = CARTESIAN_POINT('',(136.13416562644,0.512573600705));
#3233 = CARTESIAN_POINT('',(135.79101191954,0.512600198267));
#3234 = CARTESIAN_POINT('',(135.44786965109,0.512626028377));
#3235 = CARTESIAN_POINT('',(135.10473882032,0.512651102666));
#3236 = CARTESIAN_POINT('',(134.76161944311,0.512675434782));
#3237 = CARTESIAN_POINT('',(134.41851149722,0.512699040677));
#3238 = CARTESIAN_POINT('',(134.0754148251,0.512721933944));
#3239 = CARTESIAN_POINT('',(133.12526476914,0.51278336694));
#3240 = CARTESIAN_POINT('',(132.51823522379,0.512820399564));
#3241 = CARTESIAN_POINT('',(131.9112404643,0.512855263033));
#3242 = CARTESIAN_POINT('',(131.30428044037,0.512888006442));
#3243 = CARTESIAN_POINT('',(130.69735494537,0.512918679044));
#3244 = CARTESIAN_POINT('',(130.09046361638,0.512947330252));
#3245 = CARTESIAN_POINT('',(129.48360593413,0.512974009641));
#3246 = CARTESIAN_POINT('',(128.42840284528,0.513017059562));
#3247 = CARTESIAN_POINT('',(127.98004274021,0.513034304606));
#3248 = CARTESIAN_POINT('',(127.53169999938,0.51305051706));
#3249 = CARTESIAN_POINT('',(127.08337439434,0.513065720747));
#3250 = CARTESIAN_POINT('',(126.63506683033,0.513079940804));
#3251 = CARTESIAN_POINT('',(126.18677746574,0.513093191085));
#3252 = CARTESIAN_POINT('',(125.73850489987,0.5131054745));
#3253 = CARTESIAN_POINT('',(124.6038377936,0.513134178165));
#3254 = CARTESIAN_POINT('',(123.91746581829,0.513149322559));
#3255 = CARTESIAN_POINT('',(123.23113473993,0.513162297958));
#3256 = CARTESIAN_POINT('',(122.54483957073,0.513173154537));
#3257 = CARTESIAN_POINT('',(121.85858628587,0.513181943424));
#3258 = CARTESIAN_POINT('',(121.17236555502,0.51318871473));
#3259 = CARTESIAN_POINT('',(120.48618166923,0.513193519718));
#3260 = CARTESIAN_POINT('',(119.12568115537,0.513199248904));
#3261 = CARTESIAN_POINT('',(118.45136346041,0.513200238999));
#3262 = CARTESIAN_POINT('',(117.77708022392,0.513199433154));
#3263 = CARTESIAN_POINT('',(117.10283009958,0.513196852736));
#3264 = CARTESIAN_POINT('',(116.42861229251,0.513192535943));
#3265 = CARTESIAN_POINT('',(115.75442607558,0.513186524945));
#3266 = CARTESIAN_POINT('',(115.08027005996,0.513178846515));
#3267 = CARTESIAN_POINT('',(113.73352865429,0.513160257685));
#3268 = CARTESIAN_POINT('',(113.0609430028,0.513149349718));
#3269 = CARTESIAN_POINT('',(112.38838630287,0.513136865175));
#3270 = CARTESIAN_POINT('',(111.7158574966,0.513122819269));
#3271 = CARTESIAN_POINT('',(111.04335647056,0.513107261584));
#3272 = CARTESIAN_POINT('',(110.37088295774,0.513090238354));
#3273 = CARTESIAN_POINT('',(109.69843545453,0.513071755507));
#3274 = CARTESIAN_POINT('',(108.51726708263,0.513036785628));
#3275 = CARTESIAN_POINT('',(108.00853553574,0.513020907156));
#3276 = CARTESIAN_POINT('',(107.49981792516,0.513004223864));
#3277 = CARTESIAN_POINT('',(106.99111382437,0.512986747371));
#3278 = CARTESIAN_POINT('',(106.48242295778,0.512968489311));
#3279 = CARTESIAN_POINT('',(105.97374512319,0.512949461336));
#3280 = CARTESIAN_POINT('',(105.46508011442,0.512929675103));
#3281 = CARTESIAN_POINT('',(104.1976006118,0.512878509821));
#3282 = CARTESIAN_POINT('',(103.43880156032,0.512846220748));
#3283 = CARTESIAN_POINT('',(102.68002934967,0.512812295624));
#3284 = CARTESIAN_POINT('',(101.92128332532,0.51277680158));
#3285 = CARTESIAN_POINT('',(101.16256254385,0.512739765216));
#3286 = CARTESIAN_POINT('',(100.40386546313,0.512701200505));
#3287 = CARTESIAN_POINT('',(99.645190429201,0.5126611502));
#3288 = CARTESIAN_POINT('',(98.119107655751,0.512577648343));
#3289 = CARTESIAN_POINT('',(97.351700237472,0.51253416266));
#3290 = CARTESIAN_POINT('',(96.584314191486,0.512489215936));
#3291 = CARTESIAN_POINT('',(95.816948579911,0.512442836817));
#3292 = CARTESIAN_POINT('',(95.049602443125,0.512395055512));
#3293 = CARTESIAN_POINT('',(94.282274815714,0.512345905302));
#3294 = CARTESIAN_POINT('',(93.514964688079,0.512295418884));
#3295 = CARTESIAN_POINT('',(91.868160176199,0.512184244116));
#3296 = CARTESIAN_POINT('',(90.988670920234,0.512123142268));
#3297 = CARTESIAN_POINT('',(90.109201941812,0.512060350188));
#3298 = CARTESIAN_POINT('',(89.22975199573,0.511995904078));
#3299 = CARTESIAN_POINT('',(88.350319795557,0.511929840158));
#3300 = CARTESIAN_POINT('',(87.470904013638,0.51186219466));
#3301 = CARTESIAN_POINT('',(86.591503281089,0.511793003836));
#3302 = CARTESIAN_POINT('',(85.056820815137,0.511669619863));
#3303 = CARTESIAN_POINT('',(84.401532968445,0.511616099195));
#3304 = CARTESIAN_POINT('',(83.746252192381,0.511561755618));
#3305 = CARTESIAN_POINT('',(83.090978029825,0.511506601209));
#3306 = CARTESIAN_POINT('',(82.435710019141,0.511450647143));
#3307 = CARTESIAN_POINT('',(81.780447691444,0.511393904373));
#3308 = CARTESIAN_POINT('',(81.125190567854,0.511336384327));
#3309 = CARTESIAN_POINT('',(79.478381343556,0.511189900927));
#3310 = CARTESIAN_POINT('',(78.486835231055,0.511099944965));
#3311 = CARTESIAN_POINT('',(77.495298713062,0.511008293482));
#3312 = CARTESIAN_POINT('',(76.50376845718,0.510914934936));
#3313 = CARTESIAN_POINT('',(75.512245008063,0.510819984935));
#3314 = CARTESIAN_POINT('',(74.520725578105,0.510723424804));
#3315 = CARTESIAN_POINT('',(73.529209518455,0.510625296053));
#3316 = CARTESIAN_POINT('',(71.537546432854,0.510425095605));
#3317 = CARTESIAN_POINT('',(70.537399678007,0.510322992665));
#3318 = CARTESIAN_POINT('',(69.537252829856,0.510219363744));
#3319 = CARTESIAN_POINT('',(68.537104970181,0.510114219741));
#3320 = CARTESIAN_POINT('',(67.536954677988,0.510007605298));
#3321 = CARTESIAN_POINT('',(66.536800440863,0.509899562045));
#3322 = CARTESIAN_POINT('',(65.536641300733,0.509790092115));
#3323 = CARTESIAN_POINT('',(63.657053849079,0.50958174181));
#3324 = CARTESIAN_POINT('',(62.77762696956,0.509483176683));
#3325 = CARTESIAN_POINT('',(61.898194413646,0.509383546972));
#3326 = CARTESIAN_POINT('',(61.018755504887,0.509282865493));
#3327 = CARTESIAN_POINT('',(60.139309537083,0.50918114664));
#3328 = CARTESIAN_POINT('',(59.25985568481,0.509078407726));
#3329 = CARTESIAN_POINT('',(58.380393108997,0.508974665266));
#3330 = CARTESIAN_POINT('',(56.845668916317,0.508791890111));
#3331 = CARTESIAN_POINT('',(56.190411417497,0.50871330086));
#3332 = CARTESIAN_POINT('',(55.535148483676,0.508634162555));
#3333 = CARTESIAN_POINT('',(54.879879851832,0.508554479278));
#3334 = CARTESIAN_POINT('',(54.224605266891,0.508474255117));
#3335 = CARTESIAN_POINT('',(53.569324475279,0.508393494164));
#3336 = CARTESIAN_POINT('',(52.914037218464,0.508312200503));
#3337 = CARTESIAN_POINT('',(51.267272477998,0.50810658025));
#3338 = CARTESIAN_POINT('',(50.275786425418,0.507981568879));
#3339 = CARTESIAN_POINT('',(49.284283826976,0.507855369535));
#3340 = CARTESIAN_POINT('',(48.292764129223,0.50772798386));
#3341 = CARTESIAN_POINT('',(47.301226669167,0.50759941799));
#3342 = CARTESIAN_POINT('',(46.309670657073,0.507469682267));
#3343 = CARTESIAN_POINT('',(45.318095390888,0.507338783189));
#3344 = CARTESIAN_POINT('',(43.335044165781,0.507074692398));
#3345 = CARTESIAN_POINT('',(42.343568269724,0.506941499314));
#3346 = CARTESIAN_POINT('',(41.35207153182,0.50680716352));
#3347 = CARTESIAN_POINT('',(40.360553439015,0.506671685415));
#3348 = CARTESIAN_POINT('',(39.369013530414,0.506535063676));
#3349 = CARTESIAN_POINT('',(38.377451233727,0.506397300696));
#3350 = CARTESIAN_POINT('',(37.385865906184,0.506258401196));
#3351 = CARTESIAN_POINT('',(35.256266294693,0.505957654574));
#3352 = CARTESIAN_POINT('',(34.118244471646,0.50579544822));
#3353 = CARTESIAN_POINT('',(32.980190692464,0.50563175181));
#3354 = CARTESIAN_POINT('',(31.842104293548,0.505466553816));
#3355 = CARTESIAN_POINT('',(30.703984902647,0.505299848494));
#3356 = CARTESIAN_POINT('',(29.565831914437,0.505131634526));
#3357 = CARTESIAN_POINT('',(28.427644288392,0.504961906291));
#3358 = CARTESIAN_POINT('',(26.151442956423,0.5046194421));
#3359 = CARTESIAN_POINT('',(25.013429342509,0.50444670358));
#3360 = CARTESIAN_POINT('',(23.875380189056,0.504272433724));
#3361 = CARTESIAN_POINT('',(22.737295525136,0.504096609947));
#3362 = CARTESIAN_POINT('',(21.599174060689,0.503919231836));
#3363 = CARTESIAN_POINT('',(20.461015057205,0.503740291623));
#3364 = CARTESIAN_POINT('',(19.32281948643,0.503559752198));
#3365 = CARTESIAN_POINT('',(17.055235471252,0.503196884634));
#3366 = CARTESIAN_POINT('',(15.925847845985,0.503014576766));
#3367 = CARTESIAN_POINT('',(14.796422670213,0.502830673625));
#3368 = CARTESIAN_POINT('',(13.666959815988,0.502645150005));
#3369 = CARTESIAN_POINT('',(12.537459095195,0.50245798126));
#3370 = CARTESIAN_POINT('',(11.407920141619,0.502269148206));
#3371 = CARTESIAN_POINT('',(10.278342585959,0.502078631772));
#3372 = CARTESIAN_POINT('',(8.005275165508,0.501691808902));
#3373 = CARTESIAN_POINT('',(6.861784239656,0.501495463819));
#3374 = CARTESIAN_POINT('',(5.718253567488,0.501297334884));
#3375 = CARTESIAN_POINT('',(4.574683002464,0.501097393266));
#3376 = CARTESIAN_POINT('',(3.431072430279,0.500895608559));
#3377 = CARTESIAN_POINT('',(2.287421768868,0.500691948787));
#3378 = CARTESIAN_POINT('',(1.143730968401,0.500486380402));
#3379 = CARTESIAN_POINT('',(1.128668558423E-08,0.500278868281));
#3380 = ( GEOMETRIC_REPRESENTATION_CONTEXT(2) 
PARAMETRIC_REPRESENTATION_CONTEXT() REPRESENTATION_CONTEXT('2D SPACE',''
  ) );
#3381 = PCURVE('',#1859,#3382);
#3382 = DEFINITIONAL_REPRESENTATION('',(#3383),#4022);
#3383 = B_SPLINE_CURVE_WITH_KNOTS('',8,(#3384,#3385,#3386,#3387,#3388,
    #3389,#3390,#3391,#3392,#3393,#3394,#3395,#3396,#3397,#3398,#3399,
    #3400,#3401,#3402,#3403,#3404,#3405,#3406,#3407,#3408,#3409,#3410,
    #3411,#3412,#3413,#3414,#3415,#3416,#3417,#3418,#3419,#3420,#3421,
    #3422,#3423,#3424,#3425,#3426,#3427,#3428,#3429,#3430,#3431,#3432,
    #3433,#3434,#3435,#3436,#3437,#3438,#3439,#3440,#3441,#3442,#3443,
    #3444,#3445,#3446,#3447,#3448,#3449,#3450,#3451,#3452,#3453,#3454,
    #3455,#3456,#3457,#3458,#3459,#3460,#3461,#3462,#3463,#3464,#3465,
    #3466,#3467,#3468,#3469,#3470,#3471,#3472,#3473,#3474,#3475,#3476,
    #3477,#3478,#3479,#3480,#3481,#3482,#3483,#3484,#3485,#3486,#3487,
    #3488,#3489,#3490,#3491,#3492,#3493,#3494,#3495,#3496,#3497,#3498,
    #3499,#3500,#3501,#3502,#3503,#3504,#3505,#3506,#3507,#3508,#3509,
    #3510,#3511,#3512,#3513,#3514,#3515,#3516,#3517,#3518,#3519,#3520,
    #3521,#3522,#3523,#3524,#3525,#3526,#3527,#3528,#3529,#3530,#3531,
    #3532,#3533,#3534,#3535,#3536,#3537,#3538,#3539,#3540,#3541,#3542,
    #3543,#3544,#3545,#3546,#3547,#3548,#3549,#3550,#3551,#3552,#3553,
    #3554,#3555,#3556,#3557,#3558,#3559,#3560,#3561,#3562,#3563,#3564,
    #3565,#3566,#3567,#3568,#3569,#3570,#3571,#3572,#3573,#3574,#3575,
    #3576,#3577,#3578,#3579,#3580,#3581,#3582,#3583,#3584,#3585,#3586,
    #3587,#3588,#3589,#3590,#3591,#3592,#3593,#3594,#3595,#3596,#3597,
    #3598,#3599,#3600,#3601,#3602,#3603,#3604,#3605,#3606,#3607,#3608,
    #3609,#3610,#3611,#3612,#3613,#3614,#3615,#3616,#3617,#3618,#3619,
    #3620,#3621,#3622,#3623,#3624,#3625,#3626,#3627,#3628,#3629,#3630,
    #3631,#3632,#3633,#3634,#3635,#3636,#3637,#3638,#3639,#3640,#3641,
    #3642,#3643,#3644,#3645,#3646,#3647,#3648,#3649,#3650,#3651,#3652,
    #3653,#3654,#3655,#3656,#3657,#3658,#3659,#3660,#3661,#3662,#3663,
    #3664,#3665,#3666,#3667,#3668,#3669,#3670,#3671,#3672,#3673,#3674,
    #3675,#3676,#3677,#3678,#3679,#3680,#3681,#3682,#3683,#3684,#3685,
    #3686,#3687,#3688,#3689,#3690,#3691,#3692,#3693,#3694,#3695,#3696,
    #3697,#3698,#3699,#3700,#3701,#3702,#3703,#3704,#3705,#3706,#3707,
    #3708,#3709,#3710,#3711,#3712,#3713,#3714,#3715,#3716,#3717,#3718,
    #3719,#3720,#3721,#3722,#3723,#3724,#3725,#3726,#3727,#3728,#3729,
    #3730,#3731,#3732,#3733,#3734,#3735,#3736,#3737,#3738,#3739,#3740,
    #3741,#3742,#3743,#3744,#3745,#3746,#3747,#3748,#3749,#3750,#3751,
    #3752,#3753,#3754,#3755,#3756,#3757,#3758,#3759,#3760,#3761,#3762,
    #3763,#3764,#3765,#3766,#3767,#3768,#3769,#3770,#3771,#3772,#3773,
    #3774,#3775,#3776,#3777,#3778,#3779,#3780,#3781,#3782,#3783,#3784,
    #3785,#3786,#3787,#3788,#3789,#3790,#3791,#3792,#3793,#3794,#3795,
    #3796,#3797,#3798,#3799,#3800,#3801,#3802,#3803,#3804,#3805,#3806,
    #3807,#3808,#3809,#3810,#3811,#3812,#3813,#3814,#3815,#3816,#3817,
    #3818,#3819,#3820,#3821,#3822,#3823,#3824,#3825,#3826,#3827,#3828,
    #3829,#3830,#3831,#3832,#3833,#3834,#3835,#3836,#3837,#3838,#3839,
    #3840,#3841,#3842,#3843,#3844,#3845,#3846,#3847,#3848,#3849,#3850,
    #3851,#3852,#3853,#3854,#3855,#3856,#3857,#3858,#3859,#3860,#3861,
    #3862,#3863,#3864,#3865,#3866,#3867,#3868,#3869,#3870,#3871,#3872,
    #3873,#3874,#3875,#3876,#3877,#3878,#3879,#3880,#3881,#3882,#3883,
    #3884,#3885,#3886,#3887,#3888,#3889,#3890,#3891,#3892,#3893,#3894,
    #3895,#3896,#3897,#3898,#3899,#3900,#3901,#3902,#3903,#3904,#3905,
    #3906,#3907,#3908,#3909,#3910,#3911,#3912,#3913,#3914,#3915,#3916,
    #3917,#3918,#3919,#3920,#3921,#3922,#3923,#3924,#3925,#3926,#3927,
    #3928,#3929,#3930,#3931,#3932,#3933,#3934,#3935,#3936,#3937,#3938,
    #3939,#3940,#3941,#3942,#3943,#3944,#3945,#3946,#3947,#3948,#3949,
    #3950,#3951,#3952,#3953,#3954,#3955,#3956,#3957,#3958,#3959,#3960,
    #3961,#3962,#3963,#3964,#3965,#3966,#3967,#3968,#3969,#3970,#3971,
    #3972,#3973,#3974,#3975,#3976,#3977,#3978,#3979,#3980,#3981,#3982,
    #3983,#3984,#3985,#3986,#3987,#3988,#3989,#3990,#3991,#3992,#3993,
    #3994,#3995,#3996,#3997,#3998,#3999,#4000,#4001,#4002,#4003,#4004,
    #4005,#4006,#4007,#4008,#4009,#4010,#4011,#4012,#4013,#4014,#4015,
    #4016,#4017,#4018,#4019,#4020,#4021),.UNSPECIFIED.,.F.,.F.,(9,7,7,7,
    7,7,7,7,7,7,7,7,7,7,7,7,7,7,7,7,7,7,7,7,7,7,7,7,7,7,7,7,7,7,7,7,7,7,
    7,7,8,7,8,7,8,8,8,7,7,7,8,7,7,7,7,7,7,7,7,7,7,7,7,7,7,7,7,7,7,7,7,7,
    7,7,7,7,7,7,7,7,7,7,7,7,7,7,7,7,7,7,9),(0.,3.725321914343E-03,
    7.433665779807E-03,1.11147629005E-02,1.48247525117E-02,
    1.876035763771E-02,2.269660360294E-02,2.663328742635E-02,
    2.860171409341E-02,3.057014692472E-02,3.450685384223E-02,
    3.647502847883E-02,3.844300974151E-02,4.038262836516E-02,
    4.1844169559E-02,4.406418784166E-02,4.628363380788E-02,
    4.796884269452E-02,4.924646856828E-02,5.119462233015E-02,
    5.317010958858E-02,5.488678590286E-02,5.617387641545E-02,
    5.714386758391E-02,5.860406946863E-02,5.934662253071E-02,
    6.008908025401E-02,6.148971654357E-02,6.254569231686E-02,
    6.331878033218E-02,6.451797707574E-02,6.511789523376E-02,
    6.571814227422E-02,6.602675895234E-02,6.63578580499E-02,
    6.764943883873E-02,6.797046280191E-02,6.845921176964E-02,
    6.891062231913E-02,6.928575352274E-02,6.958906499801E-02,
    7.331438691235E-02,7.711103447031E-02,8.083635638465E-02,
    8.625639205072E-02,8.998171396506E-02,9.37070358794E-02,
    9.743235779374E-02,0.103298305552,0.108825683564,0.114688339934,
    0.118413661848,0.121869290252,0.127296600568,0.129842966265,
    0.132704862271,0.143125344109,0.147074317529,0.161459305312,
    0.168826653423,0.176191080004,0.182832047033,0.189075282897,
    0.194956941096,0.205998797785,0.215561780828,0.224042692234,
    0.238769245145,0.261225984696,0.283691113865,0.298070382924,
    0.323513406304,0.342313069912,0.371100954901,0.39939392486,
    0.427623432038,0.448981517296,0.480844318541,0.513075723522,
    0.550020982414,0.577551586881,0.619212110982,0.661235418156,
    0.698185535621,0.725715297899,0.767368287055,0.809015426015,
    0.856810543307,0.9045954098,0.952007359428,1.),.UNSPECIFIED.);
#3384 = CARTESIAN_POINT('',(344.85411166144,5.786061588329E-04));
#3385 = CARTESIAN_POINT('',(343.71022494951,1.009159971463E-03));
#3386 = CARTESIAN_POINT('',(342.56611355643,1.435681334495E-03));
#3387 = CARTESIAN_POINT('',(341.42178174603,1.85824480825E-03));
#3388 = CARTESIAN_POINT('',(340.2772336398,2.276921535604E-03));
#3389 = CARTESIAN_POINT('',(339.13247321687,2.691779241986E-03));
#3390 = CARTESIAN_POINT('',(337.987504314,3.10288223538E-03));
#3391 = CARTESIAN_POINT('',(336.84233062561,3.510291406324E-03));
#3392 = CARTESIAN_POINT('',(334.55680079665,4.315997237121E-03));
#3393 = CARTESIAN_POINT('',(333.41644658101,4.714323332411E-03));
#3394 = CARTESIAN_POINT('',(332.27589640142,5.109107745194E-03));
#3395 = CARTESIAN_POINT('',(331.13515374456,5.500396898234E-03));
#3396 = CARTESIAN_POINT('',(329.99422198995,5.888236889194E-03));
#3397 = CARTESIAN_POINT('',(328.85310430386,6.272678868146E-03));
#3398 = CARTESIAN_POINT('',(327.71180367634,6.653771309055E-03));
#3399 = CARTESIAN_POINT('',(325.43722951353,7.406533409224E-03));
#3400 = CARTESIAN_POINT('',(324.30395847901,7.778252221127E-03));
#3401 = CARTESIAN_POINT('',(323.17051378255,8.146754323965E-03));
#3402 = CARTESIAN_POINT('',(322.03689710956,8.512051647625E-03));
#3403 = CARTESIAN_POINT('',(320.90311147472,8.874173456087E-03));
#3404 = CARTESIAN_POINT('',(319.7691603138,9.233161133407E-03));
#3405 = CARTESIAN_POINT('',(318.63504589327,9.589040313785E-03));
#3406 = CARTESIAN_POINT('',(316.35759271335,1.02973631955E-02));
#3407 = CARTESIAN_POINT('',(315.21425145598,1.064976497217E-02));
#3408 = CARTESIAN_POINT('',(314.07074937199,1.099902822722E-02));
#3409 = CARTESIAN_POINT('',(312.92708971752,1.134520414828E-02));
#3410 = CARTESIAN_POINT('',(311.78327483724,1.168828506777E-02));
#3411 = CARTESIAN_POINT('',(310.63930686755,1.202825712558E-02));
#3412 = CARTESIAN_POINT('',(309.4951886435,1.236515598893E-02));
#3413 = CARTESIAN_POINT('',(307.13707033909,1.30530887899E-02));
#3414 = CARTESIAN_POINT('',(305.92305185706,1.340374288702E-02));
#3415 = CARTESIAN_POINT('',(304.70887000439,1.375091977915E-02));
#3416 = CARTESIAN_POINT('',(303.4945279388,1.409463866892E-02));
#3417 = CARTESIAN_POINT('',(302.28002827097,1.443482249846E-02));
#3418 = CARTESIAN_POINT('',(301.06537442847,1.477158272169E-02));
#3419 = CARTESIAN_POINT('',(299.85056909656,1.510478555968E-02));
#3420 = CARTESIAN_POINT('',(297.42046385479,1.576416856803E-02));
#3421 = CARTESIAN_POINT('',(296.20516398374,1.609034840429E-02));
#3422 = CARTESIAN_POINT('',(294.98971845717,1.64129146217E-02));
#3423 = CARTESIAN_POINT('',(293.77413137204,1.673196483091E-02));
#3424 = CARTESIAN_POINT('',(292.55840430775,1.704731107904E-02));
#3425 = CARTESIAN_POINT('',(291.34254171629,1.735899754103E-02));
#3426 = CARTESIAN_POINT('',(290.12654621135,1.766694065532E-02));
#3427 = CARTESIAN_POINT('',(287.69416132625,1.827530455432E-02));
#3428 = CARTESIAN_POINT('',(286.47777192645,1.857573080073E-02));
#3429 = CARTESIAN_POINT('',(285.26125646021,1.887230781123E-02));
#3430 = CARTESIAN_POINT('',(284.04461853455,1.916499699053E-02));
#3431 = CARTESIAN_POINT('',(282.82786149656,1.94536861263E-02));
#3432 = CARTESIAN_POINT('',(281.6109891994,1.973834679309E-02));
#3433 = CARTESIAN_POINT('',(280.39400539368,2.001891283179E-02));
#3434 = CARTESIAN_POINT('',(278.5683423635,2.0433444465E-02));
#3435 = CARTESIAN_POINT('',(277.95974369047,2.0570574153E-02));
#3436 = CARTESIAN_POINT('',(277.35111868144,2.070664048594E-02));
#3437 = CARTESIAN_POINT('',(276.74246785537,2.084163203458E-02));
#3438 = CARTESIAN_POINT('',(276.1337917253,2.097553737215E-02));
#3439 = CARTESIAN_POINT('',(275.52509080771,2.110834507145E-02));
#3440 = CARTESIAN_POINT('',(274.91636563197,2.124004370188E-02));
#3441 = CARTESIAN_POINT('',(273.69886596076,2.150120008743E-02));
#3442 = CARTESIAN_POINT('',(273.09009145943,2.163065922126E-02));
#3443 = CARTESIAN_POINT('',(272.48129380848,2.175898443175E-02));
#3444 = CARTESIAN_POINT('',(271.87247358743,2.188616089769E-02));
#3445 = CARTESIAN_POINT('',(271.26363139259,2.201217377294E-02));
#3446 = CARTESIAN_POINT('',(270.65476783702,2.213700818639E-02));
#3447 = CARTESIAN_POINT('',(270.04588355057,2.226064924199E-02));
#3448 = CARTESIAN_POINT('',(268.21921953625,2.262793667734E-02));
#3449 = CARTESIAN_POINT('',(267.0013794838,2.286796940629E-02));
#3450 = CARTESIAN_POINT('',(265.78346499159,2.310300115453E-02));
#3451 = CARTESIAN_POINT('',(264.56547848012,2.333309084687E-02));
#3452 = CARTESIAN_POINT('',(263.3474289418,2.355782786261E-02));
#3453 = CARTESIAN_POINT('',(262.12931981517,2.377726337194E-02));
#3454 = CARTESIAN_POINT('',(260.91115886822,2.399113808203E-02));
#3455 = CARTESIAN_POINT('',(259.08390436773,2.430343176601E-02));
#3456 = CARTESIAN_POINT('',(258.47484503894,2.440610562739E-02));
#3457 = CARTESIAN_POINT('',(257.86577512217,2.450733974031E-02));
#3458 = CARTESIAN_POINT('',(257.25669545133,2.460711096218E-02));
#3459 = CARTESIAN_POINT('',(256.64760689286,2.470539597542E-02));
#3460 = CARTESIAN_POINT('',(256.03851034577,2.480217128754E-02));
#3461 = CARTESIAN_POINT('',(255.42940674163,2.489741323104E-02));
#3462 = CARTESIAN_POINT('',(254.21124718369,2.508477326508E-02));
#3463 = CARTESIAN_POINT('',(253.60219122024,2.517689345774E-02));
#3464 = CARTESIAN_POINT('',(252.99313013733,2.526743199885E-02));
#3465 = CARTESIAN_POINT('',(252.38406491062,2.535636634266E-02));
#3466 = CARTESIAN_POINT('',(251.77499654092,2.544367510095E-02));
#3467 = CARTESIAN_POINT('',(251.16592608677,2.552933520353E-02));
#3468 = CARTESIAN_POINT('',(250.55685469704,2.561331905888E-02));
#3469 = CARTESIAN_POINT('',(249.34749050989,2.57766791939E-02));
#3470 = CARTESIAN_POINT('',(248.74719759141,2.585610686866E-02));
#3471 = CARTESIAN_POINT('',(248.14690591473,2.593384686393E-02));
#3472 = CARTESIAN_POINT('',(247.54661654643,2.600987129086E-02));
#3473 = CARTESIAN_POINT('',(246.94633059306,2.608415224684E-02));
#3474 = CARTESIAN_POINT('',(246.34604920113,2.61566618154E-02));
#3475 = CARTESIAN_POINT('',(245.74577355712,2.622737206633E-02));
#3476 = CARTESIAN_POINT('',(244.69319050833,2.634815979765E-02));
#3477 = CARTESIAN_POINT('',(244.24088010832,2.639902646553E-02));
#3478 = CARTESIAN_POINT('',(243.78857415521,2.644884516415E-02));
#3479 = CARTESIAN_POINT('',(243.3362732184,2.649760263352E-02));
#3480 = CARTESIAN_POINT('',(242.88397793287,2.654528361129E-02));
#3481 = CARTESIAN_POINT('',(242.4316889631,2.659187219532E-02));
#3482 = CARTESIAN_POINT('',(241.97940696698,2.663735320624E-02));
#3483 = CARTESIAN_POINT('',(240.84014714141,2.674909503234E-02));
#3484 = CARTESIAN_POINT('',(240.15317923847,2.681388685476E-02));
#3485 = CARTESIAN_POINT('',(239.46623067115,2.687604199225E-02));
#3486 = CARTESIAN_POINT('',(238.77930361549,2.693550435755E-02));
#3487 = CARTESIAN_POINT('',(238.09240026742,2.699222051065E-02));
#3488 = CARTESIAN_POINT('',(237.40552276606,2.704614233445E-02));
#3489 = CARTESIAN_POINT('',(236.7186733762,2.709722067678E-02));
#3490 = CARTESIAN_POINT('',(235.34521360959,2.719354609807E-02));
#3491 = CARTESIAN_POINT('',(234.65860303864,2.723879245604E-02));
#3492 = CARTESIAN_POINT('',(233.97202733459,2.728106401639E-02));
#3493 = CARTESIAN_POINT('',(233.28548588216,2.732029561025E-02));
#3494 = CARTESIAN_POINT('',(232.59898804519,2.735642224137E-02));
#3495 = CARTESIAN_POINT('',(231.91253036655,2.73893785547E-02));
#3496 = CARTESIAN_POINT('',(231.22611871419,2.741909939523E-02));
#3497 = CARTESIAN_POINT('',(230.01860388817,2.746557919104E-02));
#3498 = CARTESIAN_POINT('',(229.49748054538,2.748373785678E-02));
#3499 = CARTESIAN_POINT('',(228.97638606521,2.749996661799E-02));
#3500 = CARTESIAN_POINT('',(228.45532193262,2.751423119748E-02));
#3501 = CARTESIAN_POINT('',(227.93428979249,2.752649417913E-02));
#3502 = CARTESIAN_POINT('',(227.41329137269,2.753671731418E-02));
#3503 = CARTESIAN_POINT('',(226.89232840716,2.754486382762E-02));
#3504 = CARTESIAN_POINT('',(225.97646740517,2.755547709446E-02));
#3505 = CARTESIAN_POINT('',(225.58155351237,2.755883981351E-02));
#3506 = CARTESIAN_POINT('',(225.18666183918,2.756097303464E-02));
#3507 = CARTESIAN_POINT('',(224.79179320082,2.756186090249E-02));
#3508 = CARTESIAN_POINT('',(224.39694830806,2.756148755469E-02));
#3509 = CARTESIAN_POINT('',(224.00212780624,2.755983712324E-02));
#3510 = CARTESIAN_POINT('',(223.60733231426,2.755689373588E-02));
#3511 = CARTESIAN_POINT('',(222.61060826102,2.754615620474E-02));
#3512 = CARTESIAN_POINT('',(222.00871352925,2.753663476677E-02));
#3513 = CARTESIAN_POINT('',(221.40688125832,2.752400586905E-02));
#3514 = CARTESIAN_POINT('',(220.80511464513,2.750819668488E-02));
#3515 = CARTESIAN_POINT('',(220.2034170693,2.748913353102E-02));
#3516 = CARTESIAN_POINT('',(219.60179206902,2.746674250337E-02));
#3517 = CARTESIAN_POINT('',(219.00024331699,2.744095011261E-02));
#3518 = CARTESIAN_POINT('',(217.78886696916,2.73820067917E-02));
#3519 = CARTESIAN_POINT('',(217.17904204256,2.734875620507E-02));
#3520 = CARTESIAN_POINT('',(216.56930131045,2.731186872208E-02));
#3521 = CARTESIAN_POINT('',(215.95965797082,2.727120147405E-02));
#3522 = CARTESIAN_POINT('',(215.35009756958,2.722685576902E-02));
#3523 = CARTESIAN_POINT('',(214.74064264616,2.717849464254E-02));
#3524 = CARTESIAN_POINT('',(214.13128693116,2.712616539527E-02));
#3525 = CARTESIAN_POINT('',(212.99261054887,2.702063963026E-02));
#3526 = CARTESIAN_POINT('',(212.46326251916,2.696846868909E-02));
#3527 = CARTESIAN_POINT('',(211.93399932722,2.691310988538E-02));
#3528 = CARTESIAN_POINT('',(211.40482353663,2.685451745983E-02));
#3529 = CARTESIAN_POINT('',(210.87573940623,2.679260566504E-02));
#3530 = CARTESIAN_POINT('',(210.34675086628,2.672730036858E-02));
#3531 = CARTESIAN_POINT('',(209.8178603144,2.66585710096E-02));
#3532 = CARTESIAN_POINT('',(208.89261246994,2.653210845726E-02));
#3533 = CARTESIAN_POINT('',(208.49620928598,2.647592935797E-02));
#3534 = CARTESIAN_POINT('',(208.09986603341,2.641771918638E-02));
#3535 = CARTESIAN_POINT('',(207.70358443774,2.635743776691E-02));
#3536 = CARTESIAN_POINT('',(207.30736630246,2.629504491959E-02));
#3537 = CARTESIAN_POINT('',(206.91121350903,2.623050046014E-02));
#3538 = CARTESIAN_POINT('',(206.51512801694,2.616376419987E-02));
#3539 = CARTESIAN_POINT('',(205.82066186778,2.604281913493E-02));
#3540 = CARTESIAN_POINT('',(205.52225122181,2.598957527988E-02));
#3541 = CARTESIAN_POINT('',(205.22388085664,2.593504608818E-02));
#3542 = CARTESIAN_POINT('',(204.92555166705,2.587921445237E-02));
#3543 = CARTESIAN_POINT('',(204.62726454854,2.582206375978E-02));
#3544 = CARTESIAN_POINT('',(204.32902043426,2.57635772023E-02));
#3545 = CARTESIAN_POINT('',(204.0308203319,2.570373708619E-02));
#3546 = CARTESIAN_POINT('',(203.28382983598,2.555037418491E-02));
#3547 = CARTESIAN_POINT('',(202.83509795697,2.545510434643E-02));
#3548 = CARTESIAN_POINT('',(202.38647017193,2.535662821866E-02));
#3549 = CARTESIAN_POINT('',(201.93796383579,2.525485662288E-02));
#3550 = CARTESIAN_POINT('',(201.48956573637,2.514970531061E-02));
#3551 = CARTESIAN_POINT('',(201.04129172559,2.504108553907E-02));
#3552 = CARTESIAN_POINT('',(200.59313935573,2.492891150755E-02));
#3553 = CARTESIAN_POINT('',(199.91728206955,2.475420102074E-02));
#3554 = CARTESIAN_POINT('',(199.6894822084,2.469436392321E-02));
#3555 = CARTESIAN_POINT('',(199.4617158659,2.463357380284E-02));
#3556 = CARTESIAN_POINT('',(199.23398358905,2.457181943516E-02));
#3557 = CARTESIAN_POINT('',(199.00628595205,2.450908943843E-02));
#3558 = CARTESIAN_POINT('',(198.77862355635,2.444537227368E-02));
#3559 = CARTESIAN_POINT('',(198.55099703064,2.438065624471E-02));
#3560 = CARTESIAN_POINT('',(198.09584632082,2.424921007672E-02));
#3561 = CARTESIAN_POINT('',(197.86832236342,2.418247625268E-02));
#3562 = CARTESIAN_POINT('',(197.64083618472,2.411470997717E-02));
#3563 = CARTESIAN_POINT('',(197.41338883572,2.404589320091E-02));
#3564 = CARTESIAN_POINT('',(197.1859813923,2.397600787417E-02));
#3565 = CARTESIAN_POINT('',(196.95861495524,2.390503594673E-02));
#3566 = CARTESIAN_POINT('',(196.73129065018,2.383295936786E-02));
#3567 = CARTESIAN_POINT('',(196.07524695036,2.362167162506E-02));
#3568 = CARTESIAN_POINT('',(195.64663946122,2.347958006874E-02));
#3569 = CARTESIAN_POINT('',(195.21819072297,2.333340012774E-02));
#3570 = CARTESIAN_POINT('',(194.78990957824,2.318291726257E-02));
#3571 = CARTESIAN_POINT('',(194.36179186244,2.30281897426E-02));
#3572 = CARTESIAN_POINT('',(193.93385793726,2.286884990358E-02));
#3573 = CARTESIAN_POINT('',(193.50609749605,2.270504058275E-02));
#3574 = CARTESIAN_POINT('',(192.75617779131,2.240930895066E-02));
#3575 = CARTESIAN_POINT('',(192.4339339333,2.227947093804E-02));
#3576 = CARTESIAN_POINT('',(192.1118057354,2.214682622706E-02));
#3577 = CARTESIAN_POINT('',(191.78979686113,2.201128751781E-02));
#3578 = CARTESIAN_POINT('',(191.46791655094,2.187276551986E-02));
#3579 = CARTESIAN_POINT('',(191.14616667862,2.173117388511E-02));
#3580 = CARTESIAN_POINT('',(190.82455740088,2.158642326616E-02));
#3581 = CARTESIAN_POINT('',(190.26774580437,2.133007744E-02));
#3582 = CARTESIAN_POINT('',(190.03247584673,2.121998950721E-02));
#3583 = CARTESIAN_POINT('',(189.7972837422,2.110812452155E-02));
#3584 = CARTESIAN_POINT('',(189.5621692554,2.099446121102E-02));
#3585 = CARTESIAN_POINT('',(189.3271343957,2.087894968528E-02));
#3586 = CARTESIAN_POINT('',(189.09217983181,2.076155952871E-02));
#3587 = CARTESIAN_POINT('',(188.85730392048,2.064229299315E-02));
#3588 = CARTESIAN_POINT('',(188.25831275457,2.03329441379E-02));
#3589 = CARTESIAN_POINT('',(187.89431588674,2.014009566515E-02));
#3590 = CARTESIAN_POINT('',(187.53053595008,1.994225345859E-02));
#3591 = CARTESIAN_POINT('',(187.16698655705,1.97391827764E-02));
#3592 = CARTESIAN_POINT('',(186.80368233134,1.953064969168E-02));
#3593 = CARTESIAN_POINT('',(186.44063890793,1.931642109244E-02));
#3594 = CARTESIAN_POINT('',(186.07787293301,1.909626468163E-02));
#3595 = CARTESIAN_POINT('',(185.53406990802,1.87567313464E-02));
#3596 = CARTESIAN_POINT('',(185.35281202673,1.864196647383E-02));
#3597 = CARTESIAN_POINT('',(185.17162555467,1.852566379272E-02));
#3598 = CARTESIAN_POINT('',(184.99052269153,1.840766750021E-02));
#3599 = CARTESIAN_POINT('',(184.80947880538,1.828823006727E-02));
#3600 = CARTESIAN_POINT('',(184.62852758634,1.816696344338E-02));
#3601 = CARTESIAN_POINT('',(184.44765472137,1.804400905596E-02));
#3602 = CARTESIAN_POINT('',(184.08598922487,1.779437953831E-02));
#3603 = CARTESIAN_POINT('',(183.90519518754,1.766771950169E-02));
#3604 = CARTESIAN_POINT('',(183.72449373816,1.753918729213E-02));
#3605 = CARTESIAN_POINT('',(183.54388927837,1.740872309222E-02));
#3606 = CARTESIAN_POINT('',(183.36338639898,1.727626727152E-02));
#3607 = CARTESIAN_POINT('',(183.18298988001,1.714176038656E-02));
#3608 = CARTESIAN_POINT('',(183.00270469065,1.700514318087E-02));
#3609 = CARTESIAN_POINT('',(182.7299023443,1.67949998568E-02));
#3610 = CARTESIAN_POINT('',(182.64563514926,1.672949077596E-02));
#3611 = CARTESIAN_POINT('',(182.56339568528,1.66651207877E-02));
#3612 = CARTESIAN_POINT('',(182.47935442403,1.659889408556E-02));
#3613 = CARTESIAN_POINT('',(182.39218396002,1.652965792436E-02));
#3614 = CARTESIAN_POINT('',(182.30305194285,1.645823293315E-02));
#3615 = CARTESIAN_POINT('',(182.21561400951,1.638754342817E-02));
#3616 = CARTESIAN_POINT('',(182.0506001054,1.625323204607E-02));
#3617 = CARTESIAN_POINT('',(181.97596349282,1.619193322207E-02));
#3618 = CARTESIAN_POINT('',(181.90384406057,1.613235473562E-02));
#3619 = CARTESIAN_POINT('',(181.82922172628,1.607035377377E-02));
#3620 = CARTESIAN_POINT('',(181.75030179635,1.60043047667E-02));
#3621 = CARTESIAN_POINT('',(181.66850761876,1.593526292552E-02));
#3622 = CARTESIAN_POINT('',(181.5884732359,1.586712778009E-02));
#3623 = CARTESIAN_POINT('',(181.24326809301,1.55715003657E-02));
#3624 = CARTESIAN_POINT('',(180.96884334075,1.533029899758E-02));
#3625 = CARTESIAN_POINT('',(180.69476519743,1.508273855033E-02));
#3626 = CARTESIAN_POINT('',(180.42104131721,1.482836129719E-02));
#3627 = CARTESIAN_POINT('',(180.14768347637,1.456671784895E-02));
#3628 = CARTESIAN_POINT('',(179.87470745815,1.429736915595E-02));
#3629 = CARTESIAN_POINT('',(179.60213293745,1.401988851027E-02));
#3630 = CARTESIAN_POINT('',(179.26234026115,1.366277170424E-02));
#3631 = CARTESIAN_POINT('',(179.19472343989,1.359115205624E-02));
#3632 = CARTESIAN_POINT('',(179.12713327188,1.351899828119E-02));
#3633 = CARTESIAN_POINT('',(179.05957014425,1.344630412152E-02));
#3634 = CARTESIAN_POINT('',(178.99203446124,1.337306338467E-02));
#3635 = CARTESIAN_POINT('',(178.92452664424,1.329926994314E-02));
#3636 = CARTESIAN_POINT('',(178.8570471318,1.322491773444E-02));
#3637 = CARTESIAN_POINT('',(178.68690463618,1.303594068889E-02));
#3638 = CARTESIAN_POINT('',(178.58342034162,1.291962163047E-02));
#3639 = CARTESIAN_POINT('',(178.48065109136,1.280267231552E-02));
#3640 = CARTESIAN_POINT('',(178.37929389793,1.268572377081E-02));
#3641 = CARTESIAN_POINT('',(178.27909614799,1.256869485039E-02));
#3642 = CARTESIAN_POINT('',(178.17907151932,1.24502271895E-02));
#3643 = CARTESIAN_POINT('',(178.07726432763,1.232802564757E-02));
#3644 = CARTESIAN_POINT('',(177.87274596384,1.207854151831E-02));
#3645 = CARTESIAN_POINT('',(177.77179584738,1.19537102648E-02));
#3646 = CARTESIAN_POINT('',(177.66963970171,1.182548722565E-02));
#3647 = CARTESIAN_POINT('',(177.56735894547,1.169509099097E-02));
#3648 = CARTESIAN_POINT('',(177.46557421342,1.156326540399E-02));
#3649 = CARTESIAN_POINT('',(177.36444960235,1.143022091236E-02));
#3650 = CARTESIAN_POINT('',(177.26369747451,1.129555869895E-02));
#3651 = CARTESIAN_POINT('',(177.0785563255,1.104401130227E-02));
#3652 = CARTESIAN_POINT('',(176.99439474338,1.092812438769E-02));
#3653 = CARTESIAN_POINT('',(176.9101164595,1.08104898035E-02));
#3654 = CARTESIAN_POINT('',(176.82577005806,1.069112247829E-02));
#3655 = CARTESIAN_POINT('',(176.74143569611,1.057008641098E-02));
#3656 = CARTESIAN_POINT('',(176.65722547942,1.044750176764E-02));
#3657 = CARTESIAN_POINT('',(176.57328383831,1.032355197843E-02));
#3658 = CARTESIAN_POINT('',(176.42227930081,1.009736214537E-02));
#3659 = CARTESIAN_POINT('',(176.35483980895,9.995211542264E-03));
#3660 = CARTESIAN_POINT('',(176.28747699269,9.891989461471E-03));
#3661 = CARTESIAN_POINT('',(176.22019918546,9.787643244662E-03));
#3662 = CARTESIAN_POINT('',(176.15301548942,9.682117138726E-03));
#3663 = CARTESIAN_POINT('',(176.08593577541,9.575352295779E-03));
#3664 = CARTESIAN_POINT('',(176.01897068303,9.467286773162E-03));
#3665 = CARTESIAN_POINT('',(175.95213162057,9.35785553344E-03));
#3666 = CARTESIAN_POINT('',(175.83729367276,9.169870531542E-03));
#3667 = CARTESIAN_POINT('',(175.73285171101,8.994096152155E-03));
#3668 = CARTESIAN_POINT('',(175.63415650392,8.824776928718E-03));
#3669 = CARTESIAN_POINT('',(175.53858435126,8.655871539796E-03));
#3670 = CARTESIAN_POINT('',(175.44319637529,8.484569641635E-03));
#3671 = CARTESIAN_POINT('',(175.34721345511,8.307855675333E-03));
#3672 = CARTESIAN_POINT('',(175.25011783222,8.125219498778E-03));
#3673 = CARTESIAN_POINT('',(175.05307864329,7.746456813932E-03));
#3674 = CARTESIAN_POINT('',(174.95376204267,7.551708112922E-03));
#3675 = CARTESIAN_POINT('',(174.85475848595,7.352491670351E-03));
#3676 = CARTESIAN_POINT('',(174.75539828796,7.151282673956E-03));
#3677 = CARTESIAN_POINT('',(174.65679983357,6.943557110861E-03));
#3678 = CARTESIAN_POINT('',(174.55731920669,6.735701530557E-03));
#3679 = CARTESIAN_POINT('',(174.45829556246,6.522429437247E-03));
#3680 = CARTESIAN_POINT('',(174.35931857616,6.305352157069E-03));
#3681 = CARTESIAN_POINT('',(174.29873734801,6.172428718804E-03));
#3682 = CARTESIAN_POINT('',(174.23821785369,6.037911053057E-03));
#3683 = CARTESIAN_POINT('',(174.17778354615,5.901710586763E-03));
#3684 = CARTESIAN_POINT('',(174.11746035713,5.763737184001E-03));
#3685 = CARTESIAN_POINT('',(174.05727669717,5.623899145991E-03));
#3686 = CARTESIAN_POINT('',(173.9972634556,5.482103211092E-03));
#3687 = CARTESIAN_POINT('',(173.93745400056,5.338254554807E-03));
#3688 = CARTESIAN_POINT('',(173.79119362619,4.979833678672E-03));
#3689 = CARTESIAN_POINT('',(173.70507941425,4.762824485416E-03));
#3690 = CARTESIAN_POINT('',(173.61956895816,4.5409053312E-03));
#3691 = CARTESIAN_POINT('',(173.53454275899,4.313998430109E-03));
#3692 = CARTESIAN_POINT('',(173.44988158929,4.082048025511E-03));
#3693 = CARTESIAN_POINT('',(173.36550878852,3.8449976795E-03));
#3694 = CARTESIAN_POINT('',(173.28132766853,3.60296891537E-03));
#3695 = CARTESIAN_POINT('',(173.19705402891,3.35664121316E-03));
#3696 = CARTESIAN_POINT('',(173.10600664031,3.094769209375E-03));
#3697 = CARTESIAN_POINT('',(173.02203624954,2.825176356088E-03));
#3698 = CARTESIAN_POINT('',(172.93033782436,2.591296573238E-03));
#3699 = CARTESIAN_POINT('',(172.84592025786,2.298096228276E-03));
#3700 = CARTESIAN_POINT('',(172.75239266173,2.022551607386E-03));
#3701 = CARTESIAN_POINT('',(172.64748900066,1.789057883317E-03));
#3702 = CARTESIAN_POINT('',(172.5630343215,1.469099920906E-03));
#3703 = CARTESIAN_POINT('',(172.42705583072,1.464515261374E-03));
#3704 = CARTESIAN_POINT('',(172.3340840043,1.481553748305E-03));
#3705 = CARTESIAN_POINT('',(172.25492459524,1.614760795369E-03));
#3706 = CARTESIAN_POINT('',(172.18409638913,1.804310413337E-03));
#3707 = CARTESIAN_POINT('',(172.11749039565,2.008318539651E-03));
#3708 = CARTESIAN_POINT('',(172.05236984854,2.202843038423E-03));
#3709 = CARTESIAN_POINT('',(171.98737020564,2.38188370044E-03));
#3710 = CARTESIAN_POINT('',(171.92249914884,2.557382243156E-03));
#3711 = CARTESIAN_POINT('',(171.85913658413,2.759222310702E-03));
#3712 = CARTESIAN_POINT('',(171.80751391916,2.912641569686E-03));
#3713 = CARTESIAN_POINT('',(171.75613325094,3.065497103609E-03));
#3714 = CARTESIAN_POINT('',(171.70490349618,3.217344720202E-03));
#3715 = CARTESIAN_POINT('',(171.65374829611,3.367834794022E-03));
#3716 = CARTESIAN_POINT('',(171.60260601653,3.516712266448E-03));
#3717 = CARTESIAN_POINT('',(171.5514297478,3.663816645683E-03));
#3718 = CARTESIAN_POINT('',(171.50018730483,3.809082006753E-03));
#3719 = CARTESIAN_POINT('',(171.36806686732,4.178408863698E-03));
#3720 = CARTESIAN_POINT('',(171.28179813949,4.414120224576E-03));
#3721 = CARTESIAN_POINT('',(171.19454096119,4.646238164067E-03));
#3722 = CARTESIAN_POINT('',(171.10865219143,4.867816509398E-03));
#3723 = CARTESIAN_POINT('',(171.02485493114,5.077464201527E-03));
#3724 = CARTESIAN_POINT('',(170.94238541812,5.278451529151E-03));
#3725 = CARTESIAN_POINT('',(170.85879151643,5.477854220306E-03));
#3726 = CARTESIAN_POINT('',(170.68513651484,5.881642264939E-03));
#3727 = CARTESIAN_POINT('',(170.60056679296,6.073730054545E-03));
#3728 = CARTESIAN_POINT('',(170.51581570479,6.262480068828E-03));
#3729 = CARTESIAN_POINT('',(170.43090388769,6.447934921274E-03));
#3730 = CARTESIAN_POINT('',(170.34588510261,6.630294686563E-03));
#3731 = CARTESIAN_POINT('',(170.26087750303,6.810035372617E-03));
#3732 = CARTESIAN_POINT('',(170.17597161662,6.987549708531E-03));
#3733 = CARTESIAN_POINT('',(170.00090896756,7.347688742429E-03));
#3734 = CARTESIAN_POINT('',(169.91152403719,7.52857112007E-03));
#3735 = CARTESIAN_POINT('',(169.82256722438,7.705470701667E-03));
#3736 = CARTESIAN_POINT('',(169.73381499324,7.878766033197E-03));
#3737 = CARTESIAN_POINT('',(169.64510797968,8.048709967459E-03));
#3738 = CARTESIAN_POINT('',(169.55634806307,8.215440957947E-03));
#3739 = CARTESIAN_POINT('',(169.4674978259,8.378996565399E-03));
#3740 = CARTESIAN_POINT('',(169.37858240148,8.539329177012E-03));
#3741 = CARTESIAN_POINT('',(169.28641947203,8.705492723827E-03));
#3742 = CARTESIAN_POINT('',(169.19404185792,8.86859385991E-03));
#3743 = CARTESIAN_POINT('',(169.10127537126,9.02848122582E-03));
#3744 = CARTESIAN_POINT('',(169.00820366921,9.185404690272E-03));
#3745 = CARTESIAN_POINT('',(168.91488211357,9.339561843309E-03));
#3746 = CARTESIAN_POINT('',(168.82131696326,9.49107653263E-03));
#3747 = CARTESIAN_POINT('',(168.72753540629,9.640115236239E-03));
#3748 = CARTESIAN_POINT('',(168.54641119435,9.922961760001E-03));
#3749 = CARTESIAN_POINT('',(168.46387565212,1.004957464795E-02));
#3750 = CARTESIAN_POINT('',(168.3822307997,1.017322021214E-02));
#3751 = CARTESIAN_POINT('',(168.29921830242,1.029732475929E-02));
#3752 = CARTESIAN_POINT('',(168.21410731169,1.042272629452E-02));
#3753 = CARTESIAN_POINT('',(168.12772633185,1.054804888572E-02));
#3754 = CARTESIAN_POINT('',(168.04247564509,1.066993151688E-02));
#3755 = CARTESIAN_POINT('',(167.83643123916,1.096087237767E-02));
#3756 = CARTESIAN_POINT('',(167.71031870065,1.113526151755E-02));
#3757 = CARTESIAN_POINT('',(167.58399450399,1.130638661931E-02));
#3758 = CARTESIAN_POINT('',(167.4574695295,1.147435821665E-02));
#3759 = CARTESIAN_POINT('',(167.33075371261,1.163928960763E-02));
#3760 = CARTESIAN_POINT('',(167.20385604387,1.180129685477E-02));
#3761 = CARTESIAN_POINT('',(167.07678456895,1.196049878496E-02));
#3762 = CARTESIAN_POINT('',(166.88984898047,1.219045123077E-02));
#3763 = CARTESIAN_POINT('',(166.83011548448,1.226329526533E-02));
#3764 = CARTESIAN_POINT('',(166.77034597617,1.233556084908E-02));
#3765 = CARTESIAN_POINT('',(166.71054084521,1.240726022501E-02));
#3766 = CARTESIAN_POINT('',(166.6507007955,1.247840612319E-02));
#3767 = CARTESIAN_POINT('',(166.5908268451,1.254901176077E-02));
#3768 = CARTESIAN_POINT('',(166.53092032628,1.261909084203E-02));
#3769 = CARTESIAN_POINT('',(166.40361916829,1.276684843266E-02));
#3770 = CARTESIAN_POINT('',(166.33621589415,1.28443845441E-02));
#3771 = CARTESIAN_POINT('',(166.26877687228,1.292129548567E-02));
#3772 = CARTESIAN_POINT('',(166.20130515683,1.299760559288E-02));
#3773 = CARTESIAN_POINT('',(166.13380304688,1.307333394368E-02));
#3774 = CARTESIAN_POINT('',(166.06627208645,1.314849435844E-02));
#3775 = CARTESIAN_POINT('',(165.99871306452,1.322309539998E-02));
#3776 = CARTESIAN_POINT('',(165.68503329831,1.356674090367E-02));
#3777 = CARTESIAN_POINT('',(165.43856733744,1.382895319169E-02));
#3778 = CARTESIAN_POINT('',(165.19174879988,1.4084072331E-02));
#3779 = CARTESIAN_POINT('',(164.9445956708,1.433240472607E-02));
#3780 = CARTESIAN_POINT('',(164.69712317779,1.457426669561E-02));
#3781 = CARTESIAN_POINT('',(164.44934371561,1.480998307579E-02));
#3782 = CARTESIAN_POINT('',(164.20126677086,1.503988582341E-02));
#3783 = CARTESIAN_POINT('',(163.85877667568,1.534936208034E-02));
#3784 = CARTESIAN_POINT('',(163.76535026333,1.543295835529E-02));
#3785 = CARTESIAN_POINT('',(163.67170465302,1.551597029666E-02));
#3786 = CARTESIAN_POINT('',(163.57740443958,1.559878595726E-02));
#3787 = CARTESIAN_POINT('',(163.48249513364,1.56813538531E-02));
#3788 = CARTESIAN_POINT('',(163.38750471416,1.576321761369E-02));
#3789 = CARTESIAN_POINT('',(163.29344536912,1.584354401929E-02));
#3790 = CARTESIAN_POINT('',(162.86803377926,1.620381857224E-02));
#3791 = CARTESIAN_POINT('',(162.53375476155,1.64779968068E-02));
#3792 = CARTESIAN_POINT('',(162.19901686911,1.674405312813E-02));
#3793 = CARTESIAN_POINT('',(161.86385623213,1.700236418592E-02));
#3794 = CARTESIAN_POINT('',(161.52830661328,1.725330928029E-02));
#3795 = CARTESIAN_POINT('',(161.19239940772,1.749727036183E-02));
#3796 = CARTESIAN_POINT('',(160.85616364306,1.773463203159E-02));
#3797 = CARTESIAN_POINT('',(160.34726657412,1.808416743772E-02));
#3798 = CARTESIAN_POINT('',(160.17482689772,1.820091088522E-02));
#3799 = CARTESIAN_POINT('',(160.00231625867,1.831612654578E-02));
#3800 = CARTESIAN_POINT('',(159.82972264588,1.842969677464E-02));
#3801 = CARTESIAN_POINT('',(159.65707662696,1.854197268037E-02));
#3802 = CARTESIAN_POINT('',(159.48435261108,1.865268942532E-02));
#3803 = CARTESIAN_POINT('',(159.31156507212,1.876202463622E-02));
#3804 = CARTESIAN_POINT('',(158.96592279197,1.897783172821E-02));
#3805 = CARTESIAN_POINT('',(158.79306891512,1.908431492311E-02));
#3806 = CARTESIAN_POINT('',(158.62014988719,1.918942360597E-02));
#3807 = CARTESIAN_POINT('',(158.44716757407,1.929318287216E-02));
#3808 = CARTESIAN_POINT('',(158.27412378717,1.939561786818E-02));
#3809 = CARTESIAN_POINT('',(158.10102028346,1.94967537917E-02));
#3810 = CARTESIAN_POINT('',(157.92785876542,1.959661589158E-02));
#3811 = CARTESIAN_POINT('',(157.59843941074,1.978415553602E-02));
#3812 = CARTESIAN_POINT('',(157.44219210664,1.987206632562E-02));
#3813 = CARTESIAN_POINT('',(157.28590017729,1.995898038646E-02));
#3814 = CARTESIAN_POINT('',(157.12956479782,2.004491629222E-02));
#3815 = CARTESIAN_POINT('',(156.97318711,2.012989264039E-02));
#3816 = CARTESIAN_POINT('',(156.81676822222,2.021392805229E-02));
#3817 = CARTESIAN_POINT('',(156.66030920952,2.029704117306E-02));
#3818 = CARTESIAN_POINT('',(156.3566857046,2.04565357794E-02));
#3819 = CARTESIAN_POINT('',(156.20952603909,2.053302598648E-02));
#3820 = CARTESIAN_POINT('',(156.06233225251,2.060872712541E-02));
#3821 = CARTESIAN_POINT('',(155.91510573634,2.068366207168E-02));
#3822 = CARTESIAN_POINT('',(155.76784765057,2.075785091455E-02));
#3823 = CARTESIAN_POINT('',(155.62055831801,2.08313028864E-02));
#3824 = CARTESIAN_POINT('',(155.47323750042,2.090402005063E-02));
#3825 = CARTESIAN_POINT('',(155.18706752748,2.104383612314E-02));
#3826 = CARTESIAN_POINT('',(155.04822187961,2.11110165198E-02));
#3827 = CARTESIAN_POINT('',(154.90934878603,2.117756080649E-02));
#3828 = CARTESIAN_POINT('',(154.77044840752,2.124347586625E-02));
#3829 = CARTESIAN_POINT('',(154.63152089245,2.130876859674E-02));
#3830 = CARTESIAN_POINT('',(154.4925663768,2.137344591021E-02));
#3831 = CARTESIAN_POINT('',(154.35358498412,2.143751473356E-02));
#3832 = CARTESIAN_POINT('',(153.9536116208,2.162013149725E-02));
#3833 = CARTESIAN_POINT('',(153.69255194281,2.173716082319E-02));
#3834 = CARTESIAN_POINT('',(153.43140126008,2.185211695841E-02));
#3835 = CARTESIAN_POINT('',(153.1701629406,2.19650468996E-02));
#3836 = CARTESIAN_POINT('',(152.90884025186,2.207599766776E-02));
#3837 = CARTESIAN_POINT('',(152.64743636088,2.218501630823E-02));
#3838 = CARTESIAN_POINT('',(152.38595433418,2.229214989069E-02));
#3839 = CARTESIAN_POINT('',(151.89787119879,2.248863861785E-02));
#3840 = CARTESIAN_POINT('',(151.67128894226,2.257845384676E-02));
#3841 = CARTESIAN_POINT('',(151.44465190722,2.266691626392E-02));
#3842 = CARTESIAN_POINT('',(151.21796275592,2.275406811899E-02));
#3843 = CARTESIAN_POINT('',(150.99122327033,2.283993932031E-02));
#3844 = CARTESIAN_POINT('',(150.76443383514,2.292453982006E-02));
#3845 = CARTESIAN_POINT('',(150.53759440718,2.300787390751E-02));
#3846 = CARTESIAN_POINT('',(150.10949224023,2.316278761732E-02));
#3847 = CARTESIAN_POINT('',(149.90823941584,2.323462512544E-02));
#3848 = CARTESIAN_POINT('',(149.70694908379,2.330550135966E-02));
#3849 = CARTESIAN_POINT('',(149.50562180846,2.337542875678E-02));
#3850 = CARTESIAN_POINT('',(149.30425813292,2.344441976555E-02));
#3851 = CARTESIAN_POINT('',(149.10285857887,2.351248684668E-02));
#3852 = CARTESIAN_POINT('',(148.90142364669,2.357964247287E-02));
#3853 = CARTESIAN_POINT('',(148.35011453611,2.376094899615E-02));
#3854 = CARTESIAN_POINT('',(148.00016980753,2.387329135373E-02));
#3855 = CARTESIAN_POINT('',(147.65012291276,2.398298040631E-02));
#3856 = CARTESIAN_POINT('',(147.29997943936,2.409010181437E-02));
#3857 = CARTESIAN_POINT('',(146.94974236319,2.419470527069E-02));
#3858 = CARTESIAN_POINT('',(146.59941509504,2.429685112901E-02));
#3859 = CARTESIAN_POINT('',(146.2490035531,2.439663898019E-02));
#3860 = CARTESIAN_POINT('',(145.36403292494,2.464268476258E-02));
#3861 = CARTESIAN_POINT('',(144.82936377993,2.478584842728E-02));
#3862 = CARTESIAN_POINT('',(144.2945074269,2.492372415463E-02));
#3863 = CARTESIAN_POINT('',(143.75947422865,2.5056459888E-02));
#3864 = CARTESIAN_POINT('',(143.22426457541,2.518420227317E-02));
#3865 = CARTESIAN_POINT('',(142.68889390224,2.53071004508E-02));
#3866 = CARTESIAN_POINT('',(142.15335746153,2.5425300604E-02));
#3867 = CARTESIAN_POINT('',(141.0817816516,2.565264783759E-02));
#3868 = CARTESIAN_POINT('',(140.54574032404,2.576177455574E-02));
#3869 = CARTESIAN_POINT('',(140.00955821252,2.586655463721E-02));
#3870 = CARTESIAN_POINT('',(139.4732372275,2.596701607232E-02));
#3871 = CARTESIAN_POINT('',(138.93678315451,2.606326501484E-02));
#3872 = CARTESIAN_POINT('',(138.40020299048,2.615543561147E-02));
#3873 = CARTESIAN_POINT('',(137.8634996896,2.624359129492E-02));
#3874 = CARTESIAN_POINT('',(136.98307569438,2.638178423247E-02));
#3875 = CARTESIAN_POINT('',(136.63942422717,2.643411769497E-02));
#3876 = CARTESIAN_POINT('',(136.29572573561,2.64848810086E-02));
#3877 = CARTESIAN_POINT('',(135.95198144296,2.653409827638E-02));
#3878 = CARTESIAN_POINT('',(135.60819242929,2.658179495308E-02));
#3879 = CARTESIAN_POINT('',(135.26435967519,2.662799925116E-02));
#3880 = CARTESIAN_POINT('',(134.92048429651,2.667273891772E-02));
#3881 = CARTESIAN_POINT('',(133.9680340468,2.679263882136E-02));
#3882 = CARTESIAN_POINT('',(133.35937105231,2.686471439213E-02));
#3883 = CARTESIAN_POINT('',(132.7505848173,2.693236343099E-02));
#3884 = CARTESIAN_POINT('',(132.14168090995,2.699568923039E-02));
#3885 = CARTESIAN_POINT('',(131.53266463615,2.705479503886E-02));
#3886 = CARTESIAN_POINT('',(130.92354103952,2.710978406105E-02));
#3887 = CARTESIAN_POINT('',(130.31431490136,2.716075945771E-02));
#3888 = CARTESIAN_POINT('',(129.25476564834,2.724260093733E-02));
#3889 = CARTESIAN_POINT('',(128.80448676629,2.727523915425E-02));
#3890 = CARTESIAN_POINT('',(128.354156653,2.730578839071E-02));
#3891 = CARTESIAN_POINT('',(127.9037768223,2.733429203691E-02));
#3892 = CARTESIAN_POINT('',(127.45334768645,2.736077108792E-02));
#3893 = CARTESIAN_POINT('',(127.00287067432,2.738525004624E-02));
#3894 = CARTESIAN_POINT('',(126.55234890284,2.740777366711E-02));
#3895 = CARTESIAN_POINT('',(125.41183192267,2.745989144397E-02));
#3896 = CARTESIAN_POINT('',(124.72177823939,2.748689869262E-02));
#3897 = CARTESIAN_POINT('',(124.03162607301,2.750946090241E-02));
#3898 = CARTESIAN_POINT('',(123.34138421062,2.752777715556E-02));
#3899 = CARTESIAN_POINT('',(122.65105202493,2.754180660417E-02));
#3900 = CARTESIAN_POINT('',(121.96064112607,2.755183576039E-02));
#3901 = CARTESIAN_POINT('',(121.27015157476,2.755785498388E-02));
#3902 = CARTESIAN_POINT('',(119.90089566967,2.756204901664E-02));
#3903 = CARTESIAN_POINT('',(119.22213178181,2.756035517293E-02));
#3904 = CARTESIAN_POINT('',(118.54329881141,2.75549692147E-02));
#3905 = CARTESIAN_POINT('',(117.86440189474,2.754597169478E-02));
#3906 = CARTESIAN_POINT('',(117.18544474506,2.753344310316E-02));
#3907 = CARTESIAN_POINT('',(116.5064306168,2.751746386798E-02));
#3908 = CARTESIAN_POINT('',(115.82736375779,2.749811435793E-02));
#3909 = CARTESIAN_POINT('',(114.47065390685,2.745288617457E-02));
#3910 = CARTESIAN_POINT('',(113.79301148525,2.742702201948E-02));
#3911 = CARTESIAN_POINT('',(113.11532194167,2.739794528341E-02));
#3912 = CARTESIAN_POINT('',(112.43758935362,2.736571874768E-02));
#3913 = CARTESIAN_POINT('',(111.75981534363,2.733040521286E-02));
#3914 = CARTESIAN_POINT('',(111.08200164251,2.72920674384E-02));
#3915 = CARTESIAN_POINT('',(110.40415259389,2.725076807704E-02));
#3916 = CARTESIAN_POINT('',(109.21339349593,2.717313089651E-02));
#3917 = CARTESIAN_POINT('',(108.70049755903,2.713802914946E-02));
#3918 = CARTESIAN_POINT('',(108.18758403832,2.710129785759E-02));
#3919 = CARTESIAN_POINT('',(107.67465411723,2.706296420414E-02));
#3920 = CARTESIAN_POINT('',(107.16170882591,2.702305117879E-02));
#3921 = CARTESIAN_POINT('',(106.64874909823,2.698157952965E-02));
#3922 = CARTESIAN_POINT('',(106.1357758289,2.693856971548E-02));
#3923 = CARTESIAN_POINT('',(104.85749819822,2.682761862133E-02));
#3924 = CARTESIAN_POINT('',(104.09217812049,2.67578206115E-02));
#3925 = CARTESIAN_POINT('',(103.32683364188,2.668471810365E-02));
#3926 = CARTESIAN_POINT('',(102.56146612245,2.660839074244E-02));
#3927 = CARTESIAN_POINT('',(101.79607878204,2.652890178134E-02));
#3928 = CARTESIAN_POINT('',(101.03067564332,2.644632305872E-02));
#3929 = CARTESIAN_POINT('',(100.26525933214,2.636074461768E-02));
#3930 = CARTESIAN_POINT('',(98.725550019861,2.618263367708E-02));
#3931 = CARTESIAN_POINT('',(97.951256925531,2.609003838458E-02));
#3932 = CARTESIAN_POINT('',(97.176955289823,2.599447496875E-02));
#3933 = CARTESIAN_POINT('',(96.402647723608,2.589600335276E-02));
#3934 = CARTESIAN_POINT('',(95.628336656041,2.57946834239E-02));
#3935 = CARTESIAN_POINT('',(94.854024263533,2.569057503614E-02));
#3936 = CARTESIAN_POINT('',(94.079712641471,2.558373800505E-02));
#3937 = CARTESIAN_POINT('',(92.417852962652,2.534871090972E-02));
#3938 = CARTESIAN_POINT('',(91.530305987109,2.521968315737E-02));
#3939 = CARTESIAN_POINT('',(90.642766587028,2.508722165813E-02));
#3940 = CARTESIAN_POINT('',(89.75523791729,2.495139918594E-02));
#3941 = CARTESIAN_POINT('',(88.867722992693,2.481228846866E-02));
#3942 = CARTESIAN_POINT('',(87.980224687952,2.466996218803E-02));
#3943 = CARTESIAN_POINT('',(87.092745737696,2.452449297967E-02));
#3944 = CARTESIAN_POINT('',(85.543979888782,2.426526539599E-02));
#3945 = CARTESIAN_POINT('',(84.882683215157,2.415287466527E-02));
#3946 = CARTESIAN_POINT('',(84.22139975775,2.403880579716E-02));
#3947 = CARTESIAN_POINT('',(83.560130578191,2.392308302104E-02));
#3948 = CARTESIAN_POINT('',(82.898876735272,2.380573037921E-02));
#3949 = CARTESIAN_POINT('',(82.237639262631,2.368677186673E-02));
#3950 = CARTESIAN_POINT('',(81.576419146446,2.356623157117E-02));
#3951 = CARTESIAN_POINT('',(79.914657517643,2.325936903776E-02));
#3952 = CARTESIAN_POINT('',(78.91413982962,2.307104603589E-02));
#3953 = CARTESIAN_POINT('',(77.913666619331,2.287920584674E-02));
#3954 = CARTESIAN_POINT('',(76.913243212124,2.268404169234E-02));
#3955 = CARTESIAN_POINT('',(75.912869360633,2.24854797422E-02));
#3956 = CARTESIAN_POINT('',(74.91255006059,2.22836833326E-02));
#3957 = CARTESIAN_POINT('',(73.912287367181,2.207867115089E-02));
#3958 = CARTESIAN_POINT('',(71.90317092724,2.166056706543E-02));
#3959 = CARTESIAN_POINT('',(70.89431824367,2.144740985401E-02));
#3960 = CARTESIAN_POINT('',(69.885528720541,2.123114388361E-02));
#3961 = CARTESIAN_POINT('',(68.876805120115,2.101181812905E-02));
#3962 = CARTESIAN_POINT('',(67.868149677096,2.078947665907E-02));
#3963 = CARTESIAN_POINT('',(66.85956461313,2.056417245948E-02));
#3964 = CARTESIAN_POINT('',(65.851052552439,2.033596351083E-02));
#3965 = CARTESIAN_POINT('',(63.955920471501,1.990172433406E-02));
#3966 = CARTESIAN_POINT('',(63.069283436489,1.969634370298E-02));
#3967 = CARTESIAN_POINT('',(62.182706052131,1.948879511066E-02));
#3968 = CARTESIAN_POINT('',(61.296189802689,1.927910183003E-02));
#3969 = CARTESIAN_POINT('',(60.409736125519,1.906728566718E-02));
#3970 = CARTESIAN_POINT('',(59.523346413085,1.885337373954E-02));
#3971 = CARTESIAN_POINT('',(58.6370220203,1.86373960412E-02));
#3972 = CARTESIAN_POINT('',(57.090456093748,1.825693601502E-02));
#3973 = CARTESIAN_POINT('',(56.430184911227,1.809336425199E-02));
#3974 = CARTESIAN_POINT('',(55.769951272601,1.792867075341E-02));
#3975 = CARTESIAN_POINT('',(55.10975572272,1.776286423042E-02));
#3976 = CARTESIAN_POINT('',(54.449598804011,1.759595132433E-02));
#3977 = CARTESIAN_POINT('',(53.789481052158,1.742793807296E-02));
#3978 = CARTESIAN_POINT('',(53.1294029918,1.725883137698E-02));
#3979 = CARTESIAN_POINT('',(51.470716853184,1.683113785818E-02));
#3980 = CARTESIAN_POINT('',(50.472160574697,1.657115420765E-02));
#3981 = CARTESIAN_POINT('',(49.473698242164,1.630869902888E-02));
#3982 = CARTESIAN_POINT('',(48.475331307479,1.604382937307E-02));
#3983 = CARTESIAN_POINT('',(47.477061577625,1.577654709547E-02));
#3984 = CARTESIAN_POINT('',(46.478890911944,1.55068463346E-02));
#3985 = CARTESIAN_POINT('',(45.480820828832,1.523476673648E-02));
#3986 = CARTESIAN_POINT('',(43.485025488298,1.468588845934E-02));
#3987 = CARTESIAN_POINT('',(42.487300182189,1.440909237649E-02));
#3988 = CARTESIAN_POINT('',(41.489678816629,1.4129943072E-02));
#3989 = CARTESIAN_POINT('',(40.492163059166,1.384844204441E-02));
#3990 = CARTESIAN_POINT('',(39.494754568301,1.356458852012E-02));
#3991 = CARTESIAN_POINT('',(38.497454984649,1.32783879481E-02));
#3992 = CARTESIAN_POINT('',(37.500265937536,1.2989849396E-02));
#3993 = CARTESIAN_POINT('',(35.358923017948,1.236515598893E-02));
#3994 = CARTESIAN_POINT('',(34.214804793822,1.202825712557E-02));
#3995 = CARTESIAN_POINT('',(33.070836824253,1.168828506779E-02));
#3996 = CARTESIAN_POINT('',(31.927021943912,1.134520414827E-02));
#3997 = CARTESIAN_POINT('',(30.783362289372,1.09990282272E-02));
#3998 = CARTESIAN_POINT('',(29.63986020551,1.064976497218E-02));
#3999 = CARTESIAN_POINT('',(28.496518948062,1.029736319549E-02));
#4000 = CARTESIAN_POINT('',(26.210408158139,9.586347707696E-03));
#4001 = CARTESIAN_POINT('',(25.067638600641,9.227728148719E-03));
#4002 = CARTESIAN_POINT('',(23.925034801772,8.865952968488E-03));
#4003 = CARTESIAN_POINT('',(22.782599126288,8.500994579841E-03));
#4004 = CARTESIAN_POINT('',(21.640335075497,8.132811206868E-03));
#4005 = CARTESIAN_POINT('',(20.498245704477,7.761373683696E-03));
#4006 = CARTESIAN_POINT('',(19.35633276156,7.386668689571E-03));
#4007 = CARTESIAN_POINT('',(17.081777617659,6.633555645128E-03));
#4008 = CARTESIAN_POINT('',(15.949132478632,6.255199117494E-03));
#4009 = CARTESIAN_POINT('',(14.816667623289,5.873542228588E-03));
#4010 = CARTESIAN_POINT('',(13.684385985753,5.488537180016E-03));
#4011 = CARTESIAN_POINT('',(12.552290671714,5.100133750385E-03));
#4012 = CARTESIAN_POINT('',(11.420384982541,4.708287060521E-03));
#4013 = CARTESIAN_POINT('',(10.288672318012,4.31295198756E-03));
#4014 = CARTESIAN_POINT('',(8.011781035818,3.510291406321E-03));
#4015 = CARTESIAN_POINT('',(6.866607347434,3.102882235377E-03));
#4016 = CARTESIAN_POINT('',(5.721638444567,2.691779241983E-03));
#4017 = CARTESIAN_POINT('',(4.576878021633,2.276921535601E-03));
#4018 = CARTESIAN_POINT('',(3.432329915404,1.858244808248E-03));
#4019 = CARTESIAN_POINT('',(2.287998105007,1.435681334494E-03));
#4020 = CARTESIAN_POINT('',(1.143886711926,1.009159971463E-03));
#4021 = CARTESIAN_POINT('',(0.,5.786061588329E-04));
#4022 = ( GEOMETRIC_REPRESENTATION_CONTEXT(2) 
PARAMETRIC_REPRESENTATION_CONTEXT() REPRESENTATION_CONTEXT('2D SPACE',''
  ) );
#4023 = ADVANCED_FACE('',(#4024),#1859,.F.);
#4024 = FACE_BOUND('',#4025,.F.);
#4025 = EDGE_LOOP('',(#4026,#4027,#4028));
#4026 = ORIENTED_EDGE('',*,*,#2019,.T.);
#4027 = ORIENTED_EDGE('',*,*,#2098,.F.);
#4028 = ORIENTED_EDGE('',*,*,#1839,.T.);
#4029 = MANIFOLD_SOLID_BREP('',#4030);
#4030 = CLOSED_SHELL('',(#4031,#4431,#6405,#6460,#6504));
#4031 = ADVANCED_FACE('',(#4032),#4048,.T.);
#4032 = FACE_BOUND('',#4033,.T.);
#4033 = EDGE_LOOP('',(#4034,#4197,#4377,#4405));
#4034 = ORIENTED_EDGE('',*,*,#4035,.F.);
#4035 = EDGE_CURVE('',#4036,#4038,#4040,.T.);
#4036 = VERTEX_POINT('',#4037);
#4037 = CARTESIAN_POINT('',(1.500000000001E+03,0.752584558574,
    326.75269288288));
#4038 = VERTEX_POINT('',#4039);
#4039 = CARTESIAN_POINT('',(1.5E+03,0.752405020085,328.));
#4040 = SURFACE_CURVE('',#4041,(#4047,#4061),.PCURVE_S1.);
#4041 = B_SPLINE_CURVE_WITH_KNOTS('',4,(#4042,#4043,#4044,#4045,#4046),
  .UNSPECIFIED.,.F.,.F.,(5,5),(0.,1.),.PIECEWISE_BEZIER_KNOTS.);
#4042 = CARTESIAN_POINT('',(1.5E+03,0.752584577455,326.7526928737));
#4043 = CARTESIAN_POINT('',(1.5E+03,0.752539690386,327.06451965965));
#4044 = CARTESIAN_POINT('',(1.5E+03,0.752494801802,327.37634644308));
#4045 = CARTESIAN_POINT('',(1.5E+03,0.752449911703,327.68817322283));
#4046 = CARTESIAN_POINT('',(1.5E+03,0.752405020085,328.));
#4047 = PCURVE('',#4048,#4053);
#4048 = PLANE('',#4049);
#4049 = AXIS2_PLACEMENT_3D('',#4050,#4051,#4052);
#4050 = CARTESIAN_POINT('',(1.5E+03,-22.,285.));
#4051 = DIRECTION('',(1.,0.,-0.));
#4052 = DIRECTION('',(0.,0.,1.));
#4053 = DEFINITIONAL_REPRESENTATION('',(#4054),#4060);
#4054 = B_SPLINE_CURVE_WITH_KNOTS('',4,(#4055,#4056,#4057,#4058,#4059),
  .UNSPECIFIED.,.F.,.F.,(5,5),(0.,1.),.PIECEWISE_BEZIER_KNOTS.);
#4055 = CARTESIAN_POINT('',(41.752692873706,-22.75258457745));
#4056 = CARTESIAN_POINT('',(42.064519659658,-22.75253969038));
#4057 = CARTESIAN_POINT('',(42.376346443081,-22.7524948018));
#4058 = CARTESIAN_POINT('',(42.688173222831,-22.7524499117));
#4059 = CARTESIAN_POINT('',(43.,-22.75240502008));
#4060 = ( GEOMETRIC_REPRESENTATION_CONTEXT(2) 
PARAMETRIC_REPRESENTATION_CONTEXT() REPRESENTATION_CONTEXT('2D SPACE',''
  ) );
#4061 = PCURVE('',#4062,#4189);
#4062 = B_SPLINE_SURFACE_WITH_KNOTS('',3,1,(
    (#4063,#4064)
    ,(#4065,#4066)
    ,(#4067,#4068)
    ,(#4069,#4070)
    ,(#4071,#4072)
    ,(#4073,#4074)
    ,(#4075,#4076)
    ,(#4077,#4078)
    ,(#4079,#4080)
    ,(#4081,#4082)
    ,(#4083,#4084)
    ,(#4085,#4086)
    ,(#4087,#4088)
    ,(#4089,#4090)
    ,(#4091,#4092)
    ,(#4093,#4094)
    ,(#4095,#4096)
    ,(#4097,#4098)
    ,(#4099,#4100)
    ,(#4101,#4102)
    ,(#4103,#4104)
    ,(#4105,#4106)
    ,(#4107,#4108)
    ,(#4109,#4110)
    ,(#4111,#4112)
    ,(#4113,#4114)
    ,(#4115,#4116)
    ,(#4117,#4118)
    ,(#4119,#4120)
    ,(#4121,#4122)
    ,(#4123,#4124)
    ,(#4125,#4126)
    ,(#4127,#4128)
    ,(#4129,#4130)
    ,(#4131,#4132)
    ,(#4133,#4134)
    ,(#4135,#4136)
    ,(#4137,#4138)
    ,(#4139,#4140)
    ,(#4141,#4142)
    ,(#4143,#4144)
    ,(#4145,#4146)
    ,(#4147,#4148)
    ,(#4149,#4150)
    ,(#4151,#4152)
    ,(#4153,#4154)
    ,(#4155,#4156)
    ,(#4157,#4158)
    ,(#4159,#4160)
    ,(#4161,#4162)
    ,(#4163,#4164)
    ,(#4165,#4166)
    ,(#4167,#4168)
    ,(#4169,#4170)
    ,(#4171,#4172)
    ,(#4173,#4174)
    ,(#4175,#4176)
    ,(#4177,#4178)
    ,(#4179,#4180)
    ,(#4181,#4182)
    ,(#4183,#4184)
    ,(#4185,#4186)
    ,(#4187,#4188
    )),.UNSPECIFIED.,.F.,.F.,.F.,(4,1,1,1,1,1,1,1,1,1,1,1,1,1,1,1,1,1,1,
    1,1,1,1,1,1,1,1,1,1,1,1,1,1,1,1,1,1,1,1,1,1,1,1,1,1,1,1,1,1,1,1,1,1,
    1,1,1,1,1,1,1,4),(2,2),(0.,0.468800374291,1.869939206351,
    4.187703783057,7.396148780068,11.459444915812,16.33234065384,
    21.960718221585,28.282227946915,35.226989978954,42.718358167532,
    50.673745776222,59.005515878678,67.621940281435,76.428229375447,
    85.327631229203,94.222591469417,103.01595665377,111.61219464247,
    119.91859891969,127.84644379759,135.31206796359,142.23788851985,
    148.55339088327,154.19621247136,159.11357510262,163.26463856351,
    166.6252470772,169.19955490597,171.05444447863,172.42705583072,
    173.7996671828,175.65455675547,178.22886458423,181.58947309793,
    185.74053655882,190.65789919007,196.30072077816,202.61622314159,
    209.54204369784,217.00766786384,224.93551274174,233.24191701897,
    241.83815500767,250.63152019202,259.52648043224,268.42588228599,
    277.23217138,285.84859578276,294.18036588522,302.13575349391,
    309.62712168248,316.57188371452,322.89339343985,328.5217710076,
    333.39466674563,337.45796288137,340.66640787838,342.98417245509,
    344.38531128715,344.85411166144),(0.,1.),.UNSPECIFIED.);
#4063 = CARTESIAN_POINT('',(1.505E+03,0.1785,326.));
#4064 = CARTESIAN_POINT('',(1.505E+03,0.1365,634.5));
#4065 = CARTESIAN_POINT('',(1.504844790576E+03,0.196647855736,326.));
#4066 = CARTESIAN_POINT('',(1.50488131044E+03,0.150377772033,634.5));
#4067 = CARTESIAN_POINT('',(1.504225680946E+03,0.268914484727,326.));
#4068 = CARTESIAN_POINT('',(1.504407873664E+03,0.205640488321,634.5));
#4069 = CARTESIAN_POINT('',(1.502839067785E+03,0.429678748802,326.));
#4070 = CARTESIAN_POINT('',(1.503347522424E+03,0.328577866731,634.5));
#4071 = CARTESIAN_POINT('',(1.500544914436E+03,0.692136321345,326.));
#4072 = CARTESIAN_POINT('',(1.501593169863E+03,0.529280716323,634.5));
#4073 = CARTESIAN_POINT('',(1.497368334405E+03,1.048486193871,326.));
#4074 = CARTESIAN_POINT('',(1.499164020427E+03,0.801783560019,634.5));
#4075 = CARTESIAN_POINT('',(1.493344108576E+03,1.488577446679,326.));
#4076 = CARTESIAN_POINT('',(1.496086671264E+03,1.138323929813,634.5));
#4077 = CARTESIAN_POINT('',(1.488516309235E+03,2.000516576768,326.));
#4078 = CARTESIAN_POINT('',(1.492394824709E+03,1.529806793999,634.5));
#4079 = CARTESIAN_POINT('',(1.482937820772E+03,2.571251428729,326.));
#4080 = CARTESIAN_POINT('',(1.488128921767E+03,1.966251092557,634.5));
#4081 = CARTESIAN_POINT('',(1.476669761462E+03,3.187039341291,326.));
#4082 = CARTESIAN_POINT('',(1.483335699941E+03,2.437147731576,634.5));
#4083 = CARTESIAN_POINT('',(1.469780812492E+03,3.833735407171,326.));
#4084 = CARTESIAN_POINT('',(1.478067680141E+03,2.931680017248,634.5));
#4085 = CARTESIAN_POINT('',(1.462346461938E+03,4.496878202734,326.));
#4086 = CARTESIAN_POINT('',(1.472382588541E+03,3.438789213855,634.5));
#4087 = CARTESIAN_POINT('',(1.4544481726E+03,5.161597539125,326.));
#4088 = CARTESIAN_POINT('',(1.466342720223E+03,3.947104000508,634.5));
#4089 = CARTESIAN_POINT('',(1.446172483592E+03,5.812412428869,326.));
#4090 = CARTESIAN_POINT('',(1.460014252159E+03,4.444785975017,634.5));
#4091 = CARTESIAN_POINT('',(1.437610056353E+03,6.433018858714,326.));
#4092 = CARTESIAN_POINT('',(1.453466513682E+03,4.919367362546,634.5));
#4093 = CARTESIAN_POINT('',(1.428854676476E+03,7.006179389156,326.));
#4094 = CARTESIAN_POINT('',(1.446771223187E+03,5.357666591708,634.5));
#4095 = CARTESIAN_POINT('',(1.420002223318E+03,7.513816736612,326.));
#4096 = CARTESIAN_POINT('',(1.440001700184E+03,5.745859857409,634.5));
#4097 = CARTESIAN_POINT('',(1.411149619595E+03,7.937381981622,326.));
#4098 = CARTESIAN_POINT('',(1.433232062043E+03,6.069762691829,634.5));
#4099 = CARTESIAN_POINT('',(1.402393772563E+03,8.258519874101,326.));
#4100 = CARTESIAN_POINT('',(1.426536414313E+03,6.315338727254,634.5));
#4101 = CARTESIAN_POINT('',(1.39383051778E+03,8.45999602009,326.));
#4102 = CARTESIAN_POINT('',(1.419988043008E+03,6.469408721245,634.5));
#4103 = CARTESIAN_POINT('',(1.385553572422E+03,8.526796773209,326.));
#4104 = CARTESIAN_POINT('',(1.413658614205E+03,6.520491650101,634.5));
#4105 = CARTESIAN_POINT('',(1.377653510082E+03,8.447261012925,326.));
#4106 = CARTESIAN_POINT('',(1.407617390063E+03,6.459670186354,634.5));
#4107 = CARTESIAN_POINT('',(1.370216739846E+03,8.214103969659,326.));
#4108 = CARTESIAN_POINT('',(1.401930448118E+03,6.281373623857,634.5));
#4109 = CARTESIAN_POINT('',(1.363324557251E+03,7.825109538118,326.));
#4110 = CARTESIAN_POINT('',(1.396659955545E+03,5.983907293855,634.5));
#4111 = CARTESIAN_POINT('',(1.357052021832E+03,7.283590009935,326.));
#4112 = CARTESIAN_POINT('',(1.391863310813E+03,5.569804125245,634.5));
#4113 = CARTESIAN_POINT('',(1.351467382414E+03,6.597813176412,326.));
#4114 = CARTESIAN_POINT('',(1.387592704199E+03,5.045386546668,634.5));
#4115 = CARTESIAN_POINT('',(1.346629499757E+03,5.781737349039,326.));
#4116 = CARTESIAN_POINT('',(1.383893146873E+03,4.42132856103,634.5));
#4117 = CARTESIAN_POINT('',(1.342590348383E+03,4.849909794431,326.));
#4118 = CARTESIAN_POINT('',(1.380804384057E+03,3.708754548682,634.5));
#4119 = CARTESIAN_POINT('',(1.339379324283E+03,3.827424236337,326.));
#4120 = CARTESIAN_POINT('',(1.37834889504E+03,2.926853827787,634.5));
#4121 = CARTESIAN_POINT('',(1.337027052551E+03,2.712308742074,326.));
#4122 = CARTESIAN_POINT('',(1.37655009901E+03,2.074118449821,634.5));
#4123 = CARTESIAN_POINT('',(1.33545983327E+03,1.525238661206,326.));
#4124 = CARTESIAN_POINT('',(1.375351637206E+03,1.166358976216,634.5));
#4125 = CARTESIAN_POINT('',(1.334804439292E+03,0.,326.));
#4126 = CARTESIAN_POINT('',(1.374850453576E+03,-4.294835654255E-17,634.5
    ));
#4127 = CARTESIAN_POINT('',(1.33545983327E+03,-1.525238661206,326.));
#4128 = CARTESIAN_POINT('',(1.375351637206E+03,-1.166358976216,634.5));
#4129 = CARTESIAN_POINT('',(1.337027052551E+03,-2.712308742074,326.));
#4130 = CARTESIAN_POINT('',(1.37655009901E+03,-2.074118449821,634.5));
#4131 = CARTESIAN_POINT('',(1.339379324283E+03,-3.827424236337,326.));
#4132 = CARTESIAN_POINT('',(1.37834889504E+03,-2.926853827787,634.5));
#4133 = CARTESIAN_POINT('',(1.342590348383E+03,-4.849909794431,326.));
#4134 = CARTESIAN_POINT('',(1.380804384057E+03,-3.708754548682,634.5));
#4135 = CARTESIAN_POINT('',(1.346629499757E+03,-5.781737349039,326.));
#4136 = CARTESIAN_POINT('',(1.383893146873E+03,-4.42132856103,634.5));
#4137 = CARTESIAN_POINT('',(1.351467382414E+03,-6.597813176412,326.));
#4138 = CARTESIAN_POINT('',(1.387592704199E+03,-5.045386546668,634.5));
#4139 = CARTESIAN_POINT('',(1.357052021832E+03,-7.283590009935,326.));
#4140 = CARTESIAN_POINT('',(1.391863310813E+03,-5.569804125245,634.5));
#4141 = CARTESIAN_POINT('',(1.363324557251E+03,-7.825109538118,326.));
#4142 = CARTESIAN_POINT('',(1.396659955545E+03,-5.983907293855,634.5));
#4143 = CARTESIAN_POINT('',(1.370216739846E+03,-8.214103969659,326.));
#4144 = CARTESIAN_POINT('',(1.401930448118E+03,-6.281373623857,634.5));
#4145 = CARTESIAN_POINT('',(1.377653510082E+03,-8.447261012925,326.));
#4146 = CARTESIAN_POINT('',(1.407617390063E+03,-6.459670186354,634.5));
#4147 = CARTESIAN_POINT('',(1.385553572422E+03,-8.526796773209,326.));
#4148 = CARTESIAN_POINT('',(1.413658614205E+03,-6.520491650101,634.5));
#4149 = CARTESIAN_POINT('',(1.39383051778E+03,-8.45999602009,326.));
#4150 = CARTESIAN_POINT('',(1.419988043008E+03,-6.469408721245,634.5));
#4151 = CARTESIAN_POINT('',(1.402393772563E+03,-8.258519874101,326.));
#4152 = CARTESIAN_POINT('',(1.426536414313E+03,-6.315338727254,634.5));
#4153 = CARTESIAN_POINT('',(1.411149619595E+03,-7.937381981622,326.));
#4154 = CARTESIAN_POINT('',(1.433232062043E+03,-6.069762691829,634.5));
#4155 = CARTESIAN_POINT('',(1.420002223318E+03,-7.513816736612,326.));
#4156 = CARTESIAN_POINT('',(1.440001700184E+03,-5.745859857409,634.5));
#4157 = CARTESIAN_POINT('',(1.428854676476E+03,-7.006179389156,326.));
#4158 = CARTESIAN_POINT('',(1.446771223187E+03,-5.357666591708,634.5));
#4159 = CARTESIAN_POINT('',(1.437610056353E+03,-6.433018858714,326.));
#4160 = CARTESIAN_POINT('',(1.453466513682E+03,-4.919367362546,634.5));
#4161 = CARTESIAN_POINT('',(1.446172483592E+03,-5.812412428869,326.));
#4162 = CARTESIAN_POINT('',(1.460014252159E+03,-4.444785975017,634.5));
#4163 = CARTESIAN_POINT('',(1.4544481726E+03,-5.161597539125,326.));
#4164 = CARTESIAN_POINT('',(1.466342720223E+03,-3.947104000508,634.5));
#4165 = CARTESIAN_POINT('',(1.462346461938E+03,-4.496878202734,326.));
#4166 = CARTESIAN_POINT('',(1.472382588541E+03,-3.438789213855,634.5));
#4167 = CARTESIAN_POINT('',(1.469780812492E+03,-3.833735407171,326.));
#4168 = CARTESIAN_POINT('',(1.478067680141E+03,-2.931680017248,634.5));
#4169 = CARTESIAN_POINT('',(1.476669761462E+03,-3.187039341291,326.));
#4170 = CARTESIAN_POINT('',(1.483335699941E+03,-2.437147731576,634.5));
#4171 = CARTESIAN_POINT('',(1.482937820772E+03,-2.571251428729,326.));
#4172 = CARTESIAN_POINT('',(1.488128921767E+03,-1.966251092557,634.5));
#4173 = CARTESIAN_POINT('',(1.488516309235E+03,-2.000516576768,326.));
#4174 = CARTESIAN_POINT('',(1.492394824709E+03,-1.529806793999,634.5));
#4175 = CARTESIAN_POINT('',(1.493344108576E+03,-1.488577446679,326.));
#4176 = CARTESIAN_POINT('',(1.496086671264E+03,-1.138323929813,634.5));
#4177 = CARTESIAN_POINT('',(1.497368334405E+03,-1.048486193871,326.));
#4178 = CARTESIAN_POINT('',(1.499164020427E+03,-0.801783560019,634.5));
#4179 = CARTESIAN_POINT('',(1.500544914436E+03,-0.692136321345,326.));
#4180 = CARTESIAN_POINT('',(1.501593169863E+03,-0.529280716323,634.5));
#4181 = CARTESIAN_POINT('',(1.502839067785E+03,-0.429678748802,326.));
#4182 = CARTESIAN_POINT('',(1.503347522424E+03,-0.328577866731,634.5));
#4183 = CARTESIAN_POINT('',(1.504225680946E+03,-0.268914484727,326.));
#4184 = CARTESIAN_POINT('',(1.504407873664E+03,-0.205640488321,634.5));
#4185 = CARTESIAN_POINT('',(1.504844790576E+03,-0.196647855736,326.));
#4186 = CARTESIAN_POINT('',(1.50488131044E+03,-0.150377772033,634.5));
#4187 = CARTESIAN_POINT('',(1.505E+03,-0.1785,326.));
#4188 = CARTESIAN_POINT('',(1.505E+03,-0.1365,634.5));
#4189 = DEFINITIONAL_REPRESENTATION('',(#4190),#4196);
#4190 = B_SPLINE_CURVE_WITH_KNOTS('',4,(#4191,#4192,#4193,#4194,#4195),
  .UNSPECIFIED.,.F.,.F.,(5,5),(0.,1.),.PIECEWISE_BEZIER_KNOTS.);
#4191 = CARTESIAN_POINT('',(5.03575495422,2.439847240538E-03));
#4192 = CARTESIAN_POINT('',(5.036953026789,3.450630987545E-03));
#4193 = CARTESIAN_POINT('',(5.038151757528,4.461414726355E-03));
#4194 = CARTESIAN_POINT('',(5.039351443426,5.472198453261E-03));
#4195 = CARTESIAN_POINT('',(5.040551799532,6.482982171799E-03));
#4196 = ( GEOMETRIC_REPRESENTATION_CONTEXT(2) 
PARAMETRIC_REPRESENTATION_CONTEXT() REPRESENTATION_CONTEXT('2D SPACE',''
  ) );
#4197 = ORIENTED_EDGE('',*,*,#4198,.T.);
#4198 = EDGE_CURVE('',#4036,#4199,#4201,.T.);
#4199 = VERTEX_POINT('',#4200);
#4200 = CARTESIAN_POINT('',(1.5E+03,22.,326.7526928737));
#4201 = SURFACE_CURVE('',#4202,(#4208,#4217),.PCURVE_S1.);
#4202 = B_SPLINE_CURVE_WITH_KNOTS('',4,(#4203,#4204,#4205,#4206,#4207),
  .UNSPECIFIED.,.F.,.F.,(5,5),(0.,1.),.PIECEWISE_BEZIER_KNOTS.);
#4203 = CARTESIAN_POINT('',(1.5E+03,-22.,326.7526928737));
#4204 = CARTESIAN_POINT('',(1.5E+03,-11.,326.7526928737));
#4205 = CARTESIAN_POINT('',(1.5E+03,1.7763568394E-14,326.7526928737));
#4206 = CARTESIAN_POINT('',(1.5E+03,11.,326.7526928737));
#4207 = CARTESIAN_POINT('',(1.5E+03,22.,326.7526928737));
#4208 = PCURVE('',#4048,#4209);
#4209 = DEFINITIONAL_REPRESENTATION('',(#4210),#4216);
#4210 = B_SPLINE_CURVE_WITH_KNOTS('',4,(#4211,#4212,#4213,#4214,#4215),
  .UNSPECIFIED.,.F.,.F.,(5,5),(0.,1.),.PIECEWISE_BEZIER_KNOTS.);
#4211 = CARTESIAN_POINT('',(41.752692873706,0.));
#4212 = CARTESIAN_POINT('',(41.752692873706,-11.));
#4213 = CARTESIAN_POINT('',(41.752692873706,-22.));
#4214 = CARTESIAN_POINT('',(41.752692873706,-33.));
#4215 = CARTESIAN_POINT('',(41.752692873706,-44.));
#4216 = ( GEOMETRIC_REPRESENTATION_CONTEXT(2) 
PARAMETRIC_REPRESENTATION_CONTEXT() REPRESENTATION_CONTEXT('2D SPACE',''
  ) );
#4217 = PCURVE('',#4218,#4369);
#4218 = B_SPLINE_SURFACE_WITH_KNOTS('',3,1,(
    (#4219,#4220)
    ,(#4221,#4222)
    ,(#4223,#4224)
    ,(#4225,#4226)
    ,(#4227,#4228)
    ,(#4229,#4230)
    ,(#4231,#4232)
    ,(#4233,#4234)
    ,(#4235,#4236)
    ,(#4237,#4238)
    ,(#4239,#4240)
    ,(#4241,#4242)
    ,(#4243,#4244)
    ,(#4245,#4246)
    ,(#4247,#4248)
    ,(#4249,#4250)
    ,(#4251,#4252)
    ,(#4253,#4254)
    ,(#4255,#4256)
    ,(#4257,#4258)
    ,(#4259,#4260)
    ,(#4261,#4262)
    ,(#4263,#4264)
    ,(#4265,#4266)
    ,(#4267,#4268)
    ,(#4269,#4270)
    ,(#4271,#4272)
    ,(#4273,#4274)
    ,(#4275,#4276)
    ,(#4277,#4278)
    ,(#4279,#4280)
    ,(#4281,#4282)
    ,(#4283,#4284)
    ,(#4285,#4286)
    ,(#4287,#4288)
    ,(#4289,#4290)
    ,(#4291,#4292)
    ,(#4293,#4294)
    ,(#4295,#4296)
    ,(#4297,#4298)
    ,(#4299,#4300)
    ,(#4301,#4302)
    ,(#4303,#4304)
    ,(#4305,#4306)
    ,(#4307,#4308)
    ,(#4309,#4310)
    ,(#4311,#4312)
    ,(#4313,#4314)
    ,(#4315,#4316)
    ,(#4317,#4318)
    ,(#4319,#4320)
    ,(#4321,#4322)
    ,(#4323,#4324)
    ,(#4325,#4326)
    ,(#4327,#4328)
    ,(#4329,#4330)
    ,(#4331,#4332)
    ,(#4333,#4334)
    ,(#4335,#4336)
    ,(#4337,#4338)
    ,(#4339,#4340)
    ,(#4341,#4342)
    ,(#4343,#4344)
    ,(#4345,#4346)
    ,(#4347,#4348)
    ,(#4349,#4350)
    ,(#4351,#4352)
    ,(#4353,#4354)
    ,(#4355,#4356)
    ,(#4357,#4358)
    ,(#4359,#4360)
    ,(#4361,#4362)
    ,(#4363,#4364)
    ,(#4365,#4366)
    ,(#4367,#4368
    )),.UNSPECIFIED.,.F.,.F.,.F.,(4,1,1,1,1,1,1,1,1,1,1,1,1,1,1,1,1,1,1,
    1,1,1,1,1,1,1,1,1,1,1,1,1,1,1,1,1,1,1,1,1,1,1,1,1,1,1,1,1,1,1,1,1,1,
    1,1,1,1,1,1,1,1,1,1,1,1,1,1,1,1,1,1,1,4),(2,2),(0.,0.325649012239,
    1.300056467361,2.915628577805,5.159791107265,8.015108786077,
    11.459445769691,15.466161823501,20.004339025744,25.039034567447,
    30.531556447672,36.439760227956,42.718366268848,49.319297844643,
    56.192041117745,63.284028099775,70.541043396594,77.907654691178,
    85.327665539508,92.744587182818,100.10212388634,107.34466414756,
    114.41776850165,121.26864423519,127.84659877246,134.10346742426,
    139.99401813761,145.47634661345,150.51229145019,155.06792565481,
    159.11423098528,162.62817063658,165.59464524501,168.01056103307,
    169.8944974134,171.31236943151,172.44006681077,173.56776419002,
    174.98563620813,176.86957258847,179.28548837652,182.25196298496,
    185.76590263625,189.81220796672,194.36784217134,199.40378700808,
    204.88611548392,210.77666619727,217.03353484908,223.61148938634,
    230.46236511989,237.53546947397,244.7780097352,252.13554643872,
    259.55246808203,266.97247893036,274.33909022494,281.59610552176,
    288.68809250379,295.5608357769,302.16176735269,308.44037339358,
    314.34857717387,319.84109905409,324.87579459579,329.41397179804,
    333.42068785185,336.86502483546,339.72034251427,341.96450504373,
    343.58007715418,344.5544846093,344.88013362154),(0.,1.),
  .UNSPECIFIED.);
#4219 = CARTESIAN_POINT('',(1.505E+03,-320.,326.1785));
#4220 = CARTESIAN_POINT('',(1.505E+03,320.,326.1785));
#4221 = CARTESIAN_POINT('',(1.504892184823E+03,-320.,326.19110628817));
#4222 = CARTESIAN_POINT('',(1.504892184823E+03,320.,326.19110628817));
#4223 = CARTESIAN_POINT('',(1.504461758072E+03,-320.,326.24137464402));
#4224 = CARTESIAN_POINT('',(1.504461758072E+03,320.,326.24137464402));
#4225 = CARTESIAN_POINT('',(1.50349638179E+03,-320.,326.35358949818));
#4226 = CARTESIAN_POINT('',(1.50349638179E+03,320.,326.35358949818));
#4227 = CARTESIAN_POINT('',(1.501895580669E+03,-320.,326.5379398007));
#4228 = CARTESIAN_POINT('',(1.501895580669E+03,320.,326.5379398007));
#4229 = CARTESIAN_POINT('',(1.499671529689E+03,-320.,326.79055962983));
#4230 = CARTESIAN_POINT('',(1.499671529689E+03,320.,326.79055962983));
#4231 = CARTESIAN_POINT('',(1.49684114598E+03,-320.,327.10630987689));
#4232 = CARTESIAN_POINT('',(1.49684114598E+03,320.,327.10630987689));
#4233 = CARTESIAN_POINT('',(1.493425961618E+03,-320.,327.47901101594));
#4234 = CARTESIAN_POINT('',(1.493425961618E+03,320.,327.47901101594));
#4235 = CARTESIAN_POINT('',(1.489451961133E+03,-320.,327.90169089023));
#4236 = CARTESIAN_POINT('',(1.489451961133E+03,320.,327.90169089023));
#4237 = CARTESIAN_POINT('',(1.484949384714E+03,-320.,328.36681877576));
#4238 = CARTESIAN_POINT('',(1.484949384714E+03,320.,328.36681877576));
#4239 = CARTESIAN_POINT('',(1.479952498459E+03,-320.,328.86650006624));
#4240 = CARTESIAN_POINT('',(1.479952498459E+03,320.,328.86650006624));
#4241 = CARTESIAN_POINT('',(1.474499333384E+03,-320.,329.39261255209));
#4242 = CARTESIAN_POINT('',(1.474499333384E+03,320.,329.39261255209));
#4243 = CARTESIAN_POINT('',(1.468631395215E+03,-320.,329.93687468706));
#4244 = CARTESIAN_POINT('',(1.468631395215E+03,320.,329.93687468706));
#4245 = CARTESIAN_POINT('',(1.462393347297E+03,-320.,330.49084718226));
#4246 = CARTESIAN_POINT('',(1.462393347297E+03,320.,330.49084718226));
#4247 = CARTESIAN_POINT('',(1.455832669157E+03,-320.,331.04588028764));
#4248 = CARTESIAN_POINT('',(1.455832669157E+03,320.,331.04588028764));
#4249 = CARTESIAN_POINT('',(1.44899929348E+03,-320.,331.59302870016));
#4250 = CARTESIAN_POINT('',(1.44899929348E+03,320.,331.59302870016));
#4251 = CARTESIAN_POINT('',(1.441945224431E+03,-320.,332.12296282008));
#4252 = CARTESIAN_POINT('',(1.441945224431E+03,320.,332.12296282008));
#4253 = CARTESIAN_POINT('',(1.434724140387E+03,-320.,332.62590803391));
#4254 = CARTESIAN_POINT('',(1.434724140387E+03,320.,332.62590803391));
#4255 = CARTESIAN_POINT('',(1.427390984324E+03,-320.,333.09164227823));
#4256 = CARTESIAN_POINT('',(1.427390984324E+03,320.,333.09164227823));
#4257 = CARTESIAN_POINT('',(1.42000154517E+03,-320.,333.50957633021));
#4258 = CARTESIAN_POINT('',(1.42000154517E+03,320.,333.50957633021));
#4259 = CARTESIAN_POINT('',(1.412612033448E+03,-320.,333.86893164221));
#4260 = CARTESIAN_POINT('',(1.412612033448E+03,320.,333.86893164221));
#4261 = CARTESIAN_POINT('',(1.40527865445E+03,-320.,334.15901815936));
#4262 = CARTESIAN_POINT('',(1.40527865445E+03,320.,334.15901815936));
#4263 = CARTESIAN_POINT('',(1.398057181958E+03,-320.,334.36960089351));
#4264 = CARTESIAN_POINT('',(1.398057181958E+03,320.,334.36960089351));
#4265 = CARTESIAN_POINT('',(1.391002535244E+03,-320.,334.49133073577));
#4266 = CARTESIAN_POINT('',(1.391002535244E+03,320.,334.49133073577));
#4267 = CARTESIAN_POINT('',(1.38416836158E+03,-320.,334.51620381467));
#4268 = CARTESIAN_POINT('',(1.38416836158E+03,320.,334.51620381467));
#4269 = CARTESIAN_POINT('',(1.377606626325E+03,-320.,334.43800601144));
#4270 = CARTESIAN_POINT('',(1.377606626325E+03,320.,334.43800601144));
#4271 = CARTESIAN_POINT('',(1.371367211059E+03,-320.,334.2526967746));
#4272 = CARTESIAN_POINT('',(1.371367211059E+03,320.,334.2526967746));
#4273 = CARTESIAN_POINT('',(1.365497522645E+03,-320.,333.95868785431));
#4274 = CARTESIAN_POINT('',(1.365497522645E+03,320.,333.95868785431));
#4275 = CARTESIAN_POINT('',(1.360042102729E+03,-320.,333.55698501262));
#4276 = CARTESIAN_POINT('',(1.360042102729E+03,320.,333.55698501262));
#4277 = CARTESIAN_POINT('',(1.355042261536E+03,-320.,333.05116031903));
#4278 = CARTESIAN_POINT('',(1.355042261536E+03,320.,333.05116031903));
#4279 = CARTESIAN_POINT('',(1.350535621219E+03,-320.,332.44718600698));
#4280 = CARTESIAN_POINT('',(1.350535621219E+03,320.,332.44718600698));
#4281 = CARTESIAN_POINT('',(1.346555845167E+03,-320.,331.75302771256));
#4282 = CARTESIAN_POINT('',(1.346555845167E+03,320.,331.75302771256));
#4283 = CARTESIAN_POINT('',(1.343131439093E+03,-320.,330.97837338244));
#4284 = CARTESIAN_POINT('',(1.343131439093E+03,320.,330.97837338244));
#4285 = CARTESIAN_POINT('',(1.34028639935E+03,-320.,330.13332864982));
#4286 = CARTESIAN_POINT('',(1.34028639935E+03,320.,330.13332864982));
#4287 = CARTESIAN_POINT('',(1.338032837314E+03,-320.,329.22878908113));
#4288 = CARTESIAN_POINT('',(1.338032837314E+03,320.,329.22878908113));
#4289 = CARTESIAN_POINT('',(1.336379411849E+03,-320.,328.26612223237));
#4290 = CARTESIAN_POINT('',(1.336379411849E+03,320.,328.26612223237));
#4291 = CARTESIAN_POINT('',(1.335290960333E+03,-320.,327.22688617646));
#4292 = CARTESIAN_POINT('',(1.335290960333E+03,320.,327.22688617646));
#4293 = CARTESIAN_POINT('',(1.334871103414E+03,-320.,326.));
#4294 = CARTESIAN_POINT('',(1.334871103414E+03,320.,326.));
#4295 = CARTESIAN_POINT('',(1.335290960333E+03,-320.,324.77311382353));
#4296 = CARTESIAN_POINT('',(1.335290960333E+03,320.,324.77311382353));
#4297 = CARTESIAN_POINT('',(1.336379411849E+03,-320.,323.73387776762));
#4298 = CARTESIAN_POINT('',(1.336379411849E+03,320.,323.73387776762));
#4299 = CARTESIAN_POINT('',(1.338032837314E+03,-320.,322.77121091886));
#4300 = CARTESIAN_POINT('',(1.338032837314E+03,320.,322.77121091886));
#4301 = CARTESIAN_POINT('',(1.34028639935E+03,-320.,321.86667135017));
#4302 = CARTESIAN_POINT('',(1.34028639935E+03,320.,321.86667135017));
#4303 = CARTESIAN_POINT('',(1.343131439093E+03,-320.,321.02162661755));
#4304 = CARTESIAN_POINT('',(1.343131439093E+03,320.,321.02162661755));
#4305 = CARTESIAN_POINT('',(1.346555845167E+03,-320.,320.24697228743));
#4306 = CARTESIAN_POINT('',(1.346555845167E+03,320.,320.24697228743));
#4307 = CARTESIAN_POINT('',(1.350535621219E+03,-320.,319.55281399301));
#4308 = CARTESIAN_POINT('',(1.350535621219E+03,320.,319.55281399301));
#4309 = CARTESIAN_POINT('',(1.355042261536E+03,-320.,318.94883968096));
#4310 = CARTESIAN_POINT('',(1.355042261536E+03,320.,318.94883968096));
#4311 = CARTESIAN_POINT('',(1.360042102729E+03,-320.,318.44301498737));
#4312 = CARTESIAN_POINT('',(1.360042102729E+03,320.,318.44301498737));
#4313 = CARTESIAN_POINT('',(1.365497522645E+03,-320.,318.04131214568));
#4314 = CARTESIAN_POINT('',(1.365497522645E+03,320.,318.04131214568));
#4315 = CARTESIAN_POINT('',(1.371367211059E+03,-320.,317.74730322539));
#4316 = CARTESIAN_POINT('',(1.371367211059E+03,320.,317.74730322539));
#4317 = CARTESIAN_POINT('',(1.377606626325E+03,-320.,317.56199398855));
#4318 = CARTESIAN_POINT('',(1.377606626325E+03,320.,317.56199398855));
#4319 = CARTESIAN_POINT('',(1.38416836158E+03,-320.,317.48379618532));
#4320 = CARTESIAN_POINT('',(1.38416836158E+03,320.,317.48379618532));
#4321 = CARTESIAN_POINT('',(1.391002535244E+03,-320.,317.50866926422));
#4322 = CARTESIAN_POINT('',(1.391002535244E+03,320.,317.50866926422));
#4323 = CARTESIAN_POINT('',(1.398057181958E+03,-320.,317.63039910648));
#4324 = CARTESIAN_POINT('',(1.398057181958E+03,320.,317.63039910648));
#4325 = CARTESIAN_POINT('',(1.40527865445E+03,-320.,317.84098184063));
#4326 = CARTESIAN_POINT('',(1.40527865445E+03,320.,317.84098184063));
#4327 = CARTESIAN_POINT('',(1.412612033448E+03,-320.,318.13106835778));
#4328 = CARTESIAN_POINT('',(1.412612033448E+03,320.,318.13106835778));
#4329 = CARTESIAN_POINT('',(1.42000154517E+03,-320.,318.49042366978));
#4330 = CARTESIAN_POINT('',(1.42000154517E+03,320.,318.49042366978));
#4331 = CARTESIAN_POINT('',(1.427390984324E+03,-320.,318.90835772176));
#4332 = CARTESIAN_POINT('',(1.427390984324E+03,320.,318.90835772176));
#4333 = CARTESIAN_POINT('',(1.434724140387E+03,-320.,319.37409196608));
#4334 = CARTESIAN_POINT('',(1.434724140387E+03,320.,319.37409196608));
#4335 = CARTESIAN_POINT('',(1.441945224431E+03,-320.,319.87703717991));
#4336 = CARTESIAN_POINT('',(1.441945224431E+03,320.,319.87703717991));
#4337 = CARTESIAN_POINT('',(1.44899929348E+03,-320.,320.40697129983));
#4338 = CARTESIAN_POINT('',(1.44899929348E+03,320.,320.40697129983));
#4339 = CARTESIAN_POINT('',(1.455832669157E+03,-320.,320.95411971235));
#4340 = CARTESIAN_POINT('',(1.455832669157E+03,320.,320.95411971235));
#4341 = CARTESIAN_POINT('',(1.462393347297E+03,-320.,321.50915281773));
#4342 = CARTESIAN_POINT('',(1.462393347297E+03,320.,321.50915281773));
#4343 = CARTESIAN_POINT('',(1.468631395215E+03,-320.,322.06312531293));
#4344 = CARTESIAN_POINT('',(1.468631395215E+03,320.,322.06312531293));
#4345 = CARTESIAN_POINT('',(1.474499333384E+03,-320.,322.6073874479));
#4346 = CARTESIAN_POINT('',(1.474499333384E+03,320.,322.6073874479));
#4347 = CARTESIAN_POINT('',(1.479952498459E+03,-320.,323.13349993375));
#4348 = CARTESIAN_POINT('',(1.479952498459E+03,320.,323.13349993375));
#4349 = CARTESIAN_POINT('',(1.484949384714E+03,-320.,323.63318122423));
#4350 = CARTESIAN_POINT('',(1.484949384714E+03,320.,323.63318122423));
#4351 = CARTESIAN_POINT('',(1.489451961133E+03,-320.,324.09830910976));
#4352 = CARTESIAN_POINT('',(1.489451961133E+03,320.,324.09830910976));
#4353 = CARTESIAN_POINT('',(1.493425961618E+03,-320.,324.52098898405));
#4354 = CARTESIAN_POINT('',(1.493425961618E+03,320.,324.52098898405));
#4355 = CARTESIAN_POINT('',(1.49684114598E+03,-320.,324.8936901231));
#4356 = CARTESIAN_POINT('',(1.49684114598E+03,320.,324.8936901231));
#4357 = CARTESIAN_POINT('',(1.499671529689E+03,-320.,325.20944037016));
#4358 = CARTESIAN_POINT('',(1.499671529689E+03,320.,325.20944037016));
#4359 = CARTESIAN_POINT('',(1.501895580669E+03,-320.,325.46206019929));
#4360 = CARTESIAN_POINT('',(1.501895580669E+03,320.,325.46206019929));
#4361 = CARTESIAN_POINT('',(1.50349638179E+03,-320.,325.64641050181));
#4362 = CARTESIAN_POINT('',(1.50349638179E+03,320.,325.64641050181));
#4363 = CARTESIAN_POINT('',(1.504461758072E+03,-320.,325.75862535597));
#4364 = CARTESIAN_POINT('',(1.504461758072E+03,320.,325.75862535597));
#4365 = CARTESIAN_POINT('',(1.504892184823E+03,-320.,325.80889371182));
#4366 = CARTESIAN_POINT('',(1.504892184823E+03,320.,325.80889371182));
#4367 = CARTESIAN_POINT('',(1.505E+03,-320.,325.8215));
#4368 = CARTESIAN_POINT('',(1.505E+03,320.,325.8215));
#4369 = DEFINITIONAL_REPRESENTATION('',(#4370),#4376);
#4370 = B_SPLINE_CURVE_WITH_KNOTS('',4,(#4371,#4372,#4373,#4374,#4375),
  .UNSPECIFIED.,.F.,.F.,(5,5),(0.,1.),.PIECEWISE_BEZIER_KNOTS.);
#4371 = CARTESIAN_POINT('',(5.032864820511,0.465625));
#4372 = CARTESIAN_POINT('',(5.032864820511,0.4828125));
#4373 = CARTESIAN_POINT('',(5.032864820511,0.5));
#4374 = CARTESIAN_POINT('',(5.032864820511,0.5171875));
#4375 = CARTESIAN_POINT('',(5.032864820511,0.534375));
#4376 = ( GEOMETRIC_REPRESENTATION_CONTEXT(2) 
PARAMETRIC_REPRESENTATION_CONTEXT() REPRESENTATION_CONTEXT('2D SPACE',''
  ) );
#4377 = ORIENTED_EDGE('',*,*,#4378,.T.);
#4378 = EDGE_CURVE('',#4199,#4379,#4381,.T.);
#4379 = VERTEX_POINT('',#4380);
#4380 = CARTESIAN_POINT('',(1.5E+03,22.,328.));
#4381 = SURFACE_CURVE('',#4382,(#4386,#4393),.PCURVE_S1.);
#4382 = LINE('',#4383,#4384);
#4383 = CARTESIAN_POINT('',(1.5E+03,22.,285.));
#4384 = VECTOR('',#4385,1.);
#4385 = DIRECTION('',(0.,0.,1.));
#4386 = PCURVE('',#4048,#4387);
#4387 = DEFINITIONAL_REPRESENTATION('',(#4388),#4392);
#4388 = LINE('',#4389,#4390);
#4389 = CARTESIAN_POINT('',(0.,-44.));
#4390 = VECTOR('',#4391,1.);
#4391 = DIRECTION('',(1.,0.));
#4392 = ( GEOMETRIC_REPRESENTATION_CONTEXT(2) 
PARAMETRIC_REPRESENTATION_CONTEXT() REPRESENTATION_CONTEXT('2D SPACE',''
  ) );
#4393 = PCURVE('',#4394,#4399);
#4394 = PLANE('',#4395);
#4395 = AXIS2_PLACEMENT_3D('',#4396,#4397,#4398);
#4396 = CARTESIAN_POINT('',(1.36E+03,22.,285.));
#4397 = DIRECTION('',(-0.,1.,0.));
#4398 = DIRECTION('',(0.,0.,1.));
#4399 = DEFINITIONAL_REPRESENTATION('',(#4400),#4404);
#4400 = LINE('',#4401,#4402);
#4401 = CARTESIAN_POINT('',(0.,140.));
#4402 = VECTOR('',#4403,1.);
#4403 = DIRECTION('',(1.,0.));
#4404 = ( GEOMETRIC_REPRESENTATION_CONTEXT(2) 
PARAMETRIC_REPRESENTATION_CONTEXT() REPRESENTATION_CONTEXT('2D SPACE',''
  ) );
#4405 = ORIENTED_EDGE('',*,*,#4406,.F.);
#4406 = EDGE_CURVE('',#4038,#4379,#4407,.T.);
#4407 = SURFACE_CURVE('',#4408,(#4412,#4419),.PCURVE_S1.);
#4408 = LINE('',#4409,#4410);
#4409 = CARTESIAN_POINT('',(1.5E+03,-22.,328.));
#4410 = VECTOR('',#4411,1.);
#4411 = DIRECTION('',(-0.,1.,0.));
#4412 = PCURVE('',#4048,#4413);
#4413 = DEFINITIONAL_REPRESENTATION('',(#4414),#4418);
#4414 = LINE('',#4415,#4416);
#4415 = CARTESIAN_POINT('',(43.,0.));
#4416 = VECTOR('',#4417,1.);
#4417 = DIRECTION('',(0.,-1.));
#4418 = ( GEOMETRIC_REPRESENTATION_CONTEXT(2) 
PARAMETRIC_REPRESENTATION_CONTEXT() REPRESENTATION_CONTEXT('2D SPACE',''
  ) );
#4419 = PCURVE('',#4420,#4425);
#4420 = PLANE('',#4421);
#4421 = AXIS2_PLACEMENT_3D('',#4422,#4423,#4424);
#4422 = CARTESIAN_POINT('',(1.36E+03,-22.,328.));
#4423 = DIRECTION('',(0.,0.,1.));
#4424 = DIRECTION('',(1.,0.,-0.));
#4425 = DEFINITIONAL_REPRESENTATION('',(#4426),#4430);
#4426 = LINE('',#4427,#4428);
#4427 = CARTESIAN_POINT('',(140.,0.));
#4428 = VECTOR('',#4429,1.);
#4429 = DIRECTION('',(0.,1.));
#4430 = ( GEOMETRIC_REPRESENTATION_CONTEXT(2) 
PARAMETRIC_REPRESENTATION_CONTEXT() REPRESENTATION_CONTEXT('2D SPACE',''
  ) );
#4431 = ADVANCED_FACE('',(#4432),#4062,.F.);
#4432 = FACE_BOUND('',#4433,.F.);
#4433 = EDGE_LOOP('',(#4434,#4435,#6363));
#4434 = ORIENTED_EDGE('',*,*,#4035,.F.);
#4435 = ORIENTED_EDGE('',*,*,#4436,.F.);
#4436 = EDGE_CURVE('',#4437,#4036,#4439,.T.);
#4437 = VERTEX_POINT('',#4438);
#4438 = CARTESIAN_POINT('',(1.488490038328E+03,1.999570787633,
    328.00000001169));
#4439 = SURFACE_CURVE('',#4440,(#5079,#5721),.PCURVE_S1.);
#4440 = B_SPLINE_CURVE_WITH_KNOTS('',8,(#4441,#4442,#4443,#4444,#4445,
    #4446,#4447,#4448,#4449,#4450,#4451,#4452,#4453,#4454,#4455,#4456,
    #4457,#4458,#4459,#4460,#4461,#4462,#4463,#4464,#4465,#4466,#4467,
    #4468,#4469,#4470,#4471,#4472,#4473,#4474,#4475,#4476,#4477,#4478,
    #4479,#4480,#4481,#4482,#4483,#4484,#4485,#4486,#4487,#4488,#4489,
    #4490,#4491,#4492,#4493,#4494,#4495,#4496,#4497,#4498,#4499,#4500,
    #4501,#4502,#4503,#4504,#4505,#4506,#4507,#4508,#4509,#4510,#4511,
    #4512,#4513,#4514,#4515,#4516,#4517,#4518,#4519,#4520,#4521,#4522,
    #4523,#4524,#4525,#4526,#4527,#4528,#4529,#4530,#4531,#4532,#4533,
    #4534,#4535,#4536,#4537,#4538,#4539,#4540,#4541,#4542,#4543,#4544,
    #4545,#4546,#4547,#4548,#4549,#4550,#4551,#4552,#4553,#4554,#4555,
    #4556,#4557,#4558,#4559,#4560,#4561,#4562,#4563,#4564,#4565,#4566,
    #4567,#4568,#4569,#4570,#4571,#4572,#4573,#4574,#4575,#4576,#4577,
    #4578,#4579,#4580,#4581,#4582,#4583,#4584,#4585,#4586,#4587,#4588,
    #4589,#4590,#4591,#4592,#4593,#4594,#4595,#4596,#4597,#4598,#4599,
    #4600,#4601,#4602,#4603,#4604,#4605,#4606,#4607,#4608,#4609,#4610,
    #4611,#4612,#4613,#4614,#4615,#4616,#4617,#4618,#4619,#4620,#4621,
    #4622,#4623,#4624,#4625,#4626,#4627,#4628,#4629,#4630,#4631,#4632,
    #4633,#4634,#4635,#4636,#4637,#4638,#4639,#4640,#4641,#4642,#4643,
    #4644,#4645,#4646,#4647,#4648,#4649,#4650,#4651,#4652,#4653,#4654,
    #4655,#4656,#4657,#4658,#4659,#4660,#4661,#4662,#4663,#4664,#4665,
    #4666,#4667,#4668,#4669,#4670,#4671,#4672,#4673,#4674,#4675,#4676,
    #4677,#4678,#4679,#4680,#4681,#4682,#4683,#4684,#4685,#4686,#4687,
    #4688,#4689,#4690,#4691,#4692,#4693,#4694,#4695,#4696,#4697,#4698,
    #4699,#4700,#4701,#4702,#4703,#4704,#4705,#4706,#4707,#4708,#4709,
    #4710,#4711,#4712,#4713,#4714,#4715,#4716,#4717,#4718,#4719,#4720,
    #4721,#4722,#4723,#4724,#4725,#4726,#4727,#4728,#4729,#4730,#4731,
    #4732,#4733,#4734,#4735,#4736,#4737,#4738,#4739,#4740,#4741,#4742,
    #4743,#4744,#4745,#4746,#4747,#4748,#4749,#4750,#4751,#4752,#4753,
    #4754,#4755,#4756,#4757,#4758,#4759,#4760,#4761,#4762,#4763,#4764,
    #4765,#4766,#4767,#4768,#4769,#4770,#4771,#4772,#4773,#4774,#4775,
    #4776,#4777,#4778,#4779,#4780,#4781,#4782,#4783,#4784,#4785,#4786,
    #4787,#4788,#4789,#4790,#4791,#4792,#4793,#4794,#4795,#4796,#4797,
    #4798,#4799,#4800,#4801,#4802,#4803,#4804,#4805,#4806,#4807,#4808,
    #4809,#4810,#4811,#4812,#4813,#4814,#4815,#4816,#4817,#4818,#4819,
    #4820,#4821,#4822,#4823,#4824,#4825,#4826,#4827,#4828,#4829,#4830,
    #4831,#4832,#4833,#4834,#4835,#4836,#4837,#4838,#4839,#4840,#4841,
    #4842,#4843,#4844,#4845,#4846,#4847,#4848,#4849,#4850,#4851,#4852,
    #4853,#4854,#4855,#4856,#4857,#4858,#4859,#4860,#4861,#4862,#4863,
    #4864,#4865,#4866,#4867,#4868,#4869,#4870,#4871,#4872,#4873,#4874,
    #4875,#4876,#4877,#4878,#4879,#4880,#4881,#4882,#4883,#4884,#4885,
    #4886,#4887,#4888,#4889,#4890,#4891,#4892,#4893,#4894,#4895,#4896,
    #4897,#4898,#4899,#4900,#4901,#4902,#4903,#4904,#4905,#4906,#4907,
    #4908,#4909,#4910,#4911,#4912,#4913,#4914,#4915,#4916,#4917,#4918,
    #4919,#4920,#4921,#4922,#4923,#4924,#4925,#4926,#4927,#4928,#4929,
    #4930,#4931,#4932,#4933,#4934,#4935,#4936,#4937,#4938,#4939,#4940,
    #4941,#4942,#4943,#4944,#4945,#4946,#4947,#4948,#4949,#4950,#4951,
    #4952,#4953,#4954,#4955,#4956,#4957,#4958,#4959,#4960,#4961,#4962,
    #4963,#4964,#4965,#4966,#4967,#4968,#4969,#4970,#4971,#4972,#4973,
    #4974,#4975,#4976,#4977,#4978,#4979,#4980,#4981,#4982,#4983,#4984,
    #4985,#4986,#4987,#4988,#4989,#4990,#4991,#4992,#4993,#4994,#4995,
    #4996,#4997,#4998,#4999,#5000,#5001,#5002,#5003,#5004,#5005,#5006,
    #5007,#5008,#5009,#5010,#5011,#5012,#5013,#5014,#5015,#5016,#5017,
    #5018,#5019,#5020,#5021,#5022,#5023,#5024,#5025,#5026,#5027,#5028,
    #5029,#5030,#5031,#5032,#5033,#5034,#5035,#5036,#5037,#5038,#5039,
    #5040,#5041,#5042,#5043,#5044,#5045,#5046,#5047,#5048,#5049,#5050,
    #5051,#5052,#5053,#5054,#5055,#5056,#5057,#5058,#5059,#5060,#5061,
    #5062,#5063,#5064,#5065,#5066,#5067,#5068,#5069,#5070,#5071,#5072,
    #5073,#5074,#5075,#5076,#5077,#5078),.UNSPECIFIED.,.F.,.F.,(9,7,7,7,
    7,7,7,7,7,7,7,7,7,7,7,7,7,7,7,7,7,7,7,7,7,7,7,7,7,7,7,7,7,7,7,7,7,7,
    7,7,8,7,8,7,8,8,8,7,7,7,8,7,7,7,7,7,7,7,7,7,7,7,7,7,7,7,7,7,7,7,7,7,
    7,7,7,7,7,7,7,7,7,7,7,7,7,7,7,7,7,7,9),(0.,3.725321914343E-03,
    7.433665779807E-03,1.11147629005E-02,1.48247525117E-02,
    1.876035763771E-02,2.269660360294E-02,2.663328742635E-02,
    2.860171409341E-02,3.057014692472E-02,3.450685384223E-02,
    3.647502847883E-02,3.844300974151E-02,4.038262836516E-02,
    4.1844169559E-02,4.406418784166E-02,4.628363380788E-02,
    4.796884269452E-02,4.924646856828E-02,5.119462233015E-02,
    5.317010958858E-02,5.488678590286E-02,5.617387641545E-02,
    5.714386758391E-02,5.860406946863E-02,5.934662253071E-02,
    6.008908025401E-02,6.148971654357E-02,6.254569231686E-02,
    6.331878033218E-02,6.451797707574E-02,6.511789523376E-02,
    6.571814227422E-02,6.602675895234E-02,6.63578580499E-02,
    6.764943883873E-02,6.797046280191E-02,6.845921176964E-02,
    6.891062231913E-02,6.928575352274E-02,6.958906499801E-02,
    7.331438691235E-02,7.711103447031E-02,8.083635638465E-02,
    8.625639205072E-02,8.998171396506E-02,9.37070358794E-02,
    9.743235779374E-02,0.103298305552,0.108825683564,0.114688339934,
    0.118413661848,0.121869290252,0.127296600568,0.129842966265,
    0.132704862271,0.143125344109,0.147074317529,0.161459305312,
    0.168826653423,0.176191080004,0.182832047033,0.189075282897,
    0.194956941096,0.205998797785,0.215561780828,0.224042692234,
    0.238769245145,0.261225984696,0.283691113865,0.298070382924,
    0.323513406304,0.342313069912,0.371100954901,0.39939392486,
    0.427623432038,0.448981517296,0.480844318541,0.513075723522,
    0.550020982414,0.577551586881,0.619212110982,0.661235418156,
    0.698185535621,0.725715297899,0.767368287055,0.809015426015,
    0.856810543307,0.9045954098,0.952007359428,1.),.UNSPECIFIED.);
#4441 = CARTESIAN_POINT('',(1.505E+03,-0.178475698541,326.1785));
#4442 = CARTESIAN_POINT('',(1.503864007992E+03,-0.311283457577,
    326.31132585119));
#4443 = CARTESIAN_POINT('',(1.502727910936E+03,-0.44284722448,
    326.44290769169));
#4444 = CARTESIAN_POINT('',(1.501591713071E+03,-0.573189477884,
    326.57326852334));
#4445 = CARTESIAN_POINT('',(1.500455418401E+03,-0.7023316898,
    326.70243029373));
#4446 = CARTESIAN_POINT('',(1.499319030692E+03,-0.830294325616,
    326.83041389615));
#4447 = CARTESIAN_POINT('',(1.49818255347E+03,-0.9570968441,
    326.95723916961));
#4448 = CARTESIAN_POINT('',(1.497045990027E+03,-1.082757697401,
    327.08292489885));
#4449 = CARTESIAN_POINT('',(1.494777877068E+03,-1.33126360087,
    327.33148514765));
#4450 = CARTESIAN_POINT('',(1.493646328012E+03,-1.45411655065,
    327.45436874804));
#4451 = CARTESIAN_POINT('',(1.492514699996E+03,-1.575875769938,
    327.57615973939));
#4452 = CARTESIAN_POINT('',(1.491382995302E+03,-1.696553700816,
    327.6968724431));
#4453 = CARTESIAN_POINT('',(1.490251216195E+03,-1.816162919817,
    327.81652108031));
#4454 = CARTESIAN_POINT('',(1.489119365387E+03,-1.934719618491,
    327.93512143082));
#4455 = CARTESIAN_POINT('',(1.487987445541E+03,-2.052240282629,
    328.05268844884));
#4456 = CARTESIAN_POINT('',(1.485731787264E+03,-2.284366820649,
    328.28491555674));
#4457 = CARTESIAN_POINT('',(1.484608050118E+03,-2.398990831556,
    328.39959081021));
#4458 = CARTESIAN_POINT('',(1.483484248189E+03,-2.512607324242,
    328.51327370894));
#4459 = CARTESIAN_POINT('',(1.482360383635E+03,-2.625239533037,
    328.62596793329));
#4460 = CARTESIAN_POINT('',(1.481236457597E+03,-2.736892039998,
    328.7376825112));
#4461 = CARTESIAN_POINT('',(1.48011247118E+03,-2.847565033145,
    328.84843020965));
#4462 = CARTESIAN_POINT('',(1.478988426193E+03,-2.957272993338,
    328.9582189368));
#4463 = CARTESIAN_POINT('',(1.476731397113E+03,-3.175620026538,
    329.17673654581));
#4464 = CARTESIAN_POINT('',(1.47559841244E+03,-3.284246096803,
    329.28545249391));
#4465 = CARTESIAN_POINT('',(1.474465369731E+03,-3.39190303646,
    329.39320020809));
#4466 = CARTESIAN_POINT('',(1.473332270532E+03,-3.498594442156,
    329.49999547974));
#4467 = CARTESIAN_POINT('',(1.472199114888E+03,-3.604321158461,
    329.6058359434));
#4468 = CARTESIAN_POINT('',(1.471065902873E+03,-3.709086860539,
    329.71071732324));
#4469 = CARTESIAN_POINT('',(1.469932635899E+03,-3.81289892712,
    329.81465062258));
#4470 = CARTESIAN_POINT('',(1.467597070666E+03,-4.024861852367,
    330.02687789168));
#4471 = CARTESIAN_POINT('',(1.466394765618E+03,-4.132892287786,
    330.13505468064));
#4472 = CARTESIAN_POINT('',(1.465192398239E+03,-4.239842602539,
    330.24215875187));
#4473 = CARTESIAN_POINT('',(1.463989969177E+03,-4.345713791202,
    330.34819602935));
#4474 = CARTESIAN_POINT('',(1.462787476022E+03,-4.450488252658,
    330.45314274078));
#4475 = CARTESIAN_POINT('',(1.461584923037E+03,-4.554198990195,
    330.55703326963));
#4476 = CARTESIAN_POINT('',(1.460382305205E+03,-4.656800293388,
    330.65982634516));
#4477 = CARTESIAN_POINT('',(1.457976745892E+03,-4.859815925541,
    330.86324600324));
#4478 = CARTESIAN_POINT('',(1.456773804193E+03,-4.960225586541,
    330.96387248271));
#4479 = CARTESIAN_POINT('',(1.455570796895E+03,-5.059525309426,
    331.06338416082));
#4480 = CARTESIAN_POINT('',(1.454367724402E+03,-5.157684505543,
    331.1618111503));
#4481 = CARTESIAN_POINT('',(1.453164585499E+03,-5.254748949227,
    331.25909546791));
#4482 = CARTESIAN_POINT('',(1.451961377117E+03,-5.350633125869,
    331.35525074139));
#4483 = CARTESIAN_POINT('',(1.450758099083E+03,-5.445364577326,
    331.45025119217));
#4484 = CARTESIAN_POINT('',(1.448351265624E+03,-5.632464450328,
    331.637931455));
#4485 = CARTESIAN_POINT('',(1.447147710615E+03,-5.724840228793,
    331.73061295202));
#4486 = CARTESIAN_POINT('',(1.445944081578E+03,-5.816000616695,
    331.82210695976));
#4487 = CARTESIAN_POINT('',(1.44474037894E+03,-5.905982319829,
    331.91240157157));
#4488 = CARTESIAN_POINT('',(1.443536597482E+03,-5.994689607854,
    332.00146216996));
#4489 = CARTESIAN_POINT('',(1.442332737417E+03,-6.082149065851,
    332.08927998567));
#4490 = CARTESIAN_POINT('',(1.441128795823E+03,-6.168309640494,
    332.1758346086));
#4491 = CARTESIAN_POINT('',(1.439322731401E+03,-6.295580565605,
    332.30371761745));
#4492 = CARTESIAN_POINT('',(1.438720671639E+03,-6.337675590061,
    332.3460221262));
#4493 = CARTESIAN_POINT('',(1.438118590589E+03,-6.379439046263,
    332.38799858991));
#4494 = CARTESIAN_POINT('',(1.437516487953E+03,-6.420867791831,
    332.42964348266));
#4495 = CARTESIAN_POINT('',(1.436914363409E+03,-6.461957696872,
    332.4709532793));
#4496 = CARTESIAN_POINT('',(1.436312216624E+03,-6.502704140314,
    332.51192445454));
#4497 = CARTESIAN_POINT('',(1.435710047268E+03,-6.543102506237,
    332.55255348202));
#4498 = CARTESIAN_POINT('',(1.434505660897E+03,-6.623194993291,
    332.63312022697));
#4499 = CARTESIAN_POINT('',(1.433903443897E+03,-6.66288907847,
    332.67305836976));
#4500 = CARTESIAN_POINT('',(1.433301203668E+03,-6.702226598204,
    332.71264669719));
#4501 = CARTESIAN_POINT('',(1.432698939853E+03,-6.741203215234,
    332.75188063693));
#4502 = CARTESIAN_POINT('',(1.432096652096E+03,-6.779814592584,
    332.79075560895));
#4503 = CARTESIAN_POINT('',(1.431494340045E+03,-6.818056393563,
    332.8292670255));
#4504 = CARTESIAN_POINT('',(1.430892003349E+03,-6.85592428176,
    332.86741029115));
#4505 = CARTESIAN_POINT('',(1.429084966835E+03,-6.968390091484,
    332.98071846496));
#4506 = CARTESIAN_POINT('',(1.427880192183E+03,-7.041853032086,
    333.05476856183));
#4507 = CARTESIAN_POINT('',(1.426675314398E+03,-7.113776341745,
    333.12727585619));
#4508 = CARTESIAN_POINT('',(1.425470331964E+03,-7.184086666757,
    333.19825852623));
#4509 = CARTESIAN_POINT('',(1.424265239762E+03,-7.252765809836,
    333.26758989563));
#4510 = CARTESIAN_POINT('',(1.423060036371E+03,-7.319746123047,
    333.33528575023));
#4511 = CARTESIAN_POINT('',(1.42185471804E+03,-7.384993453293,
    333.4012660983));
#4512 = CARTESIAN_POINT('',(1.42004661906E+03,-7.480185939099,
    333.49760869981));
#4513 = CARTESIAN_POINT('',(1.419443926532E+03,-7.511469604673,
    333.52928358605));
#4514 = CARTESIAN_POINT('',(1.418841204271E+03,-7.542300507823,
    333.56051430988));
#4515 = CARTESIAN_POINT('',(1.418238451907E+03,-7.572671148577,
    333.59129373183));
#4516 = CARTESIAN_POINT('',(1.417635669077E+03,-7.602574027748,
    333.62161465841));
#4517 = CARTESIAN_POINT('',(1.417032855426E+03,-7.632001646941,
    333.6514698422));
#4518 = CARTESIAN_POINT('',(1.416430010606E+03,-7.660946508546,
    333.68085198177));
#4519 = CARTESIAN_POINT('',(1.415224317172E+03,-7.717852845133,
    333.73865255227));
#4520 = CARTESIAN_POINT('',(1.414621468571E+03,-7.745814679915,
    333.76707163171));
#4521 = CARTESIAN_POINT('',(1.414018588129E+03,-7.773278677021,
    333.79500277164));
#4522 = CARTESIAN_POINT('',(1.41341567552E+03,-7.800237388798,
    333.82243901671));
#4523 = CARTESIAN_POINT('',(1.412812730429E+03,-7.826683573668,
    333.84937376864));
#4524 = CARTESIAN_POINT('',(1.412209752547E+03,-7.852609906799,
    333.87579991028));
#4525 = CARTESIAN_POINT('',(1.411606741567E+03,-7.878008690768,
    333.90170892966));
#4526 = CARTESIAN_POINT('',(1.410409343884E+03,-7.927375837984,
    333.95210553131));
#4527 = CARTESIAN_POINT('',(1.409814958163E+03,-7.951358575061,
    333.97660896898));
#4528 = CARTESIAN_POINT('',(1.409220539756E+03,-7.974810525517,
    334.00059175752));
#4529 = CARTESIAN_POINT('',(1.408626088418E+03,-7.99772244165,
    334.02404529323));
#4530 = CARTESIAN_POINT('',(1.408031603919E+03,-8.020085079998,
    334.04696096814));
#4531 = CARTESIAN_POINT('',(1.407437086044E+03,-8.04188920134,
    334.06933017005));
#4532 = CARTESIAN_POINT('',(1.406842534591E+03,-8.063125570691,
    334.09114428246));
#4533 = CARTESIAN_POINT('',(1.40579991759E+03,-8.099352202617,
    334.12840729757));
#4534 = CARTESIAN_POINT('',(1.405351866635E+03,-8.114591883927,
    334.14409966461));
#4535 = CARTESIAN_POINT('',(1.40490379643E+03,-8.129499979704,
    334.15946873313));
#4536 = CARTESIAN_POINT('',(1.404455706901E+03,-8.144072549622,
    334.17451041244));
#4537 = CARTESIAN_POINT('',(1.404007597975E+03,-8.158305689447,
    334.18921999408));
#4538 = CARTESIAN_POINT('',(1.403559469588E+03,-8.172195485917,
    334.20359257225));
#4539 = CARTESIAN_POINT('',(1.403111321684E+03,-8.185737971623,
    334.21762346412));
#4540 = CARTESIAN_POINT('',(1.401982407069E+03,-8.218965655261,
    334.25209581747));
#4541 = CARTESIAN_POINT('',(1.401301614824E+03,-8.238190394252,
    334.27208409469));
#4542 = CARTESIAN_POINT('',(1.400620777403E+03,-8.256585340861,
    334.2912589546));
#4543 = CARTESIAN_POINT('',(1.3999398948E+03,-8.274132563693,
    334.3096030943));
#4544 = CARTESIAN_POINT('',(1.399258967044E+03,-8.2908141411,
    334.32710002753));
#4545 = CARTESIAN_POINT('',(1.398577994186E+03,-8.306612159051,
    334.34373491017));
#4546 = CARTESIAN_POINT('',(1.397896976327E+03,-8.321508721706,
    334.35949257878));
#4547 = CARTESIAN_POINT('',(1.396535026557E+03,-8.349459920603,
    334.38920897126));
#4548 = CARTESIAN_POINT('',(1.395854094805E+03,-8.362512582409,
    334.40316747266));
#4549 = CARTESIAN_POINT('',(1.395173118023E+03,-8.374638342685,
    334.4162082491));
#4550 = CARTESIAN_POINT('',(1.394492097961E+03,-8.385785945887,
    334.4283111957));
#4551 = CARTESIAN_POINT('',(1.39381103221E+03,-8.395996922823,
    334.4394562615));
#4552 = CARTESIAN_POINT('',(1.393129924009E+03,-8.405190605161,
    334.4496232841));
#4553 = CARTESIAN_POINT('',(1.392448772644E+03,-8.413373418237,
    334.45879216343));
#4554 = CARTESIAN_POINT('',(1.39125035428E+03,-8.425931699343,
    334.47313118043));
#4555 = CARTESIAN_POINT('',(1.390733104994E+03,-8.43075066466,
    334.47873312881));
#4556 = CARTESIAN_POINT('',(1.390215831794E+03,-8.434958169851,
    334.48373970164));
#4557 = CARTESIAN_POINT('',(1.389698535064E+03,-8.438543929298,
    334.48814032442));
#4558 = CARTESIAN_POINT('',(1.389181215238E+03,-8.441497674774,
    334.49192345426));
#4559 = CARTESIAN_POINT('',(1.38866387278E+03,-8.443809152669,
    334.49507729142));
#4560 = CARTESIAN_POINT('',(1.38814650817E+03,-8.445468121222,
    334.49759049082));
#4561 = CARTESIAN_POINT('',(1.387236870166E+03,-8.447219933601,
    334.50086468364));
#4562 = CARTESIAN_POINT('',(1.386844606053E+03,-8.447593618305,
    334.50190208246));
#4563 = CARTESIAN_POINT('',(1.386452329677E+03,-8.447582552039,
    334.50256018118));
#4564 = CARTESIAN_POINT('',(1.386060041254E+03,-8.447182473563,
    334.50283408841));
#4565 = CARTESIAN_POINT('',(1.385667741078E+03,-8.446388047916,
    334.50271891062));
#4566 = CARTESIAN_POINT('',(1.385275429499E+03,-8.44519320412,
    334.50220975252));
#4567 = CARTESIAN_POINT('',(1.384883106899E+03,-8.443591472876,
    334.50130171752));
#4568 = CARTESIAN_POINT('',(1.383892534819E+03,-8.438503817194,
    334.49798918916));
#4569 = CARTESIAN_POINT('',(1.383294271156E+03,-8.434470980702,
    334.49505182554));
#4570 = CARTESIAN_POINT('',(1.382695984145E+03,-8.429456254662,
    334.4911558106));
#4571 = CARTESIAN_POINT('',(1.38209767534E+03,-8.423438120075,
    334.48627867728));
#4572 = CARTESIAN_POINT('',(1.381499346386E+03,-8.416395101611,
    334.48039769432));
#4573 = CARTESIAN_POINT('',(1.380900999007E+03,-8.408305770156,
    334.47349006229));
#4574 = CARTESIAN_POINT('',(1.380302635008E+03,-8.399148745345,
    334.46553310974));
#4575 = CARTESIAN_POINT('',(1.379097481992E+03,-8.378512717383,
    334.44734909523));
#4576 = CARTESIAN_POINT('',(1.378490692463E+03,-8.367005189917,
    334.43709128927));
#4577 = CARTESIAN_POINT('',(1.377883890521E+03,-8.354343247062,
    334.42571150074));
#4578 = CARTESIAN_POINT('',(1.377277075318E+03,-8.34055377864,
    334.41316565476));
#4579 = CARTESIAN_POINT('',(1.376670253519E+03,-8.32552616077,
    334.39948500472));
#4580 = CARTESIAN_POINT('',(1.376063426592E+03,-8.309292726096,
    334.38456559723));
#4581 = CARTESIAN_POINT('',(1.375456598865E+03,-8.291785761206,
    334.36842202444));
#4582 = CARTESIAN_POINT('',(1.374322449469E+03,-8.256651213391,
    334.33586732593));
#4583 = CARTESIAN_POINT('',(1.373795127156E+03,-8.23933797764,
    334.31977259058));
#4584 = CARTESIAN_POINT('',(1.373267809481E+03,-8.221025789798,
    334.30269439963));
#4585 = CARTESIAN_POINT('',(1.372740498465E+03,-8.201695453435,
    334.28461863635));
#4586 = CARTESIAN_POINT('',(1.372213197083E+03,-8.181325204409,
    334.26551884766));
#4587 = CARTESIAN_POINT('',(1.371685908179E+03,-8.159893850156,
    334.2453721637));
#4588 = CARTESIAN_POINT('',(1.371158633754E+03,-8.137383081735,
    334.22416915646));
#4589 = CARTESIAN_POINT('',(1.370236063764E+03,-8.096065385596,
    334.18515545906));
#4590 = CARTESIAN_POINT('',(1.369840760247E+03,-8.077739647723,
    334.16782420693));
#4591 = CARTESIAN_POINT('',(1.369445469024E+03,-8.058779351681,
    334.149866369));
#4592 = CARTESIAN_POINT('',(1.369050191964E+03,-8.039171245021,
    334.13126955109));
#4593 = CARTESIAN_POINT('',(1.368654930985E+03,-8.018902108805,
    334.11202135769));
#4594 = CARTESIAN_POINT('',(1.368259688056E+03,-7.997958757607,
    334.09210939195));
#4595 = CARTESIAN_POINT('',(1.367864465198E+03,-7.976328039512,
    334.07152125566));
#4596 = CARTESIAN_POINT('',(1.367171429013E+03,-7.937167353432,
    334.03420970312));
#4597 = CARTESIAN_POINT('',(1.366873606111E+03,-7.919940021943,
    334.01778397384));
#4598 = CARTESIAN_POINT('',(1.36657579668E+03,-7.902309234512,
    334.0009617182));
#4599 = CARTESIAN_POINT('',(1.366278001625E+03,-7.884269389894,
    333.98373765855));
#4600 = CARTESIAN_POINT('',(1.365980221855E+03,-7.865814897088,
    333.96610666989));
#4601 = CARTESIAN_POINT('',(1.365682458303E+03,-7.846940179689,
    333.9480635669));
#4602 = CARTESIAN_POINT('',(1.365384711939E+03,-7.827639680239,
    333.92960289109));
#4603 = CARTESIAN_POINT('',(1.364638790882E+03,-7.778203441755,
    333.88229043604));
#4604 = CARTESIAN_POINT('',(1.36419063885E+03,-7.747527232177,
    333.85289969087));
#4605 = CARTESIAN_POINT('',(1.36374253477E+03,-7.715831123385,
    333.82251980546));
#4606 = CARTESIAN_POINT('',(1.363294473685E+03,-7.68317707705,
    333.79112326815));
#4607 = CARTESIAN_POINT('',(1.362846473522E+03,-7.649423385668,
    333.75868408832));
#4608 = CARTESIAN_POINT('',(1.36239853096E+03,-7.614619702126,
    333.7251748888));
#4609 = CARTESIAN_POINT('',(1.361950656671E+03,-7.578692602408,
    333.69056920008));
#4610 = CARTESIAN_POINT('',(1.361275135608E+03,-7.522775744385,
    333.63667101489));
#4611 = CARTESIAN_POINT('',(1.36104743503E+03,-7.503630383318,
    333.6182112703));
#4612 = CARTESIAN_POINT('',(1.360819754157E+03,-7.484185335957,
    333.59945751817));
#4613 = CARTESIAN_POINT('',(1.360592093804E+03,-7.464436482075,
    333.58040629574));
#4614 = CARTESIAN_POINT('',(1.360364454804E+03,-7.444379712582,
    333.56105409175));
#4615 = CARTESIAN_POINT('',(1.360136838006E+03,-7.424010929521,
    333.54139734643));
#4616 = CARTESIAN_POINT('',(1.359909244274E+03,-7.403326046071,
    333.52143245149));
#4617 = CARTESIAN_POINT('',(1.359454133957E+03,-7.361318632136,
    333.48088130866));
#4618 = CARTESIAN_POINT('',(1.359226617463E+03,-7.339996214571,
    333.46029392395));
#4619 = CARTESIAN_POINT('',(1.358999126042E+03,-7.318349705664,
    333.43938802795));
#4620 = CARTESIAN_POINT('',(1.358771660747E+03,-7.29637509301,
    333.41815805248));
#4621 = CARTESIAN_POINT('',(1.358544222643E+03,-7.274068379977,
    333.39659842918));
#4622 = CARTESIAN_POINT('',(1.358316812816E+03,-7.251425585709,
    333.37470358956));
#4623 = CARTESIAN_POINT('',(1.358089432365E+03,-7.228442745124,
    333.35246796498));
#4624 = CARTESIAN_POINT('',(1.357433189867E+03,-7.161109601212,
    333.28728569633));
#4625 = CARTESIAN_POINT('',(1.357004405593E+03,-7.11588343078,
    333.24345045119));
#4626 = CARTESIAN_POINT('',(1.356575737389E+03,-7.069398618695,
    333.19835393944));
#4627 = CARTESIAN_POINT('',(1.356147200805E+03,-7.02159027876,
    333.15192997546));
#4628 = CARTESIAN_POINT('',(1.35571879903E+03,-6.972425856373,
    333.10419653562));
#4629 = CARTESIAN_POINT('',(1.355290552792E+03,-6.921844436005,
    333.05504019524));
#4630 = CARTESIAN_POINT('',(1.354862464536E+03,-6.869803502815,
    333.00450501978));
#4631 = CARTESIAN_POINT('',(1.354111939828E+03,-6.775881366084,
    332.91327181128));
#4632 = CARTESIAN_POINT('',(1.353789426784E+03,-6.734650864911,
    332.87321678437));
#4633 = CARTESIAN_POINT('',(1.353467019761E+03,-6.692545821554,
    332.83229589106));
#4634 = CARTESIAN_POINT('',(1.353144726841E+03,-6.64953671936,
    332.79048219922));
#4635 = CARTESIAN_POINT('',(1.352822551855E+03,-6.605620072715,
    332.74774816289));
#4636 = CARTESIAN_POINT('',(1.352500505071E+03,-6.560755813087,
    332.70406714354));
#4637 = CARTESIAN_POINT('',(1.352178590262E+03,-6.514943049712,
    332.65941157761));
#4638 = CARTESIAN_POINT('',(1.351621243794E+03,-6.433892084424,
    332.58032889023));
#4639 = CARTESIAN_POINT('',(1.35138574702E+03,-6.399106261779,
    332.54636676297));
#4640 = CARTESIAN_POINT('',(1.351150330977E+03,-6.363775313074,
    332.51185641489));
#4641 = CARTESIAN_POINT('',(1.350914999779E+03,-6.327881793647,
    332.47679128359));
#4642 = CARTESIAN_POINT('',(1.350679758661E+03,-6.29140873836,
    332.44115597791));
#4643 = CARTESIAN_POINT('',(1.350444612227E+03,-6.254338983574,
    332.4049411146));
#4644 = CARTESIAN_POINT('',(1.350209563992E+03,-6.216654974617,
    332.36814738838));
#4645 = CARTESIAN_POINT('',(1.349610184808E+03,-6.118908836979,
    332.27271326654));
#4646 = CARTESIAN_POINT('',(1.349246001906E+03,-6.057960414128,
    332.21321951269));
#4647 = CARTESIAN_POINT('',(1.348882095602E+03,-5.995433722284,
    332.15218519197));
#4648 = CARTESIAN_POINT('',(1.348518489049E+03,-5.931267757834,
    332.08953788651));
#4649 = CARTESIAN_POINT('',(1.348155206123E+03,-5.865402411023,
    332.02520542988));
#4650 = CARTESIAN_POINT('',(1.34779227142E+03,-5.797778465959,
    331.95911590701));
#4651 = CARTESIAN_POINT('',(1.347429710257E+03,-5.728337600611,
    331.89119765428));
#4652 = CARTESIAN_POINT('',(1.346886371281E+03,-5.621345716984,
    331.78645162036));
#4653 = CARTESIAN_POINT('',(1.346705294418E+03,-5.585199100993,
    331.75104665717));
#4654 = CARTESIAN_POINT('',(1.346524321208E+03,-5.548564632246,
    331.71516728005));
#4655 = CARTESIAN_POINT('',(1.346343463173E+03,-5.511427923665,
    331.67876542381));
#4656 = CARTESIAN_POINT('',(1.346162711322E+03,-5.473766295904,
    331.64191897575));
#4657 = CARTESIAN_POINT('',(1.345982089365E+03,-5.435570197641,
    331.60450822228));
#4658 = CARTESIAN_POINT('',(1.345801594055E+03,-5.396819585795,
    331.56657679376));
#4659 = CARTESIAN_POINT('',(1.345440780224E+03,-5.318159242801,
    331.48956608756));
#4660 = CARTESIAN_POINT('',(1.345260461022E+03,-5.278248580111,
    331.45049146627));
#4661 = CARTESIAN_POINT('',(1.345080286252E+03,-5.237752350934,
    331.41083927962));
#4662 = CARTESIAN_POINT('',(1.344900263258E+03,-5.196654882644,
    331.37059107395));
#4663 = CARTESIAN_POINT('',(1.344720399512E+03,-5.154940711414,
    331.32972845326));
#4664 = CARTESIAN_POINT('',(1.344540702615E+03,-5.112594582212,
    331.28823307925));
#4665 = CARTESIAN_POINT('',(1.3443611803E+03,-5.069601448802,
    331.24608667129));
#4666 = CARTESIAN_POINT('',(1.344089632895E+03,-5.003501333594,
    331.18125745582));
#4667 = CARTESIAN_POINT('',(1.344005770955E+03,-4.982901208791,
    331.16104790438));
#4668 = CARTESIAN_POINT('',(1.343923939914E+03,-4.962663400378,
    331.141189763));
#4669 = CARTESIAN_POINT('',(1.343840329314E+03,-4.941846412043,
    331.12075882539));
#4670 = CARTESIAN_POINT('',(1.343753621834E+03,-4.920089435473,
    331.09939946966));
#4671 = CARTESIAN_POINT('',(1.34366498219E+03,-4.89765183572,
    331.07736485987));
#4672 = CARTESIAN_POINT('',(1.343578046043E+03,-4.875452636556,
    331.05555714758));
#4673 = CARTESIAN_POINT('',(1.343414006681E+03,-4.833285390579,
    331.01412208621));
#4674 = CARTESIAN_POINT('',(1.343339827484E+03,-4.814047609876,
    330.99521139901));
#4675 = CARTESIAN_POINT('',(1.343268160648E+03,-4.795354072847,
    330.97683143594));
#4676 = CARTESIAN_POINT('',(1.343194017506E+03,-4.775905182284,
    330.9577041392));
#4677 = CARTESIAN_POINT('',(1.343115618976E+03,-4.755193225611,
    330.93732802052));
#4678 = CARTESIAN_POINT('',(1.343034383158E+03,-4.733551265849,
    330.91602861252));
#4679 = CARTESIAN_POINT('',(1.342954912934E+03,-4.712202032582,
    330.89500892015));
#4680 = CARTESIAN_POINT('',(1.342612197136E+03,-4.619597696478,
    330.80380786281));
#4681 = CARTESIAN_POINT('',(1.342339955633E+03,-4.544126384181,
    330.72939724075));
#4682 = CARTESIAN_POINT('',(1.342068346989E+03,-4.466703604911,
    330.65302484277));
#4683 = CARTESIAN_POINT('',(1.341797462273E+03,-4.387143088313,
    330.57454946018));
#4684 = CARTESIAN_POINT('',(1.341527395474E+03,-4.305262016049,
    330.4938324564));
#4685 = CARTESIAN_POINT('',(1.341258243276E+03,-4.220881473067,
    330.41073838461));
#4686 = CARTESIAN_POINT('',(1.340990104844E+03,-4.133826898858,
    330.32513560541));
#4687 = CARTESIAN_POINT('',(1.340656712653E+03,-4.021584195685,
    330.21496507075));
#4688 = CARTESIAN_POINT('',(1.340590412626E+03,-3.999064184492,
    330.19287040935));
#4689 = CARTESIAN_POINT('',(1.340524183087E+03,-3.976365902169,
    330.17061096974));
#4690 = CARTESIAN_POINT('',(1.340458025616E+03,-3.953486767257,
    330.14818482148));
#4691 = CARTESIAN_POINT('',(1.340391941799E+03,-3.930424219812,
    330.12559005417));
#4692 = CARTESIAN_POINT('',(1.340325933235E+03,-3.907175721408,
    330.10282477746));
#4693 = CARTESIAN_POINT('',(1.340260001533E+03,-3.883738755134,
    330.07988712107));
#4694 = CARTESIAN_POINT('',(1.340093889268E+03,-3.824137245404,
    330.02158770252));
#4695 = CARTESIAN_POINT('',(1.339992969459E+03,-3.787425597856,
    329.98570327299));
#4696 = CARTESIAN_POINT('',(1.339892887263E+03,-3.750455534847,
    329.94962440934));
#4697 = CARTESIAN_POINT('',(1.339794266951E+03,-3.713551586252,
    329.91354578328));
#4698 = CARTESIAN_POINT('',(1.339696947251E+03,-3.676530225783,
    329.87744236134));
#4699 = CARTESIAN_POINT('',(1.339599851307E+03,-3.63918718718,
    329.84089508795));
#4700 = CARTESIAN_POINT('',(1.339501180837E+03,-3.600644547687,
    329.80319591227));
#4701 = CARTESIAN_POINT('',(1.339303279192E+03,-3.522032686007,
    329.72623005839));
#4702 = CARTESIAN_POINT('',(1.339205735104E+03,-3.482719307128,
    329.68771961669));
#4703 = CARTESIAN_POINT('',(1.339107189633E+03,-3.442358456362,
    329.64816280911));
#4704 = CARTESIAN_POINT('',(1.339008705848E+03,-3.401331617945,
    329.60793557071));
#4705 = CARTESIAN_POINT('',(1.338910892978E+03,-3.359870036648,
    329.56726737713));
#4706 = CARTESIAN_POINT('',(1.338813915201E+03,-3.318037325482,
    329.52622315146));
#4707 = CARTESIAN_POINT('',(1.338717504169E+03,-3.275706106992,
    329.48467985862));
#4708 = CARTESIAN_POINT('',(1.338540757765E+03,-3.196647441222,
    329.40707748675));
#4709 = CARTESIAN_POINT('',(1.338460569227E+03,-3.160231168806,
    329.3713263736));
#4710 = CARTESIAN_POINT('',(1.338380434527E+03,-3.123270446028,
    329.33503610438));
#4711 = CARTESIAN_POINT('',(1.338300408436E+03,-3.085769112145,
    329.29821128455));
#4712 = CARTESIAN_POINT('',(1.3382205752E+03,-3.047746513812,
    329.26087165778));
#4713 = CARTESIAN_POINT('',(1.338141048115E+03,-3.009239748336,
    329.22305429531));
#4714 = CARTESIAN_POINT('',(1.338061969112E+03,-2.970305906931,
    329.18481578534));
#4715 = CARTESIAN_POINT('',(1.337920070248E+03,-2.899264150255,
    329.11503622184));
#4716 = CARTESIAN_POINT('',(1.337856828844E+03,-2.867172212735,
    329.08352276078));
#4717 = CARTESIAN_POINT('',(1.337793793041E+03,-2.834745779061,
    329.05167874886));
#4718 = CARTESIAN_POINT('',(1.337730972102E+03,-2.801982881966,
    329.01948794097));
#4719 = CARTESIAN_POINT('',(1.337668375629E+03,-2.76888231327,
    328.98693313729));
#4720 = CARTESIAN_POINT('',(1.337606013564E+03,-2.735443623876,
    328.95399618324));
#4721 = CARTESIAN_POINT('',(1.337543896188E+03,-2.701667123774,
    328.92065796952));
#4722 = CARTESIAN_POINT('',(1.337482034122E+03,-2.667553882038,
    328.88689843206));
#4723 = CARTESIAN_POINT('',(1.337375761518E+03,-2.608933776451,
    328.82890505898));
#4724 = CARTESIAN_POINT('',(1.337279416504E+03,-2.554505162295,
    328.77467866293));
#4725 = CARTESIAN_POINT('',(1.337189034278E+03,-2.501925578209,
    328.72244368251));
#4726 = CARTESIAN_POINT('',(1.337101119064E+03,-2.450608892813,
    328.67033637002));
#4727 = CARTESIAN_POINT('',(1.337014279543E+03,-2.398142789239,
    328.61748973444));
#4728 = CARTESIAN_POINT('',(1.336927177072E+03,-2.344450293101,
    328.56297347583));
#4729 = CARTESIAN_POINT('',(1.336839881351E+03,-2.288834087707,
    328.50663021537));
#4730 = CARTESIAN_POINT('',(1.336664463512E+03,-2.17324059294,
    328.38978192709));
#4731 = CARTESIAN_POINT('',(1.336576970379E+03,-2.113559913414,
    328.32970195283));
#4732 = CARTESIAN_POINT('',(1.336490757071E+03,-2.052560716847,
    328.2682436803));
#4733 = CARTESIAN_POINT('',(1.336405588495E+03,-1.989660034028,
    328.20617070491));
#4734 = CARTESIAN_POINT('',(1.336322239351E+03,-1.925523999878,
    328.1420873687));
#4735 = CARTESIAN_POINT('',(1.336239916525E+03,-1.85889992507,
    328.07796392217));
#4736 = CARTESIAN_POINT('',(1.336159567059E+03,-1.79056103599,
    328.01216948139));
#4737 = CARTESIAN_POINT('',(1.336081081816E+03,-1.720132977252,
    327.94520114045));
#4738 = CARTESIAN_POINT('',(1.336033041781E+03,-1.67702485574,
    327.90419425975));
#4739 = CARTESIAN_POINT('',(1.335985726353E+03,-1.633163680846,
    327.86269555986));
#4740 = CARTESIAN_POINT('',(1.335939182682E+03,-1.588539797507,
    327.82067771601));
#4741 = CARTESIAN_POINT('',(1.335893456491E+03,-1.543148352117,
    327.77811292126));
#4742 = CARTESIAN_POINT('',(1.335848592074E+03,-1.496989292522,
    327.73497288653));
#4743 = CARTESIAN_POINT('',(1.335804632303E+03,-1.450067368023,
    327.69122884062));
#4744 = CARTESIAN_POINT('',(1.335761618622E+03,-1.402392129374,
    327.64685153015));
#4745 = CARTESIAN_POINT('',(1.335658443505E+03,-1.283542456748,
    327.53627868987));
#4746 = CARTESIAN_POINT('',(1.335599369048E+03,-1.211515060437,
    327.46933135375));
#4747 = CARTESIAN_POINT('',(1.335542504118E+03,-1.138011265487,
    327.40086929467));
#4748 = CARTESIAN_POINT('',(1.335488023622E+03,-1.063166162472,
    327.33086851568));
#4749 = CARTESIAN_POINT('',(1.335436103636E+03,-0.98710709001,
    327.25931181587));
#4750 = CARTESIAN_POINT('',(1.335386908761E+03,-0.909926561782,
    327.18618178412));
#4751 = CARTESIAN_POINT('',(1.335340604138E+03,-0.831655437443,
    327.11151591039));
#4752 = CARTESIAN_POINT('',(1.335297392114E+03,-0.752236337439,
    327.03552381426));
#4753 = CARTESIAN_POINT('',(1.33525117945E+03,-0.666405194862,
    326.95473630109));
#4754 = CARTESIAN_POINT('',(1.335209533848E+03,-0.586125323217,
    326.87156690585));
#4755 = CARTESIAN_POINT('',(1.335174123329E+03,-0.497360268959,
    326.79941499284));
#4756 = CARTESIAN_POINT('',(1.335137524473E+03,-0.415056902181,
    326.70896268642));
#4757 = CARTESIAN_POINT('',(1.335106209294E+03,-0.323011630888,
    326.62395717087));
#4758 = CARTESIAN_POINT('',(1.335083241808E+03,-0.219145280131,
    326.551924357));
#4759 = CARTESIAN_POINT('',(1.335059042721E+03,-0.135216054185,
    326.4532173256));
#4760 = CARTESIAN_POINT('',(1.33505858061E+03,0.,326.45180295813));
#4761 = CARTESIAN_POINT('',(1.335059683869E+03,9.246425531689E-02,
    326.45705933135));
#4762 = CARTESIAN_POINT('',(1.335070298765E+03,0.171127599687,
    326.49815370537));
#4763 = CARTESIAN_POINT('',(1.3350866971E+03,0.241370475258,
    326.55662976251));
#4764 = CARTESIAN_POINT('',(1.335106253769E+03,0.307211912339,
    326.61956626948));
#4765 = CARTESIAN_POINT('',(1.335127446752E+03,0.371309529407,
    326.67957707735));
#4766 = CARTESIAN_POINT('',(1.335149857126E+03,0.434959533099,
    326.73481112158));
#4767 = CARTESIAN_POINT('',(1.335174169053E+03,0.498096718218,
    326.78895242201));
#4768 = CARTESIAN_POINT('',(1.335202169789E+03,0.559294467729,
    326.85122008285));
#4769 = CARTESIAN_POINT('',(1.335224216125E+03,0.609159188196,
    326.89854992424));
#4770 = CARTESIAN_POINT('',(1.335247567188E+03,0.658488865165,
    326.94570585646));
#4771 = CARTESIAN_POINT('',(1.335272161442E+03,0.707340541818,
    326.99255084618));
#4772 = CARTESIAN_POINT('',(1.3352979429E+03,0.755755213967,
    327.03897703395));
#4773 = CARTESIAN_POINT('',(1.335324861124E+03,0.803757830054,
    327.08490573419));
#4774 = CARTESIAN_POINT('',(1.335352871226E+03,0.851357291156,
    327.13028743519));
#4775 = CARTESIAN_POINT('',(1.335381933866E+03,0.898546450978,
    327.17510179908));
#4776 = CARTESIAN_POINT('',(1.335459380943E+03,1.018929112303,
    327.28903913445));
#4777 = CARTESIAN_POINT('',(1.335512260207E+03,1.096167749126,
    327.36175608928));
#4778 = CARTESIAN_POINT('',(1.335568544947E+03,1.172774772794,
    327.43336447361));
#4779 = CARTESIAN_POINT('',(1.335626214792E+03,1.246268335731,
    327.50172139314));
#4780 = CARTESIAN_POINT('',(1.335684099951E+03,1.315927974707,
    327.56639770617));
#4781 = CARTESIAN_POINT('',(1.335742414988E+03,1.382657732811,
    327.62840229674));
#4782 = CARTESIAN_POINT('',(1.335803063516E+03,1.448712425026,
    327.68991802696));
#4783 = CARTESIAN_POINT('',(1.335932516348E+03,1.581897564984,
    327.81448663873));
#4784 = CARTESIAN_POINT('',(1.335997055737E+03,1.645025875036,
    327.87374572182));
#4785 = CARTESIAN_POINT('',(1.336063176335E+03,1.706624915189,
    327.93197510123));
#4786 = CARTESIAN_POINT('',(1.336130786781E+03,1.766737059505,
    327.98918792321));
#4787 = CARTESIAN_POINT('',(1.336199766744E+03,1.825393138981,
    328.0454459108));
#4788 = CARTESIAN_POINT('',(1.336269949873E+03,1.882590349003,
    328.10089591245));
#4789 = CARTESIAN_POINT('',(1.336341182956E+03,1.938349043721,
    328.15565908508));
#4790 = CARTESIAN_POINT('',(1.336490122048E+03,2.050650699824,
    328.26676197704));
#4791 = CARTESIAN_POINT('',(1.336567306571E+03,2.106534816458,
    328.32256419054));
#4792 = CARTESIAN_POINT('',(1.336645109212E+03,2.160821315338,
    328.37713771146));
#4793 = CARTESIAN_POINT('',(1.336723595846E+03,2.213753848895,
    328.43059932124));
#4794 = CARTESIAN_POINT('',(1.336802792579E+03,2.265518037551,
    328.48302702496));
#4795 = CARTESIAN_POINT('',(1.33688267724E+03,2.316255059511,
    328.53446353552));
#4796 = CARTESIAN_POINT('',(1.336963173661E+03,2.366069966691,
    328.58492044042));
#4797 = CARTESIAN_POINT('',(1.337044148745E+03,2.4150347268,
    328.6343830511));
#4798 = CARTESIAN_POINT('',(1.337128068557E+03,2.465796117687,
    328.6856445053));
#4799 = CARTESIAN_POINT('',(1.337212705248E+03,2.515678001813,
    328.73596120578));
#4800 = CARTESIAN_POINT('',(1.337297876719E+03,2.565008838913,
    328.78528645816));
#4801 = CARTESIAN_POINT('',(1.337383591247E+03,2.613696868342,
    328.83369734694));
#4802 = CARTESIAN_POINT('',(1.337469840152E+03,2.661696742222,
    328.88125482866));
#4803 = CARTESIAN_POINT('',(1.33755657999E+03,2.709043201868,
    328.92799711031));
#4804 = CARTESIAN_POINT('',(1.337643781964E+03,2.755736725471,
    328.97397555037));
#4805 = CARTESIAN_POINT('',(1.337812724472E+03,2.844463713355,
    329.06123370296));
#4806 = CARTESIAN_POINT('',(1.337889935672E+03,2.884251940286,
    329.10029377889));
#4807 = CARTESIAN_POINT('',(1.337966503733E+03,2.923091767722,
    329.13843843544));
#4808 = CARTESIAN_POINT('',(1.338044542181E+03,2.96206434331,
    329.17672468824));
#4809 = CARTESIAN_POINT('',(1.338124754812E+03,3.001453760229,
    329.21541106185));
#4810 = CARTESIAN_POINT('',(1.338206375544E+03,3.040827188883,
    329.25407308124));
#4811 = CARTESIAN_POINT('',(1.338287127556E+03,3.079112330497,
    329.29167387295));
#4812 = CARTESIAN_POINT('',(1.338482681305E+03,3.170520843245,
    329.38142912851));
#4813 = CARTESIAN_POINT('',(1.33860276609E+03,3.225317945471,
    329.43522817816));
#4814 = CARTESIAN_POINT('',(1.338723421909E+03,3.279100008129,
    329.48802027205));
#4815 = CARTESIAN_POINT('',(1.338844614985E+03,3.331904942483,
    329.53983950983));
#4816 = CARTESIAN_POINT('',(1.338966311912E+03,3.383772062229,
    329.59072084395));
#4817 = CARTESIAN_POINT('',(1.339088479647E+03,3.434742083493,
    329.64070007969));
#4818 = CARTESIAN_POINT('',(1.339211085519E+03,3.484857124833,
    329.68981387516));
#4819 = CARTESIAN_POINT('',(1.339391811149E+03,3.557293537412,
    329.76075420469));
#4820 = CARTESIAN_POINT('',(1.339449614987E+03,3.580245958417,
    329.78322658935));
#4821 = CARTESIAN_POINT('',(1.339507504781E+03,3.603024359317,
    329.80552052194));
#4822 = CARTESIAN_POINT('',(1.339565476932E+03,3.625634150237,
    329.82763977941));
#4823 = CARTESIAN_POINT('',(1.339623528192E+03,3.648079762359,
    329.849588289));
#4824 = CARTESIAN_POINT('',(1.339681655673E+03,3.670364647921,
    329.87137012819));
#4825 = CARTESIAN_POINT('',(1.339739856838E+03,3.692491280219,
    329.89298952476));
#4826 = CARTESIAN_POINT('',(1.339863622937E+03,3.739152319645,
    329.93857274147));
#4827 = CARTESIAN_POINT('',(1.339929207925E+03,3.76364417117,
    329.96249263185));
#4828 = CARTESIAN_POINT('',(1.339994880708E+03,3.787937844968,
    329.98621965732));
#4829 = CARTESIAN_POINT('',(1.340060638007E+03,3.812034794111,
    330.0097613254));
#4830 = CARTESIAN_POINT('',(1.340126477019E+03,3.835936787956,
    330.03312352162));
#4831 = CARTESIAN_POINT('',(1.340192395424E+03,3.859645912146,
    330.05631050957));
#4832 = CARTESIAN_POINT('',(1.340258391377E+03,3.88316456861,
    330.07932493089));
#4833 = CARTESIAN_POINT('',(1.340565040016E+03,3.99144613527,
    330.18533956878));
#4834 = CARTESIAN_POINT('',(1.340806627662E+03,4.073907825596,
    330.26623205963));
#4835 = CARTESIAN_POINT('',(1.341049148951E+03,4.154002955825,
    330.34493631411));
#4836 = CARTESIAN_POINT('',(1.341292527922E+03,4.23185763748,
    330.42154685799));
#4837 = CARTESIAN_POINT('',(1.341536690317E+03,4.307601339302,
    330.49616127559));
#4838 = CARTESIAN_POINT('',(1.341781563747E+03,4.381366542232,
    330.56887977888));
#4839 = CARTESIAN_POINT('',(1.342027077857E+03,4.453288394393,
    330.63980477652));
#4840 = CARTESIAN_POINT('',(1.342366422117E+03,4.55011365494,
    330.73527820178));
#4841 = CARTESIAN_POINT('',(1.342459031303E+03,4.576269217997,
    330.7610676526));
#4842 = CARTESIAN_POINT('',(1.342551893831E+03,4.60224492615,
    330.78667683652));
#4843 = CARTESIAN_POINT('',(1.342645439294E+03,4.628163581237,
    330.81222546781));
#4844 = CARTESIAN_POINT('',(1.342739620551E+03,4.654010901366,
    330.83769766368));
#4845 = CARTESIAN_POINT('',(1.342833910415E+03,4.679646384626,
    330.86295263382));
#4846 = CARTESIAN_POINT('',(1.342927299591E+03,4.704811051188,
    330.88773332995));
#4847 = CARTESIAN_POINT('',(1.343349769893E+03,4.817725405916,
    330.99887802953));
#4848 = CARTESIAN_POINT('',(1.343682012663E+03,4.903786929208,
    331.08346201489));
#4849 = CARTESIAN_POINT('',(1.344014970084E+03,4.987405659833,
    331.16554039002));
#4850 = CARTESIAN_POINT('',(1.344348589648E+03,5.068673433663,
    331.24522935135));
#4851 = CARTESIAN_POINT('',(1.344682820426E+03,5.147684896267,
    331.32264591296));
#4852 = CARTESIAN_POINT('',(1.345017613068E+03,5.224537502904,
    331.39790790662));
#4853 = CARTESIAN_POINT('',(1.3453529198E+03,5.299331518531,
    331.47113398174));
#4854 = CARTESIAN_POINT('',(1.345860663132E+03,5.409474506403,
    331.57896565453));
#4855 = CARTESIAN_POINT('',(1.346032755171E+03,5.446266155986,
    331.61498100808));
#4856 = CARTESIAN_POINT('',(1.346204961132E+03,5.482557469506,
    331.65052503937));
#4857 = CARTESIAN_POINT('',(1.346377283635E+03,5.51836571653,
    331.68556145497));
#4858 = CARTESIAN_POINT('',(1.346549701329E+03,5.553698925161,
    331.72019857189));
#4859 = CARTESIAN_POINT('',(1.346722224436E+03,5.588577638499,
    331.7543546877));
#4860 = CARTESIAN_POINT('',(1.346894840755E+03,5.623013482565,
    331.78808460027));
#4861 = CARTESIAN_POINT('',(1.34724018805E+03,5.691017724664,
    331.85466108815));
#4862 = CARTESIAN_POINT('',(1.347412918232E+03,5.724587173783,
    331.88751115377));
#4863 = CARTESIAN_POINT('',(1.347585736396E+03,5.757736938104,
    331.91993718244));
#4864 = CARTESIAN_POINT('',(1.347758639754E+03,5.790473272583,
    331.95194691606));
#4865 = CARTESIAN_POINT('',(1.347931625559E+03,5.822802483206,
    331.98354811233));
#4866 = CARTESIAN_POINT('',(1.3481046911E+03,5.854730926981,
    332.01474854474));
#4867 = CARTESIAN_POINT('',(1.348277833708E+03,5.886265011944,
    332.04555600255));
#4868 = CARTESIAN_POINT('',(1.34860725146E+03,5.945497673199,
    332.10341198286));
#4869 = CARTESIAN_POINT('',(1.348763512698E+03,5.97326871433,
    332.13053246145));
#4870 = CARTESIAN_POINT('',(1.348919832532E+03,6.000729057064,
    332.15734544922));
#4871 = CARTESIAN_POINT('',(1.349076209057E+03,6.027883465849,
    332.18385667614));
#4872 = CARTESIAN_POINT('',(1.34923264039E+03,6.05473673306,
    332.21007187955));
#4873 = CARTESIAN_POINT('',(1.349389124672E+03,6.081293678996,
    332.23599680413));
#4874 = CARTESIAN_POINT('',(1.349545660071E+03,6.107559151887,
    332.26163720188));
#4875 = CARTESIAN_POINT('',(1.349849451572E+03,6.157961026392,
    332.31084128794));
#4876 = CARTESIAN_POINT('',(1.349996701802E+03,6.18213067633,
    332.33443851682));
#4877 = CARTESIAN_POINT('',(1.350143994324E+03,6.206051157536,
    332.35779231818));
#4878 = CARTESIAN_POINT('',(1.350291327379E+03,6.229726439427,
    332.38090974911));
#4879 = CARTESIAN_POINT('',(1.350438699328E+03,6.253160549005,
    332.40379700713));
#4880 = CARTESIAN_POINT('',(1.350586108947E+03,6.276357677536,
    332.42645694045));
#4881 = CARTESIAN_POINT('',(1.3507335553E+03,6.299322125922,
    332.44889018561));
#4882 = CARTESIAN_POINT('',(1.351019977596E+03,6.343477294256,
    332.49202344398));
#4883 = CARTESIAN_POINT('',(1.351158949538E+03,6.364693713295,
    332.51274859635));
#4884 = CARTESIAN_POINT('',(1.351297952026E+03,6.38571087971,
    332.5332775088));
#4885 = CARTESIAN_POINT('',(1.351436984107E+03,6.406532335441,
    332.55361230473));
#4886 = CARTESIAN_POINT('',(1.351576044835E+03,6.427161630539,
    332.57375511209));
#4887 = CARTESIAN_POINT('',(1.351715133275E+03,6.447602323164,
    332.5937080633));
#4888 = CARTESIAN_POINT('',(1.351854248501E+03,6.467857979587,
    332.6134732953));
#4889 = CARTESIAN_POINT('',(1.352254604376E+03,6.52561819127,
    332.6698105669));
#4890 = CARTESIAN_POINT('',(1.352515910205E+03,6.562665358023,
    332.70591411395));
#4891 = CARTESIAN_POINT('',(1.352777303305E+03,6.599084023776,
    332.74137808167));
#4892 = CARTESIAN_POINT('',(1.353038779966E+03,6.634884617939,
    332.77621696852));
#4893 = CARTESIAN_POINT('',(1.353300336549E+03,6.670077650003,
    332.8104452805));
#4894 = CARTESIAN_POINT('',(1.353561969486E+03,6.704673709544,
    332.84407753108));
#4895 = CARTESIAN_POINT('',(1.35382367528E+03,6.73868346622,
    332.87712824127));
#4896 = CARTESIAN_POINT('',(1.354312165271E+03,6.801073912259,
    332.9377450136));
#4897 = CARTESIAN_POINT('',(1.354538932077E+03,6.829598437123,
    332.96545301172));
#4898 = CARTESIAN_POINT('',(1.354765748885E+03,6.857698271258,
    332.99274366741));
#4899 = CARTESIAN_POINT('',(1.35499261314E+03,6.885380320638,
    333.0196300147));
#4900 = CARTESIAN_POINT('',(1.355219522701E+03,6.91265164899,
    333.04612128031));
#4901 = CARTESIAN_POINT('',(1.355446476088E+03,6.939519544184,
    333.07222053448));
#4902 = CARTESIAN_POINT('',(1.355673472034E+03,6.965991372358,
    333.09792910046));
#4903 = CARTESIAN_POINT('',(1.356101855067E+03,7.015205751061,
    333.14571997994));
#4904 = CARTESIAN_POINT('',(1.356303233685E+03,7.038031398382,
    333.16788185119));
#4905 = CARTESIAN_POINT('',(1.35650464304E+03,7.060556223521,
    333.18974716945));
#4906 = CARTESIAN_POINT('',(1.356706081984E+03,7.082785301348,
    333.21131977146));
#4907 = CARTESIAN_POINT('',(1.356907549386E+03,7.104723719808,
    333.23260349767));
#4908 = CARTESIAN_POINT('',(1.357109044129E+03,7.12637657992,
    333.2536021922));
#4909 = CARTESIAN_POINT('',(1.357310565114E+03,7.147748995778,
    333.27431970288));
#4910 = CARTESIAN_POINT('',(1.35786208312E+03,7.205479484384,
    333.33025276531));
#4911 = CARTESIAN_POINT('',(1.358212130388E+03,7.241285654189,
    333.36491038262));
#4912 = CARTESIAN_POINT('',(1.358562248951E+03,7.276281199301,
    333.39874945534));
#4913 = CARTESIAN_POINT('',(1.358912434504E+03,7.310478559623,
    333.43179640973));
#4914 = CARTESIAN_POINT('',(1.359262683441E+03,7.343892869737,
    333.46406657601));
#4915 = CARTESIAN_POINT('',(1.359612991928E+03,7.376539702585,
    333.49557857329));
#4916 = CARTESIAN_POINT('',(1.359963355527E+03,7.408432244419,
    333.52636312539));
#4917 = CARTESIAN_POINT('',(1.360848126432E+03,7.487094062159,
    333.60226824926));
#4918 = CARTESIAN_POINT('',(1.361382603353E+03,7.532882588538,
    333.6464342398));
#4919 = CARTESIAN_POINT('',(1.361917190631E+03,7.577012654079,
    333.68896890173));
#4920 = CARTESIAN_POINT('',(1.362451880097E+03,7.619516251197,
    333.72991787541));
#4921 = CARTESIAN_POINT('',(1.362986656752E+03,7.660489009333,
    333.7693264013));
#4922 = CARTESIAN_POINT('',(1.363521517668E+03,7.699923048699,
    333.80724048905));
#4923 = CARTESIAN_POINT('',(1.364056445488E+03,7.737941875631,
    333.84370523633));
#4924 = CARTESIAN_POINT('',(1.365126630031E+03,7.811149876289,
    333.91384185789));
#4925 = CARTESIAN_POINT('',(1.365661886246E+03,7.846345079841,
    333.94750745044));
#4926 = CARTESIAN_POINT('',(1.366197198332E+03,7.880155757052,
    333.97983210558));
#4927 = CARTESIAN_POINT('',(1.366732562088E+03,7.912614601803,
    334.0108244583));
#4928 = CARTESIAN_POINT('',(1.367267971989E+03,7.94375401373,
    334.04051725707));
#4929 = CARTESIAN_POINT('',(1.367803422147E+03,7.973606372461,
    334.06895188613));
#4930 = CARTESIAN_POINT('',(1.368338908232E+03,8.002204582985,
    334.09614791448));
#4931 = CARTESIAN_POINT('',(1.369217193578E+03,8.047104451205,
    334.13878043571));
#4932 = CARTESIAN_POINT('',(1.369559974786E+03,8.064126890917,
    334.1549253089));
#4933 = CARTESIAN_POINT('',(1.369902767248E+03,8.080658161456,
    334.17058579115));
#4934 = CARTESIAN_POINT('',(1.370245569855E+03,8.096705706386,
    334.18576931826));
#4935 = CARTESIAN_POINT('',(1.370588381392E+03,8.112278260683,
    334.20048374302));
#4936 = CARTESIAN_POINT('',(1.370931200494E+03,8.127386032961,
    334.21473776898));
#4937 = CARTESIAN_POINT('',(1.371274025964E+03,8.142037724361,
    334.22853995611));
#4938 = CARTESIAN_POINT('',(1.372223471676E+03,8.181354841418,
    334.26552907638));
#4939 = CARTESIAN_POINT('',(1.372830104332E+03,8.205055720959,
    334.28776438997));
#4940 = CARTESIAN_POINT('',(1.373436751206E+03,8.227368341208,
    334.30863411846));
#4941 = CARTESIAN_POINT('',(1.374043408251E+03,8.248324122689,
    334.32817012757));
#4942 = CARTESIAN_POINT('',(1.374650071575E+03,8.267954587952,
    334.34640426948));
#4943 = CARTESIAN_POINT('',(1.375256737448E+03,8.28629136157,
    334.36336838283));
#4944 = CARTESIAN_POINT('',(1.375863402296E+03,8.303366170139,
    334.3790942927));
#4945 = CARTESIAN_POINT('',(1.376918319636E+03,8.330918119711,
    334.40434238916));
#4946 = CARTESIAN_POINT('',(1.37736657408E+03,8.341954947561,
    334.41441127908));
#4947 = CARTESIAN_POINT('',(1.377814824815E+03,8.352330918573,
    334.42383571853));
#4948 = CARTESIAN_POINT('',(1.378263070306E+03,8.362061278145,
    334.43262909338));
#4949 = CARTESIAN_POINT('',(1.378711309263E+03,8.371162114396,
    334.44079788062));
#4950 = CARTESIAN_POINT('',(1.379159540932E+03,8.379642294122,
    334.44834963926));
#4951 = CARTESIAN_POINT('',(1.37960776487E+03,8.387503680061,
    334.4552981763));
#4952 = CARTESIAN_POINT('',(1.380742330844E+03,8.405874025333,
    334.47137651046));
#4953 = CARTESIAN_POINT('',(1.381428661143E+03,8.41556643801,
    334.47970824667));
#4954 = CARTESIAN_POINT('',(1.382114968423E+03,8.423870693288,
    334.48666868838));
#4955 = CARTESIAN_POINT('',(1.382801249202E+03,8.430818903499,
    334.4923192525));
#4956 = CARTESIAN_POINT('',(1.383487502381E+03,8.436443791107,
    334.49664733737));
#4957 = CARTESIAN_POINT('',(1.384173723953E+03,8.440777426958,
    334.49974133208));
#4958 = CARTESIAN_POINT('',(1.384859912757E+03,8.4438526196,
    334.50159826252));
#4959 = CARTESIAN_POINT('',(1.386220424572E+03,8.447519298575,
    334.50289212163));
#4960 = CARTESIAN_POINT('',(1.386894748721E+03,8.448152959485,
    334.50236957085));
#4961 = CARTESIAN_POINT('',(1.387569037245E+03,8.44763721845,
    334.50070800273));
#4962 = CARTESIAN_POINT('',(1.388243289472E+03,8.445985750741,
    334.49793226783));
#4963 = CARTESIAN_POINT('',(1.38891750418E+03,8.443223003215,
    334.49406719732));
#4964 = CARTESIAN_POINT('',(1.389591680077E+03,8.439375965006,
    334.48913760327));
#4965 = CARTESIAN_POINT('',(1.390265816537E+03,8.434461769574,
    334.48316827942));
#4966 = CARTESIAN_POINT('',(1.391612496396E+03,8.422564918114,
    334.46921538485));
#4967 = CARTESIAN_POINT('',(1.392285040118E+03,8.415583819528,
    334.46123629301));
#4968 = CARTESIAN_POINT('',(1.392957542529E+03,8.407593711903,
    334.45226611993));
#4969 = CARTESIAN_POINT('',(1.393630003519E+03,8.398604332313,
    334.44232423366));
#4970 = CARTESIAN_POINT('',(1.394302422035E+03,8.388647414081,
    334.43143000817));
#4971 = CARTESIAN_POINT('',(1.394974797177E+03,8.377752546372,
    334.41960280474));
#4972 = CARTESIAN_POINT('',(1.39564712928E+03,8.365923524475,
    334.40686195176));
#4973 = CARTESIAN_POINT('',(1.396828062939E+03,8.343542802085,
    334.38291088157));
#4974 = CARTESIAN_POINT('',(1.397336683098E+03,8.333380579893,
    334.37208199261));
#4975 = CARTESIAN_POINT('',(1.397845278284E+03,8.322703273171,
    334.36075038906));
#4976 = CARTESIAN_POINT('',(1.398353848415E+03,8.311518317129,
    334.34892445697));
#4977 = CARTESIAN_POINT('',(1.398862393435E+03,8.299833159127,
    334.33661128865));
#4978 = CARTESIAN_POINT('',(1.399370913308E+03,8.28765525511,
    334.32381728489));
#4979 = CARTESIAN_POINT('',(1.399879408016E+03,8.274992066045,
    334.31054875722));
#4980 = CARTESIAN_POINT('',(1.401146431662E+03,8.24224628543,
    334.27632034468));
#4981 = CARTESIAN_POINT('',(1.401904929623E+03,8.221581278721,
    334.25478765864));
#4982 = CARTESIAN_POINT('',(1.402663371777E+03,8.199869199333,
    334.23223553497));
#4983 = CARTESIAN_POINT('',(1.403421757593E+03,8.177153011313,
    334.20868854404));
#4984 = CARTESIAN_POINT('',(1.404180087389E+03,8.153449738061,
    334.18416619954));
#4985 = CARTESIAN_POINT('',(1.404938361783E+03,8.128768323178,
    334.15869066361));
#4986 = CARTESIAN_POINT('',(1.405696580881E+03,8.103136127692,
    334.13228971455));
#4987 = CARTESIAN_POINT('',(1.407221680314E+03,8.04969493964,
    334.07734248937));
#4988 = CARTESIAN_POINT('',(1.40798855935E+03,8.021864102294,
    334.04877684164));
#4989 = CARTESIAN_POINT('',(1.40875538268E+03,7.993098198822,
    334.01929552785));
#4990 = CARTESIAN_POINT('',(1.409522150777E+03,7.963415562951,
    333.98891703432));
#4991 = CARTESIAN_POINT('',(1.410288864137E+03,7.932835527643,
    333.95765983627));
#4992 = CARTESIAN_POINT('',(1.411055523261E+03,7.901379393097,
    333.92554239864));
#4993 = CARTESIAN_POINT('',(1.411822128693E+03,7.869068085986,
    333.89258317455));
#4994 = CARTESIAN_POINT('',(1.413467342078E+03,7.79791623426,
    333.82007731564));
#4995 = CARTESIAN_POINT('',(1.414345933395E+03,7.758811051286,
    333.78027225404));
#4996 = CARTESIAN_POINT('',(1.415224456015E+03,7.718624120141,
    333.73940788153));
#4997 = CARTESIAN_POINT('',(1.41610291093E+03,7.677378610203,
    333.69750664886));
#4998 = CARTESIAN_POINT('',(1.416981299169E+03,7.635097701093,
    333.65459099258));
#4999 = CARTESIAN_POINT('',(1.417859621805E+03,7.591804582677,
    333.610683335));
#5000 = CARTESIAN_POINT('',(1.418737879949E+03,7.547522455065,
    333.56580608423));
#5001 = CARTESIAN_POINT('',(1.420270481675E+03,7.468556712376,
    333.48583437466));
#5002 = CARTESIAN_POINT('',(1.420924853434E+03,7.434303484615,
    333.45116183423));
#5003 = CARTESIAN_POINT('',(1.421579190476E+03,7.399523595261,
    333.41597158842));
#5004 = CARTESIAN_POINT('',(1.422233493252E+03,7.364224774077,
    333.38027111199));
#5005 = CARTESIAN_POINT('',(1.422887762222E+03,7.328414171338,
    333.34406782198));
#5006 = CARTESIAN_POINT('',(1.42354199785E+03,7.292098798531,
    333.30736912088));
#5007 = CARTESIAN_POINT('',(1.424196200613E+03,7.25528596904,
    333.2701824397));
#5008 = CARTESIAN_POINT('',(1.425840290438E+03,7.161536593011,
    333.17551534814));
#5009 = CARTESIAN_POINT('',(1.426830135749E+03,7.103964777728,
    333.11741770208));
#5010 = CARTESIAN_POINT('',(1.427819908397E+03,7.045307828483,
    333.05823500368));
#5011 = CARTESIAN_POINT('',(1.428809610709E+03,6.985558358746,
    332.99802686212));
#5012 = CARTESIAN_POINT('',(1.429799243538E+03,6.924790358506,
    332.93677050043));
#5013 = CARTESIAN_POINT('',(1.430788808934E+03,6.862991874313,
    332.87451630812));
#5014 = CARTESIAN_POINT('',(1.43177830811E+03,6.800189474113,
    332.81127005004));
#5015 = CARTESIAN_POINT('',(1.433765793609E+03,6.672061186914,
    332.68228493968));
#5016 = CARTESIAN_POINT('',(1.434763778598E+03,6.606715305702,
    332.61652593996));
#5017 = CARTESIAN_POINT('',(1.435761699876E+03,6.540392795957,
    332.54980788809));
#5018 = CARTESIAN_POINT('',(1.436759558526E+03,6.473100634227,
    332.48214589281));
#5019 = CARTESIAN_POINT('',(1.437757356135E+03,6.404867390882,
    332.41355354932));
#5020 = CARTESIAN_POINT('',(1.438755094376E+03,6.335719708839,
    332.34404720374));
#5021 = CARTESIAN_POINT('',(1.439752774357E+03,6.265658953379,
    332.27364474309));
#5022 = CARTESIAN_POINT('',(1.441627584391E+03,6.132314758149,
    332.13968195705));
#5023 = CARTESIAN_POINT('',(1.442504727302E+03,6.069233077103,
    332.07632203237));
#5024 = CARTESIAN_POINT('',(1.443381827319E+03,6.005470062217,
    332.01229329163));
#5025 = CARTESIAN_POINT('',(1.444258885157E+03,5.941033915518,
    331.94760291456));
#5026 = CARTESIAN_POINT('',(1.445135901551E+03,5.875933849871,
    331.88225762832));
#5027 = CARTESIAN_POINT('',(1.446012877384E+03,5.81018094433,
    331.81626579864));
#5028 = CARTESIAN_POINT('',(1.446889813572E+03,5.743785770372,
    331.7496366787));
#5029 = CARTESIAN_POINT('',(1.448420044724E+03,5.626809671146,
    331.63226476063));
#5030 = CARTESIAN_POINT('',(1.449073357083E+03,5.576512550532,
    331.58180287173));
#5031 = CARTESIAN_POINT('',(1.449726648086E+03,5.525864034942,
    331.53099492742));
#5032 = CARTESIAN_POINT('',(1.450379917994E+03,5.474866737676,
    331.47984361508));
#5033 = CARTESIAN_POINT('',(1.451033167033E+03,5.423523275198,
    331.42835098355));
#5034 = CARTESIAN_POINT('',(1.451686395422E+03,5.371836264783,
    331.3765188955));
#5035 = CARTESIAN_POINT('',(1.452339603393E+03,5.31980832216,
    331.32434947979));
#5036 = CARTESIAN_POINT('',(1.453981075293E+03,5.18821135981,
    331.19240602925));
#5037 = CARTESIAN_POINT('',(1.45496931317E+03,5.108204082512,
    331.11220107305));
#5038 = CARTESIAN_POINT('',(1.45595750574E+03,5.027436502476,
    331.0312336504));
#5039 = CARTESIAN_POINT('',(1.456945654058E+03,4.945909670551,
    330.94952136159));
#5040 = CARTESIAN_POINT('',(1.457933758296E+03,4.863627513431,
    330.86706477895));
#5041 = CARTESIAN_POINT('',(1.458921818619E+03,4.780596650733,
    330.78386209422));
#5042 = CARTESIAN_POINT('',(1.459909835916E+03,4.696821240872,
    330.6999255382));
#5043 = CARTESIAN_POINT('',(1.461885646109E+03,4.52780313472,
    330.5305965897));
#5044 = CARTESIAN_POINT('',(1.462873438984E+03,4.442559560923,
    330.44520499814));
#5045 = CARTESIAN_POINT('',(1.46386118988E+03,4.356584652697,
    330.35908743771));
#5046 = CARTESIAN_POINT('',(1.464848898748E+03,4.269878665646,
    330.2722443707));
#5047 = CARTESIAN_POINT('',(1.465836565434E+03,4.182440752789,
    330.18467555845));
#5048 = CARTESIAN_POINT('',(1.466824190039E+03,4.09427244529,
    330.09638268199));
#5049 = CARTESIAN_POINT('',(1.46781177282E+03,4.005376765649,
    330.00736853866));
#5050 = CARTESIAN_POINT('',(1.469932635899E+03,3.812898927119,
    329.81465062258));
#5051 = CARTESIAN_POINT('',(1.471065902873E+03,3.709086860537,
    329.71071732323));
#5052 = CARTESIAN_POINT('',(1.472199114888E+03,3.604321158461,
    329.60583594341));
#5053 = CARTESIAN_POINT('',(1.473332270532E+03,3.498594442155,
    329.49999547974));
#5054 = CARTESIAN_POINT('',(1.474465369731E+03,3.391903036458,
    329.39320020809));
#5055 = CARTESIAN_POINT('',(1.47559841244E+03,3.284246096802,
    329.28545249391));
#5056 = CARTESIAN_POINT('',(1.476731397113E+03,3.175620026537,
    329.17673654581));
#5057 = CARTESIAN_POINT('',(1.47899700616E+03,2.956442944007,
    328.95738826782));
#5058 = CARTESIAN_POINT('',(1.480129630225E+03,2.845890290987,
    328.84675413387));
#5059 = CARTESIAN_POINT('',(1.481262194817E+03,2.734357583364,
    328.73514649077));
#5060 = CARTESIAN_POINT('',(1.482394698078E+03,2.621830365867,
    328.62255682788));
#5061 = CARTESIAN_POINT('',(1.483527138888E+03,2.508308374735,
    328.50897225731));
#5062 = CARTESIAN_POINT('',(1.484659516075E+03,2.393786638575,
    328.39438378142));
#5063 = CARTESIAN_POINT('',(1.485791827405E+03,2.278241406637,
    328.27878729073));
#5064 = CARTESIAN_POINT('',(1.488047478525E+03,2.046006165739,
    328.04645191652));
#5065 = CARTESIAN_POINT('',(1.489170819091E+03,1.929329130494,
    327.92972892774));
#5066 = CARTESIAN_POINT('',(1.490294091576E+03,1.811631119807,
    327.81198777751));
#5067 = CARTESIAN_POINT('',(1.491417293366E+03,1.69289600339,
    327.69321372003));
#5068 = CARTESIAN_POINT('',(1.492540421805E+03,1.573108006687,
    327.57339126199));
#5069 = CARTESIAN_POINT('',(1.493663474687E+03,1.452254851944,
    327.45250655817));
#5070 = CARTESIAN_POINT('',(1.494786449786E+03,1.330324334038,
    327.33054568816));
#5071 = CARTESIAN_POINT('',(1.497045990027E+03,1.0827576974,
    327.08292489885));
#5072 = CARTESIAN_POINT('',(1.49818255347E+03,0.9570968441,
    326.95723916961));
#5073 = CARTESIAN_POINT('',(1.499319030692E+03,0.830294325615,
    326.83041389615));
#5074 = CARTESIAN_POINT('',(1.500455418401E+03,0.702331689799,
    326.70243029373));
#5075 = CARTESIAN_POINT('',(1.501591713071E+03,0.573189477884,
    326.57326852334));
#5076 = CARTESIAN_POINT('',(1.502727910936E+03,0.44284722448,
    326.44290769169));
#5077 = CARTESIAN_POINT('',(1.503864007992E+03,0.311283457576,
    326.31132585119));
#5078 = CARTESIAN_POINT('',(1.505E+03,0.178475698541,326.1785));
#5079 = PCURVE('',#4062,#5080);
#5080 = DEFINITIONAL_REPRESENTATION('',(#5081),#5720);
#5081 = B_SPLINE_CURVE_WITH_KNOTS('',8,(#5082,#5083,#5084,#5085,#5086,
    #5087,#5088,#5089,#5090,#5091,#5092,#5093,#5094,#5095,#5096,#5097,
    #5098,#5099,#5100,#5101,#5102,#5103,#5104,#5105,#5106,#5107,#5108,
    #5109,#5110,#5111,#5112,#5113,#5114,#5115,#5116,#5117,#5118,#5119,
    #5120,#5121,#5122,#5123,#5124,#5125,#5126,#5127,#5128,#5129,#5130,
    #5131,#5132,#5133,#5134,#5135,#5136,#5137,#5138,#5139,#5140,#5141,
    #5142,#5143,#5144,#5145,#5146,#5147,#5148,#5149,#5150,#5151,#5152,
    #5153,#5154,#5155,#5156,#5157,#5158,#5159,#5160,#5161,#5162,#5163,
    #5164,#5165,#5166,#5167,#5168,#5169,#5170,#5171,#5172,#5173,#5174,
    #5175,#5176,#5177,#5178,#5179,#5180,#5181,#5182,#5183,#5184,#5185,
    #5186,#5187,#5188,#5189,#5190,#5191,#5192,#5193,#5194,#5195,#5196,
    #5197,#5198,#5199,#5200,#5201,#5202,#5203,#5204,#5205,#5206,#5207,
    #5208,#5209,#5210,#5211,#5212,#5213,#5214,#5215,#5216,#5217,#5218,
    #5219,#5220,#5221,#5222,#5223,#5224,#5225,#5226,#5227,#5228,#5229,
    #5230,#5231,#5232,#5233,#5234,#5235,#5236,#5237,#5238,#5239,#5240,
    #5241,#5242,#5243,#5244,#5245,#5246,#5247,#5248,#5249,#5250,#5251,
    #5252,#5253,#5254,#5255,#5256,#5257,#5258,#5259,#5260,#5261,#5262,
    #5263,#5264,#5265,#5266,#5267,#5268,#5269,#5270,#5271,#5272,#5273,
    #5274,#5275,#5276,#5277,#5278,#5279,#5280,#5281,#5282,#5283,#5284,
    #5285,#5286,#5287,#5288,#5289,#5290,#5291,#5292,#5293,#5294,#5295,
    #5296,#5297,#5298,#5299,#5300,#5301,#5302,#5303,#5304,#5305,#5306,
    #5307,#5308,#5309,#5310,#5311,#5312,#5313,#5314,#5315,#5316,#5317,
    #5318,#5319,#5320,#5321,#5322,#5323,#5324,#5325,#5326,#5327,#5328,
    #5329,#5330,#5331,#5332,#5333,#5334,#5335,#5336,#5337,#5338,#5339,
    #5340,#5341,#5342,#5343,#5344,#5345,#5346,#5347,#5348,#5349,#5350,
    #5351,#5352,#5353,#5354,#5355,#5356,#5357,#5358,#5359,#5360,#5361,
    #5362,#5363,#5364,#5365,#5366,#5367,#5368,#5369,#5370,#5371,#5372,
    #5373,#5374,#5375,#5376,#5377,#5378,#5379,#5380,#5381,#5382,#5383,
    #5384,#5385,#5386,#5387,#5388,#5389,#5390,#5391,#5392,#5393,#5394,
    #5395,#5396,#5397,#5398,#5399,#5400,#5401,#5402,#5403,#5404,#5405,
    #5406,#5407,#5408,#5409,#5410,#5411,#5412,#5413,#5414,#5415,#5416,
    #5417,#5418,#5419,#5420,#5421,#5422,#5423,#5424,#5425,#5426,#5427,
    #5428,#5429,#5430,#5431,#5432,#5433,#5434,#5435,#5436,#5437,#5438,
    #5439,#5440,#5441,#5442,#5443,#5444,#5445,#5446,#5447,#5448,#5449,
    #5450,#5451,#5452,#5453,#5454,#5455,#5456,#5457,#5458,#5459,#5460,
    #5461,#5462,#5463,#5464,#5465,#5466,#5467,#5468,#5469,#5470,#5471,
    #5472,#5473,#5474,#5475,#5476,#5477,#5478,#5479,#5480,#5481,#5482,
    #5483,#5484,#5485,#5486,#5487,#5488,#5489,#5490,#5491,#5492,#5493,
    #5494,#5495,#5496,#5497,#5498,#5499,#5500,#5501,#5502,#5503,#5504,
    #5505,#5506,#5507,#5508,#5509,#5510,#5511,#5512,#5513,#5514,#5515,
    #5516,#5517,#5518,#5519,#5520,#5521,#5522,#5523,#5524,#5525,#5526,
    #5527,#5528,#5529,#5530,#5531,#5532,#5533,#5534,#5535,#5536,#5537,
    #5538,#5539,#5540,#5541,#5542,#5543,#5544,#5545,#5546,#5547,#5548,
    #5549,#5550,#5551,#5552,#5553,#5554,#5555,#5556,#5557,#5558,#5559,
    #5560,#5561,#5562,#5563,#5564,#5565,#5566,#5567,#5568,#5569,#5570,
    #5571,#5572,#5573,#5574,#5575,#5576,#5577,#5578,#5579,#5580,#5581,
    #5582,#5583,#5584,#5585,#5586,#5587,#5588,#5589,#5590,#5591,#5592,
    #5593,#5594,#5595,#5596,#5597,#5598,#5599,#5600,#5601,#5602,#5603,
    #5604,#5605,#5606,#5607,#5608,#5609,#5610,#5611,#5612,#5613,#5614,
    #5615,#5616,#5617,#5618,#5619,#5620,#5621,#5622,#5623,#5624,#5625,
    #5626,#5627,#5628,#5629,#5630,#5631,#5632,#5633,#5634,#5635,#5636,
    #5637,#5638,#5639,#5640,#5641,#5642,#5643,#5644,#5645,#5646,#5647,
    #5648,#5649,#5650,#5651,#5652,#5653,#5654,#5655,#5656,#5657,#5658,
    #5659,#5660,#5661,#5662,#5663,#5664,#5665,#5666,#5667,#5668,#5669,
    #5670,#5671,#5672,#5673,#5674,#5675,#5676,#5677,#5678,#5679,#5680,
    #5681,#5682,#5683,#5684,#5685,#5686,#5687,#5688,#5689,#5690,#5691,
    #5692,#5693,#5694,#5695,#5696,#5697,#5698,#5699,#5700,#5701,#5702,
    #5703,#5704,#5705,#5706,#5707,#5708,#5709,#5710,#5711,#5712,#5713,
    #5714,#5715,#5716,#5717,#5718,#5719),.UNSPECIFIED.,.F.,.F.,(9,7,7,7,
    7,7,7,7,7,7,7,7,7,7,7,7,7,7,7,7,7,7,7,7,7,7,7,7,7,7,7,7,7,7,7,7,7,7,
    7,7,8,7,8,7,8,8,8,7,7,7,8,7,7,7,7,7,7,7,7,7,7,7,7,7,7,7,7,7,7,7,7,7,
    7,7,7,7,7,7,7,7,7,7,7,7,7,7,7,7,7,7,9),(0.,3.725321914343E-03,
    7.433665779807E-03,1.11147629005E-02,1.48247525117E-02,
    1.876035763771E-02,2.269660360294E-02,2.663328742635E-02,
    2.860171409341E-02,3.057014692472E-02,3.450685384223E-02,
    3.647502847883E-02,3.844300974151E-02,4.038262836516E-02,
    4.1844169559E-02,4.406418784166E-02,4.628363380788E-02,
    4.796884269452E-02,4.924646856828E-02,5.119462233015E-02,
    5.317010958858E-02,5.488678590286E-02,5.617387641545E-02,
    5.714386758391E-02,5.860406946863E-02,5.934662253071E-02,
    6.008908025401E-02,6.148971654357E-02,6.254569231686E-02,
    6.331878033218E-02,6.451797707574E-02,6.511789523376E-02,
    6.571814227422E-02,6.602675895234E-02,6.63578580499E-02,
    6.764943883873E-02,6.797046280191E-02,6.845921176964E-02,
    6.891062231913E-02,6.928575352274E-02,6.958906499801E-02,
    7.331438691235E-02,7.711103447031E-02,8.083635638465E-02,
    8.625639205072E-02,8.998171396506E-02,9.37070358794E-02,
    9.743235779374E-02,0.103298305552,0.108825683564,0.114688339934,
    0.118413661848,0.121869290252,0.127296600568,0.129842966265,
    0.132704862271,0.143125344109,0.147074317529,0.161459305312,
    0.168826653423,0.176191080004,0.182832047033,0.189075282897,
    0.194956941096,0.205998797785,0.215561780828,0.224042692234,
    0.238769245145,0.261225984696,0.283691113865,0.298070382924,
    0.323513406304,0.342313069912,0.371100954901,0.39939392486,
    0.427623432038,0.448981517296,0.480844318541,0.513075723522,
    0.550020982414,0.577551586881,0.619212110982,0.661235418156,
    0.698185535621,0.725715297899,0.767368287055,0.809015426015,
    0.856810543307,0.9045954098,0.952007359428,1.),.UNSPECIFIED.);
#5082 = CARTESIAN_POINT('',(344.85411166144,5.786061588329E-04));
#5083 = CARTESIAN_POINT('',(343.71022494951,1.009159971463E-03));
#5084 = CARTESIAN_POINT('',(342.56611355643,1.435681334495E-03));
#5085 = CARTESIAN_POINT('',(341.42178174603,1.85824480825E-03));
#5086 = CARTESIAN_POINT('',(340.2772336398,2.276921535604E-03));
#5087 = CARTESIAN_POINT('',(339.13247321687,2.691779241986E-03));
#5088 = CARTESIAN_POINT('',(337.987504314,3.10288223538E-03));
#5089 = CARTESIAN_POINT('',(336.84233062561,3.510291406324E-03));
#5090 = CARTESIAN_POINT('',(334.55680079665,4.315997237121E-03));
#5091 = CARTESIAN_POINT('',(333.41644658101,4.714323332411E-03));
#5092 = CARTESIAN_POINT('',(332.27589640142,5.109107745194E-03));
#5093 = CARTESIAN_POINT('',(331.13515374456,5.500396898234E-03));
#5094 = CARTESIAN_POINT('',(329.99422198995,5.888236889194E-03));
#5095 = CARTESIAN_POINT('',(328.85310430386,6.272678868146E-03));
#5096 = CARTESIAN_POINT('',(327.71180367634,6.653771309055E-03));
#5097 = CARTESIAN_POINT('',(325.43722951353,7.406533409224E-03));
#5098 = CARTESIAN_POINT('',(324.30395847901,7.778252221127E-03));
#5099 = CARTESIAN_POINT('',(323.17051378255,8.146754323965E-03));
#5100 = CARTESIAN_POINT('',(322.03689710956,8.512051647625E-03));
#5101 = CARTESIAN_POINT('',(320.90311147472,8.874173456087E-03));
#5102 = CARTESIAN_POINT('',(319.7691603138,9.233161133407E-03));
#5103 = CARTESIAN_POINT('',(318.63504589327,9.589040313785E-03));
#5104 = CARTESIAN_POINT('',(316.35759271335,1.02973631955E-02));
#5105 = CARTESIAN_POINT('',(315.21425145598,1.064976497217E-02));
#5106 = CARTESIAN_POINT('',(314.07074937199,1.099902822722E-02));
#5107 = CARTESIAN_POINT('',(312.92708971752,1.134520414828E-02));
#5108 = CARTESIAN_POINT('',(311.78327483724,1.168828506777E-02));
#5109 = CARTESIAN_POINT('',(310.63930686755,1.202825712558E-02));
#5110 = CARTESIAN_POINT('',(309.4951886435,1.236515598893E-02));
#5111 = CARTESIAN_POINT('',(307.13707033909,1.30530887899E-02));
#5112 = CARTESIAN_POINT('',(305.92305185706,1.340374288702E-02));
#5113 = CARTESIAN_POINT('',(304.70887000439,1.375091977915E-02));
#5114 = CARTESIAN_POINT('',(303.4945279388,1.409463866892E-02));
#5115 = CARTESIAN_POINT('',(302.28002827097,1.443482249846E-02));
#5116 = CARTESIAN_POINT('',(301.06537442847,1.477158272169E-02));
#5117 = CARTESIAN_POINT('',(299.85056909656,1.510478555968E-02));
#5118 = CARTESIAN_POINT('',(297.42046385479,1.576416856803E-02));
#5119 = CARTESIAN_POINT('',(296.20516398374,1.609034840429E-02));
#5120 = CARTESIAN_POINT('',(294.98971845717,1.64129146217E-02));
#5121 = CARTESIAN_POINT('',(293.77413137204,1.673196483091E-02));
#5122 = CARTESIAN_POINT('',(292.55840430775,1.704731107904E-02));
#5123 = CARTESIAN_POINT('',(291.34254171629,1.735899754103E-02));
#5124 = CARTESIAN_POINT('',(290.12654621135,1.766694065532E-02));
#5125 = CARTESIAN_POINT('',(287.69416132625,1.827530455432E-02));
#5126 = CARTESIAN_POINT('',(286.47777192645,1.857573080073E-02));
#5127 = CARTESIAN_POINT('',(285.26125646021,1.887230781123E-02));
#5128 = CARTESIAN_POINT('',(284.04461853455,1.916499699053E-02));
#5129 = CARTESIAN_POINT('',(282.82786149656,1.94536861263E-02));
#5130 = CARTESIAN_POINT('',(281.6109891994,1.973834679309E-02));
#5131 = CARTESIAN_POINT('',(280.39400539368,2.001891283179E-02));
#5132 = CARTESIAN_POINT('',(278.5683423635,2.0433444465E-02));
#5133 = CARTESIAN_POINT('',(277.95974369047,2.0570574153E-02));
#5134 = CARTESIAN_POINT('',(277.35111868144,2.070664048594E-02));
#5135 = CARTESIAN_POINT('',(276.74246785537,2.084163203458E-02));
#5136 = CARTESIAN_POINT('',(276.1337917253,2.097553737215E-02));
#5137 = CARTESIAN_POINT('',(275.52509080771,2.110834507145E-02));
#5138 = CARTESIAN_POINT('',(274.91636563197,2.124004370188E-02));
#5139 = CARTESIAN_POINT('',(273.69886596076,2.150120008743E-02));
#5140 = CARTESIAN_POINT('',(273.09009145943,2.163065922126E-02));
#5141 = CARTESIAN_POINT('',(272.48129380848,2.175898443175E-02));
#5142 = CARTESIAN_POINT('',(271.87247358743,2.188616089769E-02));
#5143 = CARTESIAN_POINT('',(271.26363139259,2.201217377294E-02));
#5144 = CARTESIAN_POINT('',(270.65476783702,2.213700818639E-02));
#5145 = CARTESIAN_POINT('',(270.04588355057,2.226064924199E-02));
#5146 = CARTESIAN_POINT('',(268.21921953625,2.262793667734E-02));
#5147 = CARTESIAN_POINT('',(267.0013794838,2.286796940629E-02));
#5148 = CARTESIAN_POINT('',(265.78346499159,2.310300115453E-02));
#5149 = CARTESIAN_POINT('',(264.56547848012,2.333309084687E-02));
#5150 = CARTESIAN_POINT('',(263.3474289418,2.355782786261E-02));
#5151 = CARTESIAN_POINT('',(262.12931981517,2.377726337194E-02));
#5152 = CARTESIAN_POINT('',(260.91115886822,2.399113808203E-02));
#5153 = CARTESIAN_POINT('',(259.08390436773,2.430343176601E-02));
#5154 = CARTESIAN_POINT('',(258.47484503894,2.440610562739E-02));
#5155 = CARTESIAN_POINT('',(257.86577512217,2.450733974031E-02));
#5156 = CARTESIAN_POINT('',(257.25669545133,2.460711096218E-02));
#5157 = CARTESIAN_POINT('',(256.64760689286,2.470539597542E-02));
#5158 = CARTESIAN_POINT('',(256.03851034577,2.480217128754E-02));
#5159 = CARTESIAN_POINT('',(255.42940674163,2.489741323104E-02));
#5160 = CARTESIAN_POINT('',(254.21124718369,2.508477326508E-02));
#5161 = CARTESIAN_POINT('',(253.60219122024,2.517689345774E-02));
#5162 = CARTESIAN_POINT('',(252.99313013733,2.526743199885E-02));
#5163 = CARTESIAN_POINT('',(252.38406491062,2.535636634266E-02));
#5164 = CARTESIAN_POINT('',(251.77499654092,2.544367510095E-02));
#5165 = CARTESIAN_POINT('',(251.16592608677,2.552933520353E-02));
#5166 = CARTESIAN_POINT('',(250.55685469704,2.561331905888E-02));
#5167 = CARTESIAN_POINT('',(249.34749050989,2.57766791939E-02));
#5168 = CARTESIAN_POINT('',(248.74719759141,2.585610686866E-02));
#5169 = CARTESIAN_POINT('',(248.14690591473,2.593384686393E-02));
#5170 = CARTESIAN_POINT('',(247.54661654643,2.600987129086E-02));
#5171 = CARTESIAN_POINT('',(246.94633059306,2.608415224684E-02));
#5172 = CARTESIAN_POINT('',(246.34604920113,2.61566618154E-02));
#5173 = CARTESIAN_POINT('',(245.74577355712,2.622737206633E-02));
#5174 = CARTESIAN_POINT('',(244.69319050833,2.634815979765E-02));
#5175 = CARTESIAN_POINT('',(244.24088010832,2.639902646553E-02));
#5176 = CARTESIAN_POINT('',(243.78857415521,2.644884516415E-02));
#5177 = CARTESIAN_POINT('',(243.3362732184,2.649760263352E-02));
#5178 = CARTESIAN_POINT('',(242.88397793287,2.654528361129E-02));
#5179 = CARTESIAN_POINT('',(242.4316889631,2.659187219532E-02));
#5180 = CARTESIAN_POINT('',(241.97940696698,2.663735320624E-02));
#5181 = CARTESIAN_POINT('',(240.84014714141,2.674909503234E-02));
#5182 = CARTESIAN_POINT('',(240.15317923847,2.681388685476E-02));
#5183 = CARTESIAN_POINT('',(239.46623067115,2.687604199225E-02));
#5184 = CARTESIAN_POINT('',(238.77930361549,2.693550435755E-02));
#5185 = CARTESIAN_POINT('',(238.09240026742,2.699222051065E-02));
#5186 = CARTESIAN_POINT('',(237.40552276606,2.704614233445E-02));
#5187 = CARTESIAN_POINT('',(236.7186733762,2.709722067678E-02));
#5188 = CARTESIAN_POINT('',(235.34521360959,2.719354609807E-02));
#5189 = CARTESIAN_POINT('',(234.65860303864,2.723879245604E-02));
#5190 = CARTESIAN_POINT('',(233.97202733459,2.728106401639E-02));
#5191 = CARTESIAN_POINT('',(233.28548588216,2.732029561025E-02));
#5192 = CARTESIAN_POINT('',(232.59898804519,2.735642224137E-02));
#5193 = CARTESIAN_POINT('',(231.91253036655,2.73893785547E-02));
#5194 = CARTESIAN_POINT('',(231.22611871419,2.741909939523E-02));
#5195 = CARTESIAN_POINT('',(230.01860388817,2.746557919104E-02));
#5196 = CARTESIAN_POINT('',(229.49748054538,2.748373785678E-02));
#5197 = CARTESIAN_POINT('',(228.97638606521,2.749996661799E-02));
#5198 = CARTESIAN_POINT('',(228.45532193262,2.751423119748E-02));
#5199 = CARTESIAN_POINT('',(227.93428979249,2.752649417913E-02));
#5200 = CARTESIAN_POINT('',(227.41329137269,2.753671731418E-02));
#5201 = CARTESIAN_POINT('',(226.89232840716,2.754486382762E-02));
#5202 = CARTESIAN_POINT('',(225.97646740517,2.755547709446E-02));
#5203 = CARTESIAN_POINT('',(225.58155351237,2.755883981351E-02));
#5204 = CARTESIAN_POINT('',(225.18666183918,2.756097303464E-02));
#5205 = CARTESIAN_POINT('',(224.79179320082,2.756186090249E-02));
#5206 = CARTESIAN_POINT('',(224.39694830806,2.756148755469E-02));
#5207 = CARTESIAN_POINT('',(224.00212780624,2.755983712324E-02));
#5208 = CARTESIAN_POINT('',(223.60733231426,2.755689373588E-02));
#5209 = CARTESIAN_POINT('',(222.61060826102,2.754615620474E-02));
#5210 = CARTESIAN_POINT('',(222.00871352925,2.753663476677E-02));
#5211 = CARTESIAN_POINT('',(221.40688125832,2.752400586905E-02));
#5212 = CARTESIAN_POINT('',(220.80511464513,2.750819668488E-02));
#5213 = CARTESIAN_POINT('',(220.2034170693,2.748913353102E-02));
#5214 = CARTESIAN_POINT('',(219.60179206902,2.746674250337E-02));
#5215 = CARTESIAN_POINT('',(219.00024331699,2.744095011261E-02));
#5216 = CARTESIAN_POINT('',(217.78886696916,2.73820067917E-02));
#5217 = CARTESIAN_POINT('',(217.17904204256,2.734875620507E-02));
#5218 = CARTESIAN_POINT('',(216.56930131045,2.731186872208E-02));
#5219 = CARTESIAN_POINT('',(215.95965797082,2.727120147405E-02));
#5220 = CARTESIAN_POINT('',(215.35009756958,2.722685576902E-02));
#5221 = CARTESIAN_POINT('',(214.74064264616,2.717849464254E-02));
#5222 = CARTESIAN_POINT('',(214.13128693116,2.712616539527E-02));
#5223 = CARTESIAN_POINT('',(212.99261054887,2.702063963026E-02));
#5224 = CARTESIAN_POINT('',(212.46326251916,2.696846868909E-02));
#5225 = CARTESIAN_POINT('',(211.93399932722,2.691310988538E-02));
#5226 = CARTESIAN_POINT('',(211.40482353663,2.685451745983E-02));
#5227 = CARTESIAN_POINT('',(210.87573940623,2.679260566504E-02));
#5228 = CARTESIAN_POINT('',(210.34675086628,2.672730036858E-02));
#5229 = CARTESIAN_POINT('',(209.8178603144,2.66585710096E-02));
#5230 = CARTESIAN_POINT('',(208.89261246994,2.653210845726E-02));
#5231 = CARTESIAN_POINT('',(208.49620928598,2.647592935797E-02));
#5232 = CARTESIAN_POINT('',(208.09986603341,2.641771918638E-02));
#5233 = CARTESIAN_POINT('',(207.70358443774,2.635743776691E-02));
#5234 = CARTESIAN_POINT('',(207.30736630246,2.629504491959E-02));
#5235 = CARTESIAN_POINT('',(206.91121350903,2.623050046014E-02));
#5236 = CARTESIAN_POINT('',(206.51512801694,2.616376419987E-02));
#5237 = CARTESIAN_POINT('',(205.82066186778,2.604281913493E-02));
#5238 = CARTESIAN_POINT('',(205.52225122181,2.598957527988E-02));
#5239 = CARTESIAN_POINT('',(205.22388085664,2.593504608818E-02));
#5240 = CARTESIAN_POINT('',(204.92555166705,2.587921445237E-02));
#5241 = CARTESIAN_POINT('',(204.62726454854,2.582206375978E-02));
#5242 = CARTESIAN_POINT('',(204.32902043426,2.57635772023E-02));
#5243 = CARTESIAN_POINT('',(204.0308203319,2.570373708619E-02));
#5244 = CARTESIAN_POINT('',(203.28382983598,2.555037418491E-02));
#5245 = CARTESIAN_POINT('',(202.83509795697,2.545510434643E-02));
#5246 = CARTESIAN_POINT('',(202.38647017193,2.535662821866E-02));
#5247 = CARTESIAN_POINT('',(201.93796383579,2.525485662288E-02));
#5248 = CARTESIAN_POINT('',(201.48956573637,2.514970531061E-02));
#5249 = CARTESIAN_POINT('',(201.04129172559,2.504108553907E-02));
#5250 = CARTESIAN_POINT('',(200.59313935573,2.492891150755E-02));
#5251 = CARTESIAN_POINT('',(199.91728206955,2.475420102074E-02));
#5252 = CARTESIAN_POINT('',(199.6894822084,2.469436392321E-02));
#5253 = CARTESIAN_POINT('',(199.4617158659,2.463357380284E-02));
#5254 = CARTESIAN_POINT('',(199.23398358905,2.457181943516E-02));
#5255 = CARTESIAN_POINT('',(199.00628595205,2.450908943843E-02));
#5256 = CARTESIAN_POINT('',(198.77862355635,2.444537227368E-02));
#5257 = CARTESIAN_POINT('',(198.55099703064,2.438065624471E-02));
#5258 = CARTESIAN_POINT('',(198.09584632082,2.424921007672E-02));
#5259 = CARTESIAN_POINT('',(197.86832236342,2.418247625268E-02));
#5260 = CARTESIAN_POINT('',(197.64083618472,2.411470997717E-02));
#5261 = CARTESIAN_POINT('',(197.41338883572,2.404589320091E-02));
#5262 = CARTESIAN_POINT('',(197.1859813923,2.397600787417E-02));
#5263 = CARTESIAN_POINT('',(196.95861495524,2.390503594673E-02));
#5264 = CARTESIAN_POINT('',(196.73129065018,2.383295936786E-02));
#5265 = CARTESIAN_POINT('',(196.07524695036,2.362167162506E-02));
#5266 = CARTESIAN_POINT('',(195.64663946122,2.347958006874E-02));
#5267 = CARTESIAN_POINT('',(195.21819072297,2.333340012774E-02));
#5268 = CARTESIAN_POINT('',(194.78990957824,2.318291726257E-02));
#5269 = CARTESIAN_POINT('',(194.36179186244,2.30281897426E-02));
#5270 = CARTESIAN_POINT('',(193.93385793726,2.286884990358E-02));
#5271 = CARTESIAN_POINT('',(193.50609749605,2.270504058275E-02));
#5272 = CARTESIAN_POINT('',(192.75617779131,2.240930895066E-02));
#5273 = CARTESIAN_POINT('',(192.4339339333,2.227947093804E-02));
#5274 = CARTESIAN_POINT('',(192.1118057354,2.214682622706E-02));
#5275 = CARTESIAN_POINT('',(191.78979686113,2.201128751781E-02));
#5276 = CARTESIAN_POINT('',(191.46791655094,2.187276551986E-02));
#5277 = CARTESIAN_POINT('',(191.14616667862,2.173117388511E-02));
#5278 = CARTESIAN_POINT('',(190.82455740088,2.158642326616E-02));
#5279 = CARTESIAN_POINT('',(190.26774580437,2.133007744E-02));
#5280 = CARTESIAN_POINT('',(190.03247584673,2.121998950721E-02));
#5281 = CARTESIAN_POINT('',(189.7972837422,2.110812452155E-02));
#5282 = CARTESIAN_POINT('',(189.5621692554,2.099446121102E-02));
#5283 = CARTESIAN_POINT('',(189.3271343957,2.087894968528E-02));
#5284 = CARTESIAN_POINT('',(189.09217983181,2.076155952871E-02));
#5285 = CARTESIAN_POINT('',(188.85730392048,2.064229299315E-02));
#5286 = CARTESIAN_POINT('',(188.25831275457,2.03329441379E-02));
#5287 = CARTESIAN_POINT('',(187.89431588674,2.014009566515E-02));
#5288 = CARTESIAN_POINT('',(187.53053595008,1.994225345859E-02));
#5289 = CARTESIAN_POINT('',(187.16698655705,1.97391827764E-02));
#5290 = CARTESIAN_POINT('',(186.80368233134,1.953064969168E-02));
#5291 = CARTESIAN_POINT('',(186.44063890793,1.931642109244E-02));
#5292 = CARTESIAN_POINT('',(186.07787293301,1.909626468163E-02));
#5293 = CARTESIAN_POINT('',(185.53406990802,1.87567313464E-02));
#5294 = CARTESIAN_POINT('',(185.35281202673,1.864196647383E-02));
#5295 = CARTESIAN_POINT('',(185.17162555467,1.852566379272E-02));
#5296 = CARTESIAN_POINT('',(184.99052269153,1.840766750021E-02));
#5297 = CARTESIAN_POINT('',(184.80947880538,1.828823006727E-02));
#5298 = CARTESIAN_POINT('',(184.62852758634,1.816696344338E-02));
#5299 = CARTESIAN_POINT('',(184.44765472137,1.804400905596E-02));
#5300 = CARTESIAN_POINT('',(184.08598922487,1.779437953831E-02));
#5301 = CARTESIAN_POINT('',(183.90519518754,1.766771950169E-02));
#5302 = CARTESIAN_POINT('',(183.72449373816,1.753918729213E-02));
#5303 = CARTESIAN_POINT('',(183.54388927837,1.740872309222E-02));
#5304 = CARTESIAN_POINT('',(183.36338639898,1.727626727152E-02));
#5305 = CARTESIAN_POINT('',(183.18298988001,1.714176038656E-02));
#5306 = CARTESIAN_POINT('',(183.00270469065,1.700514318087E-02));
#5307 = CARTESIAN_POINT('',(182.7299023443,1.67949998568E-02));
#5308 = CARTESIAN_POINT('',(182.64563514926,1.672949077596E-02));
#5309 = CARTESIAN_POINT('',(182.56339568528,1.66651207877E-02));
#5310 = CARTESIAN_POINT('',(182.47935442403,1.659889408556E-02));
#5311 = CARTESIAN_POINT('',(182.39218396002,1.652965792436E-02));
#5312 = CARTESIAN_POINT('',(182.30305194285,1.645823293315E-02));
#5313 = CARTESIAN_POINT('',(182.21561400951,1.638754342817E-02));
#5314 = CARTESIAN_POINT('',(182.0506001054,1.625323204607E-02));
#5315 = CARTESIAN_POINT('',(181.97596349282,1.619193322207E-02));
#5316 = CARTESIAN_POINT('',(181.90384406057,1.613235473562E-02));
#5317 = CARTESIAN_POINT('',(181.82922172628,1.607035377377E-02));
#5318 = CARTESIAN_POINT('',(181.75030179635,1.60043047667E-02));
#5319 = CARTESIAN_POINT('',(181.66850761876,1.593526292552E-02));
#5320 = CARTESIAN_POINT('',(181.5884732359,1.586712778009E-02));
#5321 = CARTESIAN_POINT('',(181.24326809301,1.55715003657E-02));
#5322 = CARTESIAN_POINT('',(180.96884334075,1.533029899758E-02));
#5323 = CARTESIAN_POINT('',(180.69476519743,1.508273855033E-02));
#5324 = CARTESIAN_POINT('',(180.42104131721,1.482836129719E-02));
#5325 = CARTESIAN_POINT('',(180.14768347637,1.456671784895E-02));
#5326 = CARTESIAN_POINT('',(179.87470745815,1.429736915595E-02));
#5327 = CARTESIAN_POINT('',(179.60213293745,1.401988851027E-02));
#5328 = CARTESIAN_POINT('',(179.26234026115,1.366277170424E-02));
#5329 = CARTESIAN_POINT('',(179.19472343989,1.359115205624E-02));
#5330 = CARTESIAN_POINT('',(179.12713327188,1.351899828119E-02));
#5331 = CARTESIAN_POINT('',(179.05957014425,1.344630412152E-02));
#5332 = CARTESIAN_POINT('',(178.99203446124,1.337306338467E-02));
#5333 = CARTESIAN_POINT('',(178.92452664424,1.329926994314E-02));
#5334 = CARTESIAN_POINT('',(178.8570471318,1.322491773444E-02));
#5335 = CARTESIAN_POINT('',(178.68690463618,1.303594068889E-02));
#5336 = CARTESIAN_POINT('',(178.58342034162,1.291962163047E-02));
#5337 = CARTESIAN_POINT('',(178.48065109136,1.280267231552E-02));
#5338 = CARTESIAN_POINT('',(178.37929389793,1.268572377081E-02));
#5339 = CARTESIAN_POINT('',(178.27909614799,1.256869485039E-02));
#5340 = CARTESIAN_POINT('',(178.17907151932,1.24502271895E-02));
#5341 = CARTESIAN_POINT('',(178.07726432763,1.232802564757E-02));
#5342 = CARTESIAN_POINT('',(177.87274596384,1.207854151831E-02));
#5343 = CARTESIAN_POINT('',(177.77179584738,1.19537102648E-02));
#5344 = CARTESIAN_POINT('',(177.66963970171,1.182548722565E-02));
#5345 = CARTESIAN_POINT('',(177.56735894547,1.169509099097E-02));
#5346 = CARTESIAN_POINT('',(177.46557421342,1.156326540399E-02));
#5347 = CARTESIAN_POINT('',(177.36444960235,1.143022091236E-02));
#5348 = CARTESIAN_POINT('',(177.26369747451,1.129555869895E-02));
#5349 = CARTESIAN_POINT('',(177.0785563255,1.104401130227E-02));
#5350 = CARTESIAN_POINT('',(176.99439474338,1.092812438769E-02));
#5351 = CARTESIAN_POINT('',(176.9101164595,1.08104898035E-02));
#5352 = CARTESIAN_POINT('',(176.82577005806,1.069112247829E-02));
#5353 = CARTESIAN_POINT('',(176.74143569611,1.057008641098E-02));
#5354 = CARTESIAN_POINT('',(176.65722547942,1.044750176764E-02));
#5355 = CARTESIAN_POINT('',(176.57328383831,1.032355197843E-02));
#5356 = CARTESIAN_POINT('',(176.42227930081,1.009736214537E-02));
#5357 = CARTESIAN_POINT('',(176.35483980895,9.995211542264E-03));
#5358 = CARTESIAN_POINT('',(176.28747699269,9.891989461471E-03));
#5359 = CARTESIAN_POINT('',(176.22019918546,9.787643244662E-03));
#5360 = CARTESIAN_POINT('',(176.15301548942,9.682117138726E-03));
#5361 = CARTESIAN_POINT('',(176.08593577541,9.575352295779E-03));
#5362 = CARTESIAN_POINT('',(176.01897068303,9.467286773162E-03));
#5363 = CARTESIAN_POINT('',(175.95213162057,9.35785553344E-03));
#5364 = CARTESIAN_POINT('',(175.83729367276,9.169870531542E-03));
#5365 = CARTESIAN_POINT('',(175.73285171101,8.994096152155E-03));
#5366 = CARTESIAN_POINT('',(175.63415650392,8.824776928718E-03));
#5367 = CARTESIAN_POINT('',(175.53858435126,8.655871539796E-03));
#5368 = CARTESIAN_POINT('',(175.44319637529,8.484569641635E-03));
#5369 = CARTESIAN_POINT('',(175.34721345511,8.307855675333E-03));
#5370 = CARTESIAN_POINT('',(175.25011783222,8.125219498778E-03));
#5371 = CARTESIAN_POINT('',(175.05307864329,7.746456813932E-03));
#5372 = CARTESIAN_POINT('',(174.95376204267,7.551708112922E-03));
#5373 = CARTESIAN_POINT('',(174.85475848595,7.352491670351E-03));
#5374 = CARTESIAN_POINT('',(174.75539828796,7.151282673956E-03));
#5375 = CARTESIAN_POINT('',(174.65679983357,6.943557110861E-03));
#5376 = CARTESIAN_POINT('',(174.55731920669,6.735701530557E-03));
#5377 = CARTESIAN_POINT('',(174.45829556246,6.522429437247E-03));
#5378 = CARTESIAN_POINT('',(174.35931857616,6.305352157069E-03));
#5379 = CARTESIAN_POINT('',(174.29873734801,6.172428718804E-03));
#5380 = CARTESIAN_POINT('',(174.23821785369,6.037911053057E-03));
#5381 = CARTESIAN_POINT('',(174.17778354615,5.901710586763E-03));
#5382 = CARTESIAN_POINT('',(174.11746035713,5.763737184001E-03));
#5383 = CARTESIAN_POINT('',(174.05727669717,5.623899145991E-03));
#5384 = CARTESIAN_POINT('',(173.9972634556,5.482103211092E-03));
#5385 = CARTESIAN_POINT('',(173.93745400056,5.338254554807E-03));
#5386 = CARTESIAN_POINT('',(173.79119362619,4.979833678672E-03));
#5387 = CARTESIAN_POINT('',(173.70507941425,4.762824485416E-03));
#5388 = CARTESIAN_POINT('',(173.61956895816,4.5409053312E-03));
#5389 = CARTESIAN_POINT('',(173.53454275899,4.313998430109E-03));
#5390 = CARTESIAN_POINT('',(173.44988158929,4.082048025511E-03));
#5391 = CARTESIAN_POINT('',(173.36550878852,3.8449976795E-03));
#5392 = CARTESIAN_POINT('',(173.28132766853,3.60296891537E-03));
#5393 = CARTESIAN_POINT('',(173.19705402891,3.35664121316E-03));
#5394 = CARTESIAN_POINT('',(173.10600664031,3.094769209375E-03));
#5395 = CARTESIAN_POINT('',(173.02203624954,2.825176356088E-03));
#5396 = CARTESIAN_POINT('',(172.93033782436,2.591296573238E-03));
#5397 = CARTESIAN_POINT('',(172.84592025786,2.298096228276E-03));
#5398 = CARTESIAN_POINT('',(172.75239266173,2.022551607386E-03));
#5399 = CARTESIAN_POINT('',(172.64748900066,1.789057883317E-03));
#5400 = CARTESIAN_POINT('',(172.5630343215,1.469099920906E-03));
#5401 = CARTESIAN_POINT('',(172.42705583072,1.464515261374E-03));
#5402 = CARTESIAN_POINT('',(172.3340840043,1.481553748305E-03));
#5403 = CARTESIAN_POINT('',(172.25492459524,1.614760795369E-03));
#5404 = CARTESIAN_POINT('',(172.18409638913,1.804310413337E-03));
#5405 = CARTESIAN_POINT('',(172.11749039565,2.008318539651E-03));
#5406 = CARTESIAN_POINT('',(172.05236984854,2.202843038423E-03));
#5407 = CARTESIAN_POINT('',(171.98737020564,2.38188370044E-03));
#5408 = CARTESIAN_POINT('',(171.92249914884,2.557382243156E-03));
#5409 = CARTESIAN_POINT('',(171.85913658413,2.759222310702E-03));
#5410 = CARTESIAN_POINT('',(171.80751391916,2.912641569686E-03));
#5411 = CARTESIAN_POINT('',(171.75613325094,3.065497103609E-03));
#5412 = CARTESIAN_POINT('',(171.70490349618,3.217344720202E-03));
#5413 = CARTESIAN_POINT('',(171.65374829611,3.367834794022E-03));
#5414 = CARTESIAN_POINT('',(171.60260601653,3.516712266448E-03));
#5415 = CARTESIAN_POINT('',(171.5514297478,3.663816645683E-03));
#5416 = CARTESIAN_POINT('',(171.50018730483,3.809082006753E-03));
#5417 = CARTESIAN_POINT('',(171.36806686732,4.178408863698E-03));
#5418 = CARTESIAN_POINT('',(171.28179813949,4.414120224576E-03));
#5419 = CARTESIAN_POINT('',(171.19454096119,4.646238164067E-03));
#5420 = CARTESIAN_POINT('',(171.10865219143,4.867816509398E-03));
#5421 = CARTESIAN_POINT('',(171.02485493114,5.077464201527E-03));
#5422 = CARTESIAN_POINT('',(170.94238541812,5.278451529151E-03));
#5423 = CARTESIAN_POINT('',(170.85879151643,5.477854220306E-03));
#5424 = CARTESIAN_POINT('',(170.68513651484,5.881642264939E-03));
#5425 = CARTESIAN_POINT('',(170.60056679296,6.073730054545E-03));
#5426 = CARTESIAN_POINT('',(170.51581570479,6.262480068828E-03));
#5427 = CARTESIAN_POINT('',(170.43090388769,6.447934921274E-03));
#5428 = CARTESIAN_POINT('',(170.34588510261,6.630294686563E-03));
#5429 = CARTESIAN_POINT('',(170.26087750303,6.810035372617E-03));
#5430 = CARTESIAN_POINT('',(170.17597161662,6.987549708531E-03));
#5431 = CARTESIAN_POINT('',(170.00090896756,7.347688742429E-03));
#5432 = CARTESIAN_POINT('',(169.91152403719,7.52857112007E-03));
#5433 = CARTESIAN_POINT('',(169.82256722438,7.705470701667E-03));
#5434 = CARTESIAN_POINT('',(169.73381499324,7.878766033197E-03));
#5435 = CARTESIAN_POINT('',(169.64510797968,8.048709967459E-03));
#5436 = CARTESIAN_POINT('',(169.55634806307,8.215440957947E-03));
#5437 = CARTESIAN_POINT('',(169.4674978259,8.378996565399E-03));
#5438 = CARTESIAN_POINT('',(169.37858240148,8.539329177012E-03));
#5439 = CARTESIAN_POINT('',(169.28641947203,8.705492723827E-03));
#5440 = CARTESIAN_POINT('',(169.19404185792,8.86859385991E-03));
#5441 = CARTESIAN_POINT('',(169.10127537126,9.02848122582E-03));
#5442 = CARTESIAN_POINT('',(169.00820366921,9.185404690272E-03));
#5443 = CARTESIAN_POINT('',(168.91488211357,9.339561843309E-03));
#5444 = CARTESIAN_POINT('',(168.82131696326,9.49107653263E-03));
#5445 = CARTESIAN_POINT('',(168.72753540629,9.640115236239E-03));
#5446 = CARTESIAN_POINT('',(168.54641119435,9.922961760001E-03));
#5447 = CARTESIAN_POINT('',(168.46387565212,1.004957464795E-02));
#5448 = CARTESIAN_POINT('',(168.3822307997,1.017322021214E-02));
#5449 = CARTESIAN_POINT('',(168.29921830242,1.029732475929E-02));
#5450 = CARTESIAN_POINT('',(168.21410731169,1.042272629452E-02));
#5451 = CARTESIAN_POINT('',(168.12772633185,1.054804888572E-02));
#5452 = CARTESIAN_POINT('',(168.04247564509,1.066993151688E-02));
#5453 = CARTESIAN_POINT('',(167.83643123916,1.096087237767E-02));
#5454 = CARTESIAN_POINT('',(167.71031870065,1.113526151755E-02));
#5455 = CARTESIAN_POINT('',(167.58399450399,1.130638661931E-02));
#5456 = CARTESIAN_POINT('',(167.4574695295,1.147435821665E-02));
#5457 = CARTESIAN_POINT('',(167.33075371261,1.163928960763E-02));
#5458 = CARTESIAN_POINT('',(167.20385604387,1.180129685477E-02));
#5459 = CARTESIAN_POINT('',(167.07678456895,1.196049878496E-02));
#5460 = CARTESIAN_POINT('',(166.88984898047,1.219045123077E-02));
#5461 = CARTESIAN_POINT('',(166.83011548448,1.226329526533E-02));
#5462 = CARTESIAN_POINT('',(166.77034597617,1.233556084908E-02));
#5463 = CARTESIAN_POINT('',(166.71054084521,1.240726022501E-02));
#5464 = CARTESIAN_POINT('',(166.6507007955,1.247840612319E-02));
#5465 = CARTESIAN_POINT('',(166.5908268451,1.254901176077E-02));
#5466 = CARTESIAN_POINT('',(166.53092032628,1.261909084203E-02));
#5467 = CARTESIAN_POINT('',(166.40361916829,1.276684843266E-02));
#5468 = CARTESIAN_POINT('',(166.33621589415,1.28443845441E-02));
#5469 = CARTESIAN_POINT('',(166.26877687228,1.292129548567E-02));
#5470 = CARTESIAN_POINT('',(166.20130515683,1.299760559288E-02));
#5471 = CARTESIAN_POINT('',(166.13380304688,1.307333394368E-02));
#5472 = CARTESIAN_POINT('',(166.06627208645,1.314849435844E-02));
#5473 = CARTESIAN_POINT('',(165.99871306452,1.322309539998E-02));
#5474 = CARTESIAN_POINT('',(165.68503329831,1.356674090367E-02));
#5475 = CARTESIAN_POINT('',(165.43856733744,1.382895319169E-02));
#5476 = CARTESIAN_POINT('',(165.19174879988,1.4084072331E-02));
#5477 = CARTESIAN_POINT('',(164.9445956708,1.433240472607E-02));
#5478 = CARTESIAN_POINT('',(164.69712317779,1.457426669561E-02));
#5479 = CARTESIAN_POINT('',(164.44934371561,1.480998307579E-02));
#5480 = CARTESIAN_POINT('',(164.20126677086,1.503988582341E-02));
#5481 = CARTESIAN_POINT('',(163.85877667568,1.534936208034E-02));
#5482 = CARTESIAN_POINT('',(163.76535026333,1.543295835529E-02));
#5483 = CARTESIAN_POINT('',(163.67170465302,1.551597029666E-02));
#5484 = CARTESIAN_POINT('',(163.57740443958,1.559878595726E-02));
#5485 = CARTESIAN_POINT('',(163.48249513364,1.56813538531E-02));
#5486 = CARTESIAN_POINT('',(163.38750471416,1.576321761369E-02));
#5487 = CARTESIAN_POINT('',(163.29344536912,1.584354401929E-02));
#5488 = CARTESIAN_POINT('',(162.86803377926,1.620381857224E-02));
#5489 = CARTESIAN_POINT('',(162.53375476155,1.64779968068E-02));
#5490 = CARTESIAN_POINT('',(162.19901686911,1.674405312813E-02));
#5491 = CARTESIAN_POINT('',(161.86385623213,1.700236418592E-02));
#5492 = CARTESIAN_POINT('',(161.52830661328,1.725330928029E-02));
#5493 = CARTESIAN_POINT('',(161.19239940772,1.749727036183E-02));
#5494 = CARTESIAN_POINT('',(160.85616364306,1.773463203159E-02));
#5495 = CARTESIAN_POINT('',(160.34726657412,1.808416743772E-02));
#5496 = CARTESIAN_POINT('',(160.17482689772,1.820091088522E-02));
#5497 = CARTESIAN_POINT('',(160.00231625867,1.831612654578E-02));
#5498 = CARTESIAN_POINT('',(159.82972264588,1.842969677464E-02));
#5499 = CARTESIAN_POINT('',(159.65707662696,1.854197268037E-02));
#5500 = CARTESIAN_POINT('',(159.48435261108,1.865268942532E-02));
#5501 = CARTESIAN_POINT('',(159.31156507212,1.876202463622E-02));
#5502 = CARTESIAN_POINT('',(158.96592279197,1.897783172821E-02));
#5503 = CARTESIAN_POINT('',(158.79306891512,1.908431492311E-02));
#5504 = CARTESIAN_POINT('',(158.62014988719,1.918942360597E-02));
#5505 = CARTESIAN_POINT('',(158.44716757407,1.929318287216E-02));
#5506 = CARTESIAN_POINT('',(158.27412378717,1.939561786818E-02));
#5507 = CARTESIAN_POINT('',(158.10102028346,1.94967537917E-02));
#5508 = CARTESIAN_POINT('',(157.92785876542,1.959661589158E-02));
#5509 = CARTESIAN_POINT('',(157.59843941074,1.978415553602E-02));
#5510 = CARTESIAN_POINT('',(157.44219210664,1.987206632562E-02));
#5511 = CARTESIAN_POINT('',(157.28590017729,1.995898038646E-02));
#5512 = CARTESIAN_POINT('',(157.12956479782,2.004491629222E-02));
#5513 = CARTESIAN_POINT('',(156.97318711,2.012989264039E-02));
#5514 = CARTESIAN_POINT('',(156.81676822222,2.021392805229E-02));
#5515 = CARTESIAN_POINT('',(156.66030920952,2.029704117306E-02));
#5516 = CARTESIAN_POINT('',(156.3566857046,2.04565357794E-02));
#5517 = CARTESIAN_POINT('',(156.20952603909,2.053302598648E-02));
#5518 = CARTESIAN_POINT('',(156.06233225251,2.060872712541E-02));
#5519 = CARTESIAN_POINT('',(155.91510573634,2.068366207168E-02));
#5520 = CARTESIAN_POINT('',(155.76784765057,2.075785091455E-02));
#5521 = CARTESIAN_POINT('',(155.62055831801,2.08313028864E-02));
#5522 = CARTESIAN_POINT('',(155.47323750042,2.090402005063E-02));
#5523 = CARTESIAN_POINT('',(155.18706752748,2.104383612314E-02));
#5524 = CARTESIAN_POINT('',(155.04822187961,2.11110165198E-02));
#5525 = CARTESIAN_POINT('',(154.90934878603,2.117756080649E-02));
#5526 = CARTESIAN_POINT('',(154.77044840752,2.124347586625E-02));
#5527 = CARTESIAN_POINT('',(154.63152089245,2.130876859674E-02));
#5528 = CARTESIAN_POINT('',(154.4925663768,2.137344591021E-02));
#5529 = CARTESIAN_POINT('',(154.35358498412,2.143751473356E-02));
#5530 = CARTESIAN_POINT('',(153.9536116208,2.162013149725E-02));
#5531 = CARTESIAN_POINT('',(153.69255194281,2.173716082319E-02));
#5532 = CARTESIAN_POINT('',(153.43140126008,2.185211695841E-02));
#5533 = CARTESIAN_POINT('',(153.1701629406,2.19650468996E-02));
#5534 = CARTESIAN_POINT('',(152.90884025186,2.207599766776E-02));
#5535 = CARTESIAN_POINT('',(152.64743636088,2.218501630823E-02));
#5536 = CARTESIAN_POINT('',(152.38595433418,2.229214989069E-02));
#5537 = CARTESIAN_POINT('',(151.89787119879,2.248863861785E-02));
#5538 = CARTESIAN_POINT('',(151.67128894226,2.257845384676E-02));
#5539 = CARTESIAN_POINT('',(151.44465190722,2.266691626392E-02));
#5540 = CARTESIAN_POINT('',(151.21796275592,2.275406811899E-02));
#5541 = CARTESIAN_POINT('',(150.99122327033,2.283993932031E-02));
#5542 = CARTESIAN_POINT('',(150.76443383514,2.292453982006E-02));
#5543 = CARTESIAN_POINT('',(150.53759440718,2.300787390751E-02));
#5544 = CARTESIAN_POINT('',(150.10949224023,2.316278761732E-02));
#5545 = CARTESIAN_POINT('',(149.90823941584,2.323462512544E-02));
#5546 = CARTESIAN_POINT('',(149.70694908379,2.330550135966E-02));
#5547 = CARTESIAN_POINT('',(149.50562180846,2.337542875678E-02));
#5548 = CARTESIAN_POINT('',(149.30425813292,2.344441976555E-02));
#5549 = CARTESIAN_POINT('',(149.10285857887,2.351248684668E-02));
#5550 = CARTESIAN_POINT('',(148.90142364669,2.357964247287E-02));
#5551 = CARTESIAN_POINT('',(148.35011453611,2.376094899615E-02));
#5552 = CARTESIAN_POINT('',(148.00016980753,2.387329135373E-02));
#5553 = CARTESIAN_POINT('',(147.65012291276,2.398298040631E-02));
#5554 = CARTESIAN_POINT('',(147.29997943936,2.409010181437E-02));
#5555 = CARTESIAN_POINT('',(146.94974236319,2.419470527069E-02));
#5556 = CARTESIAN_POINT('',(146.59941509504,2.429685112901E-02));
#5557 = CARTESIAN_POINT('',(146.2490035531,2.439663898019E-02));
#5558 = CARTESIAN_POINT('',(145.36403292494,2.464268476258E-02));
#5559 = CARTESIAN_POINT('',(144.82936377993,2.478584842728E-02));
#5560 = CARTESIAN_POINT('',(144.2945074269,2.492372415463E-02));
#5561 = CARTESIAN_POINT('',(143.75947422865,2.5056459888E-02));
#5562 = CARTESIAN_POINT('',(143.22426457541,2.518420227317E-02));
#5563 = CARTESIAN_POINT('',(142.68889390224,2.53071004508E-02));
#5564 = CARTESIAN_POINT('',(142.15335746153,2.5425300604E-02));
#5565 = CARTESIAN_POINT('',(141.0817816516,2.565264783759E-02));
#5566 = CARTESIAN_POINT('',(140.54574032404,2.576177455574E-02));
#5567 = CARTESIAN_POINT('',(140.00955821252,2.586655463721E-02));
#5568 = CARTESIAN_POINT('',(139.4732372275,2.596701607232E-02));
#5569 = CARTESIAN_POINT('',(138.93678315451,2.606326501484E-02));
#5570 = CARTESIAN_POINT('',(138.40020299048,2.615543561147E-02));
#5571 = CARTESIAN_POINT('',(137.8634996896,2.624359129492E-02));
#5572 = CARTESIAN_POINT('',(136.98307569438,2.638178423247E-02));
#5573 = CARTESIAN_POINT('',(136.63942422717,2.643411769497E-02));
#5574 = CARTESIAN_POINT('',(136.29572573561,2.64848810086E-02));
#5575 = CARTESIAN_POINT('',(135.95198144296,2.653409827638E-02));
#5576 = CARTESIAN_POINT('',(135.60819242929,2.658179495308E-02));
#5577 = CARTESIAN_POINT('',(135.26435967519,2.662799925116E-02));
#5578 = CARTESIAN_POINT('',(134.92048429651,2.667273891772E-02));
#5579 = CARTESIAN_POINT('',(133.9680340468,2.679263882136E-02));
#5580 = CARTESIAN_POINT('',(133.35937105231,2.686471439213E-02));
#5581 = CARTESIAN_POINT('',(132.7505848173,2.693236343099E-02));
#5582 = CARTESIAN_POINT('',(132.14168090995,2.699568923039E-02));
#5583 = CARTESIAN_POINT('',(131.53266463615,2.705479503886E-02));
#5584 = CARTESIAN_POINT('',(130.92354103952,2.710978406105E-02));
#5585 = CARTESIAN_POINT('',(130.31431490136,2.716075945771E-02));
#5586 = CARTESIAN_POINT('',(129.25476564834,2.724260093733E-02));
#5587 = CARTESIAN_POINT('',(128.80448676629,2.727523915425E-02));
#5588 = CARTESIAN_POINT('',(128.354156653,2.730578839071E-02));
#5589 = CARTESIAN_POINT('',(127.9037768223,2.733429203691E-02));
#5590 = CARTESIAN_POINT('',(127.45334768645,2.736077108792E-02));
#5591 = CARTESIAN_POINT('',(127.00287067432,2.738525004624E-02));
#5592 = CARTESIAN_POINT('',(126.55234890284,2.740777366711E-02));
#5593 = CARTESIAN_POINT('',(125.41183192267,2.745989144397E-02));
#5594 = CARTESIAN_POINT('',(124.72177823939,2.748689869262E-02));
#5595 = CARTESIAN_POINT('',(124.03162607301,2.750946090241E-02));
#5596 = CARTESIAN_POINT('',(123.34138421062,2.752777715556E-02));
#5597 = CARTESIAN_POINT('',(122.65105202493,2.754180660417E-02));
#5598 = CARTESIAN_POINT('',(121.96064112607,2.755183576039E-02));
#5599 = CARTESIAN_POINT('',(121.27015157476,2.755785498388E-02));
#5600 = CARTESIAN_POINT('',(119.90089566967,2.756204901664E-02));
#5601 = CARTESIAN_POINT('',(119.22213178181,2.756035517293E-02));
#5602 = CARTESIAN_POINT('',(118.54329881141,2.75549692147E-02));
#5603 = CARTESIAN_POINT('',(117.86440189474,2.754597169478E-02));
#5604 = CARTESIAN_POINT('',(117.18544474506,2.753344310316E-02));
#5605 = CARTESIAN_POINT('',(116.5064306168,2.751746386798E-02));
#5606 = CARTESIAN_POINT('',(115.82736375779,2.749811435793E-02));
#5607 = CARTESIAN_POINT('',(114.47065390685,2.745288617457E-02));
#5608 = CARTESIAN_POINT('',(113.79301148525,2.742702201948E-02));
#5609 = CARTESIAN_POINT('',(113.11532194167,2.739794528341E-02));
#5610 = CARTESIAN_POINT('',(112.43758935362,2.736571874768E-02));
#5611 = CARTESIAN_POINT('',(111.75981534363,2.733040521286E-02));
#5612 = CARTESIAN_POINT('',(111.08200164251,2.72920674384E-02));
#5613 = CARTESIAN_POINT('',(110.40415259389,2.725076807704E-02));
#5614 = CARTESIAN_POINT('',(109.21339349593,2.717313089651E-02));
#5615 = CARTESIAN_POINT('',(108.70049755903,2.713802914946E-02));
#5616 = CARTESIAN_POINT('',(108.18758403832,2.710129785759E-02));
#5617 = CARTESIAN_POINT('',(107.67465411723,2.706296420414E-02));
#5618 = CARTESIAN_POINT('',(107.16170882591,2.702305117879E-02));
#5619 = CARTESIAN_POINT('',(106.64874909823,2.698157952965E-02));
#5620 = CARTESIAN_POINT('',(106.1357758289,2.693856971548E-02));
#5621 = CARTESIAN_POINT('',(104.85749819822,2.682761862133E-02));
#5622 = CARTESIAN_POINT('',(104.09217812049,2.67578206115E-02));
#5623 = CARTESIAN_POINT('',(103.32683364188,2.668471810365E-02));
#5624 = CARTESIAN_POINT('',(102.56146612245,2.660839074244E-02));
#5625 = CARTESIAN_POINT('',(101.79607878204,2.652890178134E-02));
#5626 = CARTESIAN_POINT('',(101.03067564332,2.644632305872E-02));
#5627 = CARTESIAN_POINT('',(100.26525933214,2.636074461768E-02));
#5628 = CARTESIAN_POINT('',(98.725550019861,2.618263367708E-02));
#5629 = CARTESIAN_POINT('',(97.951256925531,2.609003838458E-02));
#5630 = CARTESIAN_POINT('',(97.176955289823,2.599447496875E-02));
#5631 = CARTESIAN_POINT('',(96.402647723608,2.589600335276E-02));
#5632 = CARTESIAN_POINT('',(95.628336656041,2.57946834239E-02));
#5633 = CARTESIAN_POINT('',(94.854024263533,2.569057503614E-02));
#5634 = CARTESIAN_POINT('',(94.079712641471,2.558373800505E-02));
#5635 = CARTESIAN_POINT('',(92.417852962652,2.534871090972E-02));
#5636 = CARTESIAN_POINT('',(91.530305987109,2.521968315737E-02));
#5637 = CARTESIAN_POINT('',(90.642766587028,2.508722165813E-02));
#5638 = CARTESIAN_POINT('',(89.75523791729,2.495139918594E-02));
#5639 = CARTESIAN_POINT('',(88.867722992693,2.481228846866E-02));
#5640 = CARTESIAN_POINT('',(87.980224687952,2.466996218803E-02));
#5641 = CARTESIAN_POINT('',(87.092745737696,2.452449297967E-02));
#5642 = CARTESIAN_POINT('',(85.543979888782,2.426526539599E-02));
#5643 = CARTESIAN_POINT('',(84.882683215157,2.415287466527E-02));
#5644 = CARTESIAN_POINT('',(84.22139975775,2.403880579716E-02));
#5645 = CARTESIAN_POINT('',(83.560130578191,2.392308302104E-02));
#5646 = CARTESIAN_POINT('',(82.898876735272,2.380573037921E-02));
#5647 = CARTESIAN_POINT('',(82.237639262631,2.368677186673E-02));
#5648 = CARTESIAN_POINT('',(81.576419146446,2.356623157117E-02));
#5649 = CARTESIAN_POINT('',(79.914657517643,2.325936903776E-02));
#5650 = CARTESIAN_POINT('',(78.91413982962,2.307104603589E-02));
#5651 = CARTESIAN_POINT('',(77.913666619331,2.287920584674E-02));
#5652 = CARTESIAN_POINT('',(76.913243212124,2.268404169234E-02));
#5653 = CARTESIAN_POINT('',(75.912869360633,2.24854797422E-02));
#5654 = CARTESIAN_POINT('',(74.91255006059,2.22836833326E-02));
#5655 = CARTESIAN_POINT('',(73.912287367181,2.207867115089E-02));
#5656 = CARTESIAN_POINT('',(71.90317092724,2.166056706543E-02));
#5657 = CARTESIAN_POINT('',(70.89431824367,2.144740985401E-02));
#5658 = CARTESIAN_POINT('',(69.885528720541,2.123114388361E-02));
#5659 = CARTESIAN_POINT('',(68.876805120115,2.101181812905E-02));
#5660 = CARTESIAN_POINT('',(67.868149677096,2.078947665907E-02));
#5661 = CARTESIAN_POINT('',(66.85956461313,2.056417245948E-02));
#5662 = CARTESIAN_POINT('',(65.851052552439,2.033596351083E-02));
#5663 = CARTESIAN_POINT('',(63.955920471501,1.990172433406E-02));
#5664 = CARTESIAN_POINT('',(63.069283436489,1.969634370298E-02));
#5665 = CARTESIAN_POINT('',(62.182706052131,1.948879511066E-02));
#5666 = CARTESIAN_POINT('',(61.296189802689,1.927910183003E-02));
#5667 = CARTESIAN_POINT('',(60.409736125519,1.906728566718E-02));
#5668 = CARTESIAN_POINT('',(59.523346413085,1.885337373954E-02));
#5669 = CARTESIAN_POINT('',(58.6370220203,1.86373960412E-02));
#5670 = CARTESIAN_POINT('',(57.090456093748,1.825693601502E-02));
#5671 = CARTESIAN_POINT('',(56.430184911227,1.809336425199E-02));
#5672 = CARTESIAN_POINT('',(55.769951272601,1.792867075341E-02));
#5673 = CARTESIAN_POINT('',(55.10975572272,1.776286423042E-02));
#5674 = CARTESIAN_POINT('',(54.449598804011,1.759595132433E-02));
#5675 = CARTESIAN_POINT('',(53.789481052158,1.742793807296E-02));
#5676 = CARTESIAN_POINT('',(53.1294029918,1.725883137698E-02));
#5677 = CARTESIAN_POINT('',(51.470716853184,1.683113785818E-02));
#5678 = CARTESIAN_POINT('',(50.472160574697,1.657115420765E-02));
#5679 = CARTESIAN_POINT('',(49.473698242164,1.630869902888E-02));
#5680 = CARTESIAN_POINT('',(48.475331307479,1.604382937307E-02));
#5681 = CARTESIAN_POINT('',(47.477061577625,1.577654709547E-02));
#5682 = CARTESIAN_POINT('',(46.478890911944,1.55068463346E-02));
#5683 = CARTESIAN_POINT('',(45.480820828832,1.523476673648E-02));
#5684 = CARTESIAN_POINT('',(43.485025488298,1.468588845934E-02));
#5685 = CARTESIAN_POINT('',(42.487300182189,1.440909237649E-02));
#5686 = CARTESIAN_POINT('',(41.489678816629,1.4129943072E-02));
#5687 = CARTESIAN_POINT('',(40.492163059166,1.384844204441E-02));
#5688 = CARTESIAN_POINT('',(39.494754568301,1.356458852012E-02));
#5689 = CARTESIAN_POINT('',(38.497454984649,1.32783879481E-02));
#5690 = CARTESIAN_POINT('',(37.500265937536,1.2989849396E-02));
#5691 = CARTESIAN_POINT('',(35.358923017948,1.236515598893E-02));
#5692 = CARTESIAN_POINT('',(34.214804793822,1.202825712557E-02));
#5693 = CARTESIAN_POINT('',(33.070836824253,1.168828506779E-02));
#5694 = CARTESIAN_POINT('',(31.927021943912,1.134520414827E-02));
#5695 = CARTESIAN_POINT('',(30.783362289372,1.09990282272E-02));
#5696 = CARTESIAN_POINT('',(29.63986020551,1.064976497218E-02));
#5697 = CARTESIAN_POINT('',(28.496518948062,1.029736319549E-02));
#5698 = CARTESIAN_POINT('',(26.210408158139,9.586347707696E-03));
#5699 = CARTESIAN_POINT('',(25.067638600641,9.227728148719E-03));
#5700 = CARTESIAN_POINT('',(23.925034801772,8.865952968488E-03));
#5701 = CARTESIAN_POINT('',(22.782599126288,8.500994579841E-03));
#5702 = CARTESIAN_POINT('',(21.640335075497,8.132811206868E-03));
#5703 = CARTESIAN_POINT('',(20.498245704477,7.761373683696E-03));
#5704 = CARTESIAN_POINT('',(19.35633276156,7.386668689571E-03));
#5705 = CARTESIAN_POINT('',(17.081777617659,6.633555645128E-03));
#5706 = CARTESIAN_POINT('',(15.949132478632,6.255199117494E-03));
#5707 = CARTESIAN_POINT('',(14.816667623289,5.873542228588E-03));
#5708 = CARTESIAN_POINT('',(13.684385985753,5.488537180016E-03));
#5709 = CARTESIAN_POINT('',(12.552290671714,5.100133750385E-03));
#5710 = CARTESIAN_POINT('',(11.420384982541,4.708287060521E-03));
#5711 = CARTESIAN_POINT('',(10.288672318012,4.31295198756E-03));
#5712 = CARTESIAN_POINT('',(8.011781035818,3.510291406321E-03));
#5713 = CARTESIAN_POINT('',(6.866607347434,3.102882235377E-03));
#5714 = CARTESIAN_POINT('',(5.721638444567,2.691779241983E-03));
#5715 = CARTESIAN_POINT('',(4.576878021633,2.276921535601E-03));
#5716 = CARTESIAN_POINT('',(3.432329915404,1.858244808248E-03));
#5717 = CARTESIAN_POINT('',(2.287998105007,1.435681334494E-03));
#5718 = CARTESIAN_POINT('',(1.143886711926,1.009159971463E-03));
#5719 = CARTESIAN_POINT('',(0.,5.786061588329E-04));
#5720 = ( GEOMETRIC_REPRESENTATION_CONTEXT(2) 
PARAMETRIC_REPRESENTATION_CONTEXT() REPRESENTATION_CONTEXT('2D SPACE',''
  ) );
#5721 = PCURVE('',#4218,#5722);
#5722 = DEFINITIONAL_REPRESENTATION('',(#5723),#6362);
#5723 = B_SPLINE_CURVE_WITH_KNOTS('',8,(#5724,#5725,#5726,#5727,#5728,
    #5729,#5730,#5731,#5732,#5733,#5734,#5735,#5736,#5737,#5738,#5739,
    #5740,#5741,#5742,#5743,#5744,#5745,#5746,#5747,#5748,#5749,#5750,
    #5751,#5752,#5753,#5754,#5755,#5756,#5757,#5758,#5759,#5760,#5761,
    #5762,#5763,#5764,#5765,#5766,#5767,#5768,#5769,#5770,#5771,#5772,
    #5773,#5774,#5775,#5776,#5777,#5778,#5779,#5780,#5781,#5782,#5783,
    #5784,#5785,#5786,#5787,#5788,#5789,#5790,#5791,#5792,#5793,#5794,
    #5795,#5796,#5797,#5798,#5799,#5800,#5801,#5802,#5803,#5804,#5805,
    #5806,#5807,#5808,#5809,#5810,#5811,#5812,#5813,#5814,#5815,#5816,
    #5817,#5818,#5819,#5820,#5821,#5822,#5823,#5824,#5825,#5826,#5827,
    #5828,#5829,#5830,#5831,#5832,#5833,#5834,#5835,#5836,#5837,#5838,
    #5839,#5840,#5841,#5842,#5843,#5844,#5845,#5846,#5847,#5848,#5849,
    #5850,#5851,#5852,#5853,#5854,#5855,#5856,#5857,#5858,#5859,#5860,
    #5861,#5862,#5863,#5864,#5865,#5866,#5867,#5868,#5869,#5870,#5871,
    #5872,#5873,#5874,#5875,#5876,#5877,#5878,#5879,#5880,#5881,#5882,
    #5883,#5884,#5885,#5886,#5887,#5888,#5889,#5890,#5891,#5892,#5893,
    #5894,#5895,#5896,#5897,#5898,#5899,#5900,#5901,#5902,#5903,#5904,
    #5905,#5906,#5907,#5908,#5909,#5910,#5911,#5912,#5913,#5914,#5915,
    #5916,#5917,#5918,#5919,#5920,#5921,#5922,#5923,#5924,#5925,#5926,
    #5927,#5928,#5929,#5930,#5931,#5932,#5933,#5934,#5935,#5936,#5937,
    #5938,#5939,#5940,#5941,#5942,#5943,#5944,#5945,#5946,#5947,#5948,
    #5949,#5950,#5951,#5952,#5953,#5954,#5955,#5956,#5957,#5958,#5959,
    #5960,#5961,#5962,#5963,#5964,#5965,#5966,#5967,#5968,#5969,#5970,
    #5971,#5972,#5973,#5974,#5975,#5976,#5977,#5978,#5979,#5980,#5981,
    #5982,#5983,#5984,#5985,#5986,#5987,#5988,#5989,#5990,#5991,#5992,
    #5993,#5994,#5995,#5996,#5997,#5998,#5999,#6000,#6001,#6002,#6003,
    #6004,#6005,#6006,#6007,#6008,#6009,#6010,#6011,#6012,#6013,#6014,
    #6015,#6016,#6017,#6018,#6019,#6020,#6021,#6022,#6023,#6024,#6025,
    #6026,#6027,#6028,#6029,#6030,#6031,#6032,#6033,#6034,#6035,#6036,
    #6037,#6038,#6039,#6040,#6041,#6042,#6043,#6044,#6045,#6046,#6047,
    #6048,#6049,#6050,#6051,#6052,#6053,#6054,#6055,#6056,#6057,#6058,
    #6059,#6060,#6061,#6062,#6063,#6064,#6065,#6066,#6067,#6068,#6069,
    #6070,#6071,#6072,#6073,#6074,#6075,#6076,#6077,#6078,#6079,#6080,
    #6081,#6082,#6083,#6084,#6085,#6086,#6087,#6088,#6089,#6090,#6091,
    #6092,#6093,#6094,#6095,#6096,#6097,#6098,#6099,#6100,#6101,#6102,
    #6103,#6104,#6105,#6106,#6107,#6108,#6109,#6110,#6111,#6112,#6113,
    #6114,#6115,#6116,#6117,#6118,#6119,#6120,#6121,#6122,#6123,#6124,
    #6125,#6126,#6127,#6128,#6129,#6130,#6131,#6132,#6133,#6134,#6135,
    #6136,#6137,#6138,#6139,#6140,#6141,#6142,#6143,#6144,#6145,#6146,
    #6147,#6148,#6149,#6150,#6151,#6152,#6153,#6154,#6155,#6156,#6157,
    #6158,#6159,#6160,#6161,#6162,#6163,#6164,#6165,#6166,#6167,#6168,
    #6169,#6170,#6171,#6172,#6173,#6174,#6175,#6176,#6177,#6178,#6179,
    #6180,#6181,#6182,#6183,#6184,#6185,#6186,#6187,#6188,#6189,#6190,
    #6191,#6192,#6193,#6194,#6195,#6196,#6197,#6198,#6199,#6200,#6201,
    #6202,#6203,#6204,#6205,#6206,#6207,#6208,#6209,#6210,#6211,#6212,
    #6213,#6214,#6215,#6216,#6217,#6218,#6219,#6220,#6221,#6222,#6223,
    #6224,#6225,#6226,#6227,#6228,#6229,#6230,#6231,#6232,#6233,#6234,
    #6235,#6236,#6237,#6238,#6239,#6240,#6241,#6242,#6243,#6244,#6245,
    #6246,#6247,#6248,#6249,#6250,#6251,#6252,#6253,#6254,#6255,#6256,
    #6257,#6258,#6259,#6260,#6261,#6262,#6263,#6264,#6265,#6266,#6267,
    #6268,#6269,#6270,#6271,#6272,#6273,#6274,#6275,#6276,#6277,#6278,
    #6279,#6280,#6281,#6282,#6283,#6284,#6285,#6286,#6287,#6288,#6289,
    #6290,#6291,#6292,#6293,#6294,#6295,#6296,#6297,#6298,#6299,#6300,
    #6301,#6302,#6303,#6304,#6305,#6306,#6307,#6308,#6309,#6310,#6311,
    #6312,#6313,#6314,#6315,#6316,#6317,#6318,#6319,#6320,#6321,#6322,
    #6323,#6324,#6325,#6326,#6327,#6328,#6329,#6330,#6331,#6332,#6333,
    #6334,#6335,#6336,#6337,#6338,#6339,#6340,#6341,#6342,#6343,#6344,
    #6345,#6346,#6347,#6348,#6349,#6350,#6351,#6352,#6353,#6354,#6355,
    #6356,#6357,#6358,#6359,#6360,#6361),.UNSPECIFIED.,.F.,.F.,(9,7,7,7,
    7,7,7,7,7,7,7,7,7,7,7,7,7,7,7,7,7,7,7,7,7,7,7,7,7,7,7,7,7,7,7,7,7,7,
    7,7,8,7,8,7,8,8,8,7,7,7,8,7,7,7,7,7,7,7,7,7,7,7,7,7,7,7,7,7,7,7,7,7,
    7,7,7,7,7,7,7,7,7,7,7,7,7,7,7,7,7,7,9),(0.,3.725321914343E-03,
    7.433665779807E-03,1.11147629005E-02,1.48247525117E-02,
    1.876035763771E-02,2.269660360294E-02,2.663328742635E-02,
    2.860171409341E-02,3.057014692472E-02,3.450685384223E-02,
    3.647502847883E-02,3.844300974151E-02,4.038262836516E-02,
    4.1844169559E-02,4.406418784166E-02,4.628363380788E-02,
    4.796884269452E-02,4.924646856828E-02,5.119462233015E-02,
    5.317010958858E-02,5.488678590286E-02,5.617387641545E-02,
    5.714386758391E-02,5.860406946863E-02,5.934662253071E-02,
    6.008908025401E-02,6.148971654357E-02,6.254569231686E-02,
    6.331878033218E-02,6.451797707574E-02,6.511789523376E-02,
    6.571814227422E-02,6.602675895234E-02,6.63578580499E-02,
    6.764943883873E-02,6.797046280191E-02,6.845921176964E-02,
    6.891062231913E-02,6.928575352274E-02,6.958906499801E-02,
    7.331438691235E-02,7.711103447031E-02,8.083635638465E-02,
    8.625639205072E-02,8.998171396506E-02,9.37070358794E-02,
    9.743235779374E-02,0.103298305552,0.108825683564,0.114688339934,
    0.118413661848,0.121869290252,0.127296600568,0.129842966265,
    0.132704862271,0.143125344109,0.147074317529,0.161459305312,
    0.168826653423,0.176191080004,0.182832047033,0.189075282897,
    0.194956941096,0.205998797785,0.215561780828,0.224042692234,
    0.238769245145,0.261225984696,0.283691113865,0.298070382924,
    0.323513406304,0.342313069912,0.371100954901,0.39939392486,
    0.427623432038,0.448981517296,0.480844318541,0.513075723522,
    0.550020982414,0.577551586881,0.619212110982,0.661235418156,
    0.698185535621,0.725715297899,0.767368287055,0.809015426015,
    0.856810543307,0.9045954098,0.952007359428,1.),.UNSPECIFIED.);
#5724 = CARTESIAN_POINT('',(1.128671327824E-08,0.499721131719));
#5725 = CARTESIAN_POINT('',(1.143730968402,0.499513619598));
#5726 = CARTESIAN_POINT('',(2.28742176887,0.499308051213));
#5727 = CARTESIAN_POINT('',(3.431072430283,0.499104391441));
#5728 = CARTESIAN_POINT('',(4.574683002469,0.498902606734));
#5729 = CARTESIAN_POINT('',(5.718253567495,0.498702665116));
#5730 = CARTESIAN_POINT('',(6.861784239664,0.498504536181));
#5731 = CARTESIAN_POINT('',(8.005275165517,0.498308191098));
#5732 = CARTESIAN_POINT('',(10.286966623211,0.497919900624));
#5733 = CARTESIAN_POINT('',(11.425167628697,0.49772794289));
#5734 = CARTESIAN_POINT('',(12.563329435387,0.497537694109));
#5735 = CARTESIAN_POINT('',(13.701452430066,0.497349134842));
#5736 = CARTESIAN_POINT('',(14.83953698982,0.497162245438));
#5737 = CARTESIAN_POINT('',(15.977583298358,0.496977000596));
#5738 = CARTESIAN_POINT('',(17.115591480011,0.496793374558));
#5739 = CARTESIAN_POINT('',(19.383171519217,0.496430676843));
#5740 = CARTESIAN_POINT('',(20.512743695668,0.496251576826));
#5741 = CARTESIAN_POINT('',(21.642279862227,0.496074051056));
#5742 = CARTESIAN_POINT('',(22.771779051787,0.49589806323));
#5743 = CARTESIAN_POINT('',(23.901242019076,0.495723606188));
#5744 = CARTESIAN_POINT('',(25.030670038649,0.495550679636));
#5745 = CARTESIAN_POINT('',(26.160063035381,0.495379260948));
#5746 = CARTESIAN_POINT('',(28.427644288414,0.495038093709));
#5747 = CARTESIAN_POINT('',(29.565831914411,0.494868365474));
#5748 = CARTESIAN_POINT('',(30.703984902696,0.494700151506));
#5749 = CARTESIAN_POINT('',(31.842104293561,0.494533446184));
#5750 = CARTESIAN_POINT('',(32.980190692436,0.49436824819));
#5751 = CARTESIAN_POINT('',(34.118244471687,0.49420455178));
#5752 = CARTESIAN_POINT('',(35.256266294696,0.494042345426));
#5753 = CARTESIAN_POINT('',(37.601452479839,0.493711153356));
#5754 = CARTESIAN_POINT('',(38.808613015634,0.4935423558));
#5755 = CARTESIAN_POINT('',(40.015739672796,0.493375245934));
#5756 = CARTESIAN_POINT('',(41.222833325826,0.493209822201));
#5757 = CARTESIAN_POINT('',(42.429895676133,0.493046112105));
#5758 = CARTESIAN_POINT('',(43.636926119104,0.492884064078));
#5759 = CARTESIAN_POINT('',(44.843927648925,0.492723749542));
#5760 = CARTESIAN_POINT('',(47.258070582201,0.492406537616));
#5761 = CARTESIAN_POINT('',(48.46521213776,0.492249647521));
#5762 = CARTESIAN_POINT('',(49.672326588903,0.492094491704));
#5763 = CARTESIAN_POINT('',(50.879416219195,0.49194111796));
#5764 = CARTESIAN_POINT('',(52.086479824439,0.491789454767));
#5765 = CARTESIAN_POINT('',(53.293522201183,0.491639635741));
#5766 = CARTESIAN_POINT('',(54.500542970115,0.491491617848));
#5767 = CARTESIAN_POINT('',(56.914680430367,0.491199274296));
#5768 = CARTESIAN_POINT('',(58.121796726156,0.491054937143));
#5769 = CARTESIAN_POINT('',(59.328895991312,0.490912499036));
#5770 = CARTESIAN_POINT('',(60.535977759077,0.490771902625));
#5771 = CARTESIAN_POINT('',(61.743046929106,0.490633297488));
#5772 = CARTESIAN_POINT('',(62.950103314614,0.490496642085));
#5773 = CARTESIAN_POINT('',(64.157149742914,0.490362016187));
#5774 = CARTESIAN_POINT('',(65.967733553793,0.490163155366));
#5775 = CARTESIAN_POINT('',(66.571276847555,0.490097381891));
#5776 = CARTESIAN_POINT('',(67.174818416387,0.49003212649));
#5777 = CARTESIAN_POINT('',(67.778358525261,0.489967394075));
#5778 = CARTESIAN_POINT('',(68.38189746109,0.489903191099));
#5779 = CARTESIAN_POINT('',(68.985435520645,0.489839524781));
#5780 = CARTESIAN_POINT('',(69.588972998477,0.489776402334));
#5781 = CARTESIAN_POINT('',(70.796049246282,0.489651257823));
#5782 = CARTESIAN_POINT('',(71.399587997613,0.489589235815));
#5783 = CARTESIAN_POINT('',(72.003126758133,0.48952777094));
#5784 = CARTESIAN_POINT('',(72.60666585459,0.489466869976));
#5785 = CARTESIAN_POINT('',(73.210205611184,0.489406539699));
#5786 = CARTESIAN_POINT('',(73.813746349565,0.489346786885));
#5787 = CARTESIAN_POINT('',(74.417288388835,0.48928761831));
#5788 = CARTESIAN_POINT('',(76.227870720575,0.489111890482));
#5789 = CARTESIAN_POINT('',(77.434915634114,0.488997104637));
#5790 = CARTESIAN_POINT('',(78.641970383014,0.488884724466));
#5791 = CARTESIAN_POINT('',(79.849034629877,0.488774864583));
#5792 = CARTESIAN_POINT('',(81.056115866717,0.488667553422));
#5793 = CARTESIAN_POINT('',(82.263213726311,0.488562896683));
#5794 = CARTESIAN_POINT('',(83.470332964199,0.488460947729));
#5795 = CARTESIAN_POINT('',(85.280992406861,0.48831220947));
#5796 = CARTESIAN_POINT('',(85.884514881463,0.488263328743));
#5797 = CARTESIAN_POINT('',(86.488043662515,0.488215155457));
#5798 = CARTESIAN_POINT('',(87.091579197228,0.48816770133));
#5799 = CARTESIAN_POINT('',(87.695121928262,0.488120978082));
#5800 = CARTESIAN_POINT('',(88.298672293728,0.488074997427));
#5801 = CARTESIAN_POINT('',(88.902230727187,0.48802977108));
#5802 = CARTESIAN_POINT('',(90.109305301956,0.487940854929));
#5803 = CARTESIAN_POINT('',(90.712821392275,0.487897164563));
#5804 = CARTESIAN_POINT('',(91.316346433287,0.487854252067));
#5805 = CARTESIAN_POINT('',(91.919880808823,0.48781212908));
#5806 = CARTESIAN_POINT('',(92.523424860891,0.487770806916));
#5807 = CARTESIAN_POINT('',(93.12697896869,0.487730297021));
#5808 = CARTESIAN_POINT('',(93.730543627631,0.487690611421));
#5809 = CARTESIAN_POINT('',(94.928996655116,0.487613475253));
#5810 = CARTESIAN_POINT('',(95.523884612149,0.487576002226));
#5811 = CARTESIAN_POINT('',(96.118783874023,0.487539358554));
#5812 = CARTESIAN_POINT('',(96.713694901112,0.487503558685));
#5813 = CARTESIAN_POINT('',(97.308618139597,0.487468617063));
#5814 = CARTESIAN_POINT('',(97.903554021466,0.487434548123));
#5815 = CARTESIAN_POINT('',(98.498502964511,0.487401366296));
#5816 = CARTESIAN_POINT('',(99.541781373522,0.487344762183));
#5817 = CARTESIAN_POINT('',(99.990105039559,0.487320950181));
#5818 = CARTESIAN_POINT('',(100.43843647064,0.487297656282));
#5819 = CARTESIAN_POINT('',(100.88677587899,0.487274886641));
#5820 = CARTESIAN_POINT('',(101.33512354083,0.48725264736));
#5821 = CARTESIAN_POINT('',(101.78347974843,0.487230944553));
#5822 = CARTESIAN_POINT('',(102.23184476205,0.487209784419));
#5823 = CARTESIAN_POINT('',(103.36127960478,0.487157866164));
#5824 = CARTESIAN_POINT('',(104.04236128853,0.487127827509));
#5825 = CARTESIAN_POINT('',(104.72346434383,0.487099085405));
#5826 = CARTESIAN_POINT('',(105.40458961449,0.487071667869));
#5827 = CARTESIAN_POINT('',(106.08573779778,0.487045602905));
#5828 = CARTESIAN_POINT('',(106.76690933925,0.487020918501));
#5829 = CARTESIAN_POINT('',(107.44810468245,0.486997642622));
#5830 = CARTESIAN_POINT('',(108.81036947608,0.486953968874));
#5831 = CARTESIAN_POINT('',(109.49143887232,0.48693357409));
#5832 = CARTESIAN_POINT('',(110.1725346477,0.48691462759));
#5833 = CARTESIAN_POINT('',(110.85365626256,0.48689720946));
#5834 = CARTESIAN_POINT('',(111.53480734237,0.486881254808));
#5835 = CARTESIAN_POINT('',(112.21598585767,0.486866889679));
#5836 = CARTESIAN_POINT('',(112.89719373744,0.486854104034));
#5837 = CARTESIAN_POINT('',(114.09568942291,0.48683448172));
#5838 = CARTESIAN_POINT('',(114.61296475167,0.486826952086));
#5839 = CARTESIAN_POINT('',(115.13025718909,0.48682037786));
#5840 = CARTESIAN_POINT('',(115.64756716047,0.48681477511));
#5841 = CARTESIAN_POINT('',(116.16489519899,0.486810159883));
#5842 = CARTESIAN_POINT('',(116.68224184668,0.486806548199));
#5843 = CARTESIAN_POINT('',(117.19960755543,0.486803956061));
#5844 = CARTESIAN_POINT('',(118.10924339227,0.486801218854));
#5845 = CARTESIAN_POINT('',(118.50150528851,0.486800634971));
#5846 = CARTESIAN_POINT('',(118.89377855222,0.486800652262));
#5847 = CARTESIAN_POINT('',(119.28606336289,0.486801277385));
#5848 = CARTESIAN_POINT('',(119.67835982444,0.486802518675));
#5849 = CARTESIAN_POINT('',(120.07066798571,0.486804385619));
#5850 = CARTESIAN_POINT('',(120.46298786092,0.486806888324));
#5851 = CARTESIAN_POINT('',(121.45355589691,0.486814837786));
#5852 = CARTESIAN_POINT('',(122.0518192968,0.486821139093));
#5853 = CARTESIAN_POINT('',(122.65011043876,0.486828974602));
#5854 = CARTESIAN_POINT('',(123.24843009759,0.486838377937));
#5855 = CARTESIAN_POINT('',(123.84677900483,0.486849382654));
#5856 = CARTESIAN_POINT('',(124.44515781956,0.486862022234));
#5857 = CARTESIAN_POINT('',(125.04356709922,0.486876330085));
#5858 = CARTESIAN_POINT('',(126.24884384747,0.486908573879));
#5859 = CARTESIAN_POINT('',(126.85571237108,0.486926554391));
#5860 = CARTESIAN_POINT('',(127.4626116532,0.486946338676));
#5861 = CARTESIAN_POINT('',(128.06954905491,0.486967884721));
#5862 = CARTESIAN_POINT('',(128.6765094508,0.486991365374));
#5863 = CARTESIAN_POINT('',(129.28350983668,0.487016730115));
#5864 = CARTESIAN_POINT('',(129.89054072458,0.487044084748));
#5865 = CARTESIAN_POINT('',(131.0251399864,0.487098982479));
#5866 = CARTESIAN_POINT('',(131.5526989447,0.48712603441));
#5867 = CARTESIAN_POINT('',(132.08028433662,0.487154647203));
#5868 = CARTESIAN_POINT('',(132.60789534889,0.487184850854));
#5869 = CARTESIAN_POINT('',(133.13553290201,0.487216679368));
#5870 = CARTESIAN_POINT('',(133.66319726949,0.487250165859));
#5871 = CARTESIAN_POINT('',(134.19088663359,0.487285338935));
#5872 = CARTESIAN_POINT('',(135.11426269761,0.487349897835));
#5873 = CARTESIAN_POINT('',(135.50993719824,0.4873785318));
#5874 = CARTESIAN_POINT('',(135.90562690867,0.487408157263));
#5875 = CARTESIAN_POINT('',(136.30133187755,0.48743879493));
#5876 = CARTESIAN_POINT('',(136.69705210371,0.487470465455));
#5877 = CARTESIAN_POINT('',(137.09278753613,0.487503189441));
#5878 = CARTESIAN_POINT('',(137.48853807397,0.487536987438));
#5879 = CARTESIAN_POINT('',(138.18256467893,0.48759817601));
#5880 = CARTESIAN_POINT('',(138.48083424816,0.487625093716));
#5881 = CARTESIAN_POINT('',(138.77911226883,0.487652641821));
#5882 = CARTESIAN_POINT('',(139.07739865286,0.487680829078));
#5883 = CARTESIAN_POINT('',(139.37569326728,0.487709664223));
#5884 = CARTESIAN_POINT('',(139.67399597196,0.487739155969));
#5885 = CARTESIAN_POINT('',(139.97230665737,0.487769313));
#5886 = CARTESIAN_POINT('',(140.71970716068,0.487846557122));
#5887 = CARTESIAN_POINT('',(141.16880807042,0.4878944887));
#5888 = CARTESIAN_POINT('',(141.61792584298,0.48794401387));
#5889 = CARTESIAN_POINT('',(142.06707038076,0.487995035817));
#5890 = CARTESIAN_POINT('',(142.51622865889,0.48804777596));
#5891 = CARTESIAN_POINT('',(142.96540893952,0.488102156715));
#5892 = CARTESIAN_POINT('',(143.41460547021,0.488158292809));
#5893 = CARTESIAN_POINT('',(144.09225609642,0.488245662899));
#5894 = CARTESIAN_POINT('',(144.32069770429,0.488275577526));
#5895 = CARTESIAN_POINT('',(144.54914338692,0.488305960413));
#5896 = CARTESIAN_POINT('',(144.77759296207,0.488336817997));
#5897 = CARTESIAN_POINT('',(145.00604624431,0.488368156699));
#5898 = CARTESIAN_POINT('',(145.23450304502,0.488399982923));
#5899 = CARTESIAN_POINT('',(145.46296317236,0.488432303053));
#5900 = CARTESIAN_POINT('',(145.91986041794,0.488497939637));
#5901 = CARTESIAN_POINT('',(146.14829775889,0.488531255915));
#5902 = CARTESIAN_POINT('',(146.37673861107,0.488565078585));
#5903 = CARTESIAN_POINT('',(146.60518311488,0.488599413917));
#5904 = CARTESIAN_POINT('',(146.83363139419,0.488634268156));
#5905 = CARTESIAN_POINT('',(147.06208355635,0.488669647522));
#5906 = CARTESIAN_POINT('',(147.2905396922,0.488705558211));
#5907 = CARTESIAN_POINT('',(147.94998675496,0.488810766248));
#5908 = CARTESIAN_POINT('',(148.38098900212,0.488881432139));
#5909 = CARTESIAN_POINT('',(148.8120034526,0.488954064658));
#5910 = CARTESIAN_POINT('',(149.24303152649,0.489028765189));
#5911 = CARTESIAN_POINT('',(149.67406110023,0.489105584599));
#5912 = CARTESIAN_POINT('',(150.10510293574,0.489184618069));
#5913 = CARTESIAN_POINT('',(150.53613771988,0.489265932027));
#5914 = CARTESIAN_POINT('',(151.29214455313,0.489412685365));
#5915 = CARTESIAN_POINT('',(151.61711478197,0.489477108024));
#5916 = CARTESIAN_POINT('',(151.94208666976,0.489542897154));
#5917 = CARTESIAN_POINT('',(152.26705903633,0.489610098876));
#5918 = CARTESIAN_POINT('',(152.59203499978,0.489678718636));
#5919 = CARTESIAN_POINT('',(152.91701117313,0.489748819042));
#5920 = CARTESIAN_POINT('',(153.24199073371,0.489820401485));
#5921 = CARTESIAN_POINT('',(153.80489209324,0.489947043618));
#5922 = CARTESIAN_POINT('',(154.04281289649,0.490001396466));
#5923 = CARTESIAN_POINT('',(154.28073230654,0.490056601073));
#5924 = CARTESIAN_POINT('',(154.51864764047,0.490112684697));
#5925 = CARTESIAN_POINT('',(154.75655804453,0.490169673846));
#5926 = CARTESIAN_POINT('',(154.99446129871,0.490227595338));
#5927 = CARTESIAN_POINT('',(155.23235292586,0.490286476602));
#5928 = CARTESIAN_POINT('',(155.83923512357,0.490439204942));
#5929 = CARTESIAN_POINT('',(156.20821150307,0.490534436853));
#5930 = CARTESIAN_POINT('',(156.57716438426,0.490632134809));
#5931 = CARTESIAN_POINT('',(156.94609207898,0.490732394128));
#5932 = CARTESIAN_POINT('',(157.31499213946,0.490835308733));
#5933 = CARTESIAN_POINT('',(157.6838613583,0.490940971147));
#5934 = CARTESIAN_POINT('',(158.05269576844,0.491049472499));
#5935 = CARTESIAN_POINT('',(158.60598637794,0.491216647317));
#5936 = CARTESIAN_POINT('',(158.79047247799,0.491273126405));
#5937 = CARTESIAN_POINT('',(158.9749434822,0.491330367762));
#5938 = CARTESIAN_POINT('',(159.15940759167,0.491388393869));
#5939 = CARTESIAN_POINT('',(159.34383903087,0.491447240163));
#5940 = CARTESIAN_POINT('',(159.52826490545,0.491506921566));
#5941 = CARTESIAN_POINT('',(159.71266851872,0.491567469397));
#5942 = CARTESIAN_POINT('',(160.08154488614,0.491690376183));
#5943 = CARTESIAN_POINT('',(160.2660161728,0.491752736594));
#5944 = CARTESIAN_POINT('',(160.45046987842,0.491816011952));
#5945 = CARTESIAN_POINT('',(160.63490563864,0.491880226746));
#5946 = CARTESIAN_POINT('',(160.8193229483,0.491945405138));
#5947 = CARTESIAN_POINT('',(161.00372116144,0.492011570965));
#5948 = CARTESIAN_POINT('',(161.18809949134,0.492078747736));
#5949 = CARTESIAN_POINT('',(161.46724429032,0.492182029166));
#5950 = CARTESIAN_POINT('',(161.55349672254,0.492214216861));
#5951 = CARTESIAN_POINT('',(161.6376927857,0.492245838437));
#5952 = CARTESIAN_POINT('',(161.72375324523,0.492278364981));
#5953 = CARTESIAN_POINT('',(161.81304233856,0.492312360257));
#5954 = CARTESIAN_POINT('',(161.90436896015,0.492347419007));
#5955 = CARTESIAN_POINT('',(161.99398784663,0.492382105255));
#5956 = CARTESIAN_POINT('',(162.16315901041,0.492447991577));
#5957 = CARTESIAN_POINT('',(162.23970109697,0.49247805061));
#5958 = CARTESIAN_POINT('',(162.31367754277,0.492507259261));
#5959 = CARTESIAN_POINT('',(162.39023765451,0.492537648153));
#5960 = CARTESIAN_POINT('',(162.47122914711,0.492570010585));
#5961 = CARTESIAN_POINT('',(162.55519776642,0.492603826147));
#5962 = CARTESIAN_POINT('',(162.63738691202,0.492637184324));
#5963 = CARTESIAN_POINT('',(162.99196767904,0.492781878599));
#5964 = CARTESIAN_POINT('',(163.27412922941,0.492899802525));
#5965 = CARTESIAN_POINT('',(163.55619822916,0.493020775617));
#5966 = CARTESIAN_POINT('',(163.83814744267,0.493145088925));
#5967 = CARTESIAN_POINT('',(164.11994606626,0.4932730281));
#5968 = CARTESIAN_POINT('',(164.40155971382,0.493404872698));
#5969 = CARTESIAN_POINT('',(164.68295040246,0.493540895471));
#5970 = CARTESIAN_POINT('',(165.03395077903,0.493716274694));
#5971 = CARTESIAN_POINT('',(165.10380864469,0.493751462212));
#5972 = CARTESIAN_POINT('',(165.1736494867,0.493786928278));
#5973 = CARTESIAN_POINT('',(165.24347263987,0.493822676926));
#5974 = CARTESIAN_POINT('',(165.31327742224,0.493858712157));
#5975 = CARTESIAN_POINT('',(165.38306313513,0.493895037935));
#5976 = CARTESIAN_POINT('',(165.45282906307,0.493931658195));
#5977 = CARTESIAN_POINT('',(165.62875959857,0.494024785554));
#5978 = CARTESIAN_POINT('',(165.73578786757,0.494082147503));
#5979 = CARTESIAN_POINT('',(165.84208095111,0.494139913227));
#5980 = CARTESIAN_POINT('',(165.94699946409,0.494197575646));
#5981 = CARTESIAN_POINT('',(166.05070277502,0.494255421522));
#5982 = CARTESIAN_POINT('',(166.15435472537,0.49431377002));
#5983 = CARTESIAN_POINT('',(166.25988754177,0.494373992894));
#5984 = CARTESIAN_POINT('',(166.47205318243,0.494496823928));
#5985 = CARTESIAN_POINT('',(166.57684011174,0.494558251083));
#5986 = CARTESIAN_POINT('',(166.68294768922,0.494621314912));
#5987 = CARTESIAN_POINT('',(166.78925566414,0.494685419347));
#5988 = CARTESIAN_POINT('',(166.89511882197,0.494750203068));
#5989 = CARTESIAN_POINT('',(167.00036510447,0.494815566679));
#5990 = CARTESIAN_POINT('',(167.10529338173,0.494881709208));
#5991 = CARTESIAN_POINT('',(167.29824170137,0.495005238373));
#5992 = CARTESIAN_POINT('',(167.38600230174,0.495062138799));
#5993 = CARTESIAN_POINT('',(167.47393558005,0.495119889928));
#5994 = CARTESIAN_POINT('',(167.56199198024,0.495178485762));
#5995 = CARTESIAN_POINT('',(167.6500889021,0.495237896072));
#5996 = CARTESIAN_POINT('',(167.73811011566,0.495298062893));
#5997 = CARTESIAN_POINT('',(167.82590517566,0.49535889702));
#5998 = CARTESIAN_POINT('',(167.98394419641,0.495469899765));
#5999 = CARTESIAN_POINT('',(168.05455380501,0.495520043418));
#6000 = CARTESIAN_POINT('',(168.12512079964,0.49557070972));
#6001 = CARTESIAN_POINT('',(168.19564871216,0.495621901747));
#6002 = CARTESIAN_POINT('',(168.26614146839,0.495673621386));
#6003 = CARTESIAN_POINT('',(168.33660338814,0.495725869338));
#6004 = CARTESIAN_POINT('',(168.40703918516,0.495778645119));
#6005 = CARTESIAN_POINT('',(168.47745396718,0.495831947059));
#6006 = CARTESIAN_POINT('',(168.59841786538,0.495923540974));
#6007 = CARTESIAN_POINT('',(168.70887403532,0.496008585684));
#6008 = CARTESIAN_POINT('',(168.81317062691,0.496090741284));
#6009 = CARTESIAN_POINT('',(168.91527194276,0.496170923605));
#6010 = CARTESIAN_POINT('',(169.01682531747,0.496252901892));
#6011 = CARTESIAN_POINT('',(169.11946465087,0.496336796417));
#6012 = CARTESIAN_POINT('',(169.2232235678,0.496423696738));
#6013 = CARTESIAN_POINT('',(169.43364781163,0.496604311574));
#6014 = CARTESIAN_POINT('',(169.53951029031,0.496697562635));
#6015 = CARTESIAN_POINT('',(169.64519513253,0.49679287388));
#6016 = CARTESIAN_POINT('',(169.74993395626,0.496891156197));
#6017 = CARTESIAN_POINT('',(169.85491391963,0.49699136875));
#6018 = CARTESIAN_POINT('',(169.9582755769,0.497095468867));
#6019 = CARTESIAN_POINT('',(170.0614356557,0.497202248381));
#6020 = CARTESIAN_POINT('',(170.16386964863,0.497312292223));
#6021 = CARTESIAN_POINT('',(170.22658640815,0.497379648663));
#6022 = CARTESIAN_POINT('',(170.28907848751,0.497448181749));
#6023 = CARTESIAN_POINT('',(170.35135435454,0.497517906566));
#6024 = CARTESIAN_POINT('',(170.41342326563,0.4975888307));
#6025 = CARTESIAN_POINT('',(170.47529526575,0.49766095423));
#6026 = CARTESIAN_POINT('',(170.53698118848,0.497734269737));
#6027 = CARTESIAN_POINT('',(170.59849265597,0.497808762298));
#6028 = CARTESIAN_POINT('',(170.74910167516,0.497994464911));
#6029 = CARTESIAN_POINT('',(170.83804214291,0.498107007718));
#6030 = CARTESIAN_POINT('',(170.92668486131,0.498221857398));
#6031 = CARTESIAN_POINT('',(171.01499447383,0.498338802871));
#6032 = CARTESIAN_POINT('',(171.1029205061,0.498457645172));
#6033 = CARTESIAN_POINT('',(171.19040226395,0.498578239747));
#6034 = CARTESIAN_POINT('',(171.27733701169,0.498700538379));
#6035 = CARTESIAN_POINT('',(171.36351143047,0.498824630723));
#6036 = CARTESIAN_POINT('',(171.45524394331,0.498958741883));
#6037 = CARTESIAN_POINT('',(171.54664234849,0.499084179182));
#6038 = CARTESIAN_POINT('',(171.62519076061,0.49922287458));
#6039 = CARTESIAN_POINT('',(171.72093600091,0.49935147359));
#6040 = CARTESIAN_POINT('',(171.8097035839,0.499495294327));
#6041 = CARTESIAN_POINT('',(171.88395997247,0.4996575855));
#6042 = CARTESIAN_POINT('',(171.98447458793,0.499788724915));
#6043 = CARTESIAN_POINT('',(171.98593506169,0.5));
#6044 = CARTESIAN_POINT('',(171.98060395907,0.500144475399));
#6045 = CARTESIAN_POINT('',(171.93868958336,0.500267386875));
#6046 = CARTESIAN_POINT('',(171.87877890567,0.500377141368));
#6047 = CARTESIAN_POINT('',(171.81385582465,0.500480018613));
#6048 = CARTESIAN_POINT('',(171.75130116654,0.50058017114));
#6049 = CARTESIAN_POINT('',(171.69289268509,0.50067962427));
#6050 = CARTESIAN_POINT('',(171.63480506165,0.500778276122));
#6051 = CARTESIAN_POINT('',(171.56760990511,0.500873897606));
#6052 = CARTESIAN_POINT('',(171.5163100607,0.500951811232));
#6053 = CARTESIAN_POINT('',(171.46465062485,0.501028888852));
#6054 = CARTESIAN_POINT('',(171.41267007982,0.501105219597));
#6055 = CARTESIAN_POINT('',(171.360402811,0.501180867522));
#6056 = CARTESIAN_POINT('',(171.30787910687,0.501255871609));
#6057 = CARTESIAN_POINT('',(171.25512515906,0.501330245767));
#6058 = CARTESIAN_POINT('',(171.20216306229,0.50140397883));
#6059 = CARTESIAN_POINT('',(171.06533022255,0.501592076738));
#6060 = CARTESIAN_POINT('',(170.97589054779,0.501712762108));
#6061 = CARTESIAN_POINT('',(170.88520208688,0.501832460582));
#6062 = CARTESIAN_POINT('',(170.79612938062,0.501947294275));
#6063 = CARTESIAN_POINT('',(170.70969320704,0.50205613746));
#6064 = CARTESIAN_POINT('',(170.62496004709,0.502160402708));
#6065 = CARTESIAN_POINT('',(170.53901902245,0.502263613164));
#6066 = CARTESIAN_POINT('',(170.3603738577,0.502471714945));
#6067 = CARTESIAN_POINT('',(170.27334912344,0.50257035293));
#6068 = CARTESIAN_POINT('',(170.18587856332,0.50266660143));
#6069 = CARTESIAN_POINT('',(170.09799480203,0.502760526655));
#6070 = CARTESIAN_POINT('',(170.00968661195,0.50285217678));
#6071 = CARTESIAN_POINT('',(169.9208645138,0.50294154742));
#6072 = CARTESIAN_POINT('',(169.83146199517,0.503028670381));
#6073 = CARTESIAN_POINT('',(169.64643129677,0.503204141718));
#6074 = CARTESIAN_POINT('',(169.5515045061,0.503291460651));
#6075 = CARTESIAN_POINT('',(169.45672034967,0.503376283305));
#6076 = CARTESIAN_POINT('',(169.36195381572,0.503458990389));
#6077 = CARTESIAN_POINT('',(169.26713416451,0.503539871934));
#6078 = CARTESIAN_POINT('',(169.17225010284,0.50361914853));
#6079 = CARTESIAN_POINT('',(169.07735247421,0.503696984323));
#6080 = CARTESIAN_POINT('',(168.98255446467,0.503773491761));
#6081 = CARTESIAN_POINT('',(168.88430899584,0.503852806434));
#6082 = CARTESIAN_POINT('',(168.78593350348,0.503930746878));
#6083 = CARTESIAN_POINT('',(168.68759862328,0.504007826311));
#6084 = CARTESIAN_POINT('',(168.58924829238,0.504083901357));
#6085 = CARTESIAN_POINT('',(168.49084922785,0.50415890116));
#6086 = CARTESIAN_POINT('',(168.39240957819,0.504232880003));
#6087 = CARTESIAN_POINT('',(168.29391812291,0.504305838634));
#6088 = CARTESIAN_POINT('',(168.10392768735,0.504444474552));
#6089 = CARTESIAN_POINT('',(168.01747154863,0.504506643657));
#6090 = CARTESIAN_POINT('',(167.93198590077,0.504567330887));
#6091 = CARTESIAN_POINT('',(167.84510933712,0.504628225536));
#6092 = CARTESIAN_POINT('',(167.75609933523,0.5046897715));
#6093 = CARTESIAN_POINT('',(167.66582655228,0.504751292483));
#6094 = CARTESIAN_POINT('',(167.5767842033,0.504811113016));
#6095 = CARTESIAN_POINT('',(167.36169941494,0.504953938818));
#6096 = CARTESIAN_POINT('',(167.23016982203,0.50503955929));
#6097 = CARTESIAN_POINT('',(167.09853376793,0.505123593763));
#6098 = CARTESIAN_POINT('',(166.966800554,0.505206101473));
#6099 = CARTESIAN_POINT('',(166.83497875848,0.505287143847));
#6100 = CARTESIAN_POINT('',(166.70307623651,0.505366784505));
#6101 = CARTESIAN_POINT('',(166.57110012012,0.505445089258));
#6102 = CARTESIAN_POINT('',(166.37710550768,0.505558271152));
#6103 = CARTESIAN_POINT('',(166.31513881476,0.50559413431));
#6104 = CARTESIAN_POINT('',(166.25315806883,0.505629725561));
#6105 = CARTESIAN_POINT('',(166.19116421288,0.50566505336));
#6106 = CARTESIAN_POINT('',(166.12915780363,0.505700124629));
#6107 = CARTESIAN_POINT('',(166.06713901151,0.505734944762));
#6108 = CARTESIAN_POINT('',(166.00510762061,0.505769517625));
#6109 = CARTESIAN_POINT('',(165.87332949287,0.505842425499));
#6110 = CARTESIAN_POINT('',(165.80357977032,0.505880694017));
#6111 = CARTESIAN_POINT('',(165.73381164705,0.505918652883));
#6112 = CARTESIAN_POINT('',(165.66402356323,0.505956304366));
#6113 = CARTESIAN_POINT('',(165.59421461323,0.505993651231));
#6114 = CARTESIAN_POINT('',(165.52438454562,0.506030696738));
#6115 = CARTESIAN_POINT('',(165.45453376319,0.506067444638));
#6116 = CARTESIAN_POINT('',(165.13025796745,0.506236634586));
#6117 = CARTESIAN_POINT('',(164.87559439558,0.506365480977));
#6118 = CARTESIAN_POINT('',(164.62070669294,0.506490629618));
#6119 = CARTESIAN_POINT('',(164.36562631646,0.506612277559));
#6120 = CARTESIAN_POINT('',(164.11038209267,0.506730627093));
#6121 = CARTESIAN_POINT('',(163.85500021602,0.506845885222));
#6122 = CARTESIAN_POINT('',(163.59950424712,0.506958263116));
#6123 = CARTESIAN_POINT('',(163.24705638693,0.507109552586));
#6124 = CARTESIAN_POINT('',(163.15094320282,0.507150420653));
#6125 = CARTESIAN_POINT('',(163.05463414699,0.507191007697));
#6126 = CARTESIAN_POINT('',(162.95768254073,0.507231505596));
#6127 = CARTESIAN_POINT('',(162.86013710529,0.507271892033));
#6128 = CARTESIAN_POINT('',(162.76254228672,0.507311947476));
#6129 = CARTESIAN_POINT('',(162.66593823865,0.507351267267));
#6130 = CARTESIAN_POINT('',(162.22916170006,0.507527695947));
#6131 = CARTESIAN_POINT('',(161.88636999823,0.507662167077));
#6132 = CARTESIAN_POINT('',(161.54349523695,0.507792821343));
#6133 = CARTESIAN_POINT('',(161.20054554266,0.50791980224));
#6134 = CARTESIAN_POINT('',(160.85752728878,0.50804325765));
#6135 = CARTESIAN_POINT('',(160.51444509575,0.508163339848));
#6136 = CARTESIAN_POINT('',(160.171301831,0.508280205498));
#6137 = CARTESIAN_POINT('',(159.65232511634,0.508452303916));
#6138 = CARTESIAN_POINT('',(159.47653701265,0.508509790869));
#6139 = CARTESIAN_POINT('',(159.3007292757,0.508566496046));
#6140 = CARTESIAN_POINT('',(159.1249159187,0.508622446432));
#6141 = CARTESIAN_POINT('',(158.94907226262,0.508677654571));
#6142 = CARTESIAN_POINT('',(158.77322438412,0.50873215256));
#6143 = CARTESIAN_POINT('',(158.5973616875,0.508785958567));
#6144 = CARTESIAN_POINT('',(158.24568923606,0.508892215195));
#6145 = CARTESIAN_POINT('',(158.06987883334,0.508944667459));
#6146 = CARTESIAN_POINT('',(157.89405995409,0.508996463966));
#6147 = CARTESIAN_POINT('',(157.71823307602,0.509047614488));
#6148 = CARTESIAN_POINT('',(157.5423986355,0.50909812888));
#6149 = CARTESIAN_POINT('',(157.36655702758,0.509148017073));
#6150 = CARTESIAN_POINT('',(157.19070860593,0.509197289081));
#6151 = CARTESIAN_POINT('',(156.85627422905,0.509289840114));
#6152 = CARTESIAN_POINT('',(156.69768949051,0.509333232366));
#6153 = CARTESIAN_POINT('',(156.53909969679,0.509376139152));
#6154 = CARTESIAN_POINT('',(156.3805050524,0.509418567915));
#6155 = CARTESIAN_POINT('',(156.22190573687,0.509460526145));
#6156 = CARTESIAN_POINT('',(156.06330190477,0.509502021373));
#6157 = CARTESIAN_POINT('',(155.90469368568,0.509543061175));
#6158 = CARTESIAN_POINT('',(155.59696811819,0.509621814104));
#6159 = CARTESIAN_POINT('',(155.44785102752,0.509659579182));
#6160 = CARTESIAN_POINT('',(155.29873063135,0.509696954934));
#6161 = CARTESIAN_POINT('',(155.14960651351,0.509733947562));
#6162 = CARTESIAN_POINT('',(155.00047842724,0.509770563358));
#6163 = CARTESIAN_POINT('',(154.85134682521,0.509806808871));
#6164 = CARTESIAN_POINT('',(154.70221261489,0.509842690822));
#6165 = CARTESIAN_POINT('',(154.41257690975,0.509911683272));
#6166 = CARTESIAN_POINT('',(154.27207567577,0.509944833927));
#6167 = CARTESIAN_POINT('',(154.13157284827,0.50997767325));
#6168 = CARTESIAN_POINT('',(153.99106882832,0.510010206774));
#6169 = CARTESIAN_POINT('',(153.85056400696,0.510042440048));
#6170 = CARTESIAN_POINT('',(153.71005876517,0.51007437863));
#6171 = CARTESIAN_POINT('',(153.56955347391,0.510106028093));
#6172 = CARTESIAN_POINT('',(153.16527324323,0.510196278424));
#6173 = CARTESIAN_POINT('',(152.90149921573,0.510254164622));
#6174 = CARTESIAN_POINT('',(152.63772649281,0.510311068787));
#6175 = CARTESIAN_POINT('',(152.37395508493,0.510367007216));
#6176 = CARTESIAN_POINT('',(152.11018493175,0.510421996328));
#6177 = CARTESIAN_POINT('',(151.84641590218,0.510476052671));
#6178 = CARTESIAN_POINT('',(151.58264779429,0.510529192916));
#6179 = CARTESIAN_POINT('',(151.09044014906,0.510626677988));
#6180 = CARTESIAN_POINT('',(150.86200041901,0.510671247558));
#6181 = CARTESIAN_POINT('',(150.63356130102,0.510715153549));
#6182 = CARTESIAN_POINT('',(150.40512184353,0.510758406751));
#6183 = CARTESIAN_POINT('',(150.17668184844,0.510801018202));
#6184 = CARTESIAN_POINT('',(149.94824234871,0.510842999288));
#6185 = CARTESIAN_POINT('',(149.7198047026,0.510884361519));
#6186 = CARTESIAN_POINT('',(149.28878004096,0.510961258986));
#6187 = CARTESIAN_POINT('',(149.08619308662,0.51099692406));
#6188 = CARTESIAN_POINT('',(148.88360777687,0.511032119099));
#6189 = CARTESIAN_POINT('',(148.68102443084,0.511066852033));
#6190 = CARTESIAN_POINT('',(148.47844335164,0.511101130812));
#6191 = CARTESIAN_POINT('',(148.27586482634,0.511134963406));
#6192 = CARTESIAN_POINT('',(148.07328912599,0.511168357806));
#6193 = CARTESIAN_POINT('',(147.51896227122,0.511258561694));
#6194 = CARTESIAN_POINT('',(147.16721751485,0.511314508835));
#6195 = CARTESIAN_POINT('',(146.81548294173,0.511369189374));
#6196 = CARTESIAN_POINT('',(146.46375689956,0.511422622749));
#6197 = CARTESIAN_POINT('',(146.11203996582,0.511474832609));
#6198 = CARTESIAN_POINT('',(145.76033207188,0.511525843285));
#6199 = CARTESIAN_POINT('',(145.40863056878,0.511575675382));
#6200 = CARTESIAN_POINT('',(144.52063586381,0.511698584472));
#6201 = CARTESIAN_POINT('',(143.98435338895,0.511770129045));
#6202 = CARTESIAN_POINT('',(143.44809363753,0.511839082272));
#6203 = CARTESIAN_POINT('',(142.91185639401,0.511905494142));
#6204 = CARTESIAN_POINT('',(142.37564828554,0.511969514077));
#6205 = CARTESIAN_POINT('',(141.83946384601,0.512031129764));
#6206 = CARTESIAN_POINT('',(141.3033120691,0.512090534181));
#6207 = CARTESIAN_POINT('',(140.2308613934,0.512204921682));
#6208 = CARTESIAN_POINT('',(139.69456432082,0.512259914187));
#6209 = CARTESIAN_POINT('',(139.15828997048,0.51231274337));
#6210 = CARTESIAN_POINT('',(138.62204311868,0.512363460315));
#6211 = CARTESIAN_POINT('',(138.08582405363,0.512412115646));
#6212 = CARTESIAN_POINT('',(137.54963134368,0.512458759957));
#6213 = CARTESIAN_POINT('',(137.01346726571,0.512503444661));
#6214 = CARTESIAN_POINT('',(136.13416562644,0.512573600705));
#6215 = CARTESIAN_POINT('',(135.79101191954,0.512600198267));
#6216 = CARTESIAN_POINT('',(135.44786965109,0.512626028377));
#6217 = CARTESIAN_POINT('',(135.10473882032,0.512651102666));
#6218 = CARTESIAN_POINT('',(134.76161944311,0.512675434782));
#6219 = CARTESIAN_POINT('',(134.41851149722,0.512699040677));
#6220 = CARTESIAN_POINT('',(134.0754148251,0.512721933944));
#6221 = CARTESIAN_POINT('',(133.12526476914,0.51278336694));
#6222 = CARTESIAN_POINT('',(132.51823522379,0.512820399564));
#6223 = CARTESIAN_POINT('',(131.9112404643,0.512855263033));
#6224 = CARTESIAN_POINT('',(131.30428044037,0.512888006442));
#6225 = CARTESIAN_POINT('',(130.69735494537,0.512918679044));
#6226 = CARTESIAN_POINT('',(130.09046361638,0.512947330252));
#6227 = CARTESIAN_POINT('',(129.48360593413,0.512974009641));
#6228 = CARTESIAN_POINT('',(128.42840284528,0.513017059562));
#6229 = CARTESIAN_POINT('',(127.98004274021,0.513034304606));
#6230 = CARTESIAN_POINT('',(127.53169999938,0.51305051706));
#6231 = CARTESIAN_POINT('',(127.08337439434,0.513065720747));
#6232 = CARTESIAN_POINT('',(126.63506683033,0.513079940804));
#6233 = CARTESIAN_POINT('',(126.18677746574,0.513093191085));
#6234 = CARTESIAN_POINT('',(125.73850489987,0.5131054745));
#6235 = CARTESIAN_POINT('',(124.6038377936,0.513134178165));
#6236 = CARTESIAN_POINT('',(123.91746581829,0.513149322559));
#6237 = CARTESIAN_POINT('',(123.23113473993,0.513162297958));
#6238 = CARTESIAN_POINT('',(122.54483957073,0.513173154537));
#6239 = CARTESIAN_POINT('',(121.85858628587,0.513181943424));
#6240 = CARTESIAN_POINT('',(121.17236555502,0.51318871473));
#6241 = CARTESIAN_POINT('',(120.48618166923,0.513193519718));
#6242 = CARTESIAN_POINT('',(119.12568115537,0.513199248904));
#6243 = CARTESIAN_POINT('',(118.45136346041,0.513200238999));
#6244 = CARTESIAN_POINT('',(117.77708022392,0.513199433154));
#6245 = CARTESIAN_POINT('',(117.10283009958,0.513196852736));
#6246 = CARTESIAN_POINT('',(116.42861229251,0.513192535943));
#6247 = CARTESIAN_POINT('',(115.75442607558,0.513186524945));
#6248 = CARTESIAN_POINT('',(115.08027005996,0.513178846515));
#6249 = CARTESIAN_POINT('',(113.73352865429,0.513160257685));
#6250 = CARTESIAN_POINT('',(113.0609430028,0.513149349718));
#6251 = CARTESIAN_POINT('',(112.38838630287,0.513136865175));
#6252 = CARTESIAN_POINT('',(111.7158574966,0.513122819269));
#6253 = CARTESIAN_POINT('',(111.04335647056,0.513107261584));
#6254 = CARTESIAN_POINT('',(110.37088295774,0.513090238354));
#6255 = CARTESIAN_POINT('',(109.69843545453,0.513071755507));
#6256 = CARTESIAN_POINT('',(108.51726708263,0.513036785628));
#6257 = CARTESIAN_POINT('',(108.00853553574,0.513020907156));
#6258 = CARTESIAN_POINT('',(107.49981792516,0.513004223864));
#6259 = CARTESIAN_POINT('',(106.99111382437,0.512986747371));
#6260 = CARTESIAN_POINT('',(106.48242295778,0.512968489311));
#6261 = CARTESIAN_POINT('',(105.97374512319,0.512949461336));
#6262 = CARTESIAN_POINT('',(105.46508011442,0.512929675103));
#6263 = CARTESIAN_POINT('',(104.1976006118,0.512878509821));
#6264 = CARTESIAN_POINT('',(103.43880156032,0.512846220748));
#6265 = CARTESIAN_POINT('',(102.68002934967,0.512812295624));
#6266 = CARTESIAN_POINT('',(101.92128332532,0.51277680158));
#6267 = CARTESIAN_POINT('',(101.16256254385,0.512739765216));
#6268 = CARTESIAN_POINT('',(100.40386546313,0.512701200505));
#6269 = CARTESIAN_POINT('',(99.645190429201,0.5126611502));
#6270 = CARTESIAN_POINT('',(98.119107655751,0.512577648343));
#6271 = CARTESIAN_POINT('',(97.351700237472,0.51253416266));
#6272 = CARTESIAN_POINT('',(96.584314191486,0.512489215936));
#6273 = CARTESIAN_POINT('',(95.816948579911,0.512442836817));
#6274 = CARTESIAN_POINT('',(95.049602443125,0.512395055512));
#6275 = CARTESIAN_POINT('',(94.282274815714,0.512345905302));
#6276 = CARTESIAN_POINT('',(93.514964688079,0.512295418884));
#6277 = CARTESIAN_POINT('',(91.868160176199,0.512184244116));
#6278 = CARTESIAN_POINT('',(90.988670920234,0.512123142268));
#6279 = CARTESIAN_POINT('',(90.109201941812,0.512060350188));
#6280 = CARTESIAN_POINT('',(89.22975199573,0.511995904078));
#6281 = CARTESIAN_POINT('',(88.350319795557,0.511929840158));
#6282 = CARTESIAN_POINT('',(87.470904013638,0.51186219466));
#6283 = CARTESIAN_POINT('',(86.591503281089,0.511793003836));
#6284 = CARTESIAN_POINT('',(85.056820815137,0.511669619863));
#6285 = CARTESIAN_POINT('',(84.401532968445,0.511616099195));
#6286 = CARTESIAN_POINT('',(83.746252192381,0.511561755618));
#6287 = CARTESIAN_POINT('',(83.090978029825,0.511506601209));
#6288 = CARTESIAN_POINT('',(82.435710019141,0.511450647143));
#6289 = CARTESIAN_POINT('',(81.780447691444,0.511393904373));
#6290 = CARTESIAN_POINT('',(81.125190567854,0.511336384327));
#6291 = CARTESIAN_POINT('',(79.478381343556,0.511189900927));
#6292 = CARTESIAN_POINT('',(78.486835231055,0.511099944965));
#6293 = CARTESIAN_POINT('',(77.495298713062,0.511008293482));
#6294 = CARTESIAN_POINT('',(76.50376845718,0.510914934936));
#6295 = CARTESIAN_POINT('',(75.512245008063,0.510819984935));
#6296 = CARTESIAN_POINT('',(74.520725578105,0.510723424804));
#6297 = CARTESIAN_POINT('',(73.529209518455,0.510625296053));
#6298 = CARTESIAN_POINT('',(71.537546432854,0.510425095605));
#6299 = CARTESIAN_POINT('',(70.537399678007,0.510322992665));
#6300 = CARTESIAN_POINT('',(69.537252829856,0.510219363744));
#6301 = CARTESIAN_POINT('',(68.537104970181,0.510114219741));
#6302 = CARTESIAN_POINT('',(67.536954677988,0.510007605298));
#6303 = CARTESIAN_POINT('',(66.536800440863,0.509899562045));
#6304 = CARTESIAN_POINT('',(65.536641300733,0.509790092115));
#6305 = CARTESIAN_POINT('',(63.657053849079,0.50958174181));
#6306 = CARTESIAN_POINT('',(62.77762696956,0.509483176683));
#6307 = CARTESIAN_POINT('',(61.898194413646,0.509383546972));
#6308 = CARTESIAN_POINT('',(61.018755504887,0.509282865493));
#6309 = CARTESIAN_POINT('',(60.139309537083,0.50918114664));
#6310 = CARTESIAN_POINT('',(59.25985568481,0.509078407726));
#6311 = CARTESIAN_POINT('',(58.380393108997,0.508974665266));
#6312 = CARTESIAN_POINT('',(56.845668916317,0.508791890111));
#6313 = CARTESIAN_POINT('',(56.190411417497,0.50871330086));
#6314 = CARTESIAN_POINT('',(55.535148483676,0.508634162555));
#6315 = CARTESIAN_POINT('',(54.879879851832,0.508554479278));
#6316 = CARTESIAN_POINT('',(54.224605266891,0.508474255117));
#6317 = CARTESIAN_POINT('',(53.569324475279,0.508393494164));
#6318 = CARTESIAN_POINT('',(52.914037218464,0.508312200503));
#6319 = CARTESIAN_POINT('',(51.267272477998,0.50810658025));
#6320 = CARTESIAN_POINT('',(50.275786425418,0.507981568879));
#6321 = CARTESIAN_POINT('',(49.284283826976,0.507855369535));
#6322 = CARTESIAN_POINT('',(48.292764129223,0.50772798386));
#6323 = CARTESIAN_POINT('',(47.301226669167,0.50759941799));
#6324 = CARTESIAN_POINT('',(46.309670657073,0.507469682267));
#6325 = CARTESIAN_POINT('',(45.318095390888,0.507338783189));
#6326 = CARTESIAN_POINT('',(43.335044165781,0.507074692398));
#6327 = CARTESIAN_POINT('',(42.343568269724,0.506941499314));
#6328 = CARTESIAN_POINT('',(41.35207153182,0.50680716352));
#6329 = CARTESIAN_POINT('',(40.360553439015,0.506671685415));
#6330 = CARTESIAN_POINT('',(39.369013530414,0.506535063676));
#6331 = CARTESIAN_POINT('',(38.377451233727,0.506397300696));
#6332 = CARTESIAN_POINT('',(37.385865906184,0.506258401196));
#6333 = CARTESIAN_POINT('',(35.256266294693,0.505957654574));
#6334 = CARTESIAN_POINT('',(34.118244471646,0.50579544822));
#6335 = CARTESIAN_POINT('',(32.980190692464,0.50563175181));
#6336 = CARTESIAN_POINT('',(31.842104293548,0.505466553816));
#6337 = CARTESIAN_POINT('',(30.703984902647,0.505299848494));
#6338 = CARTESIAN_POINT('',(29.565831914437,0.505131634526));
#6339 = CARTESIAN_POINT('',(28.427644288392,0.504961906291));
#6340 = CARTESIAN_POINT('',(26.151442956423,0.5046194421));
#6341 = CARTESIAN_POINT('',(25.013429342509,0.50444670358));
#6342 = CARTESIAN_POINT('',(23.875380189056,0.504272433724));
#6343 = CARTESIAN_POINT('',(22.737295525136,0.504096609947));
#6344 = CARTESIAN_POINT('',(21.599174060689,0.503919231836));
#6345 = CARTESIAN_POINT('',(20.461015057205,0.503740291623));
#6346 = CARTESIAN_POINT('',(19.32281948643,0.503559752198));
#6347 = CARTESIAN_POINT('',(17.055235471252,0.503196884634));
#6348 = CARTESIAN_POINT('',(15.925847845985,0.503014576766));
#6349 = CARTESIAN_POINT('',(14.796422670213,0.502830673625));
#6350 = CARTESIAN_POINT('',(13.666959815988,0.502645150005));
#6351 = CARTESIAN_POINT('',(12.537459095195,0.50245798126));
#6352 = CARTESIAN_POINT('',(11.407920141619,0.502269148206));
#6353 = CARTESIAN_POINT('',(10.278342585959,0.502078631772));
#6354 = CARTESIAN_POINT('',(8.005275165508,0.501691808902));
#6355 = CARTESIAN_POINT('',(6.861784239656,0.501495463819));
#6356 = CARTESIAN_POINT('',(5.718253567488,0.501297334884));
#6357 = CARTESIAN_POINT('',(4.574683002464,0.501097393266));
#6358 = CARTESIAN_POINT('',(3.431072430279,0.500895608559));
#6359 = CARTESIAN_POINT('',(2.287421768868,0.500691948787));
#6360 = CARTESIAN_POINT('',(1.143730968401,0.500486380402));
#6361 = CARTESIAN_POINT('',(1.128668558423E-08,0.500278868281));
#6362 = ( GEOMETRIC_REPRESENTATION_CONTEXT(2) 
PARAMETRIC_REPRESENTATION_CONTEXT() REPRESENTATION_CONTEXT('2D SPACE',''
  ) );
#6363 = ORIENTED_EDGE('',*,*,#6364,.T.);
#6364 = EDGE_CURVE('',#4437,#4038,#6365,.T.);
#6365 = SURFACE_CURVE('',#6366,(#6377,#6391),.PCURVE_S1.);
#6366 = B_SPLINE_CURVE_WITH_KNOTS('',5,(#6367,#6368,#6369,#6370,#6371,
    #6372,#6373,#6374,#6375,#6376),.UNSPECIFIED.,.F.,.F.,(6,4,6),(0.,
    0.482988077533,1.),.UNSPECIFIED.);
#6367 = CARTESIAN_POINT('',(1.488490038326E+03,1.999570802823,328.));
#6368 = CARTESIAN_POINT('',(1.489602374509E+03,1.883783816804,328.));
#6369 = CARTESIAN_POINT('',(1.490714597079E+03,1.76690529269,328.));
#6370 = CARTESIAN_POINT('',(1.491826702617E+03,1.648916714062,328.));
#6371 = CARTESIAN_POINT('',(1.492938687596E+03,1.529799180771,328.));
#6372 = CARTESIAN_POINT('',(1.495240733617E+03,1.28079557711,328.));
#6373 = CARTESIAN_POINT('',(1.496430776452E+03,1.150741414,328.));
#6374 = CARTESIAN_POINT('',(1.497620671888E+03,1.019343342516,328.));
#6375 = CARTESIAN_POINT('',(1.498810415093E+03,0.886575694217,328.));
#6376 = CARTESIAN_POINT('',(1.5E+03,0.752405020085,328.));
#6377 = PCURVE('',#4062,#6378);
#6378 = DEFINITIONAL_REPRESENTATION('',(#6379),#6390);
#6379 = B_SPLINE_CURVE_WITH_KNOTS('',5,(#6380,#6381,#6382,#6383,#6384,
    #6385,#6386,#6387,#6388,#6389),.UNSPECIFIED.,.F.,.F.,(6,4,6),(0.,
    0.482988077533,1.),.UNSPECIFIED.);
#6380 = CARTESIAN_POINT('',(16.635602676162,6.482982171799E-03));
#6381 = CARTESIAN_POINT('',(15.515548488275,6.482982171799E-03));
#6382 = CARTESIAN_POINT('',(14.395494309852,6.482982171799E-03));
#6383 = CARTESIAN_POINT('',(13.275440091413,6.482982171799E-03));
#6384 = CARTESIAN_POINT('',(12.155385830797,6.482982171799E-03));
#6385 = CARTESIAN_POINT('',(9.836375673535,6.482982171799E-03));
#6386 = CARTESIAN_POINT('',(8.637419764461,6.482982171799E-03));
#6387 = CARTESIAN_POINT('',(7.438463770751,6.482982171799E-03));
#6388 = CARTESIAN_POINT('',(6.239507803936,6.482982171799E-03));
#6389 = CARTESIAN_POINT('',(5.040551776472,6.482982171799E-03));
#6390 = ( GEOMETRIC_REPRESENTATION_CONTEXT(2) 
PARAMETRIC_REPRESENTATION_CONTEXT() REPRESENTATION_CONTEXT('2D SPACE',''
  ) );
#6391 = PCURVE('',#4420,#6392);
#6392 = DEFINITIONAL_REPRESENTATION('',(#6393),#6404);
#6393 = B_SPLINE_CURVE_WITH_KNOTS('',5,(#6394,#6395,#6396,#6397,#6398,
    #6399,#6400,#6401,#6402,#6403),.UNSPECIFIED.,.F.,.F.,(6,4,6),(0.,
    0.482988077533,1.),.UNSPECIFIED.);
#6394 = CARTESIAN_POINT('',(128.49003832638,23.999570802823));
#6395 = CARTESIAN_POINT('',(129.60237450923,23.883783816804));
#6396 = CARTESIAN_POINT('',(130.71459707885,23.76690529269));
#6397 = CARTESIAN_POINT('',(131.82670261702,23.648916714062));
#6398 = CARTESIAN_POINT('',(132.9386875959,23.529799180771));
#6399 = CARTESIAN_POINT('',(135.24073361683,23.28079557711));
#6400 = CARTESIAN_POINT('',(136.43077645182,23.150741414));
#6401 = CARTESIAN_POINT('',(137.62067188776,23.019343342516));
#6402 = CARTESIAN_POINT('',(138.81041509348,22.886575694217));
#6403 = CARTESIAN_POINT('',(140.,22.752405020085));
#6404 = ( GEOMETRIC_REPRESENTATION_CONTEXT(2) 
PARAMETRIC_REPRESENTATION_CONTEXT() REPRESENTATION_CONTEXT('2D SPACE',''
  ) );
#6405 = ADVANCED_FACE('',(#6406),#4420,.T.);
#6406 = FACE_BOUND('',#6407,.T.);
#6407 = EDGE_LOOP('',(#6408,#6431,#6458,#6459));
#6408 = ORIENTED_EDGE('',*,*,#6409,.F.);
#6409 = EDGE_CURVE('',#6410,#4379,#6412,.T.);
#6410 = VERTEX_POINT('',#6411);
#6411 = CARTESIAN_POINT('',(1.488490038326E+03,22.,328.));
#6412 = SURFACE_CURVE('',#6413,(#6417,#6424),.PCURVE_S1.);
#6413 = LINE('',#6414,#6415);
#6414 = CARTESIAN_POINT('',(1.36E+03,22.,328.));
#6415 = VECTOR('',#6416,1.);
#6416 = DIRECTION('',(1.,0.,-0.));
#6417 = PCURVE('',#4420,#6418);
#6418 = DEFINITIONAL_REPRESENTATION('',(#6419),#6423);
#6419 = LINE('',#6420,#6421);
#6420 = CARTESIAN_POINT('',(0.,44.));
#6421 = VECTOR('',#6422,1.);
#6422 = DIRECTION('',(1.,0.));
#6423 = ( GEOMETRIC_REPRESENTATION_CONTEXT(2) 
PARAMETRIC_REPRESENTATION_CONTEXT() REPRESENTATION_CONTEXT('2D SPACE',''
  ) );
#6424 = PCURVE('',#4394,#6425);
#6425 = DEFINITIONAL_REPRESENTATION('',(#6426),#6430);
#6426 = LINE('',#6427,#6428);
#6427 = CARTESIAN_POINT('',(43.,0.));
#6428 = VECTOR('',#6429,1.);
#6429 = DIRECTION('',(0.,1.));
#6430 = ( GEOMETRIC_REPRESENTATION_CONTEXT(2) 
PARAMETRIC_REPRESENTATION_CONTEXT() REPRESENTATION_CONTEXT('2D SPACE',''
  ) );
#6431 = ORIENTED_EDGE('',*,*,#6432,.F.);
#6432 = EDGE_CURVE('',#4437,#6410,#6433,.T.);
#6433 = SURFACE_CURVE('',#6434,(#6440,#6449),.PCURVE_S1.);
#6434 = B_SPLINE_CURVE_WITH_KNOTS('',4,(#6435,#6436,#6437,#6438,#6439),
  .UNSPECIFIED.,.F.,.F.,(5,5),(0.,1.),.PIECEWISE_BEZIER_KNOTS.);
#6435 = CARTESIAN_POINT('',(1.488490038326E+03,-22.,328.));
#6436 = CARTESIAN_POINT('',(1.488490038326E+03,-11.,328.));
#6437 = CARTESIAN_POINT('',(1.488490038326E+03,-5.329070518201E-14,328.)
  );
#6438 = CARTESIAN_POINT('',(1.488490038326E+03,11.,328.));
#6439 = CARTESIAN_POINT('',(1.488490038326E+03,22.,328.));
#6440 = PCURVE('',#4420,#6441);
#6441 = DEFINITIONAL_REPRESENTATION('',(#6442),#6448);
#6442 = B_SPLINE_CURVE_WITH_KNOTS('',4,(#6443,#6444,#6445,#6446,#6447),
  .UNSPECIFIED.,.F.,.F.,(5,5),(0.,1.),.PIECEWISE_BEZIER_KNOTS.);
#6443 = CARTESIAN_POINT('',(128.49003832638,0.));
#6444 = CARTESIAN_POINT('',(128.49003832638,11.));
#6445 = CARTESIAN_POINT('',(128.49003832638,22.));
#6446 = CARTESIAN_POINT('',(128.49003832638,33.));
#6447 = CARTESIAN_POINT('',(128.49003832638,44.));
#6448 = ( GEOMETRIC_REPRESENTATION_CONTEXT(2) 
PARAMETRIC_REPRESENTATION_CONTEXT() REPRESENTATION_CONTEXT('2D SPACE',''
  ) );
#6449 = PCURVE('',#4218,#6450);
#6450 = DEFINITIONAL_REPRESENTATION('',(#6451),#6457);
#6451 = B_SPLINE_CURVE_WITH_KNOTS('',4,(#6452,#6453,#6454,#6455,#6456),
  .UNSPECIFIED.,.F.,.F.,(5,5),(0.,1.),.PIECEWISE_BEZIER_KNOTS.);
#6452 = CARTESIAN_POINT('',(16.610245170678,0.465625));
#6453 = CARTESIAN_POINT('',(16.610245170678,0.4828125));
#6454 = CARTESIAN_POINT('',(16.610245170678,0.5));
#6455 = CARTESIAN_POINT('',(16.610245170678,0.5171875));
#6456 = CARTESIAN_POINT('',(16.610245170678,0.534375));
#6457 = ( GEOMETRIC_REPRESENTATION_CONTEXT(2) 
PARAMETRIC_REPRESENTATION_CONTEXT() REPRESENTATION_CONTEXT('2D SPACE',''
  ) );
#6458 = ORIENTED_EDGE('',*,*,#6364,.T.);
#6459 = ORIENTED_EDGE('',*,*,#4406,.T.);
#6460 = ADVANCED_FACE('',(#6461),#4394,.T.);
#6461 = FACE_BOUND('',#6462,.T.);
#6462 = EDGE_LOOP('',(#6463,#6464,#6503));
#6463 = ORIENTED_EDGE('',*,*,#4378,.F.);
#6464 = ORIENTED_EDGE('',*,*,#6465,.F.);
#6465 = EDGE_CURVE('',#6410,#4199,#6466,.T.);
#6466 = SURFACE_CURVE('',#6467,(#6477,#6490),.PCURVE_S1.);
#6467 = B_SPLINE_CURVE_WITH_KNOTS('',8,(#6468,#6469,#6470,#6471,#6472,
    #6473,#6474,#6475,#6476),.UNSPECIFIED.,.F.,.F.,(9,9),(0.,1.),
  .PIECEWISE_BEZIER_KNOTS.);
#6468 = CARTESIAN_POINT('',(1.488490038326E+03,22.,328.));
#6469 = CARTESIAN_POINT('',(1.489929431465E+03,22.,327.85014268906));
#6470 = CARTESIAN_POINT('',(1.491368650648E+03,22.,327.6986146838));
#6471 = CARTESIAN_POINT('',(1.492807691169E+03,22.,327.54539272783));
#6472 = CARTESIAN_POINT('',(1.49424654643E+03,22.,327.39043710809));
#6473 = CARTESIAN_POINT('',(1.495685212413E+03,22.,327.23373275566));
#6474 = CARTESIAN_POINT('',(1.497123680898E+03,22.,327.07522874132));
#6475 = CARTESIAN_POINT('',(1.498561945995E+03,22.,326.91489655596));
#6476 = CARTESIAN_POINT('',(1.5E+03,22.,326.7526928737));
#6477 = PCURVE('',#4394,#6478);
#6478 = DEFINITIONAL_REPRESENTATION('',(#6479),#6489);
#6479 = B_SPLINE_CURVE_WITH_KNOTS('',8,(#6480,#6481,#6482,#6483,#6484,
    #6485,#6486,#6487,#6488),.UNSPECIFIED.,.F.,.F.,(9,9),(0.,1.),
  .PIECEWISE_BEZIER_KNOTS.);
#6480 = CARTESIAN_POINT('',(43.,128.49003832638));
#6481 = CARTESIAN_POINT('',(42.850142689062,129.92943146451));
#6482 = CARTESIAN_POINT('',(42.6986146838,131.3686506478));
#6483 = CARTESIAN_POINT('',(42.545392727837,132.80769116918));
#6484 = CARTESIAN_POINT('',(42.390437108092,134.24654643023));
#6485 = CARTESIAN_POINT('',(42.233732755667,135.68521241299));
#6486 = CARTESIAN_POINT('',(42.07522874132,137.1236808983));
#6487 = CARTESIAN_POINT('',(41.914896555967,138.5619459951));
#6488 = CARTESIAN_POINT('',(41.752692873706,140.));
#6489 = ( GEOMETRIC_REPRESENTATION_CONTEXT(2) 
PARAMETRIC_REPRESENTATION_CONTEXT() REPRESENTATION_CONTEXT('2D SPACE',''
  ) );
#6490 = PCURVE('',#4218,#6491);
#6491 = DEFINITIONAL_REPRESENTATION('',(#6492),#6502);
#6492 = B_SPLINE_CURVE_WITH_KNOTS('',8,(#6493,#6494,#6495,#6496,#6497,
    #6498,#6499,#6500,#6501),.UNSPECIFIED.,.F.,.F.,(9,9),(0.,1.),
  .PIECEWISE_BEZIER_KNOTS.);
#6493 = CARTESIAN_POINT('',(16.610245170677,0.534375));
#6494 = CARTESIAN_POINT('',(15.163072692051,0.534375));
#6495 = CARTESIAN_POINT('',(13.715900206292,0.534375));
#6496 = CARTESIAN_POINT('',(12.268727785446,0.534375));
#6497 = CARTESIAN_POINT('',(10.821555109739,0.534375));
#6498 = CARTESIAN_POINT('',(9.374382684783,0.534375));
#6499 = CARTESIAN_POINT('',(7.92721004372,0.534375));
#6500 = CARTESIAN_POINT('',(6.480037469331,0.534375));
#6501 = CARTESIAN_POINT('',(5.032864820511,0.534375));
#6502 = ( GEOMETRIC_REPRESENTATION_CONTEXT(2) 
PARAMETRIC_REPRESENTATION_CONTEXT() REPRESENTATION_CONTEXT('2D SPACE',''
  ) );
#6503 = ORIENTED_EDGE('',*,*,#6409,.T.);
#6504 = ADVANCED_FACE('',(#6505),#4218,.T.);
#6505 = FACE_BOUND('',#6506,.T.);
#6506 = EDGE_LOOP('',(#6507,#6508,#6509,#6510));
#6507 = ORIENTED_EDGE('',*,*,#4198,.F.);
#6508 = ORIENTED_EDGE('',*,*,#4436,.F.);
#6509 = ORIENTED_EDGE('',*,*,#6432,.T.);
#6510 = ORIENTED_EDGE('',*,*,#6465,.T.);
#6511 = MANIFOLD_SOLID_BREP('',#6512);
#6512 = CLOSED_SHELL('',(#6513,#7058,#7105,#7110));
#6513 = ADVANCED_FACE('',(#6514),#6600,.F.);
#6514 = FACE_BOUND('',#6515,.F.);
#6515 = EDGE_LOOP('',(#6516,#6841,#6867,#7039));
#6516 = ORIENTED_EDGE('',*,*,#6517,.T.);
#6517 = EDGE_CURVE('',#6518,#6520,#6522,.T.);
#6518 = VERTEX_POINT('',#6519);
#6519 = CARTESIAN_POINT('',(1.505E+03,-320.,326.1785));
#6520 = VERTEX_POINT('',#6521);
#6521 = CARTESIAN_POINT('',(1.505E+03,-320.,325.8215));
#6522 = SURFACE_CURVE('',#6523,(#6599,#6757),.PCURVE_S1.);
#6523 = B_SPLINE_CURVE_WITH_KNOTS('',3,(#6524,#6525,#6526,#6527,#6528,
    #6529,#6530,#6531,#6532,#6533,#6534,#6535,#6536,#6537,#6538,#6539,
    #6540,#6541,#6542,#6543,#6544,#6545,#6546,#6547,#6548,#6549,#6550,
    #6551,#6552,#6553,#6554,#6555,#6556,#6557,#6558,#6559,#6560,#6561,
    #6562,#6563,#6564,#6565,#6566,#6567,#6568,#6569,#6570,#6571,#6572,
    #6573,#6574,#6575,#6576,#6577,#6578,#6579,#6580,#6581,#6582,#6583,
    #6584,#6585,#6586,#6587,#6588,#6589,#6590,#6591,#6592,#6593,#6594,
    #6595,#6596,#6597,#6598),.UNSPECIFIED.,.F.,.F.,(4,1,1,1,1,1,1,1,1,1,
    1,1,1,1,1,1,1,1,1,1,1,1,1,1,1,1,1,1,1,1,1,1,1,1,1,1,1,1,1,1,1,1,1,1,
    1,1,1,1,1,1,1,1,1,1,1,1,1,1,1,1,1,1,1,1,1,1,1,1,1,1,1,1,4),(0.,
    0.325649012239,1.300056467361,2.915628577805,5.159791107265,
    8.015108786077,11.459445769691,15.466161823501,20.004339025744,
    25.039034567447,30.531556447672,36.439760227956,42.718366268848,
    49.319297844643,56.192041117745,63.284028099775,70.541043396594,
    77.907654691178,85.327665539508,92.744587182818,100.10212388634,
    107.34466414756,114.41776850165,121.26864423519,127.84659877246,
    134.10346742426,139.99401813761,145.47634661345,150.51229145019,
    155.06792565481,159.11423098528,162.62817063658,165.59464524501,
    168.01056103307,169.8944974134,171.31236943151,172.44006681077,
    173.56776419002,174.98563620813,176.86957258847,179.28548837652,
    182.25196298496,185.76590263625,189.81220796672,194.36784217134,
    199.40378700808,204.88611548392,210.77666619727,217.03353484908,
    223.61148938634,230.46236511989,237.53546947397,244.7780097352,
    252.13554643872,259.55246808203,266.97247893036,274.33909022494,
    281.59610552176,288.68809250379,295.5608357769,302.16176735269,
    308.44037339358,314.34857717387,319.84109905409,324.87579459579,
    329.41397179804,333.42068785185,336.86502483546,339.72034251427,
    341.96450504373,343.58007715418,344.5544846093,344.88013362154),
  .UNSPECIFIED.);
#6524 = CARTESIAN_POINT('',(1.505E+03,-320.,326.1785));
#6525 = CARTESIAN_POINT('',(1.504892184823E+03,-320.,326.19110628817));
#6526 = CARTESIAN_POINT('',(1.504461758072E+03,-320.,326.24137464402));
#6527 = CARTESIAN_POINT('',(1.50349638179E+03,-320.,326.35358949818));
#6528 = CARTESIAN_POINT('',(1.501895580669E+03,-320.,326.5379398007));
#6529 = CARTESIAN_POINT('',(1.499671529689E+03,-320.,326.79055962983));
#6530 = CARTESIAN_POINT('',(1.49684114598E+03,-320.,327.10630987689));
#6531 = CARTESIAN_POINT('',(1.493425961618E+03,-320.,327.47901101594));
#6532 = CARTESIAN_POINT('',(1.489451961133E+03,-320.,327.90169089023));
#6533 = CARTESIAN_POINT('',(1.484949384714E+03,-320.,328.36681877576));
#6534 = CARTESIAN_POINT('',(1.479952498459E+03,-320.,328.86650006624));
#6535 = CARTESIAN_POINT('',(1.474499333384E+03,-320.,329.39261255209));
#6536 = CARTESIAN_POINT('',(1.468631395215E+03,-320.,329.93687468706));
#6537 = CARTESIAN_POINT('',(1.462393347297E+03,-320.,330.49084718226));
#6538 = CARTESIAN_POINT('',(1.455832669157E+03,-320.,331.04588028764));
#6539 = CARTESIAN_POINT('',(1.44899929348E+03,-320.,331.59302870016));
#6540 = CARTESIAN_POINT('',(1.441945224431E+03,-320.,332.12296282008));
#6541 = CARTESIAN_POINT('',(1.434724140387E+03,-320.,332.62590803391));
#6542 = CARTESIAN_POINT('',(1.427390984324E+03,-320.,333.09164227823));
#6543 = CARTESIAN_POINT('',(1.42000154517E+03,-320.,333.50957633021));
#6544 = CARTESIAN_POINT('',(1.412612033448E+03,-320.,333.86893164221));
#6545 = CARTESIAN_POINT('',(1.40527865445E+03,-320.,334.15901815936));
#6546 = CARTESIAN_POINT('',(1.398057181958E+03,-320.,334.36960089351));
#6547 = CARTESIAN_POINT('',(1.391002535244E+03,-320.,334.49133073577));
#6548 = CARTESIAN_POINT('',(1.38416836158E+03,-320.,334.51620381467));
#6549 = CARTESIAN_POINT('',(1.377606626325E+03,-320.,334.43800601144));
#6550 = CARTESIAN_POINT('',(1.371367211059E+03,-320.,334.2526967746));
#6551 = CARTESIAN_POINT('',(1.365497522645E+03,-320.,333.95868785431));
#6552 = CARTESIAN_POINT('',(1.360042102729E+03,-320.,333.55698501262));
#6553 = CARTESIAN_POINT('',(1.355042261536E+03,-320.,333.05116031903));
#6554 = CARTESIAN_POINT('',(1.350535621219E+03,-320.,332.44718600698));
#6555 = CARTESIAN_POINT('',(1.346555845167E+03,-320.,331.75302771256));
#6556 = CARTESIAN_POINT('',(1.343131439093E+03,-320.,330.97837338244));
#6557 = CARTESIAN_POINT('',(1.34028639935E+03,-320.,330.13332864982));
#6558 = CARTESIAN_POINT('',(1.338032837314E+03,-320.,329.22878908113));
#6559 = CARTESIAN_POINT('',(1.336379411849E+03,-320.,328.26612223237));
#6560 = CARTESIAN_POINT('',(1.335290960333E+03,-320.,327.22688617646));
#6561 = CARTESIAN_POINT('',(1.334871103414E+03,-320.,326.));
#6562 = CARTESIAN_POINT('',(1.335290960333E+03,-320.,324.77311382353));
#6563 = CARTESIAN_POINT('',(1.336379411849E+03,-320.,323.73387776762));
#6564 = CARTESIAN_POINT('',(1.338032837314E+03,-320.,322.77121091886));
#6565 = CARTESIAN_POINT('',(1.34028639935E+03,-320.,321.86667135017));
#6566 = CARTESIAN_POINT('',(1.343131439093E+03,-320.,321.02162661755));
#6567 = CARTESIAN_POINT('',(1.346555845167E+03,-320.,320.24697228743));
#6568 = CARTESIAN_POINT('',(1.350535621219E+03,-320.,319.55281399301));
#6569 = CARTESIAN_POINT('',(1.355042261536E+03,-320.,318.94883968096));
#6570 = CARTESIAN_POINT('',(1.360042102729E+03,-320.,318.44301498737));
#6571 = CARTESIAN_POINT('',(1.365497522645E+03,-320.,318.04131214568));
#6572 = CARTESIAN_POINT('',(1.371367211059E+03,-320.,317.74730322539));
#6573 = CARTESIAN_POINT('',(1.377606626325E+03,-320.,317.56199398855));
#6574 = CARTESIAN_POINT('',(1.38416836158E+03,-320.,317.48379618532));
#6575 = CARTESIAN_POINT('',(1.391002535244E+03,-320.,317.50866926422));
#6576 = CARTESIAN_POINT('',(1.398057181958E+03,-320.,317.63039910648));
#6577 = CARTESIAN_POINT('',(1.40527865445E+03,-320.,317.84098184063));
#6578 = CARTESIAN_POINT('',(1.412612033448E+03,-320.,318.13106835778));
#6579 = CARTESIAN_POINT('',(1.42000154517E+03,-320.,318.49042366978));
#6580 = CARTESIAN_POINT('',(1.427390984324E+03,-320.,318.90835772176));
#6581 = CARTESIAN_POINT('',(1.434724140387E+03,-320.,319.37409196608));
#6582 = CARTESIAN_POINT('',(1.441945224431E+03,-320.,319.87703717991));
#6583 = CARTESIAN_POINT('',(1.44899929348E+03,-320.,320.40697129983));
#6584 = CARTESIAN_POINT('',(1.455832669157E+03,-320.,320.95411971235));
#6585 = CARTESIAN_POINT('',(1.462393347297E+03,-320.,321.50915281773));
#6586 = CARTESIAN_POINT('',(1.468631395215E+03,-320.,322.06312531293));
#6587 = CARTESIAN_POINT('',(1.474499333384E+03,-320.,322.6073874479));
#6588 = CARTESIAN_POINT('',(1.479952498459E+03,-320.,323.13349993375));
#6589 = CARTESIAN_POINT('',(1.484949384714E+03,-320.,323.63318122423));
#6590 = CARTESIAN_POINT('',(1.489451961133E+03,-320.,324.09830910976));
#6591 = CARTESIAN_POINT('',(1.493425961618E+03,-320.,324.52098898405));
#6592 = CARTESIAN_POINT('',(1.49684114598E+03,-320.,324.8936901231));
#6593 = CARTESIAN_POINT('',(1.499671529689E+03,-320.,325.20944037016));
#6594 = CARTESIAN_POINT('',(1.501895580669E+03,-320.,325.46206019929));
#6595 = CARTESIAN_POINT('',(1.50349638179E+03,-320.,325.64641050181));
#6596 = CARTESIAN_POINT('',(1.504461758072E+03,-320.,325.75862535597));
#6597 = CARTESIAN_POINT('',(1.504892184823E+03,-320.,325.80889371182));
#6598 = CARTESIAN_POINT('',(1.505E+03,-320.,325.8215));
#6599 = PCURVE('',#6600,#6751);
#6600 = B_SPLINE_SURFACE_WITH_KNOTS('',3,1,(
    (#6601,#6602)
    ,(#6603,#6604)
    ,(#6605,#6606)
    ,(#6607,#6608)
    ,(#6609,#6610)
    ,(#6611,#6612)
    ,(#6613,#6614)
    ,(#6615,#6616)
    ,(#6617,#6618)
    ,(#6619,#6620)
    ,(#6621,#6622)
    ,(#6623,#6624)
    ,(#6625,#6626)
    ,(#6627,#6628)
    ,(#6629,#6630)
    ,(#6631,#6632)
    ,(#6633,#6634)
    ,(#6635,#6636)
    ,(#6637,#6638)
    ,(#6639,#6640)
    ,(#6641,#6642)
    ,(#6643,#6644)
    ,(#6645,#6646)
    ,(#6647,#6648)
    ,(#6649,#6650)
    ,(#6651,#6652)
    ,(#6653,#6654)
    ,(#6655,#6656)
    ,(#6657,#6658)
    ,(#6659,#6660)
    ,(#6661,#6662)
    ,(#6663,#6664)
    ,(#6665,#6666)
    ,(#6667,#6668)
    ,(#6669,#6670)
    ,(#6671,#6672)
    ,(#6673,#6674)
    ,(#6675,#6676)
    ,(#6677,#6678)
    ,(#6679,#6680)
    ,(#6681,#6682)
    ,(#6683,#6684)
    ,(#6685,#6686)
    ,(#6687,#6688)
    ,(#6689,#6690)
    ,(#6691,#6692)
    ,(#6693,#6694)
    ,(#6695,#6696)
    ,(#6697,#6698)
    ,(#6699,#6700)
    ,(#6701,#6702)
    ,(#6703,#6704)
    ,(#6705,#6706)
    ,(#6707,#6708)
    ,(#6709,#6710)
    ,(#6711,#6712)
    ,(#6713,#6714)
    ,(#6715,#6716)
    ,(#6717,#6718)
    ,(#6719,#6720)
    ,(#6721,#6722)
    ,(#6723,#6724)
    ,(#6725,#6726)
    ,(#6727,#6728)
    ,(#6729,#6730)
    ,(#6731,#6732)
    ,(#6733,#6734)
    ,(#6735,#6736)
    ,(#6737,#6738)
    ,(#6739,#6740)
    ,(#6741,#6742)
    ,(#6743,#6744)
    ,(#6745,#6746)
    ,(#6747,#6748)
    ,(#6749,#6750
    )),.UNSPECIFIED.,.F.,.F.,.F.,(4,1,1,1,1,1,1,1,1,1,1,1,1,1,1,1,1,1,1,
    1,1,1,1,1,1,1,1,1,1,1,1,1,1,1,1,1,1,1,1,1,1,1,1,1,1,1,1,1,1,1,1,1,1,
    1,1,1,1,1,1,1,1,1,1,1,1,1,1,1,1,1,1,1,4),(2,2),(0.,0.325649012239,
    1.300056467361,2.915628577805,5.159791107265,8.015108786077,
    11.459445769691,15.466161823501,20.004339025744,25.039034567447,
    30.531556447672,36.439760227956,42.718366268848,49.319297844643,
    56.192041117745,63.284028099775,70.541043396594,77.907654691178,
    85.327665539508,92.744587182818,100.10212388634,107.34466414756,
    114.41776850165,121.26864423519,127.84659877246,134.10346742426,
    139.99401813761,145.47634661345,150.51229145019,155.06792565481,
    159.11423098528,162.62817063658,165.59464524501,168.01056103307,
    169.8944974134,171.31236943151,172.44006681077,173.56776419002,
    174.98563620813,176.86957258847,179.28548837652,182.25196298496,
    185.76590263625,189.81220796672,194.36784217134,199.40378700808,
    204.88611548392,210.77666619727,217.03353484908,223.61148938634,
    230.46236511989,237.53546947397,244.7780097352,252.13554643872,
    259.55246808203,266.97247893036,274.33909022494,281.59610552176,
    288.68809250379,295.5608357769,302.16176735269,308.44037339358,
    314.34857717387,319.84109905409,324.87579459579,329.41397179804,
    333.42068785185,336.86502483546,339.72034251427,341.96450504373,
    343.58007715418,344.5544846093,344.88013362154),(0.,1.),
  .UNSPECIFIED.);
#6601 = CARTESIAN_POINT('',(1.505E+03,-320.,326.1785));
#6602 = CARTESIAN_POINT('',(1.505E+03,320.,326.1785));
#6603 = CARTESIAN_POINT('',(1.504892184823E+03,-320.,326.19110628817));
#6604 = CARTESIAN_POINT('',(1.504892184823E+03,320.,326.19110628817));
#6605 = CARTESIAN_POINT('',(1.504461758072E+03,-320.,326.24137464402));
#6606 = CARTESIAN_POINT('',(1.504461758072E+03,320.,326.24137464402));
#6607 = CARTESIAN_POINT('',(1.50349638179E+03,-320.,326.35358949818));
#6608 = CARTESIAN_POINT('',(1.50349638179E+03,320.,326.35358949818));
#6609 = CARTESIAN_POINT('',(1.501895580669E+03,-320.,326.5379398007));
#6610 = CARTESIAN_POINT('',(1.501895580669E+03,320.,326.5379398007));
#6611 = CARTESIAN_POINT('',(1.499671529689E+03,-320.,326.79055962983));
#6612 = CARTESIAN_POINT('',(1.499671529689E+03,320.,326.79055962983));
#6613 = CARTESIAN_POINT('',(1.49684114598E+03,-320.,327.10630987689));
#6614 = CARTESIAN_POINT('',(1.49684114598E+03,320.,327.10630987689));
#6615 = CARTESIAN_POINT('',(1.493425961618E+03,-320.,327.47901101594));
#6616 = CARTESIAN_POINT('',(1.493425961618E+03,320.,327.47901101594));
#6617 = CARTESIAN_POINT('',(1.489451961133E+03,-320.,327.90169089023));
#6618 = CARTESIAN_POINT('',(1.489451961133E+03,320.,327.90169089023));
#6619 = CARTESIAN_POINT('',(1.484949384714E+03,-320.,328.36681877576));
#6620 = CARTESIAN_POINT('',(1.484949384714E+03,320.,328.36681877576));
#6621 = CARTESIAN_POINT('',(1.479952498459E+03,-320.,328.86650006624));
#6622 = CARTESIAN_POINT('',(1.479952498459E+03,320.,328.86650006624));
#6623 = CARTESIAN_POINT('',(1.474499333384E+03,-320.,329.39261255209));
#6624 = CARTESIAN_POINT('',(1.474499333384E+03,320.,329.39261255209));
#6625 = CARTESIAN_POINT('',(1.468631395215E+03,-320.,329.93687468706));
#6626 = CARTESIAN_POINT('',(1.468631395215E+03,320.,329.93687468706));
#6627 = CARTESIAN_POINT('',(1.462393347297E+03,-320.,330.49084718226));
#6628 = CARTESIAN_POINT('',(1.462393347297E+03,320.,330.49084718226));
#6629 = CARTESIAN_POINT('',(1.455832669157E+03,-320.,331.04588028764));
#6630 = CARTESIAN_POINT('',(1.455832669157E+03,320.,331.04588028764));
#6631 = CARTESIAN_POINT('',(1.44899929348E+03,-320.,331.59302870016));
#6632 = CARTESIAN_POINT('',(1.44899929348E+03,320.,331.59302870016));
#6633 = CARTESIAN_POINT('',(1.441945224431E+03,-320.,332.12296282008));
#6634 = CARTESIAN_POINT('',(1.441945224431E+03,320.,332.12296282008));
#6635 = CARTESIAN_POINT('',(1.434724140387E+03,-320.,332.62590803391));
#6636 = CARTESIAN_POINT('',(1.434724140387E+03,320.,332.62590803391));
#6637 = CARTESIAN_POINT('',(1.427390984324E+03,-320.,333.09164227823));
#6638 = CARTESIAN_POINT('',(1.427390984324E+03,320.,333.09164227823));
#6639 = CARTESIAN_POINT('',(1.42000154517E+03,-320.,333.50957633021));
#6640 = CARTESIAN_POINT('',(1.42000154517E+03,320.,333.50957633021));
#6641 = CARTESIAN_POINT('',(1.412612033448E+03,-320.,333.86893164221));
#6642 = CARTESIAN_POINT('',(1.412612033448E+03,320.,333.86893164221));
#6643 = CARTESIAN_POINT('',(1.40527865445E+03,-320.,334.15901815936));
#6644 = CARTESIAN_POINT('',(1.40527865445E+03,320.,334.15901815936));
#6645 = CARTESIAN_POINT('',(1.398057181958E+03,-320.,334.36960089351));
#6646 = CARTESIAN_POINT('',(1.398057181958E+03,320.,334.36960089351));
#6647 = CARTESIAN_POINT('',(1.391002535244E+03,-320.,334.49133073577));
#6648 = CARTESIAN_POINT('',(1.391002535244E+03,320.,334.49133073577));
#6649 = CARTESIAN_POINT('',(1.38416836158E+03,-320.,334.51620381467));
#6650 = CARTESIAN_POINT('',(1.38416836158E+03,320.,334.51620381467));
#6651 = CARTESIAN_POINT('',(1.377606626325E+03,-320.,334.43800601144));
#6652 = CARTESIAN_POINT('',(1.377606626325E+03,320.,334.43800601144));
#6653 = CARTESIAN_POINT('',(1.371367211059E+03,-320.,334.2526967746));
#6654 = CARTESIAN_POINT('',(1.371367211059E+03,320.,334.2526967746));
#6655 = CARTESIAN_POINT('',(1.365497522645E+03,-320.,333.95868785431));
#6656 = CARTESIAN_POINT('',(1.365497522645E+03,320.,333.95868785431));
#6657 = CARTESIAN_POINT('',(1.360042102729E+03,-320.,333.55698501262));
#6658 = CARTESIAN_POINT('',(1.360042102729E+03,320.,333.55698501262));
#6659 = CARTESIAN_POINT('',(1.355042261536E+03,-320.,333.05116031903));
#6660 = CARTESIAN_POINT('',(1.355042261536E+03,320.,333.05116031903));
#6661 = CARTESIAN_POINT('',(1.350535621219E+03,-320.,332.44718600698));
#6662 = CARTESIAN_POINT('',(1.350535621219E+03,320.,332.44718600698));
#6663 = CARTESIAN_POINT('',(1.346555845167E+03,-320.,331.75302771256));
#6664 = CARTESIAN_POINT('',(1.346555845167E+03,320.,331.75302771256));
#6665 = CARTESIAN_POINT('',(1.343131439093E+03,-320.,330.97837338244));
#6666 = CARTESIAN_POINT('',(1.343131439093E+03,320.,330.97837338244));
#6667 = CARTESIAN_POINT('',(1.34028639935E+03,-320.,330.13332864982));
#6668 = CARTESIAN_POINT('',(1.34028639935E+03,320.,330.13332864982));
#6669 = CARTESIAN_POINT('',(1.338032837314E+03,-320.,329.22878908113));
#6670 = CARTESIAN_POINT('',(1.338032837314E+03,320.,329.22878908113));
#6671 = CARTESIAN_POINT('',(1.336379411849E+03,-320.,328.26612223237));
#6672 = CARTESIAN_POINT('',(1.336379411849E+03,320.,328.26612223237));
#6673 = CARTESIAN_POINT('',(1.335290960333E+03,-320.,327.22688617646));
#6674 = CARTESIAN_POINT('',(1.335290960333E+03,320.,327.22688617646));
#6675 = CARTESIAN_POINT('',(1.334871103414E+03,-320.,326.));
#6676 = CARTESIAN_POINT('',(1.334871103414E+03,320.,326.));
#6677 = CARTESIAN_POINT('',(1.335290960333E+03,-320.,324.77311382353));
#6678 = CARTESIAN_POINT('',(1.335290960333E+03,320.,324.77311382353));
#6679 = CARTESIAN_POINT('',(1.336379411849E+03,-320.,323.73387776762));
#6680 = CARTESIAN_POINT('',(1.336379411849E+03,320.,323.73387776762));
#6681 = CARTESIAN_POINT('',(1.338032837314E+03,-320.,322.77121091886));
#6682 = CARTESIAN_POINT('',(1.338032837314E+03,320.,322.77121091886));
#6683 = CARTESIAN_POINT('',(1.34028639935E+03,-320.,321.86667135017));
#6684 = CARTESIAN_POINT('',(1.34028639935E+03,320.,321.86667135017));
#6685 = CARTESIAN_POINT('',(1.343131439093E+03,-320.,321.02162661755));
#6686 = CARTESIAN_POINT('',(1.343131439093E+03,320.,321.02162661755));
#6687 = CARTESIAN_POINT('',(1.346555845167E+03,-320.,320.24697228743));
#6688 = CARTESIAN_POINT('',(1.346555845167E+03,320.,320.24697228743));
#6689 = CARTESIAN_POINT('',(1.350535621219E+03,-320.,319.55281399301));
#6690 = CARTESIAN_POINT('',(1.350535621219E+03,320.,319.55281399301));
#6691 = CARTESIAN_POINT('',(1.355042261536E+03,-320.,318.94883968096));
#6692 = CARTESIAN_POINT('',(1.355042261536E+03,320.,318.94883968096));
#6693 = CARTESIAN_POINT('',(1.360042102729E+03,-320.,318.44301498737));
#6694 = CARTESIAN_POINT('',(1.360042102729E+03,320.,318.44301498737));
#6695 = CARTESIAN_POINT('',(1.365497522645E+03,-320.,318.04131214568));
#6696 = CARTESIAN_POINT('',(1.365497522645E+03,320.,318.04131214568));
#6697 = CARTESIAN_POINT('',(1.371367211059E+03,-320.,317.74730322539));
#6698 = CARTESIAN_POINT('',(1.371367211059E+03,320.,317.74730322539));
#6699 = CARTESIAN_POINT('',(1.377606626325E+03,-320.,317.56199398855));
#6700 = CARTESIAN_POINT('',(1.377606626325E+03,320.,317.56199398855));
#6701 = CARTESIAN_POINT('',(1.38416836158E+03,-320.,317.48379618532));
#6702 = CARTESIAN_POINT('',(1.38416836158E+03,320.,317.48379618532));
#6703 = CARTESIAN_POINT('',(1.391002535244E+03,-320.,317.50866926422));
#6704 = CARTESIAN_POINT('',(1.391002535244E+03,320.,317.50866926422));
#6705 = CARTESIAN_POINT('',(1.398057181958E+03,-320.,317.63039910648));
#6706 = CARTESIAN_POINT('',(1.398057181958E+03,320.,317.63039910648));
#6707 = CARTESIAN_POINT('',(1.40527865445E+03,-320.,317.84098184063));
#6708 = CARTESIAN_POINT('',(1.40527865445E+03,320.,317.84098184063));
#6709 = CARTESIAN_POINT('',(1.412612033448E+03,-320.,318.13106835778));
#6710 = CARTESIAN_POINT('',(1.412612033448E+03,320.,318.13106835778));
#6711 = CARTESIAN_POINT('',(1.42000154517E+03,-320.,318.49042366978));
#6712 = CARTESIAN_POINT('',(1.42000154517E+03,320.,318.49042366978));
#6713 = CARTESIAN_POINT('',(1.427390984324E+03,-320.,318.90835772176));
#6714 = CARTESIAN_POINT('',(1.427390984324E+03,320.,318.90835772176));
#6715 = CARTESIAN_POINT('',(1.434724140387E+03,-320.,319.37409196608));
#6716 = CARTESIAN_POINT('',(1.434724140387E+03,320.,319.37409196608));
#6717 = CARTESIAN_POINT('',(1.441945224431E+03,-320.,319.87703717991));
#6718 = CARTESIAN_POINT('',(1.441945224431E+03,320.,319.87703717991));
#6719 = CARTESIAN_POINT('',(1.44899929348E+03,-320.,320.40697129983));
#6720 = CARTESIAN_POINT('',(1.44899929348E+03,320.,320.40697129983));
#6721 = CARTESIAN_POINT('',(1.455832669157E+03,-320.,320.95411971235));
#6722 = CARTESIAN_POINT('',(1.455832669157E+03,320.,320.95411971235));
#6723 = CARTESIAN_POINT('',(1.462393347297E+03,-320.,321.50915281773));
#6724 = CARTESIAN_POINT('',(1.462393347297E+03,320.,321.50915281773));
#6725 = CARTESIAN_POINT('',(1.468631395215E+03,-320.,322.06312531293));
#6726 = CARTESIAN_POINT('',(1.468631395215E+03,320.,322.06312531293));
#6727 = CARTESIAN_POINT('',(1.474499333384E+03,-320.,322.6073874479));
#6728 = CARTESIAN_POINT('',(1.474499333384E+03,320.,322.6073874479));
#6729 = CARTESIAN_POINT('',(1.479952498459E+03,-320.,323.13349993375));
#6730 = CARTESIAN_POINT('',(1.479952498459E+03,320.,323.13349993375));
#6731 = CARTESIAN_POINT('',(1.484949384714E+03,-320.,323.63318122423));
#6732 = CARTESIAN_POINT('',(1.484949384714E+03,320.,323.63318122423));
#6733 = CARTESIAN_POINT('',(1.489451961133E+03,-320.,324.09830910976));
#6734 = CARTESIAN_POINT('',(1.489451961133E+03,320.,324.09830910976));
#6735 = CARTESIAN_POINT('',(1.493425961618E+03,-320.,324.52098898405));
#6736 = CARTESIAN_POINT('',(1.493425961618E+03,320.,324.52098898405));
#6737 = CARTESIAN_POINT('',(1.49684114598E+03,-320.,324.8936901231));
#6738 = CARTESIAN_POINT('',(1.49684114598E+03,320.,324.8936901231));
#6739 = CARTESIAN_POINT('',(1.499671529689E+03,-320.,325.20944037016));
#6740 = CARTESIAN_POINT('',(1.499671529689E+03,320.,325.20944037016));
#6741 = CARTESIAN_POINT('',(1.501895580669E+03,-320.,325.46206019929));
#6742 = CARTESIAN_POINT('',(1.501895580669E+03,320.,325.46206019929));
#6743 = CARTESIAN_POINT('',(1.50349638179E+03,-320.,325.64641050181));
#6744 = CARTESIAN_POINT('',(1.50349638179E+03,320.,325.64641050181));
#6745 = CARTESIAN_POINT('',(1.504461758072E+03,-320.,325.75862535597));
#6746 = CARTESIAN_POINT('',(1.504461758072E+03,320.,325.75862535597));
#6747 = CARTESIAN_POINT('',(1.504892184823E+03,-320.,325.80889371182));
#6748 = CARTESIAN_POINT('',(1.504892184823E+03,320.,325.80889371182));
#6749 = CARTESIAN_POINT('',(1.505E+03,-320.,325.8215));
#6750 = CARTESIAN_POINT('',(1.505E+03,320.,325.8215));
#6751 = DEFINITIONAL_REPRESENTATION('',(#6752),#6756);
#6752 = LINE('',#6753,#6754);
#6753 = CARTESIAN_POINT('',(0.,0.));
#6754 = VECTOR('',#6755,1.);
#6755 = DIRECTION('',(1.,0.));
#6756 = ( GEOMETRIC_REPRESENTATION_CONTEXT(2) 
PARAMETRIC_REPRESENTATION_CONTEXT() REPRESENTATION_CONTEXT('2D SPACE',''
  ) );
#6757 = PCURVE('',#6758,#6763);
#6758 = PLANE('',#6759);
#6759 = AXIS2_PLACEMENT_3D('',#6760,#6761,#6762);
#6760 = CARTESIAN_POINT('',(1.505E+03,-320.,326.1785));
#6761 = DIRECTION('',(3.253735750689E-16,-1.,8.570930527091E-15));
#6762 = DIRECTION('',(-0.99999944875,-3.343728677994E-16,
    -1.049999421189E-03));
#6763 = DEFINITIONAL_REPRESENTATION('',(#6764),#6840);
#6764 = B_SPLINE_CURVE_WITH_KNOTS('',3,(#6765,#6766,#6767,#6768,#6769,
    #6770,#6771,#6772,#6773,#6774,#6775,#6776,#6777,#6778,#6779,#6780,
    #6781,#6782,#6783,#6784,#6785,#6786,#6787,#6788,#6789,#6790,#6791,
    #6792,#6793,#6794,#6795,#6796,#6797,#6798,#6799,#6800,#6801,#6802,
    #6803,#6804,#6805,#6806,#6807,#6808,#6809,#6810,#6811,#6812,#6813,
    #6814,#6815,#6816,#6817,#6818,#6819,#6820,#6821,#6822,#6823,#6824,
    #6825,#6826,#6827,#6828,#6829,#6830,#6831,#6832,#6833,#6834,#6835,
    #6836,#6837,#6838,#6839),.UNSPECIFIED.,.F.,.F.,(4,1,1,1,1,1,1,1,1,1,
    1,1,1,1,1,1,1,1,1,1,1,1,1,1,1,1,1,1,1,1,1,1,1,1,1,1,1,1,1,1,1,1,1,1,
    1,1,1,1,1,1,1,1,1,1,1,1,1,1,1,1,1,1,1,1,1,1,1,1,1,1,1,1,4),(0.,
    0.325649012239,1.300056467361,2.915628577805,5.159791107265,
    8.015108786077,11.459445769691,15.466161823501,20.004339025744,
    25.039034567447,30.531556447672,36.439760227956,42.718366268848,
    49.319297844643,56.192041117745,63.284028099775,70.541043396594,
    77.907654691178,85.327665539508,92.744587182818,100.10212388634,
    107.34466414756,114.41776850165,121.26864423519,127.84659877246,
    134.10346742426,139.99401813761,145.47634661345,150.51229145019,
    155.06792565481,159.11423098528,162.62817063658,165.59464524501,
    168.01056103307,169.8944974134,171.31236943151,172.44006681077,
    173.56776419002,174.98563620813,176.86957258847,179.28548837652,
    182.25196298496,185.76590263625,189.81220796672,194.36784217134,
    199.40378700808,204.88611548392,210.77666619727,217.03353484908,
    223.61148938634,230.46236511989,237.53546947397,244.7780097352,
    252.13554643872,259.55246808203,266.97247893036,274.33909022494,
    281.59610552176,288.68809250379,295.5608357769,302.16176735269,
    308.44037339358,314.34857717387,319.84109905409,324.87579459579,
    329.41397179804,333.42068785185,336.86502483546,339.72034251427,
    341.96450504373,343.58007715418,344.5544846093,344.88013362154),
  .UNSPECIFIED.);
#6765 = CARTESIAN_POINT('',(0.,0.));
#6766 = CARTESIAN_POINT('',(0.107801881356,-1.271948710264E-02));
#6767 = CARTESIAN_POINT('',(0.538175612997,-6.343976307844E-02));
#6768 = CARTESIAN_POINT('',(1.503433537641,-0.176668199918));
#6769 = CARTESIAN_POINT('',(3.10404020768,-0.362699241068));
#6770 = CARTESIAN_POINT('',(5.327824711114,-0.617654183177));
#6771 = CARTESIAN_POINT('',(8.157875322519,-0.93637615744));
#6772 = CARTESIAN_POINT('',(11.572666465856,-1.312663032639));
#6773 = CARTESIAN_POINT('',(15.546220946371,-1.739515372138));
#6774 = CARTESIAN_POINT('',(20.048306499763,-2.209370703902));
#6775 = CARTESIAN_POINT('',(25.04466533521,-2.714298446606));
#6776 = CARTESIAN_POINT('',(30.497274986655,-3.246136462614));
#6777 = CARTESIAN_POINT('',(36.364638445405,-3.796559629235));
#6778 = CARTESIAN_POINT('',(42.6021012537,-4.357081765759));
#6779 = CARTESIAN_POINT('',(49.162192993451,-4.919003273433));
#6780 = CARTESIAN_POINT('',(55.994990397364,-5.473326424843));
#6781 = CARTESIAN_POINT('',(63.048499127066,-6.010667021054));
#6782 = CARTESIAN_POINT('',(70.269051098567,-6.521194091705));
#6783 = CARTESIAN_POINT('',(77.601714098421,-6.994627888903));
#6784 = CARTESIAN_POINT('',(84.990710348349,-7.420320617333));
#6785 = CARTESIAN_POINT('',(92.379840674062,-7.787434714274));
#6786 = CARTESIAN_POINT('',(99.712911039475,-8.08522111522));
#6787 = CARTESIAN_POINT('',(106.93415843857,-8.303386275221));
#6788 = CARTESIAN_POINT('',(113.98867344757,-8.432523425343));
#6789 = CARTESIAN_POINT('',(120.82281722702,-8.464572368922));
#6790 = CARTESIAN_POINT('',(127.38463097267,-8.393264427016));
#6791 = CARTESIAN_POINT('',(133.62423737398,-8.214506674744));
#6792 = CARTESIAN_POINT('',(139.4942312616,-7.926661085968));
#6793 = CARTESIAN_POINT('',(144.9500699582,-7.530686653473));
#6794 = CARTESIAN_POINT('',(149.95043951093,-7.030112069078));
#6795 = CARTESIAN_POINT('',(154.45771151598,-6.430870059693));
#6796 = CARTESIAN_POINT('',(158.43821424026,-5.740890910473));
#6797 = CARTESIAN_POINT('',(161.863431813,-4.969832631778));
#6798 = CARTESIAN_POINT('',(164.70935728367,-4.127775655073));
#6799 = CARTESIAN_POINT('',(166.96386784391,-3.225602823843));
#6800 = CARTESIAN_POINT('',(168.61830319694,-2.26467260153));
#6801 = CARTESIAN_POINT('',(169.70784530993,-1.226579991965));
#6802 = CARTESIAN_POINT('',(170.12899022758,-1.353413409221E-04));
#6803 = CARTESIAN_POINT('',(169.71042176948,1.227191008327));
#6804 = CARTESIAN_POINT('',(168.623062051,2.267569364816));
#6805 = CARTESIAN_POINT('',(166.97064829724,3.231971778691));
#6806 = CARTESIAN_POINT('',(164.71803726905,4.138877087588));
#6807 = CARTESIAN_POINT('',(161.87388639134,4.986908644459));
#6808 = CARTESIAN_POINT('',(158.4502955918,5.765158171945));
#6809 = CARTESIAN_POINT('',(154.47125059913,6.463494846268));
#6810 = CARTESIAN_POINT('',(149.96524693944,7.072200795101));
#6811 = CARTESIAN_POINT('',(144.96593961798,7.583275040214));
#6812 = CARTESIAN_POINT('',(139.51094449688,7.990705848217));
#6813 = CARTESIAN_POINT('',(133.64156802765,8.290877775868));
#6814 = CARTESIAN_POINT('',(127.40235077553,8.482738292976));
#6815 = CARTESIAN_POINT('',(120.84070124517,8.567825871322));
#6816 = CARTESIAN_POINT('',(114.00650523228,8.550128684525));
#6817 = CARTESIAN_POINT('',(106.95173459076,8.435806284336));
#6818 = CARTESIAN_POINT('',(99.730044968165,8.232806208208));
#6819 = CARTESIAN_POINT('',(92.396365421401,7.95041989467));
#6820 = CARTESIAN_POINT('',(85.006480449948,7.598823763791));
#6821 = CARTESIAN_POINT('',(77.616606538996,7.18864884903));
#6822 = CARTESIAN_POINT('',(70.282965497768,6.730614671075));
#6823 = CARTESIAN_POINT('',(63.0613573419,6.235251868558));
#6824 = CARTESIAN_POINT('',(56.006735751159,5.712724809183));
#6825 = CARTESIAN_POINT('',(49.172789336214,5.172751738783));
#6826 = CARTESIAN_POINT('',(42.611532027584,4.624607647609));
#6827 = CARTESIAN_POINT('',(36.372905877691,4.077185404492));
#6828 = CARTESIAN_POINT('',(30.504399469087,3.539084901231));
#6829 = CARTESIAN_POINT('',(25.050684982031,3.018698525569));
#6830 = CARTESIAN_POINT('',(20.053276816453,2.524264238216));
#6831 = CARTESIAN_POINT('',(15.550214495039,2.06386431172));
#6832 = CARTESIAN_POINT('',(11.575772387278,1.645357368639));
#6833 = CARTESIAN_POINT('',(8.16019857198,1.276242376647));
#6834 = CARTESIAN_POINT('',(5.329484885421,0.963464204896));
#6835 = CARTESIAN_POINT('',(3.105169880639,0.713179767271));
#6836 = CARTESIAN_POINT('',(1.504176075178,0.53051040662));
#6837 = CARTESIAN_POINT('',(0.53868249947,0.419309258857));
#6838 = CARTESIAN_POINT('',(0.10820320434,0.369492878559));
#6839 = CARTESIAN_POINT('',(3.748497933643E-04,0.356999803204));
#6840 = ( GEOMETRIC_REPRESENTATION_CONTEXT(2) 
PARAMETRIC_REPRESENTATION_CONTEXT() REPRESENTATION_CONTEXT('2D SPACE',''
  ) );
#6841 = ORIENTED_EDGE('',*,*,#6842,.T.);
#6842 = EDGE_CURVE('',#6520,#6843,#6845,.T.);
#6843 = VERTEX_POINT('',#6844);
#6844 = CARTESIAN_POINT('',(1.505E+03,320.,325.8215));
#6845 = SURFACE_CURVE('',#6846,(#6849,#6856),.PCURVE_S1.);
#6846 = B_SPLINE_CURVE_WITH_KNOTS('',1,(#6847,#6848),.UNSPECIFIED.,.F.,
  .F.,(2,2),(0.,1.),.PIECEWISE_BEZIER_KNOTS.);
#6847 = CARTESIAN_POINT('',(1.505E+03,-320.,325.8215));
#6848 = CARTESIAN_POINT('',(1.505E+03,320.,325.8215));
#6849 = PCURVE('',#6600,#6850);
#6850 = DEFINITIONAL_REPRESENTATION('',(#6851),#6855);
#6851 = LINE('',#6852,#6853);
#6852 = CARTESIAN_POINT('',(344.88013362154,0.));
#6853 = VECTOR('',#6854,1.);
#6854 = DIRECTION('',(0.,1.));
#6855 = ( GEOMETRIC_REPRESENTATION_CONTEXT(2) 
PARAMETRIC_REPRESENTATION_CONTEXT() REPRESENTATION_CONTEXT('2D SPACE',''
  ) );
#6856 = PCURVE('',#6857,#6862);
#6857 = PLANE('',#6858);
#6858 = AXIS2_PLACEMENT_3D('',#6859,#6860,#6861);
#6859 = CARTESIAN_POINT('',(1.505E+03,320.,325.8215));
#6860 = DIRECTION('',(-1.,0.,0.));
#6861 = DIRECTION('',(0.,0.,1.));
#6862 = DEFINITIONAL_REPRESENTATION('',(#6863),#6866);
#6863 = B_SPLINE_CURVE_WITH_KNOTS('',1,(#6864,#6865),.UNSPECIFIED.,.F.,
  .F.,(2,2),(0.,1.),.PIECEWISE_BEZIER_KNOTS.);
#6864 = CARTESIAN_POINT('',(0.,-640.));
#6865 = CARTESIAN_POINT('',(0.,0.));
#6866 = ( GEOMETRIC_REPRESENTATION_CONTEXT(2) 
PARAMETRIC_REPRESENTATION_CONTEXT() REPRESENTATION_CONTEXT('2D SPACE',''
  ) );
#6867 = ORIENTED_EDGE('',*,*,#6868,.F.);
#6868 = EDGE_CURVE('',#6869,#6843,#6871,.T.);
#6869 = VERTEX_POINT('',#6870);
#6870 = CARTESIAN_POINT('',(1.505E+03,320.,326.1785));
#6871 = SURFACE_CURVE('',#6872,(#6948,#6955),.PCURVE_S1.);
#6872 = B_SPLINE_CURVE_WITH_KNOTS('',3,(#6873,#6874,#6875,#6876,#6877,
    #6878,#6879,#6880,#6881,#6882,#6883,#6884,#6885,#6886,#6887,#6888,
    #6889,#6890,#6891,#6892,#6893,#6894,#6895,#6896,#6897,#6898,#6899,
    #6900,#6901,#6902,#6903,#6904,#6905,#6906,#6907,#6908,#6909,#6910,
    #6911,#6912,#6913,#6914,#6915,#6916,#6917,#6918,#6919,#6920,#6921,
    #6922,#6923,#6924,#6925,#6926,#6927,#6928,#6929,#6930,#6931,#6932,
    #6933,#6934,#6935,#6936,#6937,#6938,#6939,#6940,#6941,#6942,#6943,
    #6944,#6945,#6946,#6947),.UNSPECIFIED.,.F.,.F.,(4,1,1,1,1,1,1,1,1,1,
    1,1,1,1,1,1,1,1,1,1,1,1,1,1,1,1,1,1,1,1,1,1,1,1,1,1,1,1,1,1,1,1,1,1,
    1,1,1,1,1,1,1,1,1,1,1,1,1,1,1,1,1,1,1,1,1,1,1,1,1,1,1,1,4),(0.,
    0.325649012239,1.300056467361,2.915628577805,5.159791107265,
    8.015108786077,11.459445769691,15.466161823501,20.004339025744,
    25.039034567447,30.531556447672,36.439760227956,42.718366268848,
    49.319297844643,56.192041117745,63.284028099775,70.541043396594,
    77.907654691178,85.327665539508,92.744587182818,100.10212388634,
    107.34466414756,114.41776850165,121.26864423519,127.84659877246,
    134.10346742426,139.99401813761,145.47634661345,150.51229145019,
    155.06792565481,159.11423098528,162.62817063658,165.59464524501,
    168.01056103307,169.8944974134,171.31236943151,172.44006681077,
    173.56776419002,174.98563620813,176.86957258847,179.28548837652,
    182.25196298496,185.76590263625,189.81220796672,194.36784217134,
    199.40378700808,204.88611548392,210.77666619727,217.03353484908,
    223.61148938634,230.46236511989,237.53546947397,244.7780097352,
    252.13554643872,259.55246808203,266.97247893036,274.33909022494,
    281.59610552176,288.68809250379,295.5608357769,302.16176735269,
    308.44037339358,314.34857717387,319.84109905409,324.87579459579,
    329.41397179804,333.42068785185,336.86502483546,339.72034251427,
    341.96450504373,343.58007715418,344.5544846093,344.88013362154),
  .UNSPECIFIED.);
#6873 = CARTESIAN_POINT('',(1.505E+03,320.,326.1785));
#6874 = CARTESIAN_POINT('',(1.504892184823E+03,320.,326.19110628817));
#6875 = CARTESIAN_POINT('',(1.504461758072E+03,320.,326.24137464402));
#6876 = CARTESIAN_POINT('',(1.50349638179E+03,320.,326.35358949818));
#6877 = CARTESIAN_POINT('',(1.501895580669E+03,320.,326.5379398007));
#6878 = CARTESIAN_POINT('',(1.499671529689E+03,320.,326.79055962983));
#6879 = CARTESIAN_POINT('',(1.49684114598E+03,320.,327.10630987689));
#6880 = CARTESIAN_POINT('',(1.493425961618E+03,320.,327.47901101594));
#6881 = CARTESIAN_POINT('',(1.489451961133E+03,320.,327.90169089023));
#6882 = CARTESIAN_POINT('',(1.484949384714E+03,320.,328.36681877576));
#6883 = CARTESIAN_POINT('',(1.479952498459E+03,320.,328.86650006624));
#6884 = CARTESIAN_POINT('',(1.474499333384E+03,320.,329.39261255209));
#6885 = CARTESIAN_POINT('',(1.468631395215E+03,320.,329.93687468706));
#6886 = CARTESIAN_POINT('',(1.462393347297E+03,320.,330.49084718226));
#6887 = CARTESIAN_POINT('',(1.455832669157E+03,320.,331.04588028764));
#6888 = CARTESIAN_POINT('',(1.44899929348E+03,320.,331.59302870016));
#6889 = CARTESIAN_POINT('',(1.441945224431E+03,320.,332.12296282008));
#6890 = CARTESIAN_POINT('',(1.434724140387E+03,320.,332.62590803391));
#6891 = CARTESIAN_POINT('',(1.427390984324E+03,320.,333.09164227823));
#6892 = CARTESIAN_POINT('',(1.42000154517E+03,320.,333.50957633021));
#6893 = CARTESIAN_POINT('',(1.412612033448E+03,320.,333.86893164221));
#6894 = CARTESIAN_POINT('',(1.40527865445E+03,320.,334.15901815936));
#6895 = CARTESIAN_POINT('',(1.398057181958E+03,320.,334.36960089351));
#6896 = CARTESIAN_POINT('',(1.391002535244E+03,320.,334.49133073577));
#6897 = CARTESIAN_POINT('',(1.38416836158E+03,320.,334.51620381467));
#6898 = CARTESIAN_POINT('',(1.377606626325E+03,320.,334.43800601144));
#6899 = CARTESIAN_POINT('',(1.371367211059E+03,320.,334.2526967746));
#6900 = CARTESIAN_POINT('',(1.365497522645E+03,320.,333.95868785431));
#6901 = CARTESIAN_POINT('',(1.360042102729E+03,320.,333.55698501262));
#6902 = CARTESIAN_POINT('',(1.355042261536E+03,320.,333.05116031903));
#6903 = CARTESIAN_POINT('',(1.350535621219E+03,320.,332.44718600698));
#6904 = CARTESIAN_POINT('',(1.346555845167E+03,320.,331.75302771256));
#6905 = CARTESIAN_POINT('',(1.343131439093E+03,320.,330.97837338244));
#6906 = CARTESIAN_POINT('',(1.34028639935E+03,320.,330.13332864982));
#6907 = CARTESIAN_POINT('',(1.338032837314E+03,320.,329.22878908113));
#6908 = CARTESIAN_POINT('',(1.336379411849E+03,320.,328.26612223237));
#6909 = CARTESIAN_POINT('',(1.335290960333E+03,320.,327.22688617646));
#6910 = CARTESIAN_POINT('',(1.334871103414E+03,320.,326.));
#6911 = CARTESIAN_POINT('',(1.335290960333E+03,320.,324.77311382353));
#6912 = CARTESIAN_POINT('',(1.336379411849E+03,320.,323.73387776762));
#6913 = CARTESIAN_POINT('',(1.338032837314E+03,320.,322.77121091886));
#6914 = CARTESIAN_POINT('',(1.34028639935E+03,320.,321.86667135017));
#6915 = CARTESIAN_POINT('',(1.343131439093E+03,320.,321.02162661755));
#6916 = CARTESIAN_POINT('',(1.346555845167E+03,320.,320.24697228743));
#6917 = CARTESIAN_POINT('',(1.350535621219E+03,320.,319.55281399301));
#6918 = CARTESIAN_POINT('',(1.355042261536E+03,320.,318.94883968096));
#6919 = CARTESIAN_POINT('',(1.360042102729E+03,320.,318.44301498737));
#6920 = CARTESIAN_POINT('',(1.365497522645E+03,320.,318.04131214568));
#6921 = CARTESIAN_POINT('',(1.371367211059E+03,320.,317.74730322539));
#6922 = CARTESIAN_POINT('',(1.377606626325E+03,320.,317.56199398855));
#6923 = CARTESIAN_POINT('',(1.38416836158E+03,320.,317.48379618532));
#6924 = CARTESIAN_POINT('',(1.391002535244E+03,320.,317.50866926422));
#6925 = CARTESIAN_POINT('',(1.398057181958E+03,320.,317.63039910648));
#6926 = CARTESIAN_POINT('',(1.40527865445E+03,320.,317.84098184063));
#6927 = CARTESIAN_POINT('',(1.412612033448E+03,320.,318.13106835778));
#6928 = CARTESIAN_POINT('',(1.42000154517E+03,320.,318.49042366978));
#6929 = CARTESIAN_POINT('',(1.427390984324E+03,320.,318.90835772176));
#6930 = CARTESIAN_POINT('',(1.434724140387E+03,320.,319.37409196608));
#6931 = CARTESIAN_POINT('',(1.441945224431E+03,320.,319.87703717991));
#6932 = CARTESIAN_POINT('',(1.44899929348E+03,320.,320.40697129983));
#6933 = CARTESIAN_POINT('',(1.455832669157E+03,320.,320.95411971235));
#6934 = CARTESIAN_POINT('',(1.462393347297E+03,320.,321.50915281773));
#6935 = CARTESIAN_POINT('',(1.468631395215E+03,320.,322.06312531293));
#6936 = CARTESIAN_POINT('',(1.474499333384E+03,320.,322.6073874479));
#6937 = CARTESIAN_POINT('',(1.479952498459E+03,320.,323.13349993375));
#6938 = CARTESIAN_POINT('',(1.484949384714E+03,320.,323.63318122423));
#6939 = CARTESIAN_POINT('',(1.489451961133E+03,320.,324.09830910976));
#6940 = CARTESIAN_POINT('',(1.493425961618E+03,320.,324.52098898405));
#6941 = CARTESIAN_POINT('',(1.49684114598E+03,320.,324.8936901231));
#6942 = CARTESIAN_POINT('',(1.499671529689E+03,320.,325.20944037016));
#6943 = CARTESIAN_POINT('',(1.501895580669E+03,320.,325.46206019929));
#6944 = CARTESIAN_POINT('',(1.50349638179E+03,320.,325.64641050181));
#6945 = CARTESIAN_POINT('',(1.504461758072E+03,320.,325.75862535597));
#6946 = CARTESIAN_POINT('',(1.504892184823E+03,320.,325.80889371182));
#6947 = CARTESIAN_POINT('',(1.505E+03,320.,325.8215));
#6948 = PCURVE('',#6600,#6949);
#6949 = DEFINITIONAL_REPRESENTATION('',(#6950),#6954);
#6950 = LINE('',#6951,#6952);
#6951 = CARTESIAN_POINT('',(0.,1.));
#6952 = VECTOR('',#6953,1.);
#6953 = DIRECTION('',(1.,0.));
#6954 = ( GEOMETRIC_REPRESENTATION_CONTEXT(2) 
PARAMETRIC_REPRESENTATION_CONTEXT() REPRESENTATION_CONTEXT('2D SPACE',''
  ) );
#6955 = PCURVE('',#6956,#6961);
#6956 = PLANE('',#6957);
#6957 = AXIS2_PLACEMENT_3D('',#6958,#6959,#6960);
#6958 = CARTESIAN_POINT('',(1.505E+03,320.,326.1785));
#6959 = DIRECTION('',(-3.253735750689E-16,-1.,-8.570930527091E-15));
#6960 = DIRECTION('',(-0.99999944875,3.343728677994E-16,
    -1.049999421189E-03));
#6961 = DEFINITIONAL_REPRESENTATION('',(#6962),#7038);
#6962 = B_SPLINE_CURVE_WITH_KNOTS('',3,(#6963,#6964,#6965,#6966,#6967,
    #6968,#6969,#6970,#6971,#6972,#6973,#6974,#6975,#6976,#6977,#6978,
    #6979,#6980,#6981,#6982,#6983,#6984,#6985,#6986,#6987,#6988,#6989,
    #6990,#6991,#6992,#6993,#6994,#6995,#6996,#6997,#6998,#6999,#7000,
    #7001,#7002,#7003,#7004,#7005,#7006,#7007,#7008,#7009,#7010,#7011,
    #7012,#7013,#7014,#7015,#7016,#7017,#7018,#7019,#7020,#7021,#7022,
    #7023,#7024,#7025,#7026,#7027,#7028,#7029,#7030,#7031,#7032,#7033,
    #7034,#7035,#7036,#7037),.UNSPECIFIED.,.F.,.F.,(4,1,1,1,1,1,1,1,1,1,
    1,1,1,1,1,1,1,1,1,1,1,1,1,1,1,1,1,1,1,1,1,1,1,1,1,1,1,1,1,1,1,1,1,1,
    1,1,1,1,1,1,1,1,1,1,1,1,1,1,1,1,1,1,1,1,1,1,1,1,1,1,1,1,4),(0.,
    0.325649012239,1.300056467361,2.915628577805,5.159791107265,
    8.015108786077,11.459445769691,15.466161823501,20.004339025744,
    25.039034567447,30.531556447672,36.439760227956,42.718366268848,
    49.319297844643,56.192041117745,63.284028099775,70.541043396594,
    77.907654691178,85.327665539508,92.744587182818,100.10212388634,
    107.34466414756,114.41776850165,121.26864423519,127.84659877246,
    134.10346742426,139.99401813761,145.47634661345,150.51229145019,
    155.06792565481,159.11423098528,162.62817063658,165.59464524501,
    168.01056103307,169.8944974134,171.31236943151,172.44006681077,
    173.56776419002,174.98563620813,176.86957258847,179.28548837652,
    182.25196298496,185.76590263625,189.81220796672,194.36784217134,
    199.40378700808,204.88611548392,210.77666619727,217.03353484908,
    223.61148938634,230.46236511989,237.53546947397,244.7780097352,
    252.13554643872,259.55246808203,266.97247893036,274.33909022494,
    281.59610552176,288.68809250379,295.5608357769,302.16176735269,
    308.44037339358,314.34857717387,319.84109905409,324.87579459579,
    329.41397179804,333.42068785185,336.86502483546,339.72034251427,
    341.96450504373,343.58007715418,344.5544846093,344.88013362154),
  .UNSPECIFIED.);
#6963 = CARTESIAN_POINT('',(0.,0.));
#6964 = CARTESIAN_POINT('',(0.107801881356,-1.271948710264E-02));
#6965 = CARTESIAN_POINT('',(0.538175612997,-6.343976307844E-02));
#6966 = CARTESIAN_POINT('',(1.503433537641,-0.176668199918));
#6967 = CARTESIAN_POINT('',(3.10404020768,-0.362699241068));
#6968 = CARTESIAN_POINT('',(5.327824711114,-0.617654183177));
#6969 = CARTESIAN_POINT('',(8.157875322519,-0.93637615744));
#6970 = CARTESIAN_POINT('',(11.572666465856,-1.312663032639));
#6971 = CARTESIAN_POINT('',(15.546220946371,-1.739515372138));
#6972 = CARTESIAN_POINT('',(20.048306499763,-2.209370703902));
#6973 = CARTESIAN_POINT('',(25.04466533521,-2.714298446606));
#6974 = CARTESIAN_POINT('',(30.497274986655,-3.246136462614));
#6975 = CARTESIAN_POINT('',(36.364638445405,-3.796559629235));
#6976 = CARTESIAN_POINT('',(42.6021012537,-4.357081765759));
#6977 = CARTESIAN_POINT('',(49.162192993451,-4.919003273433));
#6978 = CARTESIAN_POINT('',(55.994990397364,-5.473326424843));
#6979 = CARTESIAN_POINT('',(63.048499127066,-6.010667021054));
#6980 = CARTESIAN_POINT('',(70.269051098567,-6.521194091705));
#6981 = CARTESIAN_POINT('',(77.601714098421,-6.994627888903));
#6982 = CARTESIAN_POINT('',(84.990710348349,-7.420320617333));
#6983 = CARTESIAN_POINT('',(92.379840674062,-7.787434714274));
#6984 = CARTESIAN_POINT('',(99.712911039475,-8.08522111522));
#6985 = CARTESIAN_POINT('',(106.93415843857,-8.303386275221));
#6986 = CARTESIAN_POINT('',(113.98867344757,-8.432523425343));
#6987 = CARTESIAN_POINT('',(120.82281722702,-8.464572368922));
#6988 = CARTESIAN_POINT('',(127.38463097267,-8.393264427016));
#6989 = CARTESIAN_POINT('',(133.62423737398,-8.214506674744));
#6990 = CARTESIAN_POINT('',(139.4942312616,-7.926661085968));
#6991 = CARTESIAN_POINT('',(144.9500699582,-7.530686653473));
#6992 = CARTESIAN_POINT('',(149.95043951093,-7.030112069078));
#6993 = CARTESIAN_POINT('',(154.45771151598,-6.430870059693));
#6994 = CARTESIAN_POINT('',(158.43821424026,-5.740890910473));
#6995 = CARTESIAN_POINT('',(161.863431813,-4.969832631778));
#6996 = CARTESIAN_POINT('',(164.70935728367,-4.127775655073));
#6997 = CARTESIAN_POINT('',(166.96386784391,-3.225602823843));
#6998 = CARTESIAN_POINT('',(168.61830319694,-2.26467260153));
#6999 = CARTESIAN_POINT('',(169.70784530993,-1.226579991965));
#7000 = CARTESIAN_POINT('',(170.12899022758,-1.353413409221E-04));
#7001 = CARTESIAN_POINT('',(169.71042176948,1.227191008327));
#7002 = CARTESIAN_POINT('',(168.623062051,2.267569364816));
#7003 = CARTESIAN_POINT('',(166.97064829724,3.231971778691));
#7004 = CARTESIAN_POINT('',(164.71803726905,4.138877087588));
#7005 = CARTESIAN_POINT('',(161.87388639134,4.986908644459));
#7006 = CARTESIAN_POINT('',(158.4502955918,5.765158171945));
#7007 = CARTESIAN_POINT('',(154.47125059913,6.463494846268));
#7008 = CARTESIAN_POINT('',(149.96524693944,7.072200795101));
#7009 = CARTESIAN_POINT('',(144.96593961798,7.583275040214));
#7010 = CARTESIAN_POINT('',(139.51094449688,7.990705848217));
#7011 = CARTESIAN_POINT('',(133.64156802765,8.290877775868));
#7012 = CARTESIAN_POINT('',(127.40235077553,8.482738292976));
#7013 = CARTESIAN_POINT('',(120.84070124517,8.567825871322));
#7014 = CARTESIAN_POINT('',(114.00650523228,8.550128684525));
#7015 = CARTESIAN_POINT('',(106.95173459076,8.435806284336));
#7016 = CARTESIAN_POINT('',(99.730044968165,8.232806208208));
#7017 = CARTESIAN_POINT('',(92.396365421401,7.95041989467));
#7018 = CARTESIAN_POINT('',(85.006480449948,7.598823763791));
#7019 = CARTESIAN_POINT('',(77.616606538996,7.18864884903));
#7020 = CARTESIAN_POINT('',(70.282965497768,6.730614671075));
#7021 = CARTESIAN_POINT('',(63.0613573419,6.235251868558));
#7022 = CARTESIAN_POINT('',(56.006735751159,5.712724809183));
#7023 = CARTESIAN_POINT('',(49.172789336214,5.172751738783));
#7024 = CARTESIAN_POINT('',(42.611532027584,4.624607647609));
#7025 = CARTESIAN_POINT('',(36.372905877691,4.077185404492));
#7026 = CARTESIAN_POINT('',(30.504399469087,3.539084901231));
#7027 = CARTESIAN_POINT('',(25.050684982031,3.018698525569));
#7028 = CARTESIAN_POINT('',(20.053276816453,2.524264238216));
#7029 = CARTESIAN_POINT('',(15.550214495039,2.06386431172));
#7030 = CARTESIAN_POINT('',(11.575772387278,1.645357368639));
#7031 = CARTESIAN_POINT('',(8.16019857198,1.276242376647));
#7032 = CARTESIAN_POINT('',(5.329484885421,0.963464204896));
#7033 = CARTESIAN_POINT('',(3.105169880639,0.713179767271));
#7034 = CARTESIAN_POINT('',(1.504176075178,0.53051040662));
#7035 = CARTESIAN_POINT('',(0.53868249947,0.419309258857));
#7036 = CARTESIAN_POINT('',(0.10820320434,0.369492878559));
#7037 = CARTESIAN_POINT('',(3.748497933643E-04,0.356999803204));
#7038 = ( GEOMETRIC_REPRESENTATION_CONTEXT(2) 
PARAMETRIC_REPRESENTATION_CONTEXT() REPRESENTATION_CONTEXT('2D SPACE',''
  ) );
#7039 = ORIENTED_EDGE('',*,*,#7040,.F.);
#7040 = EDGE_CURVE('',#6518,#6869,#7041,.T.);
#7041 = SURFACE_CURVE('',#7042,(#7045,#7052),.PCURVE_S1.);
#7042 = B_SPLINE_CURVE_WITH_KNOTS('',1,(#7043,#7044),.UNSPECIFIED.,.F.,
  .F.,(2,2),(0.,1.),.PIECEWISE_BEZIER_KNOTS.);
#7043 = CARTESIAN_POINT('',(1.505E+03,-320.,326.1785));
#7044 = CARTESIAN_POINT('',(1.505E+03,320.,326.1785));
#7045 = PCURVE('',#6600,#7046);
#7046 = DEFINITIONAL_REPRESENTATION('',(#7047),#7051);
#7047 = LINE('',#7048,#7049);
#7048 = CARTESIAN_POINT('',(0.,0.));
#7049 = VECTOR('',#7050,1.);
#7050 = DIRECTION('',(0.,1.));
#7051 = ( GEOMETRIC_REPRESENTATION_CONTEXT(2) 
PARAMETRIC_REPRESENTATION_CONTEXT() REPRESENTATION_CONTEXT('2D SPACE',''
  ) );
#7052 = PCURVE('',#6857,#7053);
#7053 = DEFINITIONAL_REPRESENTATION('',(#7054),#7057);
#7054 = B_SPLINE_CURVE_WITH_KNOTS('',1,(#7055,#7056),.UNSPECIFIED.,.F.,
  .F.,(2,2),(0.,1.),.PIECEWISE_BEZIER_KNOTS.);
#7055 = CARTESIAN_POINT('',(0.357,-640.));
#7056 = CARTESIAN_POINT('',(0.357,0.));
#7057 = ( GEOMETRIC_REPRESENTATION_CONTEXT(2) 
PARAMETRIC_REPRESENTATION_CONTEXT() REPRESENTATION_CONTEXT('2D SPACE',''
  ) );
#7058 = ADVANCED_FACE('',(#7059),#6857,.F.);
#7059 = FACE_BOUND('',#7060,.F.);
#7060 = EDGE_LOOP('',(#7061,#7082,#7083,#7104));
#7061 = ORIENTED_EDGE('',*,*,#7062,.T.);
#7062 = EDGE_CURVE('',#6520,#6518,#7063,.T.);
#7063 = SURFACE_CURVE('',#7064,(#7068,#7075),.PCURVE_S1.);
#7064 = LINE('',#7065,#7066);
#7065 = CARTESIAN_POINT('',(1.505E+03,-320.,325.8215));
#7066 = VECTOR('',#7067,1.);
#7067 = DIRECTION('',(0.,0.,1.));
#7068 = PCURVE('',#6857,#7069);
#7069 = DEFINITIONAL_REPRESENTATION('',(#7070),#7074);
#7070 = LINE('',#7071,#7072);
#7071 = CARTESIAN_POINT('',(0.,-640.));
#7072 = VECTOR('',#7073,1.);
#7073 = DIRECTION('',(1.,0.));
#7074 = ( GEOMETRIC_REPRESENTATION_CONTEXT(2) 
PARAMETRIC_REPRESENTATION_CONTEXT() REPRESENTATION_CONTEXT('2D SPACE',''
  ) );
#7075 = PCURVE('',#6758,#7076);
#7076 = DEFINITIONAL_REPRESENTATION('',(#7077),#7081);
#7077 = LINE('',#7078,#7079);
#7078 = CARTESIAN_POINT('',(3.748497933643E-04,0.356999803204));
#7079 = VECTOR('',#7080,1.);
#7080 = DIRECTION('',(-1.049999421189E-03,-0.99999944875));
#7081 = ( GEOMETRIC_REPRESENTATION_CONTEXT(2) 
PARAMETRIC_REPRESENTATION_CONTEXT() REPRESENTATION_CONTEXT('2D SPACE',''
  ) );
#7082 = ORIENTED_EDGE('',*,*,#7040,.T.);
#7083 = ORIENTED_EDGE('',*,*,#7084,.F.);
#7084 = EDGE_CURVE('',#6843,#6869,#7085,.T.);
#7085 = SURFACE_CURVE('',#7086,(#7090,#7097),.PCURVE_S1.);
#7086 = LINE('',#7087,#7088);
#7087 = CARTESIAN_POINT('',(1.505E+03,320.,325.8215));
#7088 = VECTOR('',#7089,1.);
#7089 = DIRECTION('',(0.,0.,1.));
#7090 = PCURVE('',#6857,#7091);
#7091 = DEFINITIONAL_REPRESENTATION('',(#7092),#7096);
#7092 = LINE('',#7093,#7094);
#7093 = CARTESIAN_POINT('',(0.,0.));
#7094 = VECTOR('',#7095,1.);
#7095 = DIRECTION('',(1.,0.));
#7096 = ( GEOMETRIC_REPRESENTATION_CONTEXT(2) 
PARAMETRIC_REPRESENTATION_CONTEXT() REPRESENTATION_CONTEXT('2D SPACE',''
  ) );
#7097 = PCURVE('',#6956,#7098);
#7098 = DEFINITIONAL_REPRESENTATION('',(#7099),#7103);
#7099 = LINE('',#7100,#7101);
#7100 = CARTESIAN_POINT('',(3.748497933643E-04,0.356999803204));
#7101 = VECTOR('',#7102,1.);
#7102 = DIRECTION('',(-1.049999421189E-03,-0.99999944875));
#7103 = ( GEOMETRIC_REPRESENTATION_CONTEXT(2) 
PARAMETRIC_REPRESENTATION_CONTEXT() REPRESENTATION_CONTEXT('2D SPACE',''
  ) );
#7104 = ORIENTED_EDGE('',*,*,#6842,.F.);
#7105 = ADVANCED_FACE('',(#7106),#6758,.T.);
#7106 = FACE_BOUND('',#7107,.T.);
#7107 = EDGE_LOOP('',(#7108,#7109));
#7108 = ORIENTED_EDGE('',*,*,#6517,.T.);
#7109 = ORIENTED_EDGE('',*,*,#7062,.T.);
#7110 = ADVANCED_FACE('',(#7111),#6956,.F.);
#7111 = FACE_BOUND('',#7112,.F.);
#7112 = EDGE_LOOP('',(#7113,#7114));
#7113 = ORIENTED_EDGE('',*,*,#6868,.T.);
#7114 = ORIENTED_EDGE('',*,*,#7084,.T.);
#7115 = MANIFOLD_SOLID_BREP('',#7116);
#7116 = CLOSED_SHELL('',(#7117,#9522,#9567,#9572));
#7117 = ADVANCED_FACE('',(#7118),#7131,.T.);
#7118 = FACE_BOUND('',#7119,.T.);
#7119 = EDGE_LOOP('',(#7120,#7276,#9355,#9377));
#7120 = ORIENTED_EDGE('',*,*,#7121,.F.);
#7121 = EDGE_CURVE('',#7122,#7124,#7126,.T.);
#7122 = VERTEX_POINT('',#7123);
#7123 = CARTESIAN_POINT('',(1.505E+03,0.178475698541,326.17849999999));
#7124 = VERTEX_POINT('',#7125);
#7125 = CARTESIAN_POINT('',(1.505E+03,0.1365,634.5));
#7126 = SURFACE_CURVE('',#7127,(#7130,#7264),.PCURVE_S1.);
#7127 = B_SPLINE_CURVE_WITH_KNOTS('',1,(#7128,#7129),.UNSPECIFIED.,.F.,
  .F.,(2,2),(0.,1.),.PIECEWISE_BEZIER_KNOTS.);
#7128 = CARTESIAN_POINT('',(1.505E+03,0.1785,326.));
#7129 = CARTESIAN_POINT('',(1.505E+03,0.1365,634.5));
#7130 = PCURVE('',#7131,#7258);
#7131 = B_SPLINE_SURFACE_WITH_KNOTS('',3,1,(
    (#7132,#7133)
    ,(#7134,#7135)
    ,(#7136,#7137)
    ,(#7138,#7139)
    ,(#7140,#7141)
    ,(#7142,#7143)
    ,(#7144,#7145)
    ,(#7146,#7147)
    ,(#7148,#7149)
    ,(#7150,#7151)
    ,(#7152,#7153)
    ,(#7154,#7155)
    ,(#7156,#7157)
    ,(#7158,#7159)
    ,(#7160,#7161)
    ,(#7162,#7163)
    ,(#7164,#7165)
    ,(#7166,#7167)
    ,(#7168,#7169)
    ,(#7170,#7171)
    ,(#7172,#7173)
    ,(#7174,#7175)
    ,(#7176,#7177)
    ,(#7178,#7179)
    ,(#7180,#7181)
    ,(#7182,#7183)
    ,(#7184,#7185)
    ,(#7186,#7187)
    ,(#7188,#7189)
    ,(#7190,#7191)
    ,(#7192,#7193)
    ,(#7194,#7195)
    ,(#7196,#7197)
    ,(#7198,#7199)
    ,(#7200,#7201)
    ,(#7202,#7203)
    ,(#7204,#7205)
    ,(#7206,#7207)
    ,(#7208,#7209)
    ,(#7210,#7211)
    ,(#7212,#7213)
    ,(#7214,#7215)
    ,(#7216,#7217)
    ,(#7218,#7219)
    ,(#7220,#7221)
    ,(#7222,#7223)
    ,(#7224,#7225)
    ,(#7226,#7227)
    ,(#7228,#7229)
    ,(#7230,#7231)
    ,(#7232,#7233)
    ,(#7234,#7235)
    ,(#7236,#7237)
    ,(#7238,#7239)
    ,(#7240,#7241)
    ,(#7242,#7243)
    ,(#7244,#7245)
    ,(#7246,#7247)
    ,(#7248,#7249)
    ,(#7250,#7251)
    ,(#7252,#7253)
    ,(#7254,#7255)
    ,(#7256,#7257
    )),.UNSPECIFIED.,.F.,.F.,.F.,(4,1,1,1,1,1,1,1,1,1,1,1,1,1,1,1,1,1,1,
    1,1,1,1,1,1,1,1,1,1,1,1,1,1,1,1,1,1,1,1,1,1,1,1,1,1,1,1,1,1,1,1,1,1,
    1,1,1,1,1,1,1,4),(2,2),(0.,0.468800374291,1.869939206351,
    4.187703783057,7.396148780068,11.459444915812,16.33234065384,
    21.960718221585,28.282227946915,35.226989978954,42.718358167532,
    50.673745776222,59.005515878678,67.621940281435,76.428229375447,
    85.327631229203,94.222591469417,103.01595665377,111.61219464247,
    119.91859891969,127.84644379759,135.31206796359,142.23788851985,
    148.55339088327,154.19621247136,159.11357510262,163.26463856351,
    166.6252470772,169.19955490597,171.05444447863,172.42705583072,
    173.7996671828,175.65455675547,178.22886458423,181.58947309793,
    185.74053655882,190.65789919007,196.30072077816,202.61622314159,
    209.54204369784,217.00766786384,224.93551274174,233.24191701897,
    241.83815500767,250.63152019202,259.52648043224,268.42588228599,
    277.23217138,285.84859578276,294.18036588522,302.13575349391,
    309.62712168248,316.57188371452,322.89339343985,328.5217710076,
    333.39466674563,337.45796288137,340.66640787838,342.98417245509,
    344.38531128715,344.85411166144),(0.,1.),.UNSPECIFIED.);
#7132 = CARTESIAN_POINT('',(1.505E+03,0.1785,326.));
#7133 = CARTESIAN_POINT('',(1.505E+03,0.1365,634.5));
#7134 = CARTESIAN_POINT('',(1.504844790576E+03,0.196647855736,326.));
#7135 = CARTESIAN_POINT('',(1.50488131044E+03,0.150377772033,634.5));
#7136 = CARTESIAN_POINT('',(1.504225680946E+03,0.268914484727,326.));
#7137 = CARTESIAN_POINT('',(1.504407873664E+03,0.205640488321,634.5));
#7138 = CARTESIAN_POINT('',(1.502839067785E+03,0.429678748802,326.));
#7139 = CARTESIAN_POINT('',(1.503347522424E+03,0.328577866731,634.5));
#7140 = CARTESIAN_POINT('',(1.500544914436E+03,0.692136321345,326.));
#7141 = CARTESIAN_POINT('',(1.501593169863E+03,0.529280716323,634.5));
#7142 = CARTESIAN_POINT('',(1.497368334405E+03,1.048486193871,326.));
#7143 = CARTESIAN_POINT('',(1.499164020427E+03,0.801783560019,634.5));
#7144 = CARTESIAN_POINT('',(1.493344108576E+03,1.488577446679,326.));
#7145 = CARTESIAN_POINT('',(1.496086671264E+03,1.138323929813,634.5));
#7146 = CARTESIAN_POINT('',(1.488516309235E+03,2.000516576768,326.));
#7147 = CARTESIAN_POINT('',(1.492394824709E+03,1.529806793999,634.5));
#7148 = CARTESIAN_POINT('',(1.482937820772E+03,2.571251428729,326.));
#7149 = CARTESIAN_POINT('',(1.488128921767E+03,1.966251092557,634.5));
#7150 = CARTESIAN_POINT('',(1.476669761462E+03,3.187039341291,326.));
#7151 = CARTESIAN_POINT('',(1.483335699941E+03,2.437147731576,634.5));
#7152 = CARTESIAN_POINT('',(1.469780812492E+03,3.833735407171,326.));
#7153 = CARTESIAN_POINT('',(1.478067680141E+03,2.931680017248,634.5));
#7154 = CARTESIAN_POINT('',(1.462346461938E+03,4.496878202734,326.));
#7155 = CARTESIAN_POINT('',(1.472382588541E+03,3.438789213855,634.5));
#7156 = CARTESIAN_POINT('',(1.4544481726E+03,5.161597539125,326.));
#7157 = CARTESIAN_POINT('',(1.466342720223E+03,3.947104000508,634.5));
#7158 = CARTESIAN_POINT('',(1.446172483592E+03,5.812412428869,326.));
#7159 = CARTESIAN_POINT('',(1.460014252159E+03,4.444785975017,634.5));
#7160 = CARTESIAN_POINT('',(1.437610056353E+03,6.433018858714,326.));
#7161 = CARTESIAN_POINT('',(1.453466513682E+03,4.919367362546,634.5));
#7162 = CARTESIAN_POINT('',(1.428854676476E+03,7.006179389156,326.));
#7163 = CARTESIAN_POINT('',(1.446771223187E+03,5.357666591708,634.5));
#7164 = CARTESIAN_POINT('',(1.420002223318E+03,7.513816736612,326.));
#7165 = CARTESIAN_POINT('',(1.440001700184E+03,5.745859857409,634.5));
#7166 = CARTESIAN_POINT('',(1.411149619595E+03,7.937381981622,326.));
#7167 = CARTESIAN_POINT('',(1.433232062043E+03,6.069762691829,634.5));
#7168 = CARTESIAN_POINT('',(1.402393772563E+03,8.258519874101,326.));
#7169 = CARTESIAN_POINT('',(1.426536414313E+03,6.315338727254,634.5));
#7170 = CARTESIAN_POINT('',(1.39383051778E+03,8.45999602009,326.));
#7171 = CARTESIAN_POINT('',(1.419988043008E+03,6.469408721245,634.5));
#7172 = CARTESIAN_POINT('',(1.385553572422E+03,8.526796773209,326.));
#7173 = CARTESIAN_POINT('',(1.413658614205E+03,6.520491650101,634.5));
#7174 = CARTESIAN_POINT('',(1.377653510082E+03,8.447261012925,326.));
#7175 = CARTESIAN_POINT('',(1.407617390063E+03,6.459670186354,634.5));
#7176 = CARTESIAN_POINT('',(1.370216739846E+03,8.214103969659,326.));
#7177 = CARTESIAN_POINT('',(1.401930448118E+03,6.281373623857,634.5));
#7178 = CARTESIAN_POINT('',(1.363324557251E+03,7.825109538118,326.));
#7179 = CARTESIAN_POINT('',(1.396659955545E+03,5.983907293855,634.5));
#7180 = CARTESIAN_POINT('',(1.357052021832E+03,7.283590009935,326.));
#7181 = CARTESIAN_POINT('',(1.391863310813E+03,5.569804125245,634.5));
#7182 = CARTESIAN_POINT('',(1.351467382414E+03,6.597813176412,326.));
#7183 = CARTESIAN_POINT('',(1.387592704199E+03,5.045386546668,634.5));
#7184 = CARTESIAN_POINT('',(1.346629499757E+03,5.781737349039,326.));
#7185 = CARTESIAN_POINT('',(1.383893146873E+03,4.42132856103,634.5));
#7186 = CARTESIAN_POINT('',(1.342590348383E+03,4.849909794431,326.));
#7187 = CARTESIAN_POINT('',(1.380804384057E+03,3.708754548682,634.5));
#7188 = CARTESIAN_POINT('',(1.339379324283E+03,3.827424236337,326.));
#7189 = CARTESIAN_POINT('',(1.37834889504E+03,2.926853827787,634.5));
#7190 = CARTESIAN_POINT('',(1.337027052551E+03,2.712308742074,326.));
#7191 = CARTESIAN_POINT('',(1.37655009901E+03,2.074118449821,634.5));
#7192 = CARTESIAN_POINT('',(1.33545983327E+03,1.525238661206,326.));
#7193 = CARTESIAN_POINT('',(1.375351637206E+03,1.166358976216,634.5));
#7194 = CARTESIAN_POINT('',(1.334804439292E+03,0.,326.));
#7195 = CARTESIAN_POINT('',(1.374850453576E+03,-4.294835654255E-17,634.5
    ));
#7196 = CARTESIAN_POINT('',(1.33545983327E+03,-1.525238661206,326.));
#7197 = CARTESIAN_POINT('',(1.375351637206E+03,-1.166358976216,634.5));
#7198 = CARTESIAN_POINT('',(1.337027052551E+03,-2.712308742074,326.));
#7199 = CARTESIAN_POINT('',(1.37655009901E+03,-2.074118449821,634.5));
#7200 = CARTESIAN_POINT('',(1.339379324283E+03,-3.827424236337,326.));
#7201 = CARTESIAN_POINT('',(1.37834889504E+03,-2.926853827787,634.5));
#7202 = CARTESIAN_POINT('',(1.342590348383E+03,-4.849909794431,326.));
#7203 = CARTESIAN_POINT('',(1.380804384057E+03,-3.708754548682,634.5));
#7204 = CARTESIAN_POINT('',(1.346629499757E+03,-5.781737349039,326.));
#7205 = CARTESIAN_POINT('',(1.383893146873E+03,-4.42132856103,634.5));
#7206 = CARTESIAN_POINT('',(1.351467382414E+03,-6.597813176412,326.));
#7207 = CARTESIAN_POINT('',(1.387592704199E+03,-5.045386546668,634.5));
#7208 = CARTESIAN_POINT('',(1.357052021832E+03,-7.283590009935,326.));
#7209 = CARTESIAN_POINT('',(1.391863310813E+03,-5.569804125245,634.5));
#7210 = CARTESIAN_POINT('',(1.363324557251E+03,-7.825109538118,326.));
#7211 = CARTESIAN_POINT('',(1.396659955545E+03,-5.983907293855,634.5));
#7212 = CARTESIAN_POINT('',(1.370216739846E+03,-8.214103969659,326.));
#7213 = CARTESIAN_POINT('',(1.401930448118E+03,-6.281373623857,634.5));
#7214 = CARTESIAN_POINT('',(1.377653510082E+03,-8.447261012925,326.));
#7215 = CARTESIAN_POINT('',(1.407617390063E+03,-6.459670186354,634.5));
#7216 = CARTESIAN_POINT('',(1.385553572422E+03,-8.526796773209,326.));
#7217 = CARTESIAN_POINT('',(1.413658614205E+03,-6.520491650101,634.5));
#7218 = CARTESIAN_POINT('',(1.39383051778E+03,-8.45999602009,326.));
#7219 = CARTESIAN_POINT('',(1.419988043008E+03,-6.469408721245,634.5));
#7220 = CARTESIAN_POINT('',(1.402393772563E+03,-8.258519874101,326.));
#7221 = CARTESIAN_POINT('',(1.426536414313E+03,-6.315338727254,634.5));
#7222 = CARTESIAN_POINT('',(1.411149619595E+03,-7.937381981622,326.));
#7223 = CARTESIAN_POINT('',(1.433232062043E+03,-6.069762691829,634.5));
#7224 = CARTESIAN_POINT('',(1.420002223318E+03,-7.513816736612,326.));
#7225 = CARTESIAN_POINT('',(1.440001700184E+03,-5.745859857409,634.5));
#7226 = CARTESIAN_POINT('',(1.428854676476E+03,-7.006179389156,326.));
#7227 = CARTESIAN_POINT('',(1.446771223187E+03,-5.357666591708,634.5));
#7228 = CARTESIAN_POINT('',(1.437610056353E+03,-6.433018858714,326.));
#7229 = CARTESIAN_POINT('',(1.453466513682E+03,-4.919367362546,634.5));
#7230 = CARTESIAN_POINT('',(1.446172483592E+03,-5.812412428869,326.));
#7231 = CARTESIAN_POINT('',(1.460014252159E+03,-4.444785975017,634.5));
#7232 = CARTESIAN_POINT('',(1.4544481726E+03,-5.161597539125,326.));
#7233 = CARTESIAN_POINT('',(1.466342720223E+03,-3.947104000508,634.5));
#7234 = CARTESIAN_POINT('',(1.462346461938E+03,-4.496878202734,326.));
#7235 = CARTESIAN_POINT('',(1.472382588541E+03,-3.438789213855,634.5));
#7236 = CARTESIAN_POINT('',(1.469780812492E+03,-3.833735407171,326.));
#7237 = CARTESIAN_POINT('',(1.478067680141E+03,-2.931680017248,634.5));
#7238 = CARTESIAN_POINT('',(1.476669761462E+03,-3.187039341291,326.));
#7239 = CARTESIAN_POINT('',(1.483335699941E+03,-2.437147731576,634.5));
#7240 = CARTESIAN_POINT('',(1.482937820772E+03,-2.571251428729,326.));
#7241 = CARTESIAN_POINT('',(1.488128921767E+03,-1.966251092557,634.5));
#7242 = CARTESIAN_POINT('',(1.488516309235E+03,-2.000516576768,326.));
#7243 = CARTESIAN_POINT('',(1.492394824709E+03,-1.529806793999,634.5));
#7244 = CARTESIAN_POINT('',(1.493344108576E+03,-1.488577446679,326.));
#7245 = CARTESIAN_POINT('',(1.496086671264E+03,-1.138323929813,634.5));
#7246 = CARTESIAN_POINT('',(1.497368334405E+03,-1.048486193871,326.));
#7247 = CARTESIAN_POINT('',(1.499164020427E+03,-0.801783560019,634.5));
#7248 = CARTESIAN_POINT('',(1.500544914436E+03,-0.692136321345,326.));
#7249 = CARTESIAN_POINT('',(1.501593169863E+03,-0.529280716323,634.5));
#7250 = CARTESIAN_POINT('',(1.502839067785E+03,-0.429678748802,326.));
#7251 = CARTESIAN_POINT('',(1.503347522424E+03,-0.328577866731,634.5));
#7252 = CARTESIAN_POINT('',(1.504225680946E+03,-0.268914484727,326.));
#7253 = CARTESIAN_POINT('',(1.504407873664E+03,-0.205640488321,634.5));
#7254 = CARTESIAN_POINT('',(1.504844790576E+03,-0.196647855736,326.));
#7255 = CARTESIAN_POINT('',(1.50488131044E+03,-0.150377772033,634.5));
#7256 = CARTESIAN_POINT('',(1.505E+03,-0.1785,326.));
#7257 = CARTESIAN_POINT('',(1.505E+03,-0.1365,634.5));
#7258 = DEFINITIONAL_REPRESENTATION('',(#7259),#7263);
#7259 = LINE('',#7260,#7261);
#7260 = CARTESIAN_POINT('',(0.,0.));
#7261 = VECTOR('',#7262,1.);
#7262 = DIRECTION('',(0.,1.));
#7263 = ( GEOMETRIC_REPRESENTATION_CONTEXT(2) 
PARAMETRIC_REPRESENTATION_CONTEXT() REPRESENTATION_CONTEXT('2D SPACE',''
  ) );
#7264 = PCURVE('',#7265,#7270);
#7265 = B_SPLINE_SURFACE_WITH_KNOTS('',1,1,(
    (#7266,#7267)
    ,(#7268,#7269
    )),.UNSPECIFIED.,.F.,.F.,.F.,(2,2),(2,2),(0.,0.357),(0.,1.),
  .PIECEWISE_BEZIER_KNOTS.);
#7266 = CARTESIAN_POINT('',(1.505E+03,-0.1785,326.));
#7267 = CARTESIAN_POINT('',(1.505E+03,-0.1365,634.5));
#7268 = CARTESIAN_POINT('',(1.505E+03,0.1785,326.));
#7269 = CARTESIAN_POINT('',(1.505E+03,0.1365,634.5));
#7270 = DEFINITIONAL_REPRESENTATION('',(#7271),#7275);
#7271 = LINE('',#7272,#7273);
#7272 = CARTESIAN_POINT('',(0.357,0.));
#7273 = VECTOR('',#7274,1.);
#7274 = DIRECTION('',(0.,1.));
#7275 = ( GEOMETRIC_REPRESENTATION_CONTEXT(2) 
PARAMETRIC_REPRESENTATION_CONTEXT() REPRESENTATION_CONTEXT('2D SPACE',''
  ) );
#7276 = ORIENTED_EDGE('',*,*,#7277,.F.);
#7277 = EDGE_CURVE('',#7278,#7122,#7280,.T.);
#7278 = VERTEX_POINT('',#7279);
#7279 = CARTESIAN_POINT('',(1.505E+03,-0.178475698541,326.17849999999));
#7280 = SURFACE_CURVE('',#7281,(#7920,#8562),.PCURVE_S1.);
#7281 = B_SPLINE_CURVE_WITH_KNOTS('',8,(#7282,#7283,#7284,#7285,#7286,
    #7287,#7288,#7289,#7290,#7291,#7292,#7293,#7294,#7295,#7296,#7297,
    #7298,#7299,#7300,#7301,#7302,#7303,#7304,#7305,#7306,#7307,#7308,
    #7309,#7310,#7311,#7312,#7313,#7314,#7315,#7316,#7317,#7318,#7319,
    #7320,#7321,#7322,#7323,#7324,#7325,#7326,#7327,#7328,#7329,#7330,
    #7331,#7332,#7333,#7334,#7335,#7336,#7337,#7338,#7339,#7340,#7341,
    #7342,#7343,#7344,#7345,#7346,#7347,#7348,#7349,#7350,#7351,#7352,
    #7353,#7354,#7355,#7356,#7357,#7358,#7359,#7360,#7361,#7362,#7363,
    #7364,#7365,#7366,#7367,#7368,#7369,#7370,#7371,#7372,#7373,#7374,
    #7375,#7376,#7377,#7378,#7379,#7380,#7381,#7382,#7383,#7384,#7385,
    #7386,#7387,#7388,#7389,#7390,#7391,#7392,#7393,#7394,#7395,#7396,
    #7397,#7398,#7399,#7400,#7401,#7402,#7403,#7404,#7405,#7406,#7407,
    #7408,#7409,#7410,#7411,#7412,#7413,#7414,#7415,#7416,#7417,#7418,
    #7419,#7420,#7421,#7422,#7423,#7424,#7425,#7426,#7427,#7428,#7429,
    #7430,#7431,#7432,#7433,#7434,#7435,#7436,#7437,#7438,#7439,#7440,
    #7441,#7442,#7443,#7444,#7445,#7446,#7447,#7448,#7449,#7450,#7451,
    #7452,#7453,#7454,#7455,#7456,#7457,#7458,#7459,#7460,#7461,#7462,
    #7463,#7464,#7465,#7466,#7467,#7468,#7469,#7470,#7471,#7472,#7473,
    #7474,#7475,#7476,#7477,#7478,#7479,#7480,#7481,#7482,#7483,#7484,
    #7485,#7486,#7487,#7488,#7489,#7490,#7491,#7492,#7493,#7494,#7495,
    #7496,#7497,#7498,#7499,#7500,#7501,#7502,#7503,#7504,#7505,#7506,
    #7507,#7508,#7509,#7510,#7511,#7512,#7513,#7514,#7515,#7516,#7517,
    #7518,#7519,#7520,#7521,#7522,#7523,#7524,#7525,#7526,#7527,#7528,
    #7529,#7530,#7531,#7532,#7533,#7534,#7535,#7536,#7537,#7538,#7539,
    #7540,#7541,#7542,#7543,#7544,#7545,#7546,#7547,#7548,#7549,#7550,
    #7551,#7552,#7553,#7554,#7555,#7556,#7557,#7558,#7559,#7560,#7561,
    #7562,#7563,#7564,#7565,#7566,#7567,#7568,#7569,#7570,#7571,#7572,
    #7573,#7574,#7575,#7576,#7577,#7578,#7579,#7580,#7581,#7582,#7583,
    #7584,#7585,#7586,#7587,#7588,#7589,#7590,#7591,#7592,#7593,#7594,
    #7595,#7596,#7597,#7598,#7599,#7600,#7601,#7602,#7603,#7604,#7605,
    #7606,#7607,#7608,#7609,#7610,#7611,#7612,#7613,#7614,#7615,#7616,
    #7617,#7618,#7619,#7620,#7621,#7622,#7623,#7624,#7625,#7626,#7627,
    #7628,#7629,#7630,#7631,#7632,#7633,#7634,#7635,#7636,#7637,#7638,
    #7639,#7640,#7641,#7642,#7643,#7644,#7645,#7646,#7647,#7648,#7649,
    #7650,#7651,#7652,#7653,#7654,#7655,#7656,#7657,#7658,#7659,#7660,
    #7661,#7662,#7663,#7664,#7665,#7666,#7667,#7668,#7669,#7670,#7671,
    #7672,#7673,#7674,#7675,#7676,#7677,#7678,#7679,#7680,#7681,#7682,
    #7683,#7684,#7685,#7686,#7687,#7688,#7689,#7690,#7691,#7692,#7693,
    #7694,#7695,#7696,#7697,#7698,#7699,#7700,#7701,#7702,#7703,#7704,
    #7705,#7706,#7707,#7708,#7709,#7710,#7711,#7712,#7713,#7714,#7715,
    #7716,#7717,#7718,#7719,#7720,#7721,#7722,#7723,#7724,#7725,#7726,
    #7727,#7728,#7729,#7730,#7731,#7732,#7733,#7734,#7735,#7736,#7737,
    #7738,#7739,#7740,#7741,#7742,#7743,#7744,#7745,#7746,#7747,#7748,
    #7749,#7750,#7751,#7752,#7753,#7754,#7755,#7756,#7757,#7758,#7759,
    #7760,#7761,#7762,#7763,#7764,#7765,#7766,#7767,#7768,#7769,#7770,
    #7771,#7772,#7773,#7774,#7775,#7776,#7777,#7778,#7779,#7780,#7781,
    #7782,#7783,#7784,#7785,#7786,#7787,#7788,#7789,#7790,#7791,#7792,
    #7793,#7794,#7795,#7796,#7797,#7798,#7799,#7800,#7801,#7802,#7803,
    #7804,#7805,#7806,#7807,#7808,#7809,#7810,#7811,#7812,#7813,#7814,
    #7815,#7816,#7817,#7818,#7819,#7820,#7821,#7822,#7823,#7824,#7825,
    #7826,#7827,#7828,#7829,#7830,#7831,#7832,#7833,#7834,#7835,#7836,
    #7837,#7838,#7839,#7840,#7841,#7842,#7843,#7844,#7845,#7846,#7847,
    #7848,#7849,#7850,#7851,#7852,#7853,#7854,#7855,#7856,#7857,#7858,
    #7859,#7860,#7861,#7862,#7863,#7864,#7865,#7866,#7867,#7868,#7869,
    #7870,#7871,#7872,#7873,#7874,#7875,#7876,#7877,#7878,#7879,#7880,
    #7881,#7882,#7883,#7884,#7885,#7886,#7887,#7888,#7889,#7890,#7891,
    #7892,#7893,#7894,#7895,#7896,#7897,#7898,#7899,#7900,#7901,#7902,
    #7903,#7904,#7905,#7906,#7907,#7908,#7909,#7910,#7911,#7912,#7913,
    #7914,#7915,#7916,#7917,#7918,#7919),.UNSPECIFIED.,.F.,.F.,(9,7,7,7,
    7,7,7,7,7,7,7,7,7,7,7,7,7,7,7,7,7,7,7,7,7,7,7,7,7,7,7,7,7,7,7,7,7,7,
    7,7,8,7,8,7,8,8,8,7,7,7,8,7,7,7,7,7,7,7,7,7,7,7,7,7,7,7,7,7,7,7,7,7,
    7,7,7,7,7,7,7,7,7,7,7,7,7,7,7,7,7,7,9),(0.,3.725321914343E-03,
    7.433665779807E-03,1.11147629005E-02,1.48247525117E-02,
    1.876035763771E-02,2.269660360294E-02,2.663328742635E-02,
    2.860171409341E-02,3.057014692472E-02,3.450685384223E-02,
    3.647502847883E-02,3.844300974151E-02,4.038262836516E-02,
    4.1844169559E-02,4.406418784166E-02,4.628363380788E-02,
    4.796884269452E-02,4.924646856828E-02,5.119462233015E-02,
    5.317010958858E-02,5.488678590286E-02,5.617387641545E-02,
    5.714386758391E-02,5.860406946863E-02,5.934662253071E-02,
    6.008908025401E-02,6.148971654357E-02,6.254569231686E-02,
    6.331878033218E-02,6.451797707574E-02,6.511789523376E-02,
    6.571814227422E-02,6.602675895234E-02,6.63578580499E-02,
    6.764943883873E-02,6.797046280191E-02,6.845921176964E-02,
    6.891062231913E-02,6.928575352274E-02,6.958906499801E-02,
    7.331438691235E-02,7.711103447031E-02,8.083635638465E-02,
    8.625639205072E-02,8.998171396506E-02,9.37070358794E-02,
    9.743235779374E-02,0.103298305552,0.108825683564,0.114688339934,
    0.118413661848,0.121869290252,0.127296600568,0.129842966265,
    0.132704862271,0.143125344109,0.147074317529,0.161459305312,
    0.168826653423,0.176191080004,0.182832047033,0.189075282897,
    0.194956941096,0.205998797785,0.215561780828,0.224042692234,
    0.238769245145,0.261225984696,0.283691113865,0.298070382924,
    0.323513406304,0.342313069912,0.371100954901,0.39939392486,
    0.427623432038,0.448981517296,0.480844318541,0.513075723522,
    0.550020982414,0.577551586881,0.619212110982,0.661235418156,
    0.698185535621,0.725715297899,0.767368287055,0.809015426015,
    0.856810543307,0.9045954098,0.952007359428,1.),.UNSPECIFIED.);
#7282 = CARTESIAN_POINT('',(1.505E+03,-0.178475698541,326.1785));
#7283 = CARTESIAN_POINT('',(1.503864007992E+03,-0.311283457577,
    326.31132585119));
#7284 = CARTESIAN_POINT('',(1.502727910936E+03,-0.44284722448,
    326.44290769169));
#7285 = CARTESIAN_POINT('',(1.501591713071E+03,-0.573189477884,
    326.57326852334));
#7286 = CARTESIAN_POINT('',(1.500455418401E+03,-0.7023316898,
    326.70243029373));
#7287 = CARTESIAN_POINT('',(1.499319030692E+03,-0.830294325616,
    326.83041389615));
#7288 = CARTESIAN_POINT('',(1.49818255347E+03,-0.9570968441,
    326.95723916961));
#7289 = CARTESIAN_POINT('',(1.497045990027E+03,-1.082757697401,
    327.08292489885));
#7290 = CARTESIAN_POINT('',(1.494777877068E+03,-1.33126360087,
    327.33148514765));
#7291 = CARTESIAN_POINT('',(1.493646328012E+03,-1.45411655065,
    327.45436874804));
#7292 = CARTESIAN_POINT('',(1.492514699996E+03,-1.575875769938,
    327.57615973939));
#7293 = CARTESIAN_POINT('',(1.491382995302E+03,-1.696553700816,
    327.6968724431));
#7294 = CARTESIAN_POINT('',(1.490251216195E+03,-1.816162919817,
    327.81652108031));
#7295 = CARTESIAN_POINT('',(1.489119365387E+03,-1.934719618491,
    327.93512143082));
#7296 = CARTESIAN_POINT('',(1.487987445541E+03,-2.052240282629,
    328.05268844884));
#7297 = CARTESIAN_POINT('',(1.485731787264E+03,-2.284366820649,
    328.28491555674));
#7298 = CARTESIAN_POINT('',(1.484608050118E+03,-2.398990831556,
    328.39959081021));
#7299 = CARTESIAN_POINT('',(1.483484248189E+03,-2.512607324242,
    328.51327370894));
#7300 = CARTESIAN_POINT('',(1.482360383635E+03,-2.625239533037,
    328.62596793329));
#7301 = CARTESIAN_POINT('',(1.481236457597E+03,-2.736892039998,
    328.7376825112));
#7302 = CARTESIAN_POINT('',(1.48011247118E+03,-2.847565033145,
    328.84843020965));
#7303 = CARTESIAN_POINT('',(1.478988426193E+03,-2.957272993338,
    328.9582189368));
#7304 = CARTESIAN_POINT('',(1.476731397113E+03,-3.175620026538,
    329.17673654581));
#7305 = CARTESIAN_POINT('',(1.47559841244E+03,-3.284246096803,
    329.28545249391));
#7306 = CARTESIAN_POINT('',(1.474465369731E+03,-3.39190303646,
    329.39320020809));
#7307 = CARTESIAN_POINT('',(1.473332270532E+03,-3.498594442156,
    329.49999547974));
#7308 = CARTESIAN_POINT('',(1.472199114888E+03,-3.604321158461,
    329.6058359434));
#7309 = CARTESIAN_POINT('',(1.471065902873E+03,-3.709086860539,
    329.71071732324));
#7310 = CARTESIAN_POINT('',(1.469932635899E+03,-3.81289892712,
    329.81465062258));
#7311 = CARTESIAN_POINT('',(1.467597070666E+03,-4.024861852367,
    330.02687789168));
#7312 = CARTESIAN_POINT('',(1.466394765618E+03,-4.132892287786,
    330.13505468064));
#7313 = CARTESIAN_POINT('',(1.465192398239E+03,-4.239842602539,
    330.24215875187));
#7314 = CARTESIAN_POINT('',(1.463989969177E+03,-4.345713791202,
    330.34819602935));
#7315 = CARTESIAN_POINT('',(1.462787476022E+03,-4.450488252658,
    330.45314274078));
#7316 = CARTESIAN_POINT('',(1.461584923037E+03,-4.554198990195,
    330.55703326963));
#7317 = CARTESIAN_POINT('',(1.460382305205E+03,-4.656800293388,
    330.65982634516));
#7318 = CARTESIAN_POINT('',(1.457976745892E+03,-4.859815925541,
    330.86324600324));
#7319 = CARTESIAN_POINT('',(1.456773804193E+03,-4.960225586541,
    330.96387248271));
#7320 = CARTESIAN_POINT('',(1.455570796895E+03,-5.059525309426,
    331.06338416082));
#7321 = CARTESIAN_POINT('',(1.454367724402E+03,-5.157684505543,
    331.1618111503));
#7322 = CARTESIAN_POINT('',(1.453164585499E+03,-5.254748949227,
    331.25909546791));
#7323 = CARTESIAN_POINT('',(1.451961377117E+03,-5.350633125869,
    331.35525074139));
#7324 = CARTESIAN_POINT('',(1.450758099083E+03,-5.445364577326,
    331.45025119217));
#7325 = CARTESIAN_POINT('',(1.448351265624E+03,-5.632464450328,
    331.637931455));
#7326 = CARTESIAN_POINT('',(1.447147710615E+03,-5.724840228793,
    331.73061295202));
#7327 = CARTESIAN_POINT('',(1.445944081578E+03,-5.816000616695,
    331.82210695976));
#7328 = CARTESIAN_POINT('',(1.44474037894E+03,-5.905982319829,
    331.91240157157));
#7329 = CARTESIAN_POINT('',(1.443536597482E+03,-5.994689607854,
    332.00146216996));
#7330 = CARTESIAN_POINT('',(1.442332737417E+03,-6.082149065851,
    332.08927998567));
#7331 = CARTESIAN_POINT('',(1.441128795823E+03,-6.168309640494,
    332.1758346086));
#7332 = CARTESIAN_POINT('',(1.439322731401E+03,-6.295580565605,
    332.30371761745));
#7333 = CARTESIAN_POINT('',(1.438720671639E+03,-6.337675590061,
    332.3460221262));
#7334 = CARTESIAN_POINT('',(1.438118590589E+03,-6.379439046263,
    332.38799858991));
#7335 = CARTESIAN_POINT('',(1.437516487953E+03,-6.420867791831,
    332.42964348266));
#7336 = CARTESIAN_POINT('',(1.436914363409E+03,-6.461957696872,
    332.4709532793));
#7337 = CARTESIAN_POINT('',(1.436312216624E+03,-6.502704140314,
    332.51192445454));
#7338 = CARTESIAN_POINT('',(1.435710047268E+03,-6.543102506237,
    332.55255348202));
#7339 = CARTESIAN_POINT('',(1.434505660897E+03,-6.623194993291,
    332.63312022697));
#7340 = CARTESIAN_POINT('',(1.433903443897E+03,-6.66288907847,
    332.67305836976));
#7341 = CARTESIAN_POINT('',(1.433301203668E+03,-6.702226598204,
    332.71264669719));
#7342 = CARTESIAN_POINT('',(1.432698939853E+03,-6.741203215234,
    332.75188063693));
#7343 = CARTESIAN_POINT('',(1.432096652096E+03,-6.779814592584,
    332.79075560895));
#7344 = CARTESIAN_POINT('',(1.431494340045E+03,-6.818056393563,
    332.8292670255));
#7345 = CARTESIAN_POINT('',(1.430892003349E+03,-6.85592428176,
    332.86741029115));
#7346 = CARTESIAN_POINT('',(1.429084966835E+03,-6.968390091484,
    332.98071846496));
#7347 = CARTESIAN_POINT('',(1.427880192183E+03,-7.041853032086,
    333.05476856183));
#7348 = CARTESIAN_POINT('',(1.426675314398E+03,-7.113776341745,
    333.12727585619));
#7349 = CARTESIAN_POINT('',(1.425470331964E+03,-7.184086666757,
    333.19825852623));
#7350 = CARTESIAN_POINT('',(1.424265239762E+03,-7.252765809836,
    333.26758989563));
#7351 = CARTESIAN_POINT('',(1.423060036371E+03,-7.319746123047,
    333.33528575023));
#7352 = CARTESIAN_POINT('',(1.42185471804E+03,-7.384993453293,
    333.4012660983));
#7353 = CARTESIAN_POINT('',(1.42004661906E+03,-7.480185939099,
    333.49760869981));
#7354 = CARTESIAN_POINT('',(1.419443926532E+03,-7.511469604673,
    333.52928358605));
#7355 = CARTESIAN_POINT('',(1.418841204271E+03,-7.542300507823,
    333.56051430988));
#7356 = CARTESIAN_POINT('',(1.418238451907E+03,-7.572671148577,
    333.59129373183));
#7357 = CARTESIAN_POINT('',(1.417635669077E+03,-7.602574027748,
    333.62161465841));
#7358 = CARTESIAN_POINT('',(1.417032855426E+03,-7.632001646941,
    333.6514698422));
#7359 = CARTESIAN_POINT('',(1.416430010606E+03,-7.660946508546,
    333.68085198177));
#7360 = CARTESIAN_POINT('',(1.415224317172E+03,-7.717852845133,
    333.73865255227));
#7361 = CARTESIAN_POINT('',(1.414621468571E+03,-7.745814679915,
    333.76707163171));
#7362 = CARTESIAN_POINT('',(1.414018588129E+03,-7.773278677021,
    333.79500277164));
#7363 = CARTESIAN_POINT('',(1.41341567552E+03,-7.800237388798,
    333.82243901671));
#7364 = CARTESIAN_POINT('',(1.412812730429E+03,-7.826683573668,
    333.84937376864));
#7365 = CARTESIAN_POINT('',(1.412209752547E+03,-7.852609906799,
    333.87579991028));
#7366 = CARTESIAN_POINT('',(1.411606741567E+03,-7.878008690768,
    333.90170892966));
#7367 = CARTESIAN_POINT('',(1.410409343884E+03,-7.927375837984,
    333.95210553131));
#7368 = CARTESIAN_POINT('',(1.409814958163E+03,-7.951358575061,
    333.97660896898));
#7369 = CARTESIAN_POINT('',(1.409220539756E+03,-7.974810525517,
    334.00059175752));
#7370 = CARTESIAN_POINT('',(1.408626088418E+03,-7.99772244165,
    334.02404529323));
#7371 = CARTESIAN_POINT('',(1.408031603919E+03,-8.020085079998,
    334.04696096814));
#7372 = CARTESIAN_POINT('',(1.407437086044E+03,-8.04188920134,
    334.06933017005));
#7373 = CARTESIAN_POINT('',(1.406842534591E+03,-8.063125570691,
    334.09114428246));
#7374 = CARTESIAN_POINT('',(1.40579991759E+03,-8.099352202617,
    334.12840729757));
#7375 = CARTESIAN_POINT('',(1.405351866635E+03,-8.114591883927,
    334.14409966461));
#7376 = CARTESIAN_POINT('',(1.40490379643E+03,-8.129499979704,
    334.15946873313));
#7377 = CARTESIAN_POINT('',(1.404455706901E+03,-8.144072549622,
    334.17451041244));
#7378 = CARTESIAN_POINT('',(1.404007597975E+03,-8.158305689447,
    334.18921999408));
#7379 = CARTESIAN_POINT('',(1.403559469588E+03,-8.172195485917,
    334.20359257225));
#7380 = CARTESIAN_POINT('',(1.403111321684E+03,-8.185737971623,
    334.21762346412));
#7381 = CARTESIAN_POINT('',(1.401982407069E+03,-8.218965655261,
    334.25209581747));
#7382 = CARTESIAN_POINT('',(1.401301614824E+03,-8.238190394252,
    334.27208409469));
#7383 = CARTESIAN_POINT('',(1.400620777403E+03,-8.256585340861,
    334.2912589546));
#7384 = CARTESIAN_POINT('',(1.3999398948E+03,-8.274132563693,
    334.3096030943));
#7385 = CARTESIAN_POINT('',(1.399258967044E+03,-8.2908141411,
    334.32710002753));
#7386 = CARTESIAN_POINT('',(1.398577994186E+03,-8.306612159051,
    334.34373491017));
#7387 = CARTESIAN_POINT('',(1.397896976327E+03,-8.321508721706,
    334.35949257878));
#7388 = CARTESIAN_POINT('',(1.396535026557E+03,-8.349459920603,
    334.38920897126));
#7389 = CARTESIAN_POINT('',(1.395854094805E+03,-8.362512582409,
    334.40316747266));
#7390 = CARTESIAN_POINT('',(1.395173118023E+03,-8.374638342685,
    334.4162082491));
#7391 = CARTESIAN_POINT('',(1.394492097961E+03,-8.385785945887,
    334.4283111957));
#7392 = CARTESIAN_POINT('',(1.39381103221E+03,-8.395996922823,
    334.4394562615));
#7393 = CARTESIAN_POINT('',(1.393129924009E+03,-8.405190605161,
    334.4496232841));
#7394 = CARTESIAN_POINT('',(1.392448772644E+03,-8.413373418237,
    334.45879216343));
#7395 = CARTESIAN_POINT('',(1.39125035428E+03,-8.425931699343,
    334.47313118043));
#7396 = CARTESIAN_POINT('',(1.390733104994E+03,-8.43075066466,
    334.47873312881));
#7397 = CARTESIAN_POINT('',(1.390215831794E+03,-8.434958169851,
    334.48373970164));
#7398 = CARTESIAN_POINT('',(1.389698535064E+03,-8.438543929298,
    334.48814032442));
#7399 = CARTESIAN_POINT('',(1.389181215238E+03,-8.441497674774,
    334.49192345426));
#7400 = CARTESIAN_POINT('',(1.38866387278E+03,-8.443809152669,
    334.49507729142));
#7401 = CARTESIAN_POINT('',(1.38814650817E+03,-8.445468121222,
    334.49759049082));
#7402 = CARTESIAN_POINT('',(1.387236870166E+03,-8.447219933601,
    334.50086468364));
#7403 = CARTESIAN_POINT('',(1.386844606053E+03,-8.447593618305,
    334.50190208246));
#7404 = CARTESIAN_POINT('',(1.386452329677E+03,-8.447582552039,
    334.50256018118));
#7405 = CARTESIAN_POINT('',(1.386060041254E+03,-8.447182473563,
    334.50283408841));
#7406 = CARTESIAN_POINT('',(1.385667741078E+03,-8.446388047916,
    334.50271891062));
#7407 = CARTESIAN_POINT('',(1.385275429499E+03,-8.44519320412,
    334.50220975252));
#7408 = CARTESIAN_POINT('',(1.384883106899E+03,-8.443591472876,
    334.50130171752));
#7409 = CARTESIAN_POINT('',(1.383892534819E+03,-8.438503817194,
    334.49798918916));
#7410 = CARTESIAN_POINT('',(1.383294271156E+03,-8.434470980702,
    334.49505182554));
#7411 = CARTESIAN_POINT('',(1.382695984145E+03,-8.429456254662,
    334.4911558106));
#7412 = CARTESIAN_POINT('',(1.38209767534E+03,-8.423438120075,
    334.48627867728));
#7413 = CARTESIAN_POINT('',(1.381499346386E+03,-8.416395101611,
    334.48039769432));
#7414 = CARTESIAN_POINT('',(1.380900999007E+03,-8.408305770156,
    334.47349006229));
#7415 = CARTESIAN_POINT('',(1.380302635008E+03,-8.399148745345,
    334.46553310974));
#7416 = CARTESIAN_POINT('',(1.379097481992E+03,-8.378512717383,
    334.44734909523));
#7417 = CARTESIAN_POINT('',(1.378490692463E+03,-8.367005189917,
    334.43709128927));
#7418 = CARTESIAN_POINT('',(1.377883890521E+03,-8.354343247062,
    334.42571150074));
#7419 = CARTESIAN_POINT('',(1.377277075318E+03,-8.34055377864,
    334.41316565476));
#7420 = CARTESIAN_POINT('',(1.376670253519E+03,-8.32552616077,
    334.39948500472));
#7421 = CARTESIAN_POINT('',(1.376063426592E+03,-8.309292726096,
    334.38456559723));
#7422 = CARTESIAN_POINT('',(1.375456598865E+03,-8.291785761206,
    334.36842202444));
#7423 = CARTESIAN_POINT('',(1.374322449469E+03,-8.256651213391,
    334.33586732593));
#7424 = CARTESIAN_POINT('',(1.373795127156E+03,-8.23933797764,
    334.31977259058));
#7425 = CARTESIAN_POINT('',(1.373267809481E+03,-8.221025789798,
    334.30269439963));
#7426 = CARTESIAN_POINT('',(1.372740498465E+03,-8.201695453435,
    334.28461863635));
#7427 = CARTESIAN_POINT('',(1.372213197083E+03,-8.181325204409,
    334.26551884766));
#7428 = CARTESIAN_POINT('',(1.371685908179E+03,-8.159893850156,
    334.2453721637));
#7429 = CARTESIAN_POINT('',(1.371158633754E+03,-8.137383081735,
    334.22416915646));
#7430 = CARTESIAN_POINT('',(1.370236063764E+03,-8.096065385596,
    334.18515545906));
#7431 = CARTESIAN_POINT('',(1.369840760247E+03,-8.077739647723,
    334.16782420693));
#7432 = CARTESIAN_POINT('',(1.369445469024E+03,-8.058779351681,
    334.149866369));
#7433 = CARTESIAN_POINT('',(1.369050191964E+03,-8.039171245021,
    334.13126955109));
#7434 = CARTESIAN_POINT('',(1.368654930985E+03,-8.018902108805,
    334.11202135769));
#7435 = CARTESIAN_POINT('',(1.368259688056E+03,-7.997958757607,
    334.09210939195));
#7436 = CARTESIAN_POINT('',(1.367864465198E+03,-7.976328039512,
    334.07152125566));
#7437 = CARTESIAN_POINT('',(1.367171429013E+03,-7.937167353432,
    334.03420970312));
#7438 = CARTESIAN_POINT('',(1.366873606111E+03,-7.919940021943,
    334.01778397384));
#7439 = CARTESIAN_POINT('',(1.36657579668E+03,-7.902309234512,
    334.0009617182));
#7440 = CARTESIAN_POINT('',(1.366278001625E+03,-7.884269389894,
    333.98373765855));
#7441 = CARTESIAN_POINT('',(1.365980221855E+03,-7.865814897088,
    333.96610666989));
#7442 = CARTESIAN_POINT('',(1.365682458303E+03,-7.846940179689,
    333.9480635669));
#7443 = CARTESIAN_POINT('',(1.365384711939E+03,-7.827639680239,
    333.92960289109));
#7444 = CARTESIAN_POINT('',(1.364638790882E+03,-7.778203441755,
    333.88229043604));
#7445 = CARTESIAN_POINT('',(1.36419063885E+03,-7.747527232177,
    333.85289969087));
#7446 = CARTESIAN_POINT('',(1.36374253477E+03,-7.715831123385,
    333.82251980546));
#7447 = CARTESIAN_POINT('',(1.363294473685E+03,-7.68317707705,
    333.79112326815));
#7448 = CARTESIAN_POINT('',(1.362846473522E+03,-7.649423385668,
    333.75868408832));
#7449 = CARTESIAN_POINT('',(1.36239853096E+03,-7.614619702126,
    333.7251748888));
#7450 = CARTESIAN_POINT('',(1.361950656671E+03,-7.578692602408,
    333.69056920008));
#7451 = CARTESIAN_POINT('',(1.361275135608E+03,-7.522775744385,
    333.63667101489));
#7452 = CARTESIAN_POINT('',(1.36104743503E+03,-7.503630383318,
    333.6182112703));
#7453 = CARTESIAN_POINT('',(1.360819754157E+03,-7.484185335957,
    333.59945751817));
#7454 = CARTESIAN_POINT('',(1.360592093804E+03,-7.464436482075,
    333.58040629574));
#7455 = CARTESIAN_POINT('',(1.360364454804E+03,-7.444379712582,
    333.56105409175));
#7456 = CARTESIAN_POINT('',(1.360136838006E+03,-7.424010929521,
    333.54139734643));
#7457 = CARTESIAN_POINT('',(1.359909244274E+03,-7.403326046071,
    333.52143245149));
#7458 = CARTESIAN_POINT('',(1.359454133957E+03,-7.361318632136,
    333.48088130866));
#7459 = CARTESIAN_POINT('',(1.359226617463E+03,-7.339996214571,
    333.46029392395));
#7460 = CARTESIAN_POINT('',(1.358999126042E+03,-7.318349705664,
    333.43938802795));
#7461 = CARTESIAN_POINT('',(1.358771660747E+03,-7.29637509301,
    333.41815805248));
#7462 = CARTESIAN_POINT('',(1.358544222643E+03,-7.274068379977,
    333.39659842918));
#7463 = CARTESIAN_POINT('',(1.358316812816E+03,-7.251425585709,
    333.37470358956));
#7464 = CARTESIAN_POINT('',(1.358089432365E+03,-7.228442745124,
    333.35246796498));
#7465 = CARTESIAN_POINT('',(1.357433189867E+03,-7.161109601212,
    333.28728569633));
#7466 = CARTESIAN_POINT('',(1.357004405593E+03,-7.11588343078,
    333.24345045119));
#7467 = CARTESIAN_POINT('',(1.356575737389E+03,-7.069398618695,
    333.19835393944));
#7468 = CARTESIAN_POINT('',(1.356147200805E+03,-7.02159027876,
    333.15192997546));
#7469 = CARTESIAN_POINT('',(1.35571879903E+03,-6.972425856373,
    333.10419653562));
#7470 = CARTESIAN_POINT('',(1.355290552792E+03,-6.921844436005,
    333.05504019524));
#7471 = CARTESIAN_POINT('',(1.354862464536E+03,-6.869803502815,
    333.00450501978));
#7472 = CARTESIAN_POINT('',(1.354111939828E+03,-6.775881366084,
    332.91327181128));
#7473 = CARTESIAN_POINT('',(1.353789426784E+03,-6.734650864911,
    332.87321678437));
#7474 = CARTESIAN_POINT('',(1.353467019761E+03,-6.692545821554,
    332.83229589106));
#7475 = CARTESIAN_POINT('',(1.353144726841E+03,-6.64953671936,
    332.79048219922));
#7476 = CARTESIAN_POINT('',(1.352822551855E+03,-6.605620072715,
    332.74774816289));
#7477 = CARTESIAN_POINT('',(1.352500505071E+03,-6.560755813087,
    332.70406714354));
#7478 = CARTESIAN_POINT('',(1.352178590262E+03,-6.514943049712,
    332.65941157761));
#7479 = CARTESIAN_POINT('',(1.351621243794E+03,-6.433892084424,
    332.58032889023));
#7480 = CARTESIAN_POINT('',(1.35138574702E+03,-6.399106261779,
    332.54636676297));
#7481 = CARTESIAN_POINT('',(1.351150330977E+03,-6.363775313074,
    332.51185641489));
#7482 = CARTESIAN_POINT('',(1.350914999779E+03,-6.327881793647,
    332.47679128359));
#7483 = CARTESIAN_POINT('',(1.350679758661E+03,-6.29140873836,
    332.44115597791));
#7484 = CARTESIAN_POINT('',(1.350444612227E+03,-6.254338983574,
    332.4049411146));
#7485 = CARTESIAN_POINT('',(1.350209563992E+03,-6.216654974617,
    332.36814738838));
#7486 = CARTESIAN_POINT('',(1.349610184808E+03,-6.118908836979,
    332.27271326654));
#7487 = CARTESIAN_POINT('',(1.349246001906E+03,-6.057960414128,
    332.21321951269));
#7488 = CARTESIAN_POINT('',(1.348882095602E+03,-5.995433722284,
    332.15218519197));
#7489 = CARTESIAN_POINT('',(1.348518489049E+03,-5.931267757834,
    332.08953788651));
#7490 = CARTESIAN_POINT('',(1.348155206123E+03,-5.865402411023,
    332.02520542988));
#7491 = CARTESIAN_POINT('',(1.34779227142E+03,-5.797778465959,
    331.95911590701));
#7492 = CARTESIAN_POINT('',(1.347429710257E+03,-5.728337600611,
    331.89119765428));
#7493 = CARTESIAN_POINT('',(1.346886371281E+03,-5.621345716984,
    331.78645162036));
#7494 = CARTESIAN_POINT('',(1.346705294418E+03,-5.585199100993,
    331.75104665717));
#7495 = CARTESIAN_POINT('',(1.346524321208E+03,-5.548564632246,
    331.71516728005));
#7496 = CARTESIAN_POINT('',(1.346343463173E+03,-5.511427923665,
    331.67876542381));
#7497 = CARTESIAN_POINT('',(1.346162711322E+03,-5.473766295904,
    331.64191897575));
#7498 = CARTESIAN_POINT('',(1.345982089365E+03,-5.435570197641,
    331.60450822228));
#7499 = CARTESIAN_POINT('',(1.345801594055E+03,-5.396819585795,
    331.56657679376));
#7500 = CARTESIAN_POINT('',(1.345440780224E+03,-5.318159242801,
    331.48956608756));
#7501 = CARTESIAN_POINT('',(1.345260461022E+03,-5.278248580111,
    331.45049146627));
#7502 = CARTESIAN_POINT('',(1.345080286252E+03,-5.237752350934,
    331.41083927962));
#7503 = CARTESIAN_POINT('',(1.344900263258E+03,-5.196654882644,
    331.37059107395));
#7504 = CARTESIAN_POINT('',(1.344720399512E+03,-5.154940711414,
    331.32972845326));
#7505 = CARTESIAN_POINT('',(1.344540702615E+03,-5.112594582212,
    331.28823307925));
#7506 = CARTESIAN_POINT('',(1.3443611803E+03,-5.069601448802,
    331.24608667129));
#7507 = CARTESIAN_POINT('',(1.344089632895E+03,-5.003501333594,
    331.18125745582));
#7508 = CARTESIAN_POINT('',(1.344005770955E+03,-4.982901208791,
    331.16104790438));
#7509 = CARTESIAN_POINT('',(1.343923939914E+03,-4.962663400378,
    331.141189763));
#7510 = CARTESIAN_POINT('',(1.343840329314E+03,-4.941846412043,
    331.12075882539));
#7511 = CARTESIAN_POINT('',(1.343753621834E+03,-4.920089435473,
    331.09939946966));
#7512 = CARTESIAN_POINT('',(1.34366498219E+03,-4.89765183572,
    331.07736485987));
#7513 = CARTESIAN_POINT('',(1.343578046043E+03,-4.875452636556,
    331.05555714758));
#7514 = CARTESIAN_POINT('',(1.343414006681E+03,-4.833285390579,
    331.01412208621));
#7515 = CARTESIAN_POINT('',(1.343339827484E+03,-4.814047609876,
    330.99521139901));
#7516 = CARTESIAN_POINT('',(1.343268160648E+03,-4.795354072847,
    330.97683143594));
#7517 = CARTESIAN_POINT('',(1.343194017506E+03,-4.775905182284,
    330.9577041392));
#7518 = CARTESIAN_POINT('',(1.343115618976E+03,-4.755193225611,
    330.93732802052));
#7519 = CARTESIAN_POINT('',(1.343034383158E+03,-4.733551265849,
    330.91602861252));
#7520 = CARTESIAN_POINT('',(1.342954912934E+03,-4.712202032582,
    330.89500892015));
#7521 = CARTESIAN_POINT('',(1.342612197136E+03,-4.619597696478,
    330.80380786281));
#7522 = CARTESIAN_POINT('',(1.342339955633E+03,-4.544126384181,
    330.72939724075));
#7523 = CARTESIAN_POINT('',(1.342068346989E+03,-4.466703604911,
    330.65302484277));
#7524 = CARTESIAN_POINT('',(1.341797462273E+03,-4.387143088313,
    330.57454946018));
#7525 = CARTESIAN_POINT('',(1.341527395474E+03,-4.305262016049,
    330.4938324564));
#7526 = CARTESIAN_POINT('',(1.341258243276E+03,-4.220881473067,
    330.41073838461));
#7527 = CARTESIAN_POINT('',(1.340990104844E+03,-4.133826898858,
    330.32513560541));
#7528 = CARTESIAN_POINT('',(1.340656712653E+03,-4.021584195685,
    330.21496507075));
#7529 = CARTESIAN_POINT('',(1.340590412626E+03,-3.999064184492,
    330.19287040935));
#7530 = CARTESIAN_POINT('',(1.340524183087E+03,-3.976365902169,
    330.17061096974));
#7531 = CARTESIAN_POINT('',(1.340458025616E+03,-3.953486767257,
    330.14818482148));
#7532 = CARTESIAN_POINT('',(1.340391941799E+03,-3.930424219812,
    330.12559005417));
#7533 = CARTESIAN_POINT('',(1.340325933235E+03,-3.907175721408,
    330.10282477746));
#7534 = CARTESIAN_POINT('',(1.340260001533E+03,-3.883738755134,
    330.07988712107));
#7535 = CARTESIAN_POINT('',(1.340093889268E+03,-3.824137245404,
    330.02158770252));
#7536 = CARTESIAN_POINT('',(1.339992969459E+03,-3.787425597856,
    329.98570327299));
#7537 = CARTESIAN_POINT('',(1.339892887263E+03,-3.750455534847,
    329.94962440934));
#7538 = CARTESIAN_POINT('',(1.339794266951E+03,-3.713551586252,
    329.91354578328));
#7539 = CARTESIAN_POINT('',(1.339696947251E+03,-3.676530225783,
    329.87744236134));
#7540 = CARTESIAN_POINT('',(1.339599851307E+03,-3.63918718718,
    329.84089508795));
#7541 = CARTESIAN_POINT('',(1.339501180837E+03,-3.600644547687,
    329.80319591227));
#7542 = CARTESIAN_POINT('',(1.339303279192E+03,-3.522032686007,
    329.72623005839));
#7543 = CARTESIAN_POINT('',(1.339205735104E+03,-3.482719307128,
    329.68771961669));
#7544 = CARTESIAN_POINT('',(1.339107189633E+03,-3.442358456362,
    329.64816280911));
#7545 = CARTESIAN_POINT('',(1.339008705848E+03,-3.401331617945,
    329.60793557071));
#7546 = CARTESIAN_POINT('',(1.338910892978E+03,-3.359870036648,
    329.56726737713));
#7547 = CARTESIAN_POINT('',(1.338813915201E+03,-3.318037325482,
    329.52622315146));
#7548 = CARTESIAN_POINT('',(1.338717504169E+03,-3.275706106992,
    329.48467985862));
#7549 = CARTESIAN_POINT('',(1.338540757765E+03,-3.196647441222,
    329.40707748675));
#7550 = CARTESIAN_POINT('',(1.338460569227E+03,-3.160231168806,
    329.3713263736));
#7551 = CARTESIAN_POINT('',(1.338380434527E+03,-3.123270446028,
    329.33503610438));
#7552 = CARTESIAN_POINT('',(1.338300408436E+03,-3.085769112145,
    329.29821128455));
#7553 = CARTESIAN_POINT('',(1.3382205752E+03,-3.047746513812,
    329.26087165778));
#7554 = CARTESIAN_POINT('',(1.338141048115E+03,-3.009239748336,
    329.22305429531));
#7555 = CARTESIAN_POINT('',(1.338061969112E+03,-2.970305906931,
    329.18481578534));
#7556 = CARTESIAN_POINT('',(1.337920070248E+03,-2.899264150255,
    329.11503622184));
#7557 = CARTESIAN_POINT('',(1.337856828844E+03,-2.867172212735,
    329.08352276078));
#7558 = CARTESIAN_POINT('',(1.337793793041E+03,-2.834745779061,
    329.05167874886));
#7559 = CARTESIAN_POINT('',(1.337730972102E+03,-2.801982881966,
    329.01948794097));
#7560 = CARTESIAN_POINT('',(1.337668375629E+03,-2.76888231327,
    328.98693313729));
#7561 = CARTESIAN_POINT('',(1.337606013564E+03,-2.735443623876,
    328.95399618324));
#7562 = CARTESIAN_POINT('',(1.337543896188E+03,-2.701667123774,
    328.92065796952));
#7563 = CARTESIAN_POINT('',(1.337482034122E+03,-2.667553882038,
    328.88689843206));
#7564 = CARTESIAN_POINT('',(1.337375761518E+03,-2.608933776451,
    328.82890505898));
#7565 = CARTESIAN_POINT('',(1.337279416504E+03,-2.554505162295,
    328.77467866293));
#7566 = CARTESIAN_POINT('',(1.337189034278E+03,-2.501925578209,
    328.72244368251));
#7567 = CARTESIAN_POINT('',(1.337101119064E+03,-2.450608892813,
    328.67033637002));
#7568 = CARTESIAN_POINT('',(1.337014279543E+03,-2.398142789239,
    328.61748973444));
#7569 = CARTESIAN_POINT('',(1.336927177072E+03,-2.344450293101,
    328.56297347583));
#7570 = CARTESIAN_POINT('',(1.336839881351E+03,-2.288834087707,
    328.50663021537));
#7571 = CARTESIAN_POINT('',(1.336664463512E+03,-2.17324059294,
    328.38978192709));
#7572 = CARTESIAN_POINT('',(1.336576970379E+03,-2.113559913414,
    328.32970195283));
#7573 = CARTESIAN_POINT('',(1.336490757071E+03,-2.052560716847,
    328.2682436803));
#7574 = CARTESIAN_POINT('',(1.336405588495E+03,-1.989660034028,
    328.20617070491));
#7575 = CARTESIAN_POINT('',(1.336322239351E+03,-1.925523999878,
    328.1420873687));
#7576 = CARTESIAN_POINT('',(1.336239916525E+03,-1.85889992507,
    328.07796392217));
#7577 = CARTESIAN_POINT('',(1.336159567059E+03,-1.79056103599,
    328.01216948139));
#7578 = CARTESIAN_POINT('',(1.336081081816E+03,-1.720132977252,
    327.94520114045));
#7579 = CARTESIAN_POINT('',(1.336033041781E+03,-1.67702485574,
    327.90419425975));
#7580 = CARTESIAN_POINT('',(1.335985726353E+03,-1.633163680846,
    327.86269555986));
#7581 = CARTESIAN_POINT('',(1.335939182682E+03,-1.588539797507,
    327.82067771601));
#7582 = CARTESIAN_POINT('',(1.335893456491E+03,-1.543148352117,
    327.77811292126));
#7583 = CARTESIAN_POINT('',(1.335848592074E+03,-1.496989292522,
    327.73497288653));
#7584 = CARTESIAN_POINT('',(1.335804632303E+03,-1.450067368023,
    327.69122884062));
#7585 = CARTESIAN_POINT('',(1.335761618622E+03,-1.402392129374,
    327.64685153015));
#7586 = CARTESIAN_POINT('',(1.335658443505E+03,-1.283542456748,
    327.53627868987));
#7587 = CARTESIAN_POINT('',(1.335599369048E+03,-1.211515060437,
    327.46933135375));
#7588 = CARTESIAN_POINT('',(1.335542504118E+03,-1.138011265487,
    327.40086929467));
#7589 = CARTESIAN_POINT('',(1.335488023622E+03,-1.063166162472,
    327.33086851568));
#7590 = CARTESIAN_POINT('',(1.335436103636E+03,-0.98710709001,
    327.25931181587));
#7591 = CARTESIAN_POINT('',(1.335386908761E+03,-0.909926561782,
    327.18618178412));
#7592 = CARTESIAN_POINT('',(1.335340604138E+03,-0.831655437443,
    327.11151591039));
#7593 = CARTESIAN_POINT('',(1.335297392114E+03,-0.752236337439,
    327.03552381426));
#7594 = CARTESIAN_POINT('',(1.33525117945E+03,-0.666405194862,
    326.95473630109));
#7595 = CARTESIAN_POINT('',(1.335209533848E+03,-0.586125323217,
    326.87156690585));
#7596 = CARTESIAN_POINT('',(1.335174123329E+03,-0.497360268959,
    326.79941499284));
#7597 = CARTESIAN_POINT('',(1.335137524473E+03,-0.415056902181,
    326.70896268642));
#7598 = CARTESIAN_POINT('',(1.335106209294E+03,-0.323011630888,
    326.62395717087));
#7599 = CARTESIAN_POINT('',(1.335083241808E+03,-0.219145280131,
    326.551924357));
#7600 = CARTESIAN_POINT('',(1.335059042721E+03,-0.135216054185,
    326.4532173256));
#7601 = CARTESIAN_POINT('',(1.33505858061E+03,0.,326.45180295813));
#7602 = CARTESIAN_POINT('',(1.335059683869E+03,9.246425531689E-02,
    326.45705933135));
#7603 = CARTESIAN_POINT('',(1.335070298765E+03,0.171127599687,
    326.49815370537));
#7604 = CARTESIAN_POINT('',(1.3350866971E+03,0.241370475258,
    326.55662976251));
#7605 = CARTESIAN_POINT('',(1.335106253769E+03,0.307211912339,
    326.61956626948));
#7606 = CARTESIAN_POINT('',(1.335127446752E+03,0.371309529407,
    326.67957707735));
#7607 = CARTESIAN_POINT('',(1.335149857126E+03,0.434959533099,
    326.73481112158));
#7608 = CARTESIAN_POINT('',(1.335174169053E+03,0.498096718218,
    326.78895242201));
#7609 = CARTESIAN_POINT('',(1.335202169789E+03,0.559294467729,
    326.85122008285));
#7610 = CARTESIAN_POINT('',(1.335224216125E+03,0.609159188196,
    326.89854992424));
#7611 = CARTESIAN_POINT('',(1.335247567188E+03,0.658488865165,
    326.94570585646));
#7612 = CARTESIAN_POINT('',(1.335272161442E+03,0.707340541818,
    326.99255084618));
#7613 = CARTESIAN_POINT('',(1.3352979429E+03,0.755755213967,
    327.03897703395));
#7614 = CARTESIAN_POINT('',(1.335324861124E+03,0.803757830054,
    327.08490573419));
#7615 = CARTESIAN_POINT('',(1.335352871226E+03,0.851357291156,
    327.13028743519));
#7616 = CARTESIAN_POINT('',(1.335381933866E+03,0.898546450978,
    327.17510179908));
#7617 = CARTESIAN_POINT('',(1.335459380943E+03,1.018929112303,
    327.28903913445));
#7618 = CARTESIAN_POINT('',(1.335512260207E+03,1.096167749126,
    327.36175608928));
#7619 = CARTESIAN_POINT('',(1.335568544947E+03,1.172774772794,
    327.43336447361));
#7620 = CARTESIAN_POINT('',(1.335626214792E+03,1.246268335731,
    327.50172139314));
#7621 = CARTESIAN_POINT('',(1.335684099951E+03,1.315927974707,
    327.56639770617));
#7622 = CARTESIAN_POINT('',(1.335742414988E+03,1.382657732811,
    327.62840229674));
#7623 = CARTESIAN_POINT('',(1.335803063516E+03,1.448712425026,
    327.68991802696));
#7624 = CARTESIAN_POINT('',(1.335932516348E+03,1.581897564984,
    327.81448663873));
#7625 = CARTESIAN_POINT('',(1.335997055737E+03,1.645025875036,
    327.87374572182));
#7626 = CARTESIAN_POINT('',(1.336063176335E+03,1.706624915189,
    327.93197510123));
#7627 = CARTESIAN_POINT('',(1.336130786781E+03,1.766737059505,
    327.98918792321));
#7628 = CARTESIAN_POINT('',(1.336199766744E+03,1.825393138981,
    328.0454459108));
#7629 = CARTESIAN_POINT('',(1.336269949873E+03,1.882590349003,
    328.10089591245));
#7630 = CARTESIAN_POINT('',(1.336341182956E+03,1.938349043721,
    328.15565908508));
#7631 = CARTESIAN_POINT('',(1.336490122048E+03,2.050650699824,
    328.26676197704));
#7632 = CARTESIAN_POINT('',(1.336567306571E+03,2.106534816458,
    328.32256419054));
#7633 = CARTESIAN_POINT('',(1.336645109212E+03,2.160821315338,
    328.37713771146));
#7634 = CARTESIAN_POINT('',(1.336723595846E+03,2.213753848895,
    328.43059932124));
#7635 = CARTESIAN_POINT('',(1.336802792579E+03,2.265518037551,
    328.48302702496));
#7636 = CARTESIAN_POINT('',(1.33688267724E+03,2.316255059511,
    328.53446353552));
#7637 = CARTESIAN_POINT('',(1.336963173661E+03,2.366069966691,
    328.58492044042));
#7638 = CARTESIAN_POINT('',(1.337044148745E+03,2.4150347268,
    328.6343830511));
#7639 = CARTESIAN_POINT('',(1.337128068557E+03,2.465796117687,
    328.6856445053));
#7640 = CARTESIAN_POINT('',(1.337212705248E+03,2.515678001813,
    328.73596120578));
#7641 = CARTESIAN_POINT('',(1.337297876719E+03,2.565008838913,
    328.78528645816));
#7642 = CARTESIAN_POINT('',(1.337383591247E+03,2.613696868342,
    328.83369734694));
#7643 = CARTESIAN_POINT('',(1.337469840152E+03,2.661696742222,
    328.88125482866));
#7644 = CARTESIAN_POINT('',(1.33755657999E+03,2.709043201868,
    328.92799711031));
#7645 = CARTESIAN_POINT('',(1.337643781964E+03,2.755736725471,
    328.97397555037));
#7646 = CARTESIAN_POINT('',(1.337812724472E+03,2.844463713355,
    329.06123370296));
#7647 = CARTESIAN_POINT('',(1.337889935672E+03,2.884251940286,
    329.10029377889));
#7648 = CARTESIAN_POINT('',(1.337966503733E+03,2.923091767722,
    329.13843843544));
#7649 = CARTESIAN_POINT('',(1.338044542181E+03,2.96206434331,
    329.17672468824));
#7650 = CARTESIAN_POINT('',(1.338124754812E+03,3.001453760229,
    329.21541106185));
#7651 = CARTESIAN_POINT('',(1.338206375544E+03,3.040827188883,
    329.25407308124));
#7652 = CARTESIAN_POINT('',(1.338287127556E+03,3.079112330497,
    329.29167387295));
#7653 = CARTESIAN_POINT('',(1.338482681305E+03,3.170520843245,
    329.38142912851));
#7654 = CARTESIAN_POINT('',(1.33860276609E+03,3.225317945471,
    329.43522817816));
#7655 = CARTESIAN_POINT('',(1.338723421909E+03,3.279100008129,
    329.48802027205));
#7656 = CARTESIAN_POINT('',(1.338844614985E+03,3.331904942483,
    329.53983950983));
#7657 = CARTESIAN_POINT('',(1.338966311912E+03,3.383772062229,
    329.59072084395));
#7658 = CARTESIAN_POINT('',(1.339088479647E+03,3.434742083493,
    329.64070007969));
#7659 = CARTESIAN_POINT('',(1.339211085519E+03,3.484857124833,
    329.68981387516));
#7660 = CARTESIAN_POINT('',(1.339391811149E+03,3.557293537412,
    329.76075420469));
#7661 = CARTESIAN_POINT('',(1.339449614987E+03,3.580245958417,
    329.78322658935));
#7662 = CARTESIAN_POINT('',(1.339507504781E+03,3.603024359317,
    329.80552052194));
#7663 = CARTESIAN_POINT('',(1.339565476932E+03,3.625634150237,
    329.82763977941));
#7664 = CARTESIAN_POINT('',(1.339623528192E+03,3.648079762359,
    329.849588289));
#7665 = CARTESIAN_POINT('',(1.339681655673E+03,3.670364647921,
    329.87137012819));
#7666 = CARTESIAN_POINT('',(1.339739856838E+03,3.692491280219,
    329.89298952476));
#7667 = CARTESIAN_POINT('',(1.339863622937E+03,3.739152319645,
    329.93857274147));
#7668 = CARTESIAN_POINT('',(1.339929207925E+03,3.76364417117,
    329.96249263185));
#7669 = CARTESIAN_POINT('',(1.339994880708E+03,3.787937844968,
    329.98621965732));
#7670 = CARTESIAN_POINT('',(1.340060638007E+03,3.812034794111,
    330.0097613254));
#7671 = CARTESIAN_POINT('',(1.340126477019E+03,3.835936787956,
    330.03312352162));
#7672 = CARTESIAN_POINT('',(1.340192395424E+03,3.859645912146,
    330.05631050957));
#7673 = CARTESIAN_POINT('',(1.340258391377E+03,3.88316456861,
    330.07932493089));
#7674 = CARTESIAN_POINT('',(1.340565040016E+03,3.99144613527,
    330.18533956878));
#7675 = CARTESIAN_POINT('',(1.340806627662E+03,4.073907825596,
    330.26623205963));
#7676 = CARTESIAN_POINT('',(1.341049148951E+03,4.154002955825,
    330.34493631411));
#7677 = CARTESIAN_POINT('',(1.341292527922E+03,4.23185763748,
    330.42154685799));
#7678 = CARTESIAN_POINT('',(1.341536690317E+03,4.307601339302,
    330.49616127559));
#7679 = CARTESIAN_POINT('',(1.341781563747E+03,4.381366542232,
    330.56887977888));
#7680 = CARTESIAN_POINT('',(1.342027077857E+03,4.453288394393,
    330.63980477652));
#7681 = CARTESIAN_POINT('',(1.342366422117E+03,4.55011365494,
    330.73527820178));
#7682 = CARTESIAN_POINT('',(1.342459031303E+03,4.576269217997,
    330.7610676526));
#7683 = CARTESIAN_POINT('',(1.342551893831E+03,4.60224492615,
    330.78667683652));
#7684 = CARTESIAN_POINT('',(1.342645439294E+03,4.628163581237,
    330.81222546781));
#7685 = CARTESIAN_POINT('',(1.342739620551E+03,4.654010901366,
    330.83769766368));
#7686 = CARTESIAN_POINT('',(1.342833910415E+03,4.679646384626,
    330.86295263382));
#7687 = CARTESIAN_POINT('',(1.342927299591E+03,4.704811051188,
    330.88773332995));
#7688 = CARTESIAN_POINT('',(1.343349769893E+03,4.817725405916,
    330.99887802953));
#7689 = CARTESIAN_POINT('',(1.343682012663E+03,4.903786929208,
    331.08346201489));
#7690 = CARTESIAN_POINT('',(1.344014970084E+03,4.987405659833,
    331.16554039002));
#7691 = CARTESIAN_POINT('',(1.344348589648E+03,5.068673433663,
    331.24522935135));
#7692 = CARTESIAN_POINT('',(1.344682820426E+03,5.147684896267,
    331.32264591296));
#7693 = CARTESIAN_POINT('',(1.345017613068E+03,5.224537502904,
    331.39790790662));
#7694 = CARTESIAN_POINT('',(1.3453529198E+03,5.299331518531,
    331.47113398174));
#7695 = CARTESIAN_POINT('',(1.345860663132E+03,5.409474506403,
    331.57896565453));
#7696 = CARTESIAN_POINT('',(1.346032755171E+03,5.446266155986,
    331.61498100808));
#7697 = CARTESIAN_POINT('',(1.346204961132E+03,5.482557469506,
    331.65052503937));
#7698 = CARTESIAN_POINT('',(1.346377283635E+03,5.51836571653,
    331.68556145497));
#7699 = CARTESIAN_POINT('',(1.346549701329E+03,5.553698925161,
    331.72019857189));
#7700 = CARTESIAN_POINT('',(1.346722224436E+03,5.588577638499,
    331.7543546877));
#7701 = CARTESIAN_POINT('',(1.346894840755E+03,5.623013482565,
    331.78808460027));
#7702 = CARTESIAN_POINT('',(1.34724018805E+03,5.691017724664,
    331.85466108815));
#7703 = CARTESIAN_POINT('',(1.347412918232E+03,5.724587173783,
    331.88751115377));
#7704 = CARTESIAN_POINT('',(1.347585736396E+03,5.757736938104,
    331.91993718244));
#7705 = CARTESIAN_POINT('',(1.347758639754E+03,5.790473272583,
    331.95194691606));
#7706 = CARTESIAN_POINT('',(1.347931625559E+03,5.822802483206,
    331.98354811233));
#7707 = CARTESIAN_POINT('',(1.3481046911E+03,5.854730926981,
    332.01474854474));
#7708 = CARTESIAN_POINT('',(1.348277833708E+03,5.886265011944,
    332.04555600255));
#7709 = CARTESIAN_POINT('',(1.34860725146E+03,5.945497673199,
    332.10341198286));
#7710 = CARTESIAN_POINT('',(1.348763512698E+03,5.97326871433,
    332.13053246145));
#7711 = CARTESIAN_POINT('',(1.348919832532E+03,6.000729057064,
    332.15734544922));
#7712 = CARTESIAN_POINT('',(1.349076209057E+03,6.027883465849,
    332.18385667614));
#7713 = CARTESIAN_POINT('',(1.34923264039E+03,6.05473673306,
    332.21007187955));
#7714 = CARTESIAN_POINT('',(1.349389124672E+03,6.081293678996,
    332.23599680413));
#7715 = CARTESIAN_POINT('',(1.349545660071E+03,6.107559151887,
    332.26163720188));
#7716 = CARTESIAN_POINT('',(1.349849451572E+03,6.157961026392,
    332.31084128794));
#7717 = CARTESIAN_POINT('',(1.349996701802E+03,6.18213067633,
    332.33443851682));
#7718 = CARTESIAN_POINT('',(1.350143994324E+03,6.206051157536,
    332.35779231818));
#7719 = CARTESIAN_POINT('',(1.350291327379E+03,6.229726439427,
    332.38090974911));
#7720 = CARTESIAN_POINT('',(1.350438699328E+03,6.253160549005,
    332.40379700713));
#7721 = CARTESIAN_POINT('',(1.350586108947E+03,6.276357677536,
    332.42645694045));
#7722 = CARTESIAN_POINT('',(1.3507335553E+03,6.299322125922,
    332.44889018561));
#7723 = CARTESIAN_POINT('',(1.351019977596E+03,6.343477294256,
    332.49202344398));
#7724 = CARTESIAN_POINT('',(1.351158949538E+03,6.364693713295,
    332.51274859635));
#7725 = CARTESIAN_POINT('',(1.351297952026E+03,6.38571087971,
    332.5332775088));
#7726 = CARTESIAN_POINT('',(1.351436984107E+03,6.406532335441,
    332.55361230473));
#7727 = CARTESIAN_POINT('',(1.351576044835E+03,6.427161630539,
    332.57375511209));
#7728 = CARTESIAN_POINT('',(1.351715133275E+03,6.447602323164,
    332.5937080633));
#7729 = CARTESIAN_POINT('',(1.351854248501E+03,6.467857979587,
    332.6134732953));
#7730 = CARTESIAN_POINT('',(1.352254604376E+03,6.52561819127,
    332.6698105669));
#7731 = CARTESIAN_POINT('',(1.352515910205E+03,6.562665358023,
    332.70591411395));
#7732 = CARTESIAN_POINT('',(1.352777303305E+03,6.599084023776,
    332.74137808167));
#7733 = CARTESIAN_POINT('',(1.353038779966E+03,6.634884617939,
    332.77621696852));
#7734 = CARTESIAN_POINT('',(1.353300336549E+03,6.670077650003,
    332.8104452805));
#7735 = CARTESIAN_POINT('',(1.353561969486E+03,6.704673709544,
    332.84407753108));
#7736 = CARTESIAN_POINT('',(1.35382367528E+03,6.73868346622,
    332.87712824127));
#7737 = CARTESIAN_POINT('',(1.354312165271E+03,6.801073912259,
    332.9377450136));
#7738 = CARTESIAN_POINT('',(1.354538932077E+03,6.829598437123,
    332.96545301172));
#7739 = CARTESIAN_POINT('',(1.354765748885E+03,6.857698271258,
    332.99274366741));
#7740 = CARTESIAN_POINT('',(1.35499261314E+03,6.885380320638,
    333.0196300147));
#7741 = CARTESIAN_POINT('',(1.355219522701E+03,6.91265164899,
    333.04612128031));
#7742 = CARTESIAN_POINT('',(1.355446476088E+03,6.939519544184,
    333.07222053448));
#7743 = CARTESIAN_POINT('',(1.355673472034E+03,6.965991372358,
    333.09792910046));
#7744 = CARTESIAN_POINT('',(1.356101855067E+03,7.015205751061,
    333.14571997994));
#7745 = CARTESIAN_POINT('',(1.356303233685E+03,7.038031398382,
    333.16788185119));
#7746 = CARTESIAN_POINT('',(1.35650464304E+03,7.060556223521,
    333.18974716945));
#7747 = CARTESIAN_POINT('',(1.356706081984E+03,7.082785301348,
    333.21131977146));
#7748 = CARTESIAN_POINT('',(1.356907549386E+03,7.104723719808,
    333.23260349767));
#7749 = CARTESIAN_POINT('',(1.357109044129E+03,7.12637657992,
    333.2536021922));
#7750 = CARTESIAN_POINT('',(1.357310565114E+03,7.147748995778,
    333.27431970288));
#7751 = CARTESIAN_POINT('',(1.35786208312E+03,7.205479484384,
    333.33025276531));
#7752 = CARTESIAN_POINT('',(1.358212130388E+03,7.241285654189,
    333.36491038262));
#7753 = CARTESIAN_POINT('',(1.358562248951E+03,7.276281199301,
    333.39874945534));
#7754 = CARTESIAN_POINT('',(1.358912434504E+03,7.310478559623,
    333.43179640973));
#7755 = CARTESIAN_POINT('',(1.359262683441E+03,7.343892869737,
    333.46406657601));
#7756 = CARTESIAN_POINT('',(1.359612991928E+03,7.376539702585,
    333.49557857329));
#7757 = CARTESIAN_POINT('',(1.359963355527E+03,7.408432244419,
    333.52636312539));
#7758 = CARTESIAN_POINT('',(1.360848126432E+03,7.487094062159,
    333.60226824926));
#7759 = CARTESIAN_POINT('',(1.361382603353E+03,7.532882588538,
    333.6464342398));
#7760 = CARTESIAN_POINT('',(1.361917190631E+03,7.577012654079,
    333.68896890173));
#7761 = CARTESIAN_POINT('',(1.362451880097E+03,7.619516251197,
    333.72991787541));
#7762 = CARTESIAN_POINT('',(1.362986656752E+03,7.660489009333,
    333.7693264013));
#7763 = CARTESIAN_POINT('',(1.363521517668E+03,7.699923048699,
    333.80724048905));
#7764 = CARTESIAN_POINT('',(1.364056445488E+03,7.737941875631,
    333.84370523633));
#7765 = CARTESIAN_POINT('',(1.365126630031E+03,7.811149876289,
    333.91384185789));
#7766 = CARTESIAN_POINT('',(1.365661886246E+03,7.846345079841,
    333.94750745044));
#7767 = CARTESIAN_POINT('',(1.366197198332E+03,7.880155757052,
    333.97983210558));
#7768 = CARTESIAN_POINT('',(1.366732562088E+03,7.912614601803,
    334.0108244583));
#7769 = CARTESIAN_POINT('',(1.367267971989E+03,7.94375401373,
    334.04051725707));
#7770 = CARTESIAN_POINT('',(1.367803422147E+03,7.973606372461,
    334.06895188613));
#7771 = CARTESIAN_POINT('',(1.368338908232E+03,8.002204582985,
    334.09614791448));
#7772 = CARTESIAN_POINT('',(1.369217193578E+03,8.047104451205,
    334.13878043571));
#7773 = CARTESIAN_POINT('',(1.369559974786E+03,8.064126890917,
    334.1549253089));
#7774 = CARTESIAN_POINT('',(1.369902767248E+03,8.080658161456,
    334.17058579115));
#7775 = CARTESIAN_POINT('',(1.370245569855E+03,8.096705706386,
    334.18576931826));
#7776 = CARTESIAN_POINT('',(1.370588381392E+03,8.112278260683,
    334.20048374302));
#7777 = CARTESIAN_POINT('',(1.370931200494E+03,8.127386032961,
    334.21473776898));
#7778 = CARTESIAN_POINT('',(1.371274025964E+03,8.142037724361,
    334.22853995611));
#7779 = CARTESIAN_POINT('',(1.372223471676E+03,8.181354841418,
    334.26552907638));
#7780 = CARTESIAN_POINT('',(1.372830104332E+03,8.205055720959,
    334.28776438997));
#7781 = CARTESIAN_POINT('',(1.373436751206E+03,8.227368341208,
    334.30863411846));
#7782 = CARTESIAN_POINT('',(1.374043408251E+03,8.248324122689,
    334.32817012757));
#7783 = CARTESIAN_POINT('',(1.374650071575E+03,8.267954587952,
    334.34640426948));
#7784 = CARTESIAN_POINT('',(1.375256737448E+03,8.28629136157,
    334.36336838283));
#7785 = CARTESIAN_POINT('',(1.375863402296E+03,8.303366170139,
    334.3790942927));
#7786 = CARTESIAN_POINT('',(1.376918319636E+03,8.330918119711,
    334.40434238916));
#7787 = CARTESIAN_POINT('',(1.37736657408E+03,8.341954947561,
    334.41441127908));
#7788 = CARTESIAN_POINT('',(1.377814824815E+03,8.352330918573,
    334.42383571853));
#7789 = CARTESIAN_POINT('',(1.378263070306E+03,8.362061278145,
    334.43262909338));
#7790 = CARTESIAN_POINT('',(1.378711309263E+03,8.371162114396,
    334.44079788062));
#7791 = CARTESIAN_POINT('',(1.379159540932E+03,8.379642294122,
    334.44834963926));
#7792 = CARTESIAN_POINT('',(1.37960776487E+03,8.387503680061,
    334.4552981763));
#7793 = CARTESIAN_POINT('',(1.380742330844E+03,8.405874025333,
    334.47137651046));
#7794 = CARTESIAN_POINT('',(1.381428661143E+03,8.41556643801,
    334.47970824667));
#7795 = CARTESIAN_POINT('',(1.382114968423E+03,8.423870693288,
    334.48666868838));
#7796 = CARTESIAN_POINT('',(1.382801249202E+03,8.430818903499,
    334.4923192525));
#7797 = CARTESIAN_POINT('',(1.383487502381E+03,8.436443791107,
    334.49664733737));
#7798 = CARTESIAN_POINT('',(1.384173723953E+03,8.440777426958,
    334.49974133208));
#7799 = CARTESIAN_POINT('',(1.384859912757E+03,8.4438526196,
    334.50159826252));
#7800 = CARTESIAN_POINT('',(1.386220424572E+03,8.447519298575,
    334.50289212163));
#7801 = CARTESIAN_POINT('',(1.386894748721E+03,8.448152959485,
    334.50236957085));
#7802 = CARTESIAN_POINT('',(1.387569037245E+03,8.44763721845,
    334.50070800273));
#7803 = CARTESIAN_POINT('',(1.388243289472E+03,8.445985750741,
    334.49793226783));
#7804 = CARTESIAN_POINT('',(1.38891750418E+03,8.443223003215,
    334.49406719732));
#7805 = CARTESIAN_POINT('',(1.389591680077E+03,8.439375965006,
    334.48913760327));
#7806 = CARTESIAN_POINT('',(1.390265816537E+03,8.434461769574,
    334.48316827942));
#7807 = CARTESIAN_POINT('',(1.391612496396E+03,8.422564918114,
    334.46921538485));
#7808 = CARTESIAN_POINT('',(1.392285040118E+03,8.415583819528,
    334.46123629301));
#7809 = CARTESIAN_POINT('',(1.392957542529E+03,8.407593711903,
    334.45226611993));
#7810 = CARTESIAN_POINT('',(1.393630003519E+03,8.398604332313,
    334.44232423366));
#7811 = CARTESIAN_POINT('',(1.394302422035E+03,8.388647414081,
    334.43143000817));
#7812 = CARTESIAN_POINT('',(1.394974797177E+03,8.377752546372,
    334.41960280474));
#7813 = CARTESIAN_POINT('',(1.39564712928E+03,8.365923524475,
    334.40686195176));
#7814 = CARTESIAN_POINT('',(1.396828062939E+03,8.343542802085,
    334.38291088157));
#7815 = CARTESIAN_POINT('',(1.397336683098E+03,8.333380579893,
    334.37208199261));
#7816 = CARTESIAN_POINT('',(1.397845278284E+03,8.322703273171,
    334.36075038906));
#7817 = CARTESIAN_POINT('',(1.398353848415E+03,8.311518317129,
    334.34892445697));
#7818 = CARTESIAN_POINT('',(1.398862393435E+03,8.299833159127,
    334.33661128865));
#7819 = CARTESIAN_POINT('',(1.399370913308E+03,8.28765525511,
    334.32381728489));
#7820 = CARTESIAN_POINT('',(1.399879408016E+03,8.274992066045,
    334.31054875722));
#7821 = CARTESIAN_POINT('',(1.401146431662E+03,8.24224628543,
    334.27632034468));
#7822 = CARTESIAN_POINT('',(1.401904929623E+03,8.221581278721,
    334.25478765864));
#7823 = CARTESIAN_POINT('',(1.402663371777E+03,8.199869199333,
    334.23223553497));
#7824 = CARTESIAN_POINT('',(1.403421757593E+03,8.177153011313,
    334.20868854404));
#7825 = CARTESIAN_POINT('',(1.404180087389E+03,8.153449738061,
    334.18416619954));
#7826 = CARTESIAN_POINT('',(1.404938361783E+03,8.128768323178,
    334.15869066361));
#7827 = CARTESIAN_POINT('',(1.405696580881E+03,8.103136127692,
    334.13228971455));
#7828 = CARTESIAN_POINT('',(1.407221680314E+03,8.04969493964,
    334.07734248937));
#7829 = CARTESIAN_POINT('',(1.40798855935E+03,8.021864102294,
    334.04877684164));
#7830 = CARTESIAN_POINT('',(1.40875538268E+03,7.993098198822,
    334.01929552785));
#7831 = CARTESIAN_POINT('',(1.409522150777E+03,7.963415562951,
    333.98891703432));
#7832 = CARTESIAN_POINT('',(1.410288864137E+03,7.932835527643,
    333.95765983627));
#7833 = CARTESIAN_POINT('',(1.411055523261E+03,7.901379393097,
    333.92554239864));
#7834 = CARTESIAN_POINT('',(1.411822128693E+03,7.869068085986,
    333.89258317455));
#7835 = CARTESIAN_POINT('',(1.413467342078E+03,7.79791623426,
    333.82007731564));
#7836 = CARTESIAN_POINT('',(1.414345933395E+03,7.758811051286,
    333.78027225404));
#7837 = CARTESIAN_POINT('',(1.415224456015E+03,7.718624120141,
    333.73940788153));
#7838 = CARTESIAN_POINT('',(1.41610291093E+03,7.677378610203,
    333.69750664886));
#7839 = CARTESIAN_POINT('',(1.416981299169E+03,7.635097701093,
    333.65459099258));
#7840 = CARTESIAN_POINT('',(1.417859621805E+03,7.591804582677,
    333.610683335));
#7841 = CARTESIAN_POINT('',(1.418737879949E+03,7.547522455065,
    333.56580608423));
#7842 = CARTESIAN_POINT('',(1.420270481675E+03,7.468556712376,
    333.48583437466));
#7843 = CARTESIAN_POINT('',(1.420924853434E+03,7.434303484615,
    333.45116183423));
#7844 = CARTESIAN_POINT('',(1.421579190476E+03,7.399523595261,
    333.41597158842));
#7845 = CARTESIAN_POINT('',(1.422233493252E+03,7.364224774077,
    333.38027111199));
#7846 = CARTESIAN_POINT('',(1.422887762222E+03,7.328414171338,
    333.34406782198));
#7847 = CARTESIAN_POINT('',(1.42354199785E+03,7.292098798531,
    333.30736912088));
#7848 = CARTESIAN_POINT('',(1.424196200613E+03,7.25528596904,
    333.2701824397));
#7849 = CARTESIAN_POINT('',(1.425840290438E+03,7.161536593011,
    333.17551534814));
#7850 = CARTESIAN_POINT('',(1.426830135749E+03,7.103964777728,
    333.11741770208));
#7851 = CARTESIAN_POINT('',(1.427819908397E+03,7.045307828483,
    333.05823500368));
#7852 = CARTESIAN_POINT('',(1.428809610709E+03,6.985558358746,
    332.99802686212));
#7853 = CARTESIAN_POINT('',(1.429799243538E+03,6.924790358506,
    332.93677050043));
#7854 = CARTESIAN_POINT('',(1.430788808934E+03,6.862991874313,
    332.87451630812));
#7855 = CARTESIAN_POINT('',(1.43177830811E+03,6.800189474113,
    332.81127005004));
#7856 = CARTESIAN_POINT('',(1.433765793609E+03,6.672061186914,
    332.68228493968));
#7857 = CARTESIAN_POINT('',(1.434763778598E+03,6.606715305702,
    332.61652593996));
#7858 = CARTESIAN_POINT('',(1.435761699876E+03,6.540392795957,
    332.54980788809));
#7859 = CARTESIAN_POINT('',(1.436759558526E+03,6.473100634227,
    332.48214589281));
#7860 = CARTESIAN_POINT('',(1.437757356135E+03,6.404867390882,
    332.41355354932));
#7861 = CARTESIAN_POINT('',(1.438755094376E+03,6.335719708839,
    332.34404720374));
#7862 = CARTESIAN_POINT('',(1.439752774357E+03,6.265658953379,
    332.27364474309));
#7863 = CARTESIAN_POINT('',(1.441627584391E+03,6.132314758149,
    332.13968195705));
#7864 = CARTESIAN_POINT('',(1.442504727302E+03,6.069233077103,
    332.07632203237));
#7865 = CARTESIAN_POINT('',(1.443381827319E+03,6.005470062217,
    332.01229329163));
#7866 = CARTESIAN_POINT('',(1.444258885157E+03,5.941033915518,
    331.94760291456));
#7867 = CARTESIAN_POINT('',(1.445135901551E+03,5.875933849871,
    331.88225762832));
#7868 = CARTESIAN_POINT('',(1.446012877384E+03,5.81018094433,
    331.81626579864));
#7869 = CARTESIAN_POINT('',(1.446889813572E+03,5.743785770372,
    331.7496366787));
#7870 = CARTESIAN_POINT('',(1.448420044724E+03,5.626809671146,
    331.63226476063));
#7871 = CARTESIAN_POINT('',(1.449073357083E+03,5.576512550532,
    331.58180287173));
#7872 = CARTESIAN_POINT('',(1.449726648086E+03,5.525864034942,
    331.53099492742));
#7873 = CARTESIAN_POINT('',(1.450379917994E+03,5.474866737676,
    331.47984361508));
#7874 = CARTESIAN_POINT('',(1.451033167033E+03,5.423523275198,
    331.42835098355));
#7875 = CARTESIAN_POINT('',(1.451686395422E+03,5.371836264783,
    331.3765188955));
#7876 = CARTESIAN_POINT('',(1.452339603393E+03,5.31980832216,
    331.32434947979));
#7877 = CARTESIAN_POINT('',(1.453981075293E+03,5.18821135981,
    331.19240602925));
#7878 = CARTESIAN_POINT('',(1.45496931317E+03,5.108204082512,
    331.11220107305));
#7879 = CARTESIAN_POINT('',(1.45595750574E+03,5.027436502476,
    331.0312336504));
#7880 = CARTESIAN_POINT('',(1.456945654058E+03,4.945909670551,
    330.94952136159));
#7881 = CARTESIAN_POINT('',(1.457933758296E+03,4.863627513431,
    330.86706477895));
#7882 = CARTESIAN_POINT('',(1.458921818619E+03,4.780596650733,
    330.78386209422));
#7883 = CARTESIAN_POINT('',(1.459909835916E+03,4.696821240872,
    330.6999255382));
#7884 = CARTESIAN_POINT('',(1.461885646109E+03,4.52780313472,
    330.5305965897));
#7885 = CARTESIAN_POINT('',(1.462873438984E+03,4.442559560923,
    330.44520499814));
#7886 = CARTESIAN_POINT('',(1.46386118988E+03,4.356584652697,
    330.35908743771));
#7887 = CARTESIAN_POINT('',(1.464848898748E+03,4.269878665646,
    330.2722443707));
#7888 = CARTESIAN_POINT('',(1.465836565434E+03,4.182440752789,
    330.18467555845));
#7889 = CARTESIAN_POINT('',(1.466824190039E+03,4.09427244529,
    330.09638268199));
#7890 = CARTESIAN_POINT('',(1.46781177282E+03,4.005376765649,
    330.00736853866));
#7891 = CARTESIAN_POINT('',(1.469932635899E+03,3.812898927119,
    329.81465062258));
#7892 = CARTESIAN_POINT('',(1.471065902873E+03,3.709086860537,
    329.71071732323));
#7893 = CARTESIAN_POINT('',(1.472199114888E+03,3.604321158461,
    329.60583594341));
#7894 = CARTESIAN_POINT('',(1.473332270532E+03,3.498594442155,
    329.49999547974));
#7895 = CARTESIAN_POINT('',(1.474465369731E+03,3.391903036458,
    329.39320020809));
#7896 = CARTESIAN_POINT('',(1.47559841244E+03,3.284246096802,
    329.28545249391));
#7897 = CARTESIAN_POINT('',(1.476731397113E+03,3.175620026537,
    329.17673654581));
#7898 = CARTESIAN_POINT('',(1.47899700616E+03,2.956442944007,
    328.95738826782));
#7899 = CARTESIAN_POINT('',(1.480129630225E+03,2.845890290987,
    328.84675413387));
#7900 = CARTESIAN_POINT('',(1.481262194817E+03,2.734357583364,
    328.73514649077));
#7901 = CARTESIAN_POINT('',(1.482394698078E+03,2.621830365867,
    328.62255682788));
#7902 = CARTESIAN_POINT('',(1.483527138888E+03,2.508308374735,
    328.50897225731));
#7903 = CARTESIAN_POINT('',(1.484659516075E+03,2.393786638575,
    328.39438378142));
#7904 = CARTESIAN_POINT('',(1.485791827405E+03,2.278241406637,
    328.27878729073));
#7905 = CARTESIAN_POINT('',(1.488047478525E+03,2.046006165739,
    328.04645191652));
#7906 = CARTESIAN_POINT('',(1.489170819091E+03,1.929329130494,
    327.92972892774));
#7907 = CARTESIAN_POINT('',(1.490294091576E+03,1.811631119807,
    327.81198777751));
#7908 = CARTESIAN_POINT('',(1.491417293366E+03,1.69289600339,
    327.69321372003));
#7909 = CARTESIAN_POINT('',(1.492540421805E+03,1.573108006687,
    327.57339126199));
#7910 = CARTESIAN_POINT('',(1.493663474687E+03,1.452254851944,
    327.45250655817));
#7911 = CARTESIAN_POINT('',(1.494786449786E+03,1.330324334038,
    327.33054568816));
#7912 = CARTESIAN_POINT('',(1.497045990027E+03,1.0827576974,
    327.08292489885));
#7913 = CARTESIAN_POINT('',(1.49818255347E+03,0.9570968441,
    326.95723916961));
#7914 = CARTESIAN_POINT('',(1.499319030692E+03,0.830294325615,
    326.83041389615));
#7915 = CARTESIAN_POINT('',(1.500455418401E+03,0.702331689799,
    326.70243029373));
#7916 = CARTESIAN_POINT('',(1.501591713071E+03,0.573189477884,
    326.57326852334));
#7917 = CARTESIAN_POINT('',(1.502727910936E+03,0.44284722448,
    326.44290769169));
#7918 = CARTESIAN_POINT('',(1.503864007992E+03,0.311283457576,
    326.31132585119));
#7919 = CARTESIAN_POINT('',(1.505E+03,0.178475698541,326.1785));
#7920 = PCURVE('',#7131,#7921);
#7921 = DEFINITIONAL_REPRESENTATION('',(#7922),#8561);
#7922 = B_SPLINE_CURVE_WITH_KNOTS('',8,(#7923,#7924,#7925,#7926,#7927,
    #7928,#7929,#7930,#7931,#7932,#7933,#7934,#7935,#7936,#7937,#7938,
    #7939,#7940,#7941,#7942,#7943,#7944,#7945,#7946,#7947,#7948,#7949,
    #7950,#7951,#7952,#7953,#7954,#7955,#7956,#7957,#7958,#7959,#7960,
    #7961,#7962,#7963,#7964,#7965,#7966,#7967,#7968,#7969,#7970,#7971,
    #7972,#7973,#7974,#7975,#7976,#7977,#7978,#7979,#7980,#7981,#7982,
    #7983,#7984,#7985,#7986,#7987,#7988,#7989,#7990,#7991,#7992,#7993,
    #7994,#7995,#7996,#7997,#7998,#7999,#8000,#8001,#8002,#8003,#8004,
    #8005,#8006,#8007,#8008,#8009,#8010,#8011,#8012,#8013,#8014,#8015,
    #8016,#8017,#8018,#8019,#8020,#8021,#8022,#8023,#8024,#8025,#8026,
    #8027,#8028,#8029,#8030,#8031,#8032,#8033,#8034,#8035,#8036,#8037,
    #8038,#8039,#8040,#8041,#8042,#8043,#8044,#8045,#8046,#8047,#8048,
    #8049,#8050,#8051,#8052,#8053,#8054,#8055,#8056,#8057,#8058,#8059,
    #8060,#8061,#8062,#8063,#8064,#8065,#8066,#8067,#8068,#8069,#8070,
    #8071,#8072,#8073,#8074,#8075,#8076,#8077,#8078,#8079,#8080,#8081,
    #8082,#8083,#8084,#8085,#8086,#8087,#8088,#8089,#8090,#8091,#8092,
    #8093,#8094,#8095,#8096,#8097,#8098,#8099,#8100,#8101,#8102,#8103,
    #8104,#8105,#8106,#8107,#8108,#8109,#8110,#8111,#8112,#8113,#8114,
    #8115,#8116,#8117,#8118,#8119,#8120,#8121,#8122,#8123,#8124,#8125,
    #8126,#8127,#8128,#8129,#8130,#8131,#8132,#8133,#8134,#8135,#8136,
    #8137,#8138,#8139,#8140,#8141,#8142,#8143,#8144,#8145,#8146,#8147,
    #8148,#8149,#8150,#8151,#8152,#8153,#8154,#8155,#8156,#8157,#8158,
    #8159,#8160,#8161,#8162,#8163,#8164,#8165,#8166,#8167,#8168,#8169,
    #8170,#8171,#8172,#8173,#8174,#8175,#8176,#8177,#8178,#8179,#8180,
    #8181,#8182,#8183,#8184,#8185,#8186,#8187,#8188,#8189,#8190,#8191,
    #8192,#8193,#8194,#8195,#8196,#8197,#8198,#8199,#8200,#8201,#8202,
    #8203,#8204,#8205,#8206,#8207,#8208,#8209,#8210,#8211,#8212,#8213,
    #8214,#8215,#8216,#8217,#8218,#8219,#8220,#8221,#8222,#8223,#8224,
    #8225,#8226,#8227,#8228,#8229,#8230,#8231,#8232,#8233,#8234,#8235,
    #8236,#8237,#8238,#8239,#8240,#8241,#8242,#8243,#8244,#8245,#8246,
    #8247,#8248,#8249,#8250,#8251,#8252,#8253,#8254,#8255,#8256,#8257,
    #8258,#8259,#8260,#8261,#8262,#8263,#8264,#8265,#8266,#8267,#8268,
    #8269,#8270,#8271,#8272,#8273,#8274,#8275,#8276,#8277,#8278,#8279,
    #8280,#8281,#8282,#8283,#8284,#8285,#8286,#8287,#8288,#8289,#8290,
    #8291,#8292,#8293,#8294,#8295,#8296,#8297,#8298,#8299,#8300,#8301,
    #8302,#8303,#8304,#8305,#8306,#8307,#8308,#8309,#8310,#8311,#8312,
    #8313,#8314,#8315,#8316,#8317,#8318,#8319,#8320,#8321,#8322,#8323,
    #8324,#8325,#8326,#8327,#8328,#8329,#8330,#8331,#8332,#8333,#8334,
    #8335,#8336,#8337,#8338,#8339,#8340,#8341,#8342,#8343,#8344,#8345,
    #8346,#8347,#8348,#8349,#8350,#8351,#8352,#8353,#8354,#8355,#8356,
    #8357,#8358,#8359,#8360,#8361,#8362,#8363,#8364,#8365,#8366,#8367,
    #8368,#8369,#8370,#8371,#8372,#8373,#8374,#8375,#8376,#8377,#8378,
    #8379,#8380,#8381,#8382,#8383,#8384,#8385,#8386,#8387,#8388,#8389,
    #8390,#8391,#8392,#8393,#8394,#8395,#8396,#8397,#8398,#8399,#8400,
    #8401,#8402,#8403,#8404,#8405,#8406,#8407,#8408,#8409,#8410,#8411,
    #8412,#8413,#8414,#8415,#8416,#8417,#8418,#8419,#8420,#8421,#8422,
    #8423,#8424,#8425,#8426,#8427,#8428,#8429,#8430,#8431,#8432,#8433,
    #8434,#8435,#8436,#8437,#8438,#8439,#8440,#8441,#8442,#8443,#8444,
    #8445,#8446,#8447,#8448,#8449,#8450,#8451,#8452,#8453,#8454,#8455,
    #8456,#8457,#8458,#8459,#8460,#8461,#8462,#8463,#8464,#8465,#8466,
    #8467,#8468,#8469,#8470,#8471,#8472,#8473,#8474,#8475,#8476,#8477,
    #8478,#8479,#8480,#8481,#8482,#8483,#8484,#8485,#8486,#8487,#8488,
    #8489,#8490,#8491,#8492,#8493,#8494,#8495,#8496,#8497,#8498,#8499,
    #8500,#8501,#8502,#8503,#8504,#8505,#8506,#8507,#8508,#8509,#8510,
    #8511,#8512,#8513,#8514,#8515,#8516,#8517,#8518,#8519,#8520,#8521,
    #8522,#8523,#8524,#8525,#8526,#8527,#8528,#8529,#8530,#8531,#8532,
    #8533,#8534,#8535,#8536,#8537,#8538,#8539,#8540,#8541,#8542,#8543,
    #8544,#8545,#8546,#8547,#8548,#8549,#8550,#8551,#8552,#8553,#8554,
    #8555,#8556,#8557,#8558,#8559,#8560),.UNSPECIFIED.,.F.,.F.,(9,7,7,7,
    7,7,7,7,7,7,7,7,7,7,7,7,7,7,7,7,7,7,7,7,7,7,7,7,7,7,7,7,7,7,7,7,7,7,
    7,7,8,7,8,7,8,8,8,7,7,7,8,7,7,7,7,7,7,7,7,7,7,7,7,7,7,7,7,7,7,7,7,7,
    7,7,7,7,7,7,7,7,7,7,7,7,7,7,7,7,7,7,9),(0.,3.725321914343E-03,
    7.433665779807E-03,1.11147629005E-02,1.48247525117E-02,
    1.876035763771E-02,2.269660360294E-02,2.663328742635E-02,
    2.860171409341E-02,3.057014692472E-02,3.450685384223E-02,
    3.647502847883E-02,3.844300974151E-02,4.038262836516E-02,
    4.1844169559E-02,4.406418784166E-02,4.628363380788E-02,
    4.796884269452E-02,4.924646856828E-02,5.119462233015E-02,
    5.317010958858E-02,5.488678590286E-02,5.617387641545E-02,
    5.714386758391E-02,5.860406946863E-02,5.934662253071E-02,
    6.008908025401E-02,6.148971654357E-02,6.254569231686E-02,
    6.331878033218E-02,6.451797707574E-02,6.511789523376E-02,
    6.571814227422E-02,6.602675895234E-02,6.63578580499E-02,
    6.764943883873E-02,6.797046280191E-02,6.845921176964E-02,
    6.891062231913E-02,6.928575352274E-02,6.958906499801E-02,
    7.331438691235E-02,7.711103447031E-02,8.083635638465E-02,
    8.625639205072E-02,8.998171396506E-02,9.37070358794E-02,
    9.743235779374E-02,0.103298305552,0.108825683564,0.114688339934,
    0.118413661848,0.121869290252,0.127296600568,0.129842966265,
    0.132704862271,0.143125344109,0.147074317529,0.161459305312,
    0.168826653423,0.176191080004,0.182832047033,0.189075282897,
    0.194956941096,0.205998797785,0.215561780828,0.224042692234,
    0.238769245145,0.261225984696,0.283691113865,0.298070382924,
    0.323513406304,0.342313069912,0.371100954901,0.39939392486,
    0.427623432038,0.448981517296,0.480844318541,0.513075723522,
    0.550020982414,0.577551586881,0.619212110982,0.661235418156,
    0.698185535621,0.725715297899,0.767368287055,0.809015426015,
    0.856810543307,0.9045954098,0.952007359428,1.),.UNSPECIFIED.);
#7923 = CARTESIAN_POINT('',(344.85411166144,5.786061588329E-04));
#7924 = CARTESIAN_POINT('',(343.71022494951,1.009159971463E-03));
#7925 = CARTESIAN_POINT('',(342.56611355643,1.435681334495E-03));
#7926 = CARTESIAN_POINT('',(341.42178174603,1.85824480825E-03));
#7927 = CARTESIAN_POINT('',(340.2772336398,2.276921535604E-03));
#7928 = CARTESIAN_POINT('',(339.13247321687,2.691779241986E-03));
#7929 = CARTESIAN_POINT('',(337.987504314,3.10288223538E-03));
#7930 = CARTESIAN_POINT('',(336.84233062561,3.510291406324E-03));
#7931 = CARTESIAN_POINT('',(334.55680079665,4.315997237121E-03));
#7932 = CARTESIAN_POINT('',(333.41644658101,4.714323332411E-03));
#7933 = CARTESIAN_POINT('',(332.27589640142,5.109107745194E-03));
#7934 = CARTESIAN_POINT('',(331.13515374456,5.500396898234E-03));
#7935 = CARTESIAN_POINT('',(329.99422198995,5.888236889194E-03));
#7936 = CARTESIAN_POINT('',(328.85310430386,6.272678868146E-03));
#7937 = CARTESIAN_POINT('',(327.71180367634,6.653771309055E-03));
#7938 = CARTESIAN_POINT('',(325.43722951353,7.406533409224E-03));
#7939 = CARTESIAN_POINT('',(324.30395847901,7.778252221127E-03));
#7940 = CARTESIAN_POINT('',(323.17051378255,8.146754323965E-03));
#7941 = CARTESIAN_POINT('',(322.03689710956,8.512051647625E-03));
#7942 = CARTESIAN_POINT('',(320.90311147472,8.874173456087E-03));
#7943 = CARTESIAN_POINT('',(319.7691603138,9.233161133407E-03));
#7944 = CARTESIAN_POINT('',(318.63504589327,9.589040313785E-03));
#7945 = CARTESIAN_POINT('',(316.35759271335,1.02973631955E-02));
#7946 = CARTESIAN_POINT('',(315.21425145598,1.064976497217E-02));
#7947 = CARTESIAN_POINT('',(314.07074937199,1.099902822722E-02));
#7948 = CARTESIAN_POINT('',(312.92708971752,1.134520414828E-02));
#7949 = CARTESIAN_POINT('',(311.78327483724,1.168828506777E-02));
#7950 = CARTESIAN_POINT('',(310.63930686755,1.202825712558E-02));
#7951 = CARTESIAN_POINT('',(309.4951886435,1.236515598893E-02));
#7952 = CARTESIAN_POINT('',(307.13707033909,1.30530887899E-02));
#7953 = CARTESIAN_POINT('',(305.92305185706,1.340374288702E-02));
#7954 = CARTESIAN_POINT('',(304.70887000439,1.375091977915E-02));
#7955 = CARTESIAN_POINT('',(303.4945279388,1.409463866892E-02));
#7956 = CARTESIAN_POINT('',(302.28002827097,1.443482249846E-02));
#7957 = CARTESIAN_POINT('',(301.06537442847,1.477158272169E-02));
#7958 = CARTESIAN_POINT('',(299.85056909656,1.510478555968E-02));
#7959 = CARTESIAN_POINT('',(297.42046385479,1.576416856803E-02));
#7960 = CARTESIAN_POINT('',(296.20516398374,1.609034840429E-02));
#7961 = CARTESIAN_POINT('',(294.98971845717,1.64129146217E-02));
#7962 = CARTESIAN_POINT('',(293.77413137204,1.673196483091E-02));
#7963 = CARTESIAN_POINT('',(292.55840430775,1.704731107904E-02));
#7964 = CARTESIAN_POINT('',(291.34254171629,1.735899754103E-02));
#7965 = CARTESIAN_POINT('',(290.12654621135,1.766694065532E-02));
#7966 = CARTESIAN_POINT('',(287.69416132625,1.827530455432E-02));
#7967 = CARTESIAN_POINT('',(286.47777192645,1.857573080073E-02));
#7968 = CARTESIAN_POINT('',(285.26125646021,1.887230781123E-02));
#7969 = CARTESIAN_POINT('',(284.04461853455,1.916499699053E-02));
#7970 = CARTESIAN_POINT('',(282.82786149656,1.94536861263E-02));
#7971 = CARTESIAN_POINT('',(281.6109891994,1.973834679309E-02));
#7972 = CARTESIAN_POINT('',(280.39400539368,2.001891283179E-02));
#7973 = CARTESIAN_POINT('',(278.5683423635,2.0433444465E-02));
#7974 = CARTESIAN_POINT('',(277.95974369047,2.0570574153E-02));
#7975 = CARTESIAN_POINT('',(277.35111868144,2.070664048594E-02));
#7976 = CARTESIAN_POINT('',(276.74246785537,2.084163203458E-02));
#7977 = CARTESIAN_POINT('',(276.1337917253,2.097553737215E-02));
#7978 = CARTESIAN_POINT('',(275.52509080771,2.110834507145E-02));
#7979 = CARTESIAN_POINT('',(274.91636563197,2.124004370188E-02));
#7980 = CARTESIAN_POINT('',(273.69886596076,2.150120008743E-02));
#7981 = CARTESIAN_POINT('',(273.09009145943,2.163065922126E-02));
#7982 = CARTESIAN_POINT('',(272.48129380848,2.175898443175E-02));
#7983 = CARTESIAN_POINT('',(271.87247358743,2.188616089769E-02));
#7984 = CARTESIAN_POINT('',(271.26363139259,2.201217377294E-02));
#7985 = CARTESIAN_POINT('',(270.65476783702,2.213700818639E-02));
#7986 = CARTESIAN_POINT('',(270.04588355057,2.226064924199E-02));
#7987 = CARTESIAN_POINT('',(268.21921953625,2.262793667734E-02));
#7988 = CARTESIAN_POINT('',(267.0013794838,2.286796940629E-02));
#7989 = CARTESIAN_POINT('',(265.78346499159,2.310300115453E-02));
#7990 = CARTESIAN_POINT('',(264.56547848012,2.333309084687E-02));
#7991 = CARTESIAN_POINT('',(263.3474289418,2.355782786261E-02));
#7992 = CARTESIAN_POINT('',(262.12931981517,2.377726337194E-02));
#7993 = CARTESIAN_POINT('',(260.91115886822,2.399113808203E-02));
#7994 = CARTESIAN_POINT('',(259.08390436773,2.430343176601E-02));
#7995 = CARTESIAN_POINT('',(258.47484503894,2.440610562739E-02));
#7996 = CARTESIAN_POINT('',(257.86577512217,2.450733974031E-02));
#7997 = CARTESIAN_POINT('',(257.25669545133,2.460711096218E-02));
#7998 = CARTESIAN_POINT('',(256.64760689286,2.470539597542E-02));
#7999 = CARTESIAN_POINT('',(256.03851034577,2.480217128754E-02));
#8000 = CARTESIAN_POINT('',(255.42940674163,2.489741323104E-02));
#8001 = CARTESIAN_POINT('',(254.21124718369,2.508477326508E-02));
#8002 = CARTESIAN_POINT('',(253.60219122024,2.517689345774E-02));
#8003 = CARTESIAN_POINT('',(252.99313013733,2.526743199885E-02));
#8004 = CARTESIAN_POINT('',(252.38406491062,2.535636634266E-02));
#8005 = CARTESIAN_POINT('',(251.77499654092,2.544367510095E-02));
#8006 = CARTESIAN_POINT('',(251.16592608677,2.552933520353E-02));
#8007 = CARTESIAN_POINT('',(250.55685469704,2.561331905888E-02));
#8008 = CARTESIAN_POINT('',(249.34749050989,2.57766791939E-02));
#8009 = CARTESIAN_POINT('',(248.74719759141,2.585610686866E-02));
#8010 = CARTESIAN_POINT('',(248.14690591473,2.593384686393E-02));
#8011 = CARTESIAN_POINT('',(247.54661654643,2.600987129086E-02));
#8012 = CARTESIAN_POINT('',(246.94633059306,2.608415224684E-02));
#8013 = CARTESIAN_POINT('',(246.34604920113,2.61566618154E-02));
#8014 = CARTESIAN_POINT('',(245.74577355712,2.622737206633E-02));
#8015 = CARTESIAN_POINT('',(244.69319050833,2.634815979765E-02));
#8016 = CARTESIAN_POINT('',(244.24088010832,2.639902646553E-02));
#8017 = CARTESIAN_POINT('',(243.78857415521,2.644884516415E-02));
#8018 = CARTESIAN_POINT('',(243.3362732184,2.649760263352E-02));
#8019 = CARTESIAN_POINT('',(242.88397793287,2.654528361129E-02));
#8020 = CARTESIAN_POINT('',(242.4316889631,2.659187219532E-02));
#8021 = CARTESIAN_POINT('',(241.97940696698,2.663735320624E-02));
#8022 = CARTESIAN_POINT('',(240.84014714141,2.674909503234E-02));
#8023 = CARTESIAN_POINT('',(240.15317923847,2.681388685476E-02));
#8024 = CARTESIAN_POINT('',(239.46623067115,2.687604199225E-02));
#8025 = CARTESIAN_POINT('',(238.77930361549,2.693550435755E-02));
#8026 = CARTESIAN_POINT('',(238.09240026742,2.699222051065E-02));
#8027 = CARTESIAN_POINT('',(237.40552276606,2.704614233445E-02));
#8028 = CARTESIAN_POINT('',(236.7186733762,2.709722067678E-02));
#8029 = CARTESIAN_POINT('',(235.34521360959,2.719354609807E-02));
#8030 = CARTESIAN_POINT('',(234.65860303864,2.723879245604E-02));
#8031 = CARTESIAN_POINT('',(233.97202733459,2.728106401639E-02));
#8032 = CARTESIAN_POINT('',(233.28548588216,2.732029561025E-02));
#8033 = CARTESIAN_POINT('',(232.59898804519,2.735642224137E-02));
#8034 = CARTESIAN_POINT('',(231.91253036655,2.73893785547E-02));
#8035 = CARTESIAN_POINT('',(231.22611871419,2.741909939523E-02));
#8036 = CARTESIAN_POINT('',(230.01860388817,2.746557919104E-02));
#8037 = CARTESIAN_POINT('',(229.49748054538,2.748373785678E-02));
#8038 = CARTESIAN_POINT('',(228.97638606521,2.749996661799E-02));
#8039 = CARTESIAN_POINT('',(228.45532193262,2.751423119748E-02));
#8040 = CARTESIAN_POINT('',(227.93428979249,2.752649417913E-02));
#8041 = CARTESIAN_POINT('',(227.41329137269,2.753671731418E-02));
#8042 = CARTESIAN_POINT('',(226.89232840716,2.754486382762E-02));
#8043 = CARTESIAN_POINT('',(225.97646740517,2.755547709446E-02));
#8044 = CARTESIAN_POINT('',(225.58155351237,2.755883981351E-02));
#8045 = CARTESIAN_POINT('',(225.18666183918,2.756097303464E-02));
#8046 = CARTESIAN_POINT('',(224.79179320082,2.756186090249E-02));
#8047 = CARTESIAN_POINT('',(224.39694830806,2.756148755469E-02));
#8048 = CARTESIAN_POINT('',(224.00212780624,2.755983712324E-02));
#8049 = CARTESIAN_POINT('',(223.60733231426,2.755689373588E-02));
#8050 = CARTESIAN_POINT('',(222.61060826102,2.754615620474E-02));
#8051 = CARTESIAN_POINT('',(222.00871352925,2.753663476677E-02));
#8052 = CARTESIAN_POINT('',(221.40688125832,2.752400586905E-02));
#8053 = CARTESIAN_POINT('',(220.80511464513,2.750819668488E-02));
#8054 = CARTESIAN_POINT('',(220.2034170693,2.748913353102E-02));
#8055 = CARTESIAN_POINT('',(219.60179206902,2.746674250337E-02));
#8056 = CARTESIAN_POINT('',(219.00024331699,2.744095011261E-02));
#8057 = CARTESIAN_POINT('',(217.78886696916,2.73820067917E-02));
#8058 = CARTESIAN_POINT('',(217.17904204256,2.734875620507E-02));
#8059 = CARTESIAN_POINT('',(216.56930131045,2.731186872208E-02));
#8060 = CARTESIAN_POINT('',(215.95965797082,2.727120147405E-02));
#8061 = CARTESIAN_POINT('',(215.35009756958,2.722685576902E-02));
#8062 = CARTESIAN_POINT('',(214.74064264616,2.717849464254E-02));
#8063 = CARTESIAN_POINT('',(214.13128693116,2.712616539527E-02));
#8064 = CARTESIAN_POINT('',(212.99261054887,2.702063963026E-02));
#8065 = CARTESIAN_POINT('',(212.46326251916,2.696846868909E-02));
#8066 = CARTESIAN_POINT('',(211.93399932722,2.691310988538E-02));
#8067 = CARTESIAN_POINT('',(211.40482353663,2.685451745983E-02));
#8068 = CARTESIAN_POINT('',(210.87573940623,2.679260566504E-02));
#8069 = CARTESIAN_POINT('',(210.34675086628,2.672730036858E-02));
#8070 = CARTESIAN_POINT('',(209.8178603144,2.66585710096E-02));
#8071 = CARTESIAN_POINT('',(208.89261246994,2.653210845726E-02));
#8072 = CARTESIAN_POINT('',(208.49620928598,2.647592935797E-02));
#8073 = CARTESIAN_POINT('',(208.09986603341,2.641771918638E-02));
#8074 = CARTESIAN_POINT('',(207.70358443774,2.635743776691E-02));
#8075 = CARTESIAN_POINT('',(207.30736630246,2.629504491959E-02));
#8076 = CARTESIAN_POINT('',(206.91121350903,2.623050046014E-02));
#8077 = CARTESIAN_POINT('',(206.51512801694,2.616376419987E-02));
#8078 = CARTESIAN_POINT('',(205.82066186778,2.604281913493E-02));
#8079 = CARTESIAN_POINT('',(205.52225122181,2.598957527988E-02));
#8080 = CARTESIAN_POINT('',(205.22388085664,2.593504608818E-02));
#8081 = CARTESIAN_POINT('',(204.92555166705,2.587921445237E-02));
#8082 = CARTESIAN_POINT('',(204.62726454854,2.582206375978E-02));
#8083 = CARTESIAN_POINT('',(204.32902043426,2.57635772023E-02));
#8084 = CARTESIAN_POINT('',(204.0308203319,2.570373708619E-02));
#8085 = CARTESIAN_POINT('',(203.28382983598,2.555037418491E-02));
#8086 = CARTESIAN_POINT('',(202.83509795697,2.545510434643E-02));
#8087 = CARTESIAN_POINT('',(202.38647017193,2.535662821866E-02));
#8088 = CARTESIAN_POINT('',(201.93796383579,2.525485662288E-02));
#8089 = CARTESIAN_POINT('',(201.48956573637,2.514970531061E-02));
#8090 = CARTESIAN_POINT('',(201.04129172559,2.504108553907E-02));
#8091 = CARTESIAN_POINT('',(200.59313935573,2.492891150755E-02));
#8092 = CARTESIAN_POINT('',(199.91728206955,2.475420102074E-02));
#8093 = CARTESIAN_POINT('',(199.6894822084,2.469436392321E-02));
#8094 = CARTESIAN_POINT('',(199.4617158659,2.463357380284E-02));
#8095 = CARTESIAN_POINT('',(199.23398358905,2.457181943516E-02));
#8096 = CARTESIAN_POINT('',(199.00628595205,2.450908943843E-02));
#8097 = CARTESIAN_POINT('',(198.77862355635,2.444537227368E-02));
#8098 = CARTESIAN_POINT('',(198.55099703064,2.438065624471E-02));
#8099 = CARTESIAN_POINT('',(198.09584632082,2.424921007672E-02));
#8100 = CARTESIAN_POINT('',(197.86832236342,2.418247625268E-02));
#8101 = CARTESIAN_POINT('',(197.64083618472,2.411470997717E-02));
#8102 = CARTESIAN_POINT('',(197.41338883572,2.404589320091E-02));
#8103 = CARTESIAN_POINT('',(197.1859813923,2.397600787417E-02));
#8104 = CARTESIAN_POINT('',(196.95861495524,2.390503594673E-02));
#8105 = CARTESIAN_POINT('',(196.73129065018,2.383295936786E-02));
#8106 = CARTESIAN_POINT('',(196.07524695036,2.362167162506E-02));
#8107 = CARTESIAN_POINT('',(195.64663946122,2.347958006874E-02));
#8108 = CARTESIAN_POINT('',(195.21819072297,2.333340012774E-02));
#8109 = CARTESIAN_POINT('',(194.78990957824,2.318291726257E-02));
#8110 = CARTESIAN_POINT('',(194.36179186244,2.30281897426E-02));
#8111 = CARTESIAN_POINT('',(193.93385793726,2.286884990358E-02));
#8112 = CARTESIAN_POINT('',(193.50609749605,2.270504058275E-02));
#8113 = CARTESIAN_POINT('',(192.75617779131,2.240930895066E-02));
#8114 = CARTESIAN_POINT('',(192.4339339333,2.227947093804E-02));
#8115 = CARTESIAN_POINT('',(192.1118057354,2.214682622706E-02));
#8116 = CARTESIAN_POINT('',(191.78979686113,2.201128751781E-02));
#8117 = CARTESIAN_POINT('',(191.46791655094,2.187276551986E-02));
#8118 = CARTESIAN_POINT('',(191.14616667862,2.173117388511E-02));
#8119 = CARTESIAN_POINT('',(190.82455740088,2.158642326616E-02));
#8120 = CARTESIAN_POINT('',(190.26774580437,2.133007744E-02));
#8121 = CARTESIAN_POINT('',(190.03247584673,2.121998950721E-02));
#8122 = CARTESIAN_POINT('',(189.7972837422,2.110812452155E-02));
#8123 = CARTESIAN_POINT('',(189.5621692554,2.099446121102E-02));
#8124 = CARTESIAN_POINT('',(189.3271343957,2.087894968528E-02));
#8125 = CARTESIAN_POINT('',(189.09217983181,2.076155952871E-02));
#8126 = CARTESIAN_POINT('',(188.85730392048,2.064229299315E-02));
#8127 = CARTESIAN_POINT('',(188.25831275457,2.03329441379E-02));
#8128 = CARTESIAN_POINT('',(187.89431588674,2.014009566515E-02));
#8129 = CARTESIAN_POINT('',(187.53053595008,1.994225345859E-02));
#8130 = CARTESIAN_POINT('',(187.16698655705,1.97391827764E-02));
#8131 = CARTESIAN_POINT('',(186.80368233134,1.953064969168E-02));
#8132 = CARTESIAN_POINT('',(186.44063890793,1.931642109244E-02));
#8133 = CARTESIAN_POINT('',(186.07787293301,1.909626468163E-02));
#8134 = CARTESIAN_POINT('',(185.53406990802,1.87567313464E-02));
#8135 = CARTESIAN_POINT('',(185.35281202673,1.864196647383E-02));
#8136 = CARTESIAN_POINT('',(185.17162555467,1.852566379272E-02));
#8137 = CARTESIAN_POINT('',(184.99052269153,1.840766750021E-02));
#8138 = CARTESIAN_POINT('',(184.80947880538,1.828823006727E-02));
#8139 = CARTESIAN_POINT('',(184.62852758634,1.816696344338E-02));
#8140 = CARTESIAN_POINT('',(184.44765472137,1.804400905596E-02));
#8141 = CARTESIAN_POINT('',(184.08598922487,1.779437953831E-02));
#8142 = CARTESIAN_POINT('',(183.90519518754,1.766771950169E-02));
#8143 = CARTESIAN_POINT('',(183.72449373816,1.753918729213E-02));
#8144 = CARTESIAN_POINT('',(183.54388927837,1.740872309222E-02));
#8145 = CARTESIAN_POINT('',(183.36338639898,1.727626727152E-02));
#8146 = CARTESIAN_POINT('',(183.18298988001,1.714176038656E-02));
#8147 = CARTESIAN_POINT('',(183.00270469065,1.700514318087E-02));
#8148 = CARTESIAN_POINT('',(182.7299023443,1.67949998568E-02));
#8149 = CARTESIAN_POINT('',(182.64563514926,1.672949077596E-02));
#8150 = CARTESIAN_POINT('',(182.56339568528,1.66651207877E-02));
#8151 = CARTESIAN_POINT('',(182.47935442403,1.659889408556E-02));
#8152 = CARTESIAN_POINT('',(182.39218396002,1.652965792436E-02));
#8153 = CARTESIAN_POINT('',(182.30305194285,1.645823293315E-02));
#8154 = CARTESIAN_POINT('',(182.21561400951,1.638754342817E-02));
#8155 = CARTESIAN_POINT('',(182.0506001054,1.625323204607E-02));
#8156 = CARTESIAN_POINT('',(181.97596349282,1.619193322207E-02));
#8157 = CARTESIAN_POINT('',(181.90384406057,1.613235473562E-02));
#8158 = CARTESIAN_POINT('',(181.82922172628,1.607035377377E-02));
#8159 = CARTESIAN_POINT('',(181.75030179635,1.60043047667E-02));
#8160 = CARTESIAN_POINT('',(181.66850761876,1.593526292552E-02));
#8161 = CARTESIAN_POINT('',(181.5884732359,1.586712778009E-02));
#8162 = CARTESIAN_POINT('',(181.24326809301,1.55715003657E-02));
#8163 = CARTESIAN_POINT('',(180.96884334075,1.533029899758E-02));
#8164 = CARTESIAN_POINT('',(180.69476519743,1.508273855033E-02));
#8165 = CARTESIAN_POINT('',(180.42104131721,1.482836129719E-02));
#8166 = CARTESIAN_POINT('',(180.14768347637,1.456671784895E-02));
#8167 = CARTESIAN_POINT('',(179.87470745815,1.429736915595E-02));
#8168 = CARTESIAN_POINT('',(179.60213293745,1.401988851027E-02));
#8169 = CARTESIAN_POINT('',(179.26234026115,1.366277170424E-02));
#8170 = CARTESIAN_POINT('',(179.19472343989,1.359115205624E-02));
#8171 = CARTESIAN_POINT('',(179.12713327188,1.351899828119E-02));
#8172 = CARTESIAN_POINT('',(179.05957014425,1.344630412152E-02));
#8173 = CARTESIAN_POINT('',(178.99203446124,1.337306338467E-02));
#8174 = CARTESIAN_POINT('',(178.92452664424,1.329926994314E-02));
#8175 = CARTESIAN_POINT('',(178.8570471318,1.322491773444E-02));
#8176 = CARTESIAN_POINT('',(178.68690463618,1.303594068889E-02));
#8177 = CARTESIAN_POINT('',(178.58342034162,1.291962163047E-02));
#8178 = CARTESIAN_POINT('',(178.48065109136,1.280267231552E-02));
#8179 = CARTESIAN_POINT('',(178.37929389793,1.268572377081E-02));
#8180 = CARTESIAN_POINT('',(178.27909614799,1.256869485039E-02));
#8181 = CARTESIAN_POINT('',(178.17907151932,1.24502271895E-02));
#8182 = CARTESIAN_POINT('',(178.07726432763,1.232802564757E-02));
#8183 = CARTESIAN_POINT('',(177.87274596384,1.207854151831E-02));
#8184 = CARTESIAN_POINT('',(177.77179584738,1.19537102648E-02));
#8185 = CARTESIAN_POINT('',(177.66963970171,1.182548722565E-02));
#8186 = CARTESIAN_POINT('',(177.56735894547,1.169509099097E-02));
#8187 = CARTESIAN_POINT('',(177.46557421342,1.156326540399E-02));
#8188 = CARTESIAN_POINT('',(177.36444960235,1.143022091236E-02));
#8189 = CARTESIAN_POINT('',(177.26369747451,1.129555869895E-02));
#8190 = CARTESIAN_POINT('',(177.0785563255,1.104401130227E-02));
#8191 = CARTESIAN_POINT('',(176.99439474338,1.092812438769E-02));
#8192 = CARTESIAN_POINT('',(176.9101164595,1.08104898035E-02));
#8193 = CARTESIAN_POINT('',(176.82577005806,1.069112247829E-02));
#8194 = CARTESIAN_POINT('',(176.74143569611,1.057008641098E-02));
#8195 = CARTESIAN_POINT('',(176.65722547942,1.044750176764E-02));
#8196 = CARTESIAN_POINT('',(176.57328383831,1.032355197843E-02));
#8197 = CARTESIAN_POINT('',(176.42227930081,1.009736214537E-02));
#8198 = CARTESIAN_POINT('',(176.35483980895,9.995211542264E-03));
#8199 = CARTESIAN_POINT('',(176.28747699269,9.891989461471E-03));
#8200 = CARTESIAN_POINT('',(176.22019918546,9.787643244662E-03));
#8201 = CARTESIAN_POINT('',(176.15301548942,9.682117138726E-03));
#8202 = CARTESIAN_POINT('',(176.08593577541,9.575352295779E-03));
#8203 = CARTESIAN_POINT('',(176.01897068303,9.467286773162E-03));
#8204 = CARTESIAN_POINT('',(175.95213162057,9.35785553344E-03));
#8205 = CARTESIAN_POINT('',(175.83729367276,9.169870531542E-03));
#8206 = CARTESIAN_POINT('',(175.73285171101,8.994096152155E-03));
#8207 = CARTESIAN_POINT('',(175.63415650392,8.824776928718E-03));
#8208 = CARTESIAN_POINT('',(175.53858435126,8.655871539796E-03));
#8209 = CARTESIAN_POINT('',(175.44319637529,8.484569641635E-03));
#8210 = CARTESIAN_POINT('',(175.34721345511,8.307855675333E-03));
#8211 = CARTESIAN_POINT('',(175.25011783222,8.125219498778E-03));
#8212 = CARTESIAN_POINT('',(175.05307864329,7.746456813932E-03));
#8213 = CARTESIAN_POINT('',(174.95376204267,7.551708112922E-03));
#8214 = CARTESIAN_POINT('',(174.85475848595,7.352491670351E-03));
#8215 = CARTESIAN_POINT('',(174.75539828796,7.151282673956E-03));
#8216 = CARTESIAN_POINT('',(174.65679983357,6.943557110861E-03));
#8217 = CARTESIAN_POINT('',(174.55731920669,6.735701530557E-03));
#8218 = CARTESIAN_POINT('',(174.45829556246,6.522429437247E-03));
#8219 = CARTESIAN_POINT('',(174.35931857616,6.305352157069E-03));
#8220 = CARTESIAN_POINT('',(174.29873734801,6.172428718804E-03));
#8221 = CARTESIAN_POINT('',(174.23821785369,6.037911053057E-03));
#8222 = CARTESIAN_POINT('',(174.17778354615,5.901710586763E-03));
#8223 = CARTESIAN_POINT('',(174.11746035713,5.763737184001E-03));
#8224 = CARTESIAN_POINT('',(174.05727669717,5.623899145991E-03));
#8225 = CARTESIAN_POINT('',(173.9972634556,5.482103211092E-03));
#8226 = CARTESIAN_POINT('',(173.93745400056,5.338254554807E-03));
#8227 = CARTESIAN_POINT('',(173.79119362619,4.979833678672E-03));
#8228 = CARTESIAN_POINT('',(173.70507941425,4.762824485416E-03));
#8229 = CARTESIAN_POINT('',(173.61956895816,4.5409053312E-03));
#8230 = CARTESIAN_POINT('',(173.53454275899,4.313998430109E-03));
#8231 = CARTESIAN_POINT('',(173.44988158929,4.082048025511E-03));
#8232 = CARTESIAN_POINT('',(173.36550878852,3.8449976795E-03));
#8233 = CARTESIAN_POINT('',(173.28132766853,3.60296891537E-03));
#8234 = CARTESIAN_POINT('',(173.19705402891,3.35664121316E-03));
#8235 = CARTESIAN_POINT('',(173.10600664031,3.094769209375E-03));
#8236 = CARTESIAN_POINT('',(173.02203624954,2.825176356088E-03));
#8237 = CARTESIAN_POINT('',(172.93033782436,2.591296573238E-03));
#8238 = CARTESIAN_POINT('',(172.84592025786,2.298096228276E-03));
#8239 = CARTESIAN_POINT('',(172.75239266173,2.022551607386E-03));
#8240 = CARTESIAN_POINT('',(172.64748900066,1.789057883317E-03));
#8241 = CARTESIAN_POINT('',(172.5630343215,1.469099920906E-03));
#8242 = CARTESIAN_POINT('',(172.42705583072,1.464515261374E-03));
#8243 = CARTESIAN_POINT('',(172.3340840043,1.481553748305E-03));
#8244 = CARTESIAN_POINT('',(172.25492459524,1.614760795369E-03));
#8245 = CARTESIAN_POINT('',(172.18409638913,1.804310413337E-03));
#8246 = CARTESIAN_POINT('',(172.11749039565,2.008318539651E-03));
#8247 = CARTESIAN_POINT('',(172.05236984854,2.202843038423E-03));
#8248 = CARTESIAN_POINT('',(171.98737020564,2.38188370044E-03));
#8249 = CARTESIAN_POINT('',(171.92249914884,2.557382243156E-03));
#8250 = CARTESIAN_POINT('',(171.85913658413,2.759222310702E-03));
#8251 = CARTESIAN_POINT('',(171.80751391916,2.912641569686E-03));
#8252 = CARTESIAN_POINT('',(171.75613325094,3.065497103609E-03));
#8253 = CARTESIAN_POINT('',(171.70490349618,3.217344720202E-03));
#8254 = CARTESIAN_POINT('',(171.65374829611,3.367834794022E-03));
#8255 = CARTESIAN_POINT('',(171.60260601653,3.516712266448E-03));
#8256 = CARTESIAN_POINT('',(171.5514297478,3.663816645683E-03));
#8257 = CARTESIAN_POINT('',(171.50018730483,3.809082006753E-03));
#8258 = CARTESIAN_POINT('',(171.36806686732,4.178408863698E-03));
#8259 = CARTESIAN_POINT('',(171.28179813949,4.414120224576E-03));
#8260 = CARTESIAN_POINT('',(171.19454096119,4.646238164067E-03));
#8261 = CARTESIAN_POINT('',(171.10865219143,4.867816509398E-03));
#8262 = CARTESIAN_POINT('',(171.02485493114,5.077464201527E-03));
#8263 = CARTESIAN_POINT('',(170.94238541812,5.278451529151E-03));
#8264 = CARTESIAN_POINT('',(170.85879151643,5.477854220306E-03));
#8265 = CARTESIAN_POINT('',(170.68513651484,5.881642264939E-03));
#8266 = CARTESIAN_POINT('',(170.60056679296,6.073730054545E-03));
#8267 = CARTESIAN_POINT('',(170.51581570479,6.262480068828E-03));
#8268 = CARTESIAN_POINT('',(170.43090388769,6.447934921274E-03));
#8269 = CARTESIAN_POINT('',(170.34588510261,6.630294686563E-03));
#8270 = CARTESIAN_POINT('',(170.26087750303,6.810035372617E-03));
#8271 = CARTESIAN_POINT('',(170.17597161662,6.987549708531E-03));
#8272 = CARTESIAN_POINT('',(170.00090896756,7.347688742429E-03));
#8273 = CARTESIAN_POINT('',(169.91152403719,7.52857112007E-03));
#8274 = CARTESIAN_POINT('',(169.82256722438,7.705470701667E-03));
#8275 = CARTESIAN_POINT('',(169.73381499324,7.878766033197E-03));
#8276 = CARTESIAN_POINT('',(169.64510797968,8.048709967459E-03));
#8277 = CARTESIAN_POINT('',(169.55634806307,8.215440957947E-03));
#8278 = CARTESIAN_POINT('',(169.4674978259,8.378996565399E-03));
#8279 = CARTESIAN_POINT('',(169.37858240148,8.539329177012E-03));
#8280 = CARTESIAN_POINT('',(169.28641947203,8.705492723827E-03));
#8281 = CARTESIAN_POINT('',(169.19404185792,8.86859385991E-03));
#8282 = CARTESIAN_POINT('',(169.10127537126,9.02848122582E-03));
#8283 = CARTESIAN_POINT('',(169.00820366921,9.185404690272E-03));
#8284 = CARTESIAN_POINT('',(168.91488211357,9.339561843309E-03));
#8285 = CARTESIAN_POINT('',(168.82131696326,9.49107653263E-03));
#8286 = CARTESIAN_POINT('',(168.72753540629,9.640115236239E-03));
#8287 = CARTESIAN_POINT('',(168.54641119435,9.922961760001E-03));
#8288 = CARTESIAN_POINT('',(168.46387565212,1.004957464795E-02));
#8289 = CARTESIAN_POINT('',(168.3822307997,1.017322021214E-02));
#8290 = CARTESIAN_POINT('',(168.29921830242,1.029732475929E-02));
#8291 = CARTESIAN_POINT('',(168.21410731169,1.042272629452E-02));
#8292 = CARTESIAN_POINT('',(168.12772633185,1.054804888572E-02));
#8293 = CARTESIAN_POINT('',(168.04247564509,1.066993151688E-02));
#8294 = CARTESIAN_POINT('',(167.83643123916,1.096087237767E-02));
#8295 = CARTESIAN_POINT('',(167.71031870065,1.113526151755E-02));
#8296 = CARTESIAN_POINT('',(167.58399450399,1.130638661931E-02));
#8297 = CARTESIAN_POINT('',(167.4574695295,1.147435821665E-02));
#8298 = CARTESIAN_POINT('',(167.33075371261,1.163928960763E-02));
#8299 = CARTESIAN_POINT('',(167.20385604387,1.180129685477E-02));
#8300 = CARTESIAN_POINT('',(167.07678456895,1.196049878496E-02));
#8301 = CARTESIAN_POINT('',(166.88984898047,1.219045123077E-02));
#8302 = CARTESIAN_POINT('',(166.83011548448,1.226329526533E-02));
#8303 = CARTESIAN_POINT('',(166.77034597617,1.233556084908E-02));
#8304 = CARTESIAN_POINT('',(166.71054084521,1.240726022501E-02));
#8305 = CARTESIAN_POINT('',(166.6507007955,1.247840612319E-02));
#8306 = CARTESIAN_POINT('',(166.5908268451,1.254901176077E-02));
#8307 = CARTESIAN_POINT('',(166.53092032628,1.261909084203E-02));
#8308 = CARTESIAN_POINT('',(166.40361916829,1.276684843266E-02));
#8309 = CARTESIAN_POINT('',(166.33621589415,1.28443845441E-02));
#8310 = CARTESIAN_POINT('',(166.26877687228,1.292129548567E-02));
#8311 = CARTESIAN_POINT('',(166.20130515683,1.299760559288E-02));
#8312 = CARTESIAN_POINT('',(166.13380304688,1.307333394368E-02));
#8313 = CARTESIAN_POINT('',(166.06627208645,1.314849435844E-02));
#8314 = CARTESIAN_POINT('',(165.99871306452,1.322309539998E-02));
#8315 = CARTESIAN_POINT('',(165.68503329831,1.356674090367E-02));
#8316 = CARTESIAN_POINT('',(165.43856733744,1.382895319169E-02));
#8317 = CARTESIAN_POINT('',(165.19174879988,1.4084072331E-02));
#8318 = CARTESIAN_POINT('',(164.9445956708,1.433240472607E-02));
#8319 = CARTESIAN_POINT('',(164.69712317779,1.457426669561E-02));
#8320 = CARTESIAN_POINT('',(164.44934371561,1.480998307579E-02));
#8321 = CARTESIAN_POINT('',(164.20126677086,1.503988582341E-02));
#8322 = CARTESIAN_POINT('',(163.85877667568,1.534936208034E-02));
#8323 = CARTESIAN_POINT('',(163.76535026333,1.543295835529E-02));
#8324 = CARTESIAN_POINT('',(163.67170465302,1.551597029666E-02));
#8325 = CARTESIAN_POINT('',(163.57740443958,1.559878595726E-02));
#8326 = CARTESIAN_POINT('',(163.48249513364,1.56813538531E-02));
#8327 = CARTESIAN_POINT('',(163.38750471416,1.576321761369E-02));
#8328 = CARTESIAN_POINT('',(163.29344536912,1.584354401929E-02));
#8329 = CARTESIAN_POINT('',(162.86803377926,1.620381857224E-02));
#8330 = CARTESIAN_POINT('',(162.53375476155,1.64779968068E-02));
#8331 = CARTESIAN_POINT('',(162.19901686911,1.674405312813E-02));
#8332 = CARTESIAN_POINT('',(161.86385623213,1.700236418592E-02));
#8333 = CARTESIAN_POINT('',(161.52830661328,1.725330928029E-02));
#8334 = CARTESIAN_POINT('',(161.19239940772,1.749727036183E-02));
#8335 = CARTESIAN_POINT('',(160.85616364306,1.773463203159E-02));
#8336 = CARTESIAN_POINT('',(160.34726657412,1.808416743772E-02));
#8337 = CARTESIAN_POINT('',(160.17482689772,1.820091088522E-02));
#8338 = CARTESIAN_POINT('',(160.00231625867,1.831612654578E-02));
#8339 = CARTESIAN_POINT('',(159.82972264588,1.842969677464E-02));
#8340 = CARTESIAN_POINT('',(159.65707662696,1.854197268037E-02));
#8341 = CARTESIAN_POINT('',(159.48435261108,1.865268942532E-02));
#8342 = CARTESIAN_POINT('',(159.31156507212,1.876202463622E-02));
#8343 = CARTESIAN_POINT('',(158.96592279197,1.897783172821E-02));
#8344 = CARTESIAN_POINT('',(158.79306891512,1.908431492311E-02));
#8345 = CARTESIAN_POINT('',(158.62014988719,1.918942360597E-02));
#8346 = CARTESIAN_POINT('',(158.44716757407,1.929318287216E-02));
#8347 = CARTESIAN_POINT('',(158.27412378717,1.939561786818E-02));
#8348 = CARTESIAN_POINT('',(158.10102028346,1.94967537917E-02));
#8349 = CARTESIAN_POINT('',(157.92785876542,1.959661589158E-02));
#8350 = CARTESIAN_POINT('',(157.59843941074,1.978415553602E-02));
#8351 = CARTESIAN_POINT('',(157.44219210664,1.987206632562E-02));
#8352 = CARTESIAN_POINT('',(157.28590017729,1.995898038646E-02));
#8353 = CARTESIAN_POINT('',(157.12956479782,2.004491629222E-02));
#8354 = CARTESIAN_POINT('',(156.97318711,2.012989264039E-02));
#8355 = CARTESIAN_POINT('',(156.81676822222,2.021392805229E-02));
#8356 = CARTESIAN_POINT('',(156.66030920952,2.029704117306E-02));
#8357 = CARTESIAN_POINT('',(156.3566857046,2.04565357794E-02));
#8358 = CARTESIAN_POINT('',(156.20952603909,2.053302598648E-02));
#8359 = CARTESIAN_POINT('',(156.06233225251,2.060872712541E-02));
#8360 = CARTESIAN_POINT('',(155.91510573634,2.068366207168E-02));
#8361 = CARTESIAN_POINT('',(155.76784765057,2.075785091455E-02));
#8362 = CARTESIAN_POINT('',(155.62055831801,2.08313028864E-02));
#8363 = CARTESIAN_POINT('',(155.47323750042,2.090402005063E-02));
#8364 = CARTESIAN_POINT('',(155.18706752748,2.104383612314E-02));
#8365 = CARTESIAN_POINT('',(155.04822187961,2.11110165198E-02));
#8366 = CARTESIAN_POINT('',(154.90934878603,2.117756080649E-02));
#8367 = CARTESIAN_POINT('',(154.77044840752,2.124347586625E-02));
#8368 = CARTESIAN_POINT('',(154.63152089245,2.130876859674E-02));
#8369 = CARTESIAN_POINT('',(154.4925663768,2.137344591021E-02));
#8370 = CARTESIAN_POINT('',(154.35358498412,2.143751473356E-02));
#8371 = CARTESIAN_POINT('',(153.9536116208,2.162013149725E-02));
#8372 = CARTESIAN_POINT('',(153.69255194281,2.173716082319E-02));
#8373 = CARTESIAN_POINT('',(153.43140126008,2.185211695841E-02));
#8374 = CARTESIAN_POINT('',(153.1701629406,2.19650468996E-02));
#8375 = CARTESIAN_POINT('',(152.90884025186,2.207599766776E-02));
#8376 = CARTESIAN_POINT('',(152.64743636088,2.218501630823E-02));
#8377 = CARTESIAN_POINT('',(152.38595433418,2.229214989069E-02));
#8378 = CARTESIAN_POINT('',(151.89787119879,2.248863861785E-02));
#8379 = CARTESIAN_POINT('',(151.67128894226,2.257845384676E-02));
#8380 = CARTESIAN_POINT('',(151.44465190722,2.266691626392E-02));
#8381 = CARTESIAN_POINT('',(151.21796275592,2.275406811899E-02));
#8382 = CARTESIAN_POINT('',(150.99122327033,2.283993932031E-02));
#8383 = CARTESIAN_POINT('',(150.76443383514,2.292453982006E-02));
#8384 = CARTESIAN_POINT('',(150.53759440718,2.300787390751E-02));
#8385 = CARTESIAN_POINT('',(150.10949224023,2.316278761732E-02));
#8386 = CARTESIAN_POINT('',(149.90823941584,2.323462512544E-02));
#8387 = CARTESIAN_POINT('',(149.70694908379,2.330550135966E-02));
#8388 = CARTESIAN_POINT('',(149.50562180846,2.337542875678E-02));
#8389 = CARTESIAN_POINT('',(149.30425813292,2.344441976555E-02));
#8390 = CARTESIAN_POINT('',(149.10285857887,2.351248684668E-02));
#8391 = CARTESIAN_POINT('',(148.90142364669,2.357964247287E-02));
#8392 = CARTESIAN_POINT('',(148.35011453611,2.376094899615E-02));
#8393 = CARTESIAN_POINT('',(148.00016980753,2.387329135373E-02));
#8394 = CARTESIAN_POINT('',(147.65012291276,2.398298040631E-02));
#8395 = CARTESIAN_POINT('',(147.29997943936,2.409010181437E-02));
#8396 = CARTESIAN_POINT('',(146.94974236319,2.419470527069E-02));
#8397 = CARTESIAN_POINT('',(146.59941509504,2.429685112901E-02));
#8398 = CARTESIAN_POINT('',(146.2490035531,2.439663898019E-02));
#8399 = CARTESIAN_POINT('',(145.36403292494,2.464268476258E-02));
#8400 = CARTESIAN_POINT('',(144.82936377993,2.478584842728E-02));
#8401 = CARTESIAN_POINT('',(144.2945074269,2.492372415463E-02));
#8402 = CARTESIAN_POINT('',(143.75947422865,2.5056459888E-02));
#8403 = CARTESIAN_POINT('',(143.22426457541,2.518420227317E-02));
#8404 = CARTESIAN_POINT('',(142.68889390224,2.53071004508E-02));
#8405 = CARTESIAN_POINT('',(142.15335746153,2.5425300604E-02));
#8406 = CARTESIAN_POINT('',(141.0817816516,2.565264783759E-02));
#8407 = CARTESIAN_POINT('',(140.54574032404,2.576177455574E-02));
#8408 = CARTESIAN_POINT('',(140.00955821252,2.586655463721E-02));
#8409 = CARTESIAN_POINT('',(139.4732372275,2.596701607232E-02));
#8410 = CARTESIAN_POINT('',(138.93678315451,2.606326501484E-02));
#8411 = CARTESIAN_POINT('',(138.40020299048,2.615543561147E-02));
#8412 = CARTESIAN_POINT('',(137.8634996896,2.624359129492E-02));
#8413 = CARTESIAN_POINT('',(136.98307569438,2.638178423247E-02));
#8414 = CARTESIAN_POINT('',(136.63942422717,2.643411769497E-02));
#8415 = CARTESIAN_POINT('',(136.29572573561,2.64848810086E-02));
#8416 = CARTESIAN_POINT('',(135.95198144296,2.653409827638E-02));
#8417 = CARTESIAN_POINT('',(135.60819242929,2.658179495308E-02));
#8418 = CARTESIAN_POINT('',(135.26435967519,2.662799925116E-02));
#8419 = CARTESIAN_POINT('',(134.92048429651,2.667273891772E-02));
#8420 = CARTESIAN_POINT('',(133.9680340468,2.679263882136E-02));
#8421 = CARTESIAN_POINT('',(133.35937105231,2.686471439213E-02));
#8422 = CARTESIAN_POINT('',(132.7505848173,2.693236343099E-02));
#8423 = CARTESIAN_POINT('',(132.14168090995,2.699568923039E-02));
#8424 = CARTESIAN_POINT('',(131.53266463615,2.705479503886E-02));
#8425 = CARTESIAN_POINT('',(130.92354103952,2.710978406105E-02));
#8426 = CARTESIAN_POINT('',(130.31431490136,2.716075945771E-02));
#8427 = CARTESIAN_POINT('',(129.25476564834,2.724260093733E-02));
#8428 = CARTESIAN_POINT('',(128.80448676629,2.727523915425E-02));
#8429 = CARTESIAN_POINT('',(128.354156653,2.730578839071E-02));
#8430 = CARTESIAN_POINT('',(127.9037768223,2.733429203691E-02));
#8431 = CARTESIAN_POINT('',(127.45334768645,2.736077108792E-02));
#8432 = CARTESIAN_POINT('',(127.00287067432,2.738525004624E-02));
#8433 = CARTESIAN_POINT('',(126.55234890284,2.740777366711E-02));
#8434 = CARTESIAN_POINT('',(125.41183192267,2.745989144397E-02));
#8435 = CARTESIAN_POINT('',(124.72177823939,2.748689869262E-02));
#8436 = CARTESIAN_POINT('',(124.03162607301,2.750946090241E-02));
#8437 = CARTESIAN_POINT('',(123.34138421062,2.752777715556E-02));
#8438 = CARTESIAN_POINT('',(122.65105202493,2.754180660417E-02));
#8439 = CARTESIAN_POINT('',(121.96064112607,2.755183576039E-02));
#8440 = CARTESIAN_POINT('',(121.27015157476,2.755785498388E-02));
#8441 = CARTESIAN_POINT('',(119.90089566967,2.756204901664E-02));
#8442 = CARTESIAN_POINT('',(119.22213178181,2.756035517293E-02));
#8443 = CARTESIAN_POINT('',(118.54329881141,2.75549692147E-02));
#8444 = CARTESIAN_POINT('',(117.86440189474,2.754597169478E-02));
#8445 = CARTESIAN_POINT('',(117.18544474506,2.753344310316E-02));
#8446 = CARTESIAN_POINT('',(116.5064306168,2.751746386798E-02));
#8447 = CARTESIAN_POINT('',(115.82736375779,2.749811435793E-02));
#8448 = CARTESIAN_POINT('',(114.47065390685,2.745288617457E-02));
#8449 = CARTESIAN_POINT('',(113.79301148525,2.742702201948E-02));
#8450 = CARTESIAN_POINT('',(113.11532194167,2.739794528341E-02));
#8451 = CARTESIAN_POINT('',(112.43758935362,2.736571874768E-02));
#8452 = CARTESIAN_POINT('',(111.75981534363,2.733040521286E-02));
#8453 = CARTESIAN_POINT('',(111.08200164251,2.72920674384E-02));
#8454 = CARTESIAN_POINT('',(110.40415259389,2.725076807704E-02));
#8455 = CARTESIAN_POINT('',(109.21339349593,2.717313089651E-02));
#8456 = CARTESIAN_POINT('',(108.70049755903,2.713802914946E-02));
#8457 = CARTESIAN_POINT('',(108.18758403832,2.710129785759E-02));
#8458 = CARTESIAN_POINT('',(107.67465411723,2.706296420414E-02));
#8459 = CARTESIAN_POINT('',(107.16170882591,2.702305117879E-02));
#8460 = CARTESIAN_POINT('',(106.64874909823,2.698157952965E-02));
#8461 = CARTESIAN_POINT('',(106.1357758289,2.693856971548E-02));
#8462 = CARTESIAN_POINT('',(104.85749819822,2.682761862133E-02));
#8463 = CARTESIAN_POINT('',(104.09217812049,2.67578206115E-02));
#8464 = CARTESIAN_POINT('',(103.32683364188,2.668471810365E-02));
#8465 = CARTESIAN_POINT('',(102.56146612245,2.660839074244E-02));
#8466 = CARTESIAN_POINT('',(101.79607878204,2.652890178134E-02));
#8467 = CARTESIAN_POINT('',(101.03067564332,2.644632305872E-02));
#8468 = CARTESIAN_POINT('',(100.26525933214,2.636074461768E-02));
#8469 = CARTESIAN_POINT('',(98.725550019861,2.618263367708E-02));
#8470 = CARTESIAN_POINT('',(97.951256925531,2.609003838458E-02));
#8471 = CARTESIAN_POINT('',(97.176955289823,2.599447496875E-02));
#8472 = CARTESIAN_POINT('',(96.402647723608,2.589600335276E-02));
#8473 = CARTESIAN_POINT('',(95.628336656041,2.57946834239E-02));
#8474 = CARTESIAN_POINT('',(94.854024263533,2.569057503614E-02));
#8475 = CARTESIAN_POINT('',(94.079712641471,2.558373800505E-02));
#8476 = CARTESIAN_POINT('',(92.417852962652,2.534871090972E-02));
#8477 = CARTESIAN_POINT('',(91.530305987109,2.521968315737E-02));
#8478 = CARTESIAN_POINT('',(90.642766587028,2.508722165813E-02));
#8479 = CARTESIAN_POINT('',(89.75523791729,2.495139918594E-02));
#8480 = CARTESIAN_POINT('',(88.867722992693,2.481228846866E-02));
#8481 = CARTESIAN_POINT('',(87.980224687952,2.466996218803E-02));
#8482 = CARTESIAN_POINT('',(87.092745737696,2.452449297967E-02));
#8483 = CARTESIAN_POINT('',(85.543979888782,2.426526539599E-02));
#8484 = CARTESIAN_POINT('',(84.882683215157,2.415287466527E-02));
#8485 = CARTESIAN_POINT('',(84.22139975775,2.403880579716E-02));
#8486 = CARTESIAN_POINT('',(83.560130578191,2.392308302104E-02));
#8487 = CARTESIAN_POINT('',(82.898876735272,2.380573037921E-02));
#8488 = CARTESIAN_POINT('',(82.237639262631,2.368677186673E-02));
#8489 = CARTESIAN_POINT('',(81.576419146446,2.356623157117E-02));
#8490 = CARTESIAN_POINT('',(79.914657517643,2.325936903776E-02));
#8491 = CARTESIAN_POINT('',(78.91413982962,2.307104603589E-02));
#8492 = CARTESIAN_POINT('',(77.913666619331,2.287920584674E-02));
#8493 = CARTESIAN_POINT('',(76.913243212124,2.268404169234E-02));
#8494 = CARTESIAN_POINT('',(75.912869360633,2.24854797422E-02));
#8495 = CARTESIAN_POINT('',(74.91255006059,2.22836833326E-02));
#8496 = CARTESIAN_POINT('',(73.912287367181,2.207867115089E-02));
#8497 = CARTESIAN_POINT('',(71.90317092724,2.166056706543E-02));
#8498 = CARTESIAN_POINT('',(70.89431824367,2.144740985401E-02));
#8499 = CARTESIAN_POINT('',(69.885528720541,2.123114388361E-02));
#8500 = CARTESIAN_POINT('',(68.876805120115,2.101181812905E-02));
#8501 = CARTESIAN_POINT('',(67.868149677096,2.078947665907E-02));
#8502 = CARTESIAN_POINT('',(66.85956461313,2.056417245948E-02));
#8503 = CARTESIAN_POINT('',(65.851052552439,2.033596351083E-02));
#8504 = CARTESIAN_POINT('',(63.955920471501,1.990172433406E-02));
#8505 = CARTESIAN_POINT('',(63.069283436489,1.969634370298E-02));
#8506 = CARTESIAN_POINT('',(62.182706052131,1.948879511066E-02));
#8507 = CARTESIAN_POINT('',(61.296189802689,1.927910183003E-02));
#8508 = CARTESIAN_POINT('',(60.409736125519,1.906728566718E-02));
#8509 = CARTESIAN_POINT('',(59.523346413085,1.885337373954E-02));
#8510 = CARTESIAN_POINT('',(58.6370220203,1.86373960412E-02));
#8511 = CARTESIAN_POINT('',(57.090456093748,1.825693601502E-02));
#8512 = CARTESIAN_POINT('',(56.430184911227,1.809336425199E-02));
#8513 = CARTESIAN_POINT('',(55.769951272601,1.792867075341E-02));
#8514 = CARTESIAN_POINT('',(55.10975572272,1.776286423042E-02));
#8515 = CARTESIAN_POINT('',(54.449598804011,1.759595132433E-02));
#8516 = CARTESIAN_POINT('',(53.789481052158,1.742793807296E-02));
#8517 = CARTESIAN_POINT('',(53.1294029918,1.725883137698E-02));
#8518 = CARTESIAN_POINT('',(51.470716853184,1.683113785818E-02));
#8519 = CARTESIAN_POINT('',(50.472160574697,1.657115420765E-02));
#8520 = CARTESIAN_POINT('',(49.473698242164,1.630869902888E-02));
#8521 = CARTESIAN_POINT('',(48.475331307479,1.604382937307E-02));
#8522 = CARTESIAN_POINT('',(47.477061577625,1.577654709547E-02));
#8523 = CARTESIAN_POINT('',(46.478890911944,1.55068463346E-02));
#8524 = CARTESIAN_POINT('',(45.480820828832,1.523476673648E-02));
#8525 = CARTESIAN_POINT('',(43.485025488298,1.468588845934E-02));
#8526 = CARTESIAN_POINT('',(42.487300182189,1.440909237649E-02));
#8527 = CARTESIAN_POINT('',(41.489678816629,1.4129943072E-02));
#8528 = CARTESIAN_POINT('',(40.492163059166,1.384844204441E-02));
#8529 = CARTESIAN_POINT('',(39.494754568301,1.356458852012E-02));
#8530 = CARTESIAN_POINT('',(38.497454984649,1.32783879481E-02));
#8531 = CARTESIAN_POINT('',(37.500265937536,1.2989849396E-02));
#8532 = CARTESIAN_POINT('',(35.358923017948,1.236515598893E-02));
#8533 = CARTESIAN_POINT('',(34.214804793822,1.202825712557E-02));
#8534 = CARTESIAN_POINT('',(33.070836824253,1.168828506779E-02));
#8535 = CARTESIAN_POINT('',(31.927021943912,1.134520414827E-02));
#8536 = CARTESIAN_POINT('',(30.783362289372,1.09990282272E-02));
#8537 = CARTESIAN_POINT('',(29.63986020551,1.064976497218E-02));
#8538 = CARTESIAN_POINT('',(28.496518948062,1.029736319549E-02));
#8539 = CARTESIAN_POINT('',(26.210408158139,9.586347707696E-03));
#8540 = CARTESIAN_POINT('',(25.067638600641,9.227728148719E-03));
#8541 = CARTESIAN_POINT('',(23.925034801772,8.865952968488E-03));
#8542 = CARTESIAN_POINT('',(22.782599126288,8.500994579841E-03));
#8543 = CARTESIAN_POINT('',(21.640335075497,8.132811206868E-03));
#8544 = CARTESIAN_POINT('',(20.498245704477,7.761373683696E-03));
#8545 = CARTESIAN_POINT('',(19.35633276156,7.386668689571E-03));
#8546 = CARTESIAN_POINT('',(17.081777617659,6.633555645128E-03));
#8547 = CARTESIAN_POINT('',(15.949132478632,6.255199117494E-03));
#8548 = CARTESIAN_POINT('',(14.816667623289,5.873542228588E-03));
#8549 = CARTESIAN_POINT('',(13.684385985753,5.488537180016E-03));
#8550 = CARTESIAN_POINT('',(12.552290671714,5.100133750385E-03));
#8551 = CARTESIAN_POINT('',(11.420384982541,4.708287060521E-03));
#8552 = CARTESIAN_POINT('',(10.288672318012,4.31295198756E-03));
#8553 = CARTESIAN_POINT('',(8.011781035818,3.510291406321E-03));
#8554 = CARTESIAN_POINT('',(6.866607347434,3.102882235377E-03));
#8555 = CARTESIAN_POINT('',(5.721638444567,2.691779241983E-03));
#8556 = CARTESIAN_POINT('',(4.576878021633,2.276921535601E-03));
#8557 = CARTESIAN_POINT('',(3.432329915404,1.858244808248E-03));
#8558 = CARTESIAN_POINT('',(2.287998105007,1.435681334494E-03));
#8559 = CARTESIAN_POINT('',(1.143886711926,1.009159971463E-03));
#8560 = CARTESIAN_POINT('',(0.,5.786061588329E-04));
#8561 = ( GEOMETRIC_REPRESENTATION_CONTEXT(2) 
PARAMETRIC_REPRESENTATION_CONTEXT() REPRESENTATION_CONTEXT('2D SPACE',''
  ) );
#8562 = PCURVE('',#8563,#8714);
#8563 = B_SPLINE_SURFACE_WITH_KNOTS('',3,1,(
    (#8564,#8565)
    ,(#8566,#8567)
    ,(#8568,#8569)
    ,(#8570,#8571)
    ,(#8572,#8573)
    ,(#8574,#8575)
    ,(#8576,#8577)
    ,(#8578,#8579)
    ,(#8580,#8581)
    ,(#8582,#8583)
    ,(#8584,#8585)
    ,(#8586,#8587)
    ,(#8588,#8589)
    ,(#8590,#8591)
    ,(#8592,#8593)
    ,(#8594,#8595)
    ,(#8596,#8597)
    ,(#8598,#8599)
    ,(#8600,#8601)
    ,(#8602,#8603)
    ,(#8604,#8605)
    ,(#8606,#8607)
    ,(#8608,#8609)
    ,(#8610,#8611)
    ,(#8612,#8613)
    ,(#8614,#8615)
    ,(#8616,#8617)
    ,(#8618,#8619)
    ,(#8620,#8621)
    ,(#8622,#8623)
    ,(#8624,#8625)
    ,(#8626,#8627)
    ,(#8628,#8629)
    ,(#8630,#8631)
    ,(#8632,#8633)
    ,(#8634,#8635)
    ,(#8636,#8637)
    ,(#8638,#8639)
    ,(#8640,#8641)
    ,(#8642,#8643)
    ,(#8644,#8645)
    ,(#8646,#8647)
    ,(#8648,#8649)
    ,(#8650,#8651)
    ,(#8652,#8653)
    ,(#8654,#8655)
    ,(#8656,#8657)
    ,(#8658,#8659)
    ,(#8660,#8661)
    ,(#8662,#8663)
    ,(#8664,#8665)
    ,(#8666,#8667)
    ,(#8668,#8669)
    ,(#8670,#8671)
    ,(#8672,#8673)
    ,(#8674,#8675)
    ,(#8676,#8677)
    ,(#8678,#8679)
    ,(#8680,#8681)
    ,(#8682,#8683)
    ,(#8684,#8685)
    ,(#8686,#8687)
    ,(#8688,#8689)
    ,(#8690,#8691)
    ,(#8692,#8693)
    ,(#8694,#8695)
    ,(#8696,#8697)
    ,(#8698,#8699)
    ,(#8700,#8701)
    ,(#8702,#8703)
    ,(#8704,#8705)
    ,(#8706,#8707)
    ,(#8708,#8709)
    ,(#8710,#8711)
    ,(#8712,#8713
    )),.UNSPECIFIED.,.F.,.F.,.F.,(4,1,1,1,1,1,1,1,1,1,1,1,1,1,1,1,1,1,1,
    1,1,1,1,1,1,1,1,1,1,1,1,1,1,1,1,1,1,1,1,1,1,1,1,1,1,1,1,1,1,1,1,1,1,
    1,1,1,1,1,1,1,1,1,1,1,1,1,1,1,1,1,1,1,4),(2,2),(0.,0.325649012239,
    1.300056467361,2.915628577805,5.159791107265,8.015108786077,
    11.459445769691,15.466161823501,20.004339025744,25.039034567447,
    30.531556447672,36.439760227956,42.718366268848,49.319297844643,
    56.192041117745,63.284028099775,70.541043396594,77.907654691178,
    85.327665539508,92.744587182818,100.10212388634,107.34466414756,
    114.41776850165,121.26864423519,127.84659877246,134.10346742426,
    139.99401813761,145.47634661345,150.51229145019,155.06792565481,
    159.11423098528,162.62817063658,165.59464524501,168.01056103307,
    169.8944974134,171.31236943151,172.44006681077,173.56776419002,
    174.98563620813,176.86957258847,179.28548837652,182.25196298496,
    185.76590263625,189.81220796672,194.36784217134,199.40378700808,
    204.88611548392,210.77666619727,217.03353484908,223.61148938634,
    230.46236511989,237.53546947397,244.7780097352,252.13554643872,
    259.55246808203,266.97247893036,274.33909022494,281.59610552176,
    288.68809250379,295.5608357769,302.16176735269,308.44037339358,
    314.34857717387,319.84109905409,324.87579459579,329.41397179804,
    333.42068785185,336.86502483546,339.72034251427,341.96450504373,
    343.58007715418,344.5544846093,344.88013362154),(0.,1.),
  .UNSPECIFIED.);
#8564 = CARTESIAN_POINT('',(1.505E+03,-320.,326.1785));
#8565 = CARTESIAN_POINT('',(1.505E+03,320.,326.1785));
#8566 = CARTESIAN_POINT('',(1.504892184823E+03,-320.,326.19110628817));
#8567 = CARTESIAN_POINT('',(1.504892184823E+03,320.,326.19110628817));
#8568 = CARTESIAN_POINT('',(1.504461758072E+03,-320.,326.24137464402));
#8569 = CARTESIAN_POINT('',(1.504461758072E+03,320.,326.24137464402));
#8570 = CARTESIAN_POINT('',(1.50349638179E+03,-320.,326.35358949818));
#8571 = CARTESIAN_POINT('',(1.50349638179E+03,320.,326.35358949818));
#8572 = CARTESIAN_POINT('',(1.501895580669E+03,-320.,326.5379398007));
#8573 = CARTESIAN_POINT('',(1.501895580669E+03,320.,326.5379398007));
#8574 = CARTESIAN_POINT('',(1.499671529689E+03,-320.,326.79055962983));
#8575 = CARTESIAN_POINT('',(1.499671529689E+03,320.,326.79055962983));
#8576 = CARTESIAN_POINT('',(1.49684114598E+03,-320.,327.10630987689));
#8577 = CARTESIAN_POINT('',(1.49684114598E+03,320.,327.10630987689));
#8578 = CARTESIAN_POINT('',(1.493425961618E+03,-320.,327.47901101594));
#8579 = CARTESIAN_POINT('',(1.493425961618E+03,320.,327.47901101594));
#8580 = CARTESIAN_POINT('',(1.489451961133E+03,-320.,327.90169089023));
#8581 = CARTESIAN_POINT('',(1.489451961133E+03,320.,327.90169089023));
#8582 = CARTESIAN_POINT('',(1.484949384714E+03,-320.,328.36681877576));
#8583 = CARTESIAN_POINT('',(1.484949384714E+03,320.,328.36681877576));
#8584 = CARTESIAN_POINT('',(1.479952498459E+03,-320.,328.86650006624));
#8585 = CARTESIAN_POINT('',(1.479952498459E+03,320.,328.86650006624));
#8586 = CARTESIAN_POINT('',(1.474499333384E+03,-320.,329.39261255209));
#8587 = CARTESIAN_POINT('',(1.474499333384E+03,320.,329.39261255209));
#8588 = CARTESIAN_POINT('',(1.468631395215E+03,-320.,329.93687468706));
#8589 = CARTESIAN_POINT('',(1.468631395215E+03,320.,329.93687468706));
#8590 = CARTESIAN_POINT('',(1.462393347297E+03,-320.,330.49084718226));
#8591 = CARTESIAN_POINT('',(1.462393347297E+03,320.,330.49084718226));
#8592 = CARTESIAN_POINT('',(1.455832669157E+03,-320.,331.04588028764));
#8593 = CARTESIAN_POINT('',(1.455832669157E+03,320.,331.04588028764));
#8594 = CARTESIAN_POINT('',(1.44899929348E+03,-320.,331.59302870016));
#8595 = CARTESIAN_POINT('',(1.44899929348E+03,320.,331.59302870016));
#8596 = CARTESIAN_POINT('',(1.441945224431E+03,-320.,332.12296282008));
#8597 = CARTESIAN_POINT('',(1.441945224431E+03,320.,332.12296282008));
#8598 = CARTESIAN_POINT('',(1.434724140387E+03,-320.,332.62590803391));
#8599 = CARTESIAN_POINT('',(1.434724140387E+03,320.,332.62590803391));
#8600 = CARTESIAN_POINT('',(1.427390984324E+03,-320.,333.09164227823));
#8601 = CARTESIAN_POINT('',(1.427390984324E+03,320.,333.09164227823));
#8602 = CARTESIAN_POINT('',(1.42000154517E+03,-320.,333.50957633021));
#8603 = CARTESIAN_POINT('',(1.42000154517E+03,320.,333.50957633021));
#8604 = CARTESIAN_POINT('',(1.412612033448E+03,-320.,333.86893164221));
#8605 = CARTESIAN_POINT('',(1.412612033448E+03,320.,333.86893164221));
#8606 = CARTESIAN_POINT('',(1.40527865445E+03,-320.,334.15901815936));
#8607 = CARTESIAN_POINT('',(1.40527865445E+03,320.,334.15901815936));
#8608 = CARTESIAN_POINT('',(1.398057181958E+03,-320.,334.36960089351));
#8609 = CARTESIAN_POINT('',(1.398057181958E+03,320.,334.36960089351));
#8610 = CARTESIAN_POINT('',(1.391002535244E+03,-320.,334.49133073577));
#8611 = CARTESIAN_POINT('',(1.391002535244E+03,320.,334.49133073577));
#8612 = CARTESIAN_POINT('',(1.38416836158E+03,-320.,334.51620381467));
#8613 = CARTESIAN_POINT('',(1.38416836158E+03,320.,334.51620381467));
#8614 = CARTESIAN_POINT('',(1.377606626325E+03,-320.,334.43800601144));
#8615 = CARTESIAN_POINT('',(1.377606626325E+03,320.,334.43800601144));
#8616 = CARTESIAN_POINT('',(1.371367211059E+03,-320.,334.2526967746));
#8617 = CARTESIAN_POINT('',(1.371367211059E+03,320.,334.2526967746));
#8618 = CARTESIAN_POINT('',(1.365497522645E+03,-320.,333.95868785431));
#8619 = CARTESIAN_POINT('',(1.365497522645E+03,320.,333.95868785431));
#8620 = CARTESIAN_POINT('',(1.360042102729E+03,-320.,333.55698501262));
#8621 = CARTESIAN_POINT('',(1.360042102729E+03,320.,333.55698501262));
#8622 = CARTESIAN_POINT('',(1.355042261536E+03,-320.,333.05116031903));
#8623 = CARTESIAN_POINT('',(1.355042261536E+03,320.,333.05116031903));
#8624 = CARTESIAN_POINT('',(1.350535621219E+03,-320.,332.44718600698));
#8625 = CARTESIAN_POINT('',(1.350535621219E+03,320.,332.44718600698));
#8626 = CARTESIAN_POINT('',(1.346555845167E+03,-320.,331.75302771256));
#8627 = CARTESIAN_POINT('',(1.346555845167E+03,320.,331.75302771256));
#8628 = CARTESIAN_POINT('',(1.343131439093E+03,-320.,330.97837338244));
#8629 = CARTESIAN_POINT('',(1.343131439093E+03,320.,330.97837338244));
#8630 = CARTESIAN_POINT('',(1.34028639935E+03,-320.,330.13332864982));
#8631 = CARTESIAN_POINT('',(1.34028639935E+03,320.,330.13332864982));
#8632 = CARTESIAN_POINT('',(1.338032837314E+03,-320.,329.22878908113));
#8633 = CARTESIAN_POINT('',(1.338032837314E+03,320.,329.22878908113));
#8634 = CARTESIAN_POINT('',(1.336379411849E+03,-320.,328.26612223237));
#8635 = CARTESIAN_POINT('',(1.336379411849E+03,320.,328.26612223237));
#8636 = CARTESIAN_POINT('',(1.335290960333E+03,-320.,327.22688617646));
#8637 = CARTESIAN_POINT('',(1.335290960333E+03,320.,327.22688617646));
#8638 = CARTESIAN_POINT('',(1.334871103414E+03,-320.,326.));
#8639 = CARTESIAN_POINT('',(1.334871103414E+03,320.,326.));
#8640 = CARTESIAN_POINT('',(1.335290960333E+03,-320.,324.77311382353));
#8641 = CARTESIAN_POINT('',(1.335290960333E+03,320.,324.77311382353));
#8642 = CARTESIAN_POINT('',(1.336379411849E+03,-320.,323.73387776762));
#8643 = CARTESIAN_POINT('',(1.336379411849E+03,320.,323.73387776762));
#8644 = CARTESIAN_POINT('',(1.338032837314E+03,-320.,322.77121091886));
#8645 = CARTESIAN_POINT('',(1.338032837314E+03,320.,322.77121091886));
#8646 = CARTESIAN_POINT('',(1.34028639935E+03,-320.,321.86667135017));
#8647 = CARTESIAN_POINT('',(1.34028639935E+03,320.,321.86667135017));
#8648 = CARTESIAN_POINT('',(1.343131439093E+03,-320.,321.02162661755));
#8649 = CARTESIAN_POINT('',(1.343131439093E+03,320.,321.02162661755));
#8650 = CARTESIAN_POINT('',(1.346555845167E+03,-320.,320.24697228743));
#8651 = CARTESIAN_POINT('',(1.346555845167E+03,320.,320.24697228743));
#8652 = CARTESIAN_POINT('',(1.350535621219E+03,-320.,319.55281399301));
#8653 = CARTESIAN_POINT('',(1.350535621219E+03,320.,319.55281399301));
#8654 = CARTESIAN_POINT('',(1.355042261536E+03,-320.,318.94883968096));
#8655 = CARTESIAN_POINT('',(1.355042261536E+03,320.,318.94883968096));
#8656 = CARTESIAN_POINT('',(1.360042102729E+03,-320.,318.44301498737));
#8657 = CARTESIAN_POINT('',(1.360042102729E+03,320.,318.44301498737));
#8658 = CARTESIAN_POINT('',(1.365497522645E+03,-320.,318.04131214568));
#8659 = CARTESIAN_POINT('',(1.365497522645E+03,320.,318.04131214568));
#8660 = CARTESIAN_POINT('',(1.371367211059E+03,-320.,317.74730322539));
#8661 = CARTESIAN_POINT('',(1.371367211059E+03,320.,317.74730322539));
#8662 = CARTESIAN_POINT('',(1.377606626325E+03,-320.,317.56199398855));
#8663 = CARTESIAN_POINT('',(1.377606626325E+03,320.,317.56199398855));
#8664 = CARTESIAN_POINT('',(1.38416836158E+03,-320.,317.48379618532));
#8665 = CARTESIAN_POINT('',(1.38416836158E+03,320.,317.48379618532));
#8666 = CARTESIAN_POINT('',(1.391002535244E+03,-320.,317.50866926422));
#8667 = CARTESIAN_POINT('',(1.391002535244E+03,320.,317.50866926422));
#8668 = CARTESIAN_POINT('',(1.398057181958E+03,-320.,317.63039910648));
#8669 = CARTESIAN_POINT('',(1.398057181958E+03,320.,317.63039910648));
#8670 = CARTESIAN_POINT('',(1.40527865445E+03,-320.,317.84098184063));
#8671 = CARTESIAN_POINT('',(1.40527865445E+03,320.,317.84098184063));
#8672 = CARTESIAN_POINT('',(1.412612033448E+03,-320.,318.13106835778));
#8673 = CARTESIAN_POINT('',(1.412612033448E+03,320.,318.13106835778));
#8674 = CARTESIAN_POINT('',(1.42000154517E+03,-320.,318.49042366978));
#8675 = CARTESIAN_POINT('',(1.42000154517E+03,320.,318.49042366978));
#8676 = CARTESIAN_POINT('',(1.427390984324E+03,-320.,318.90835772176));
#8677 = CARTESIAN_POINT('',(1.427390984324E+03,320.,318.90835772176));
#8678 = CARTESIAN_POINT('',(1.434724140387E+03,-320.,319.37409196608));
#8679 = CARTESIAN_POINT('',(1.434724140387E+03,320.,319.37409196608));
#8680 = CARTESIAN_POINT('',(1.441945224431E+03,-320.,319.87703717991));
#8681 = CARTESIAN_POINT('',(1.441945224431E+03,320.,319.87703717991));
#8682 = CARTESIAN_POINT('',(1.44899929348E+03,-320.,320.40697129983));
#8683 = CARTESIAN_POINT('',(1.44899929348E+03,320.,320.40697129983));
#8684 = CARTESIAN_POINT('',(1.455832669157E+03,-320.,320.95411971235));
#8685 = CARTESIAN_POINT('',(1.455832669157E+03,320.,320.95411971235));
#8686 = CARTESIAN_POINT('',(1.462393347297E+03,-320.,321.50915281773));
#8687 = CARTESIAN_POINT('',(1.462393347297E+03,320.,321.50915281773));
#8688 = CARTESIAN_POINT('',(1.468631395215E+03,-320.,322.06312531293));
#8689 = CARTESIAN_POINT('',(1.468631395215E+03,320.,322.06312531293));
#8690 = CARTESIAN_POINT('',(1.474499333384E+03,-320.,322.6073874479));
#8691 = CARTESIAN_POINT('',(1.474499333384E+03,320.,322.6073874479));
#8692 = CARTESIAN_POINT('',(1.479952498459E+03,-320.,323.13349993375));
#8693 = CARTESIAN_POINT('',(1.479952498459E+03,320.,323.13349993375));
#8694 = CARTESIAN_POINT('',(1.484949384714E+03,-320.,323.63318122423));
#8695 = CARTESIAN_POINT('',(1.484949384714E+03,320.,323.63318122423));
#8696 = CARTESIAN_POINT('',(1.489451961133E+03,-320.,324.09830910976));
#8697 = CARTESIAN_POINT('',(1.489451961133E+03,320.,324.09830910976));
#8698 = CARTESIAN_POINT('',(1.493425961618E+03,-320.,324.52098898405));
#8699 = CARTESIAN_POINT('',(1.493425961618E+03,320.,324.52098898405));
#8700 = CARTESIAN_POINT('',(1.49684114598E+03,-320.,324.8936901231));
#8701 = CARTESIAN_POINT('',(1.49684114598E+03,320.,324.8936901231));
#8702 = CARTESIAN_POINT('',(1.499671529689E+03,-320.,325.20944037016));
#8703 = CARTESIAN_POINT('',(1.499671529689E+03,320.,325.20944037016));
#8704 = CARTESIAN_POINT('',(1.501895580669E+03,-320.,325.46206019929));
#8705 = CARTESIAN_POINT('',(1.501895580669E+03,320.,325.46206019929));
#8706 = CARTESIAN_POINT('',(1.50349638179E+03,-320.,325.64641050181));
#8707 = CARTESIAN_POINT('',(1.50349638179E+03,320.,325.64641050181));
#8708 = CARTESIAN_POINT('',(1.504461758072E+03,-320.,325.75862535597));
#8709 = CARTESIAN_POINT('',(1.504461758072E+03,320.,325.75862535597));
#8710 = CARTESIAN_POINT('',(1.504892184823E+03,-320.,325.80889371182));
#8711 = CARTESIAN_POINT('',(1.504892184823E+03,320.,325.80889371182));
#8712 = CARTESIAN_POINT('',(1.505E+03,-320.,325.8215));
#8713 = CARTESIAN_POINT('',(1.505E+03,320.,325.8215));
#8714 = DEFINITIONAL_REPRESENTATION('',(#8715),#9354);
#8715 = B_SPLINE_CURVE_WITH_KNOTS('',8,(#8716,#8717,#8718,#8719,#8720,
    #8721,#8722,#8723,#8724,#8725,#8726,#8727,#8728,#8729,#8730,#8731,
    #8732,#8733,#8734,#8735,#8736,#8737,#8738,#8739,#8740,#8741,#8742,
    #8743,#8744,#8745,#8746,#8747,#8748,#8749,#8750,#8751,#8752,#8753,
    #8754,#8755,#8756,#8757,#8758,#8759,#8760,#8761,#8762,#8763,#8764,
    #8765,#8766,#8767,#8768,#8769,#8770,#8771,#8772,#8773,#8774,#8775,
    #8776,#8777,#8778,#8779,#8780,#8781,#8782,#8783,#8784,#8785,#8786,
    #8787,#8788,#8789,#8790,#8791,#8792,#8793,#8794,#8795,#8796,#8797,
    #8798,#8799,#8800,#8801,#8802,#8803,#8804,#8805,#8806,#8807,#8808,
    #8809,#8810,#8811,#8812,#8813,#8814,#8815,#8816,#8817,#8818,#8819,
    #8820,#8821,#8822,#8823,#8824,#8825,#8826,#8827,#8828,#8829,#8830,
    #8831,#8832,#8833,#8834,#8835,#8836,#8837,#8838,#8839,#8840,#8841,
    #8842,#8843,#8844,#8845,#8846,#8847,#8848,#8849,#8850,#8851,#8852,
    #8853,#8854,#8855,#8856,#8857,#8858,#8859,#8860,#8861,#8862,#8863,
    #8864,#8865,#8866,#8867,#8868,#8869,#8870,#8871,#8872,#8873,#8874,
    #8875,#8876,#8877,#8878,#8879,#8880,#8881,#8882,#8883,#8884,#8885,
    #8886,#8887,#8888,#8889,#8890,#8891,#8892,#8893,#8894,#8895,#8896,
    #8897,#8898,#8899,#8900,#8901,#8902,#8903,#8904,#8905,#8906,#8907,
    #8908,#8909,#8910,#8911,#8912,#8913,#8914,#8915,#8916,#8917,#8918,
    #8919,#8920,#8921,#8922,#8923,#8924,#8925,#8926,#8927,#8928,#8929,
    #8930,#8931,#8932,#8933,#8934,#8935,#8936,#8937,#8938,#8939,#8940,
    #8941,#8942,#8943,#8944,#8945,#8946,#8947,#8948,#8949,#8950,#8951,
    #8952,#8953,#8954,#8955,#8956,#8957,#8958,#8959,#8960,#8961,#8962,
    #8963,#8964,#8965,#8966,#8967,#8968,#8969,#8970,#8971,#8972,#8973,
    #8974,#8975,#8976,#8977,#8978,#8979,#8980,#8981,#8982,#8983,#8984,
    #8985,#8986,#8987,#8988,#8989,#8990,#8991,#8992,#8993,#8994,#8995,
    #8996,#8997,#8998,#8999,#9000,#9001,#9002,#9003,#9004,#9005,#9006,
    #9007,#9008,#9009,#9010,#9011,#9012,#9013,#9014,#9015,#9016,#9017,
    #9018,#9019,#9020,#9021,#9022,#9023,#9024,#9025,#9026,#9027,#9028,
    #9029,#9030,#9031,#9032,#9033,#9034,#9035,#9036,#9037,#9038,#9039,
    #9040,#9041,#9042,#9043,#9044,#9045,#9046,#9047,#9048,#9049,#9050,
    #9051,#9052,#9053,#9054,#9055,#9056,#9057,#9058,#9059,#9060,#9061,
    #9062,#9063,#9064,#9065,#9066,#9067,#9068,#9069,#9070,#9071,#9072,
    #9073,#9074,#9075,#9076,#9077,#9078,#9079,#9080,#9081,#9082,#9083,
    #9084,#9085,#9086,#9087,#9088,#9089,#9090,#9091,#9092,#9093,#9094,
    #9095,#9096,#9097,#9098,#9099,#9100,#9101,#9102,#9103,#9104,#9105,
    #9106,#9107,#9108,#9109,#9110,#9111,#9112,#9113,#9114,#9115,#9116,
    #9117,#9118,#9119,#9120,#9121,#9122,#9123,#9124,#9125,#9126,#9127,
    #9128,#9129,#9130,#9131,#9132,#9133,#9134,#9135,#9136,#9137,#9138,
    #9139,#9140,#9141,#9142,#9143,#9144,#9145,#9146,#9147,#9148,#9149,
    #9150,#9151,#9152,#9153,#9154,#9155,#9156,#9157,#9158,#9159,#9160,
    #9161,#9162,#9163,#9164,#9165,#9166,#9167,#9168,#9169,#9170,#9171,
    #9172,#9173,#9174,#9175,#9176,#9177,#9178,#9179,#9180,#9181,#9182,
    #9183,#9184,#9185,#9186,#9187,#9188,#9189,#9190,#9191,#9192,#9193,
    #9194,#9195,#9196,#9197,#9198,#9199,#9200,#9201,#9202,#9203,#9204,
    #9205,#9206,#9207,#9208,#9209,#9210,#9211,#9212,#9213,#9214,#9215,
    #9216,#9217,#9218,#9219,#9220,#9221,#9222,#9223,#9224,#9225,#9226,
    #9227,#9228,#9229,#9230,#9231,#9232,#9233,#9234,#9235,#9236,#9237,
    #9238,#9239,#9240,#9241,#9242,#9243,#9244,#9245,#9246,#9247,#9248,
    #9249,#9250,#9251,#9252,#9253,#9254,#9255,#9256,#9257,#9258,#9259,
    #9260,#9261,#9262,#9263,#9264,#9265,#9266,#9267,#9268,#9269,#9270,
    #9271,#9272,#9273,#9274,#9275,#9276,#9277,#9278,#9279,#9280,#9281,
    #9282,#9283,#9284,#9285,#9286,#9287,#9288,#9289,#9290,#9291,#9292,
    #9293,#9294,#9295,#9296,#9297,#9298,#9299,#9300,#9301,#9302,#9303,
    #9304,#9305,#9306,#9307,#9308,#9309,#9310,#9311,#9312,#9313,#9314,
    #9315,#9316,#9317,#9318,#9319,#9320,#9321,#9322,#9323,#9324,#9325,
    #9326,#9327,#9328,#9329,#9330,#9331,#9332,#9333,#9334,#9335,#9336,
    #9337,#9338,#9339,#9340,#9341,#9342,#9343,#9344,#9345,#9346,#9347,
    #9348,#9349,#9350,#9351,#9352,#9353),.UNSPECIFIED.,.F.,.F.,(9,7,7,7,
    7,7,7,7,7,7,7,7,7,7,7,7,7,7,7,7,7,7,7,7,7,7,7,7,7,7,7,7,7,7,7,7,7,7,
    7,7,8,7,8,7,8,8,8,7,7,7,8,7,7,7,7,7,7,7,7,7,7,7,7,7,7,7,7,7,7,7,7,7,
    7,7,7,7,7,7,7,7,7,7,7,7,7,7,7,7,7,7,9),(0.,3.725321914343E-03,
    7.433665779807E-03,1.11147629005E-02,1.48247525117E-02,
    1.876035763771E-02,2.269660360294E-02,2.663328742635E-02,
    2.860171409341E-02,3.057014692472E-02,3.450685384223E-02,
    3.647502847883E-02,3.844300974151E-02,4.038262836516E-02,
    4.1844169559E-02,4.406418784166E-02,4.628363380788E-02,
    4.796884269452E-02,4.924646856828E-02,5.119462233015E-02,
    5.317010958858E-02,5.488678590286E-02,5.617387641545E-02,
    5.714386758391E-02,5.860406946863E-02,5.934662253071E-02,
    6.008908025401E-02,6.148971654357E-02,6.254569231686E-02,
    6.331878033218E-02,6.451797707574E-02,6.511789523376E-02,
    6.571814227422E-02,6.602675895234E-02,6.63578580499E-02,
    6.764943883873E-02,6.797046280191E-02,6.845921176964E-02,
    6.891062231913E-02,6.928575352274E-02,6.958906499801E-02,
    7.331438691235E-02,7.711103447031E-02,8.083635638465E-02,
    8.625639205072E-02,8.998171396506E-02,9.37070358794E-02,
    9.743235779374E-02,0.103298305552,0.108825683564,0.114688339934,
    0.118413661848,0.121869290252,0.127296600568,0.129842966265,
    0.132704862271,0.143125344109,0.147074317529,0.161459305312,
    0.168826653423,0.176191080004,0.182832047033,0.189075282897,
    0.194956941096,0.205998797785,0.215561780828,0.224042692234,
    0.238769245145,0.261225984696,0.283691113865,0.298070382924,
    0.323513406304,0.342313069912,0.371100954901,0.39939392486,
    0.427623432038,0.448981517296,0.480844318541,0.513075723522,
    0.550020982414,0.577551586881,0.619212110982,0.661235418156,
    0.698185535621,0.725715297899,0.767368287055,0.809015426015,
    0.856810543307,0.9045954098,0.952007359428,1.),.UNSPECIFIED.);
#8716 = CARTESIAN_POINT('',(1.128671327824E-08,0.499721131719));
#8717 = CARTESIAN_POINT('',(1.143730968402,0.499513619598));
#8718 = CARTESIAN_POINT('',(2.28742176887,0.499308051213));
#8719 = CARTESIAN_POINT('',(3.431072430283,0.499104391441));
#8720 = CARTESIAN_POINT('',(4.574683002469,0.498902606734));
#8721 = CARTESIAN_POINT('',(5.718253567495,0.498702665116));
#8722 = CARTESIAN_POINT('',(6.861784239664,0.498504536181));
#8723 = CARTESIAN_POINT('',(8.005275165517,0.498308191098));
#8724 = CARTESIAN_POINT('',(10.286966623211,0.497919900624));
#8725 = CARTESIAN_POINT('',(11.425167628697,0.49772794289));
#8726 = CARTESIAN_POINT('',(12.563329435387,0.497537694109));
#8727 = CARTESIAN_POINT('',(13.701452430066,0.497349134842));
#8728 = CARTESIAN_POINT('',(14.83953698982,0.497162245438));
#8729 = CARTESIAN_POINT('',(15.977583298358,0.496977000596));
#8730 = CARTESIAN_POINT('',(17.115591480011,0.496793374558));
#8731 = CARTESIAN_POINT('',(19.383171519217,0.496430676843));
#8732 = CARTESIAN_POINT('',(20.512743695668,0.496251576826));
#8733 = CARTESIAN_POINT('',(21.642279862227,0.496074051056));
#8734 = CARTESIAN_POINT('',(22.771779051787,0.49589806323));
#8735 = CARTESIAN_POINT('',(23.901242019076,0.495723606188));
#8736 = CARTESIAN_POINT('',(25.030670038649,0.495550679636));
#8737 = CARTESIAN_POINT('',(26.160063035381,0.495379260948));
#8738 = CARTESIAN_POINT('',(28.427644288414,0.495038093709));
#8739 = CARTESIAN_POINT('',(29.565831914411,0.494868365474));
#8740 = CARTESIAN_POINT('',(30.703984902696,0.494700151506));
#8741 = CARTESIAN_POINT('',(31.842104293561,0.494533446184));
#8742 = CARTESIAN_POINT('',(32.980190692436,0.49436824819));
#8743 = CARTESIAN_POINT('',(34.118244471687,0.49420455178));
#8744 = CARTESIAN_POINT('',(35.256266294696,0.494042345426));
#8745 = CARTESIAN_POINT('',(37.601452479839,0.493711153356));
#8746 = CARTESIAN_POINT('',(38.808613015634,0.4935423558));
#8747 = CARTESIAN_POINT('',(40.015739672796,0.493375245934));
#8748 = CARTESIAN_POINT('',(41.222833325826,0.493209822201));
#8749 = CARTESIAN_POINT('',(42.429895676133,0.493046112105));
#8750 = CARTESIAN_POINT('',(43.636926119104,0.492884064078));
#8751 = CARTESIAN_POINT('',(44.843927648925,0.492723749542));
#8752 = CARTESIAN_POINT('',(47.258070582201,0.492406537616));
#8753 = CARTESIAN_POINT('',(48.46521213776,0.492249647521));
#8754 = CARTESIAN_POINT('',(49.672326588903,0.492094491704));
#8755 = CARTESIAN_POINT('',(50.879416219195,0.49194111796));
#8756 = CARTESIAN_POINT('',(52.086479824439,0.491789454767));
#8757 = CARTESIAN_POINT('',(53.293522201183,0.491639635741));
#8758 = CARTESIAN_POINT('',(54.500542970115,0.491491617848));
#8759 = CARTESIAN_POINT('',(56.914680430367,0.491199274296));
#8760 = CARTESIAN_POINT('',(58.121796726156,0.491054937143));
#8761 = CARTESIAN_POINT('',(59.328895991312,0.490912499036));
#8762 = CARTESIAN_POINT('',(60.535977759077,0.490771902625));
#8763 = CARTESIAN_POINT('',(61.743046929106,0.490633297488));
#8764 = CARTESIAN_POINT('',(62.950103314614,0.490496642085));
#8765 = CARTESIAN_POINT('',(64.157149742914,0.490362016187));
#8766 = CARTESIAN_POINT('',(65.967733553793,0.490163155366));
#8767 = CARTESIAN_POINT('',(66.571276847555,0.490097381891));
#8768 = CARTESIAN_POINT('',(67.174818416387,0.49003212649));
#8769 = CARTESIAN_POINT('',(67.778358525261,0.489967394075));
#8770 = CARTESIAN_POINT('',(68.38189746109,0.489903191099));
#8771 = CARTESIAN_POINT('',(68.985435520645,0.489839524781));
#8772 = CARTESIAN_POINT('',(69.588972998477,0.489776402334));
#8773 = CARTESIAN_POINT('',(70.796049246282,0.489651257823));
#8774 = CARTESIAN_POINT('',(71.399587997613,0.489589235815));
#8775 = CARTESIAN_POINT('',(72.003126758133,0.48952777094));
#8776 = CARTESIAN_POINT('',(72.60666585459,0.489466869976));
#8777 = CARTESIAN_POINT('',(73.210205611184,0.489406539699));
#8778 = CARTESIAN_POINT('',(73.813746349565,0.489346786885));
#8779 = CARTESIAN_POINT('',(74.417288388835,0.48928761831));
#8780 = CARTESIAN_POINT('',(76.227870720575,0.489111890482));
#8781 = CARTESIAN_POINT('',(77.434915634114,0.488997104637));
#8782 = CARTESIAN_POINT('',(78.641970383014,0.488884724466));
#8783 = CARTESIAN_POINT('',(79.849034629877,0.488774864583));
#8784 = CARTESIAN_POINT('',(81.056115866717,0.488667553422));
#8785 = CARTESIAN_POINT('',(82.263213726311,0.488562896683));
#8786 = CARTESIAN_POINT('',(83.470332964199,0.488460947729));
#8787 = CARTESIAN_POINT('',(85.280992406861,0.48831220947));
#8788 = CARTESIAN_POINT('',(85.884514881463,0.488263328743));
#8789 = CARTESIAN_POINT('',(86.488043662515,0.488215155457));
#8790 = CARTESIAN_POINT('',(87.091579197228,0.48816770133));
#8791 = CARTESIAN_POINT('',(87.695121928262,0.488120978082));
#8792 = CARTESIAN_POINT('',(88.298672293728,0.488074997427));
#8793 = CARTESIAN_POINT('',(88.902230727187,0.48802977108));
#8794 = CARTESIAN_POINT('',(90.109305301956,0.487940854929));
#8795 = CARTESIAN_POINT('',(90.712821392275,0.487897164563));
#8796 = CARTESIAN_POINT('',(91.316346433287,0.487854252067));
#8797 = CARTESIAN_POINT('',(91.919880808823,0.48781212908));
#8798 = CARTESIAN_POINT('',(92.523424860891,0.487770806916));
#8799 = CARTESIAN_POINT('',(93.12697896869,0.487730297021));
#8800 = CARTESIAN_POINT('',(93.730543627631,0.487690611421));
#8801 = CARTESIAN_POINT('',(94.928996655116,0.487613475253));
#8802 = CARTESIAN_POINT('',(95.523884612149,0.487576002226));
#8803 = CARTESIAN_POINT('',(96.118783874023,0.487539358554));
#8804 = CARTESIAN_POINT('',(96.713694901112,0.487503558685));
#8805 = CARTESIAN_POINT('',(97.308618139597,0.487468617063));
#8806 = CARTESIAN_POINT('',(97.903554021466,0.487434548123));
#8807 = CARTESIAN_POINT('',(98.498502964511,0.487401366296));
#8808 = CARTESIAN_POINT('',(99.541781373522,0.487344762183));
#8809 = CARTESIAN_POINT('',(99.990105039559,0.487320950181));
#8810 = CARTESIAN_POINT('',(100.43843647064,0.487297656282));
#8811 = CARTESIAN_POINT('',(100.88677587899,0.487274886641));
#8812 = CARTESIAN_POINT('',(101.33512354083,0.48725264736));
#8813 = CARTESIAN_POINT('',(101.78347974843,0.487230944553));
#8814 = CARTESIAN_POINT('',(102.23184476205,0.487209784419));
#8815 = CARTESIAN_POINT('',(103.36127960478,0.487157866164));
#8816 = CARTESIAN_POINT('',(104.04236128853,0.487127827509));
#8817 = CARTESIAN_POINT('',(104.72346434383,0.487099085405));
#8818 = CARTESIAN_POINT('',(105.40458961449,0.487071667869));
#8819 = CARTESIAN_POINT('',(106.08573779778,0.487045602905));
#8820 = CARTESIAN_POINT('',(106.76690933925,0.487020918501));
#8821 = CARTESIAN_POINT('',(107.44810468245,0.486997642622));
#8822 = CARTESIAN_POINT('',(108.81036947608,0.486953968874));
#8823 = CARTESIAN_POINT('',(109.49143887232,0.48693357409));
#8824 = CARTESIAN_POINT('',(110.1725346477,0.48691462759));
#8825 = CARTESIAN_POINT('',(110.85365626256,0.48689720946));
#8826 = CARTESIAN_POINT('',(111.53480734237,0.486881254808));
#8827 = CARTESIAN_POINT('',(112.21598585767,0.486866889679));
#8828 = CARTESIAN_POINT('',(112.89719373744,0.486854104034));
#8829 = CARTESIAN_POINT('',(114.09568942291,0.48683448172));
#8830 = CARTESIAN_POINT('',(114.61296475167,0.486826952086));
#8831 = CARTESIAN_POINT('',(115.13025718909,0.48682037786));
#8832 = CARTESIAN_POINT('',(115.64756716047,0.48681477511));
#8833 = CARTESIAN_POINT('',(116.16489519899,0.486810159883));
#8834 = CARTESIAN_POINT('',(116.68224184668,0.486806548199));
#8835 = CARTESIAN_POINT('',(117.19960755543,0.486803956061));
#8836 = CARTESIAN_POINT('',(118.10924339227,0.486801218854));
#8837 = CARTESIAN_POINT('',(118.50150528851,0.486800634971));
#8838 = CARTESIAN_POINT('',(118.89377855222,0.486800652262));
#8839 = CARTESIAN_POINT('',(119.28606336289,0.486801277385));
#8840 = CARTESIAN_POINT('',(119.67835982444,0.486802518675));
#8841 = CARTESIAN_POINT('',(120.07066798571,0.486804385619));
#8842 = CARTESIAN_POINT('',(120.46298786092,0.486806888324));
#8843 = CARTESIAN_POINT('',(121.45355589691,0.486814837786));
#8844 = CARTESIAN_POINT('',(122.0518192968,0.486821139093));
#8845 = CARTESIAN_POINT('',(122.65011043876,0.486828974602));
#8846 = CARTESIAN_POINT('',(123.24843009759,0.486838377937));
#8847 = CARTESIAN_POINT('',(123.84677900483,0.486849382654));
#8848 = CARTESIAN_POINT('',(124.44515781956,0.486862022234));
#8849 = CARTESIAN_POINT('',(125.04356709922,0.486876330085));
#8850 = CARTESIAN_POINT('',(126.24884384747,0.486908573879));
#8851 = CARTESIAN_POINT('',(126.85571237108,0.486926554391));
#8852 = CARTESIAN_POINT('',(127.4626116532,0.486946338676));
#8853 = CARTESIAN_POINT('',(128.06954905491,0.486967884721));
#8854 = CARTESIAN_POINT('',(128.6765094508,0.486991365374));
#8855 = CARTESIAN_POINT('',(129.28350983668,0.487016730115));
#8856 = CARTESIAN_POINT('',(129.89054072458,0.487044084748));
#8857 = CARTESIAN_POINT('',(131.0251399864,0.487098982479));
#8858 = CARTESIAN_POINT('',(131.5526989447,0.48712603441));
#8859 = CARTESIAN_POINT('',(132.08028433662,0.487154647203));
#8860 = CARTESIAN_POINT('',(132.60789534889,0.487184850854));
#8861 = CARTESIAN_POINT('',(133.13553290201,0.487216679368));
#8862 = CARTESIAN_POINT('',(133.66319726949,0.487250165859));
#8863 = CARTESIAN_POINT('',(134.19088663359,0.487285338935));
#8864 = CARTESIAN_POINT('',(135.11426269761,0.487349897835));
#8865 = CARTESIAN_POINT('',(135.50993719824,0.4873785318));
#8866 = CARTESIAN_POINT('',(135.90562690867,0.487408157263));
#8867 = CARTESIAN_POINT('',(136.30133187755,0.48743879493));
#8868 = CARTESIAN_POINT('',(136.69705210371,0.487470465455));
#8869 = CARTESIAN_POINT('',(137.09278753613,0.487503189441));
#8870 = CARTESIAN_POINT('',(137.48853807397,0.487536987438));
#8871 = CARTESIAN_POINT('',(138.18256467893,0.48759817601));
#8872 = CARTESIAN_POINT('',(138.48083424816,0.487625093716));
#8873 = CARTESIAN_POINT('',(138.77911226883,0.487652641821));
#8874 = CARTESIAN_POINT('',(139.07739865286,0.487680829078));
#8875 = CARTESIAN_POINT('',(139.37569326728,0.487709664223));
#8876 = CARTESIAN_POINT('',(139.67399597196,0.487739155969));
#8877 = CARTESIAN_POINT('',(139.97230665737,0.487769313));
#8878 = CARTESIAN_POINT('',(140.71970716068,0.487846557122));
#8879 = CARTESIAN_POINT('',(141.16880807042,0.4878944887));
#8880 = CARTESIAN_POINT('',(141.61792584298,0.48794401387));
#8881 = CARTESIAN_POINT('',(142.06707038076,0.487995035817));
#8882 = CARTESIAN_POINT('',(142.51622865889,0.48804777596));
#8883 = CARTESIAN_POINT('',(142.96540893952,0.488102156715));
#8884 = CARTESIAN_POINT('',(143.41460547021,0.488158292809));
#8885 = CARTESIAN_POINT('',(144.09225609642,0.488245662899));
#8886 = CARTESIAN_POINT('',(144.32069770429,0.488275577526));
#8887 = CARTESIAN_POINT('',(144.54914338692,0.488305960413));
#8888 = CARTESIAN_POINT('',(144.77759296207,0.488336817997));
#8889 = CARTESIAN_POINT('',(145.00604624431,0.488368156699));
#8890 = CARTESIAN_POINT('',(145.23450304502,0.488399982923));
#8891 = CARTESIAN_POINT('',(145.46296317236,0.488432303053));
#8892 = CARTESIAN_POINT('',(145.91986041794,0.488497939637));
#8893 = CARTESIAN_POINT('',(146.14829775889,0.488531255915));
#8894 = CARTESIAN_POINT('',(146.37673861107,0.488565078585));
#8895 = CARTESIAN_POINT('',(146.60518311488,0.488599413917));
#8896 = CARTESIAN_POINT('',(146.83363139419,0.488634268156));
#8897 = CARTESIAN_POINT('',(147.06208355635,0.488669647522));
#8898 = CARTESIAN_POINT('',(147.2905396922,0.488705558211));
#8899 = CARTESIAN_POINT('',(147.94998675496,0.488810766248));
#8900 = CARTESIAN_POINT('',(148.38098900212,0.488881432139));
#8901 = CARTESIAN_POINT('',(148.8120034526,0.488954064658));
#8902 = CARTESIAN_POINT('',(149.24303152649,0.489028765189));
#8903 = CARTESIAN_POINT('',(149.67406110023,0.489105584599));
#8904 = CARTESIAN_POINT('',(150.10510293574,0.489184618069));
#8905 = CARTESIAN_POINT('',(150.53613771988,0.489265932027));
#8906 = CARTESIAN_POINT('',(151.29214455313,0.489412685365));
#8907 = CARTESIAN_POINT('',(151.61711478197,0.489477108024));
#8908 = CARTESIAN_POINT('',(151.94208666976,0.489542897154));
#8909 = CARTESIAN_POINT('',(152.26705903633,0.489610098876));
#8910 = CARTESIAN_POINT('',(152.59203499978,0.489678718636));
#8911 = CARTESIAN_POINT('',(152.91701117313,0.489748819042));
#8912 = CARTESIAN_POINT('',(153.24199073371,0.489820401485));
#8913 = CARTESIAN_POINT('',(153.80489209324,0.489947043618));
#8914 = CARTESIAN_POINT('',(154.04281289649,0.490001396466));
#8915 = CARTESIAN_POINT('',(154.28073230654,0.490056601073));
#8916 = CARTESIAN_POINT('',(154.51864764047,0.490112684697));
#8917 = CARTESIAN_POINT('',(154.75655804453,0.490169673846));
#8918 = CARTESIAN_POINT('',(154.99446129871,0.490227595338));
#8919 = CARTESIAN_POINT('',(155.23235292586,0.490286476602));
#8920 = CARTESIAN_POINT('',(155.83923512357,0.490439204942));
#8921 = CARTESIAN_POINT('',(156.20821150307,0.490534436853));
#8922 = CARTESIAN_POINT('',(156.57716438426,0.490632134809));
#8923 = CARTESIAN_POINT('',(156.94609207898,0.490732394128));
#8924 = CARTESIAN_POINT('',(157.31499213946,0.490835308733));
#8925 = CARTESIAN_POINT('',(157.6838613583,0.490940971147));
#8926 = CARTESIAN_POINT('',(158.05269576844,0.491049472499));
#8927 = CARTESIAN_POINT('',(158.60598637794,0.491216647317));
#8928 = CARTESIAN_POINT('',(158.79047247799,0.491273126405));
#8929 = CARTESIAN_POINT('',(158.9749434822,0.491330367762));
#8930 = CARTESIAN_POINT('',(159.15940759167,0.491388393869));
#8931 = CARTESIAN_POINT('',(159.34383903087,0.491447240163));
#8932 = CARTESIAN_POINT('',(159.52826490545,0.491506921566));
#8933 = CARTESIAN_POINT('',(159.71266851872,0.491567469397));
#8934 = CARTESIAN_POINT('',(160.08154488614,0.491690376183));
#8935 = CARTESIAN_POINT('',(160.2660161728,0.491752736594));
#8936 = CARTESIAN_POINT('',(160.45046987842,0.491816011952));
#8937 = CARTESIAN_POINT('',(160.63490563864,0.491880226746));
#8938 = CARTESIAN_POINT('',(160.8193229483,0.491945405138));
#8939 = CARTESIAN_POINT('',(161.00372116144,0.492011570965));
#8940 = CARTESIAN_POINT('',(161.18809949134,0.492078747736));
#8941 = CARTESIAN_POINT('',(161.46724429032,0.492182029166));
#8942 = CARTESIAN_POINT('',(161.55349672254,0.492214216861));
#8943 = CARTESIAN_POINT('',(161.6376927857,0.492245838437));
#8944 = CARTESIAN_POINT('',(161.72375324523,0.492278364981));
#8945 = CARTESIAN_POINT('',(161.81304233856,0.492312360257));
#8946 = CARTESIAN_POINT('',(161.90436896015,0.492347419007));
#8947 = CARTESIAN_POINT('',(161.99398784663,0.492382105255));
#8948 = CARTESIAN_POINT('',(162.16315901041,0.492447991577));
#8949 = CARTESIAN_POINT('',(162.23970109697,0.49247805061));
#8950 = CARTESIAN_POINT('',(162.31367754277,0.492507259261));
#8951 = CARTESIAN_POINT('',(162.39023765451,0.492537648153));
#8952 = CARTESIAN_POINT('',(162.47122914711,0.492570010585));
#8953 = CARTESIAN_POINT('',(162.55519776642,0.492603826147));
#8954 = CARTESIAN_POINT('',(162.63738691202,0.492637184324));
#8955 = CARTESIAN_POINT('',(162.99196767904,0.492781878599));
#8956 = CARTESIAN_POINT('',(163.27412922941,0.492899802525));
#8957 = CARTESIAN_POINT('',(163.55619822916,0.493020775617));
#8958 = CARTESIAN_POINT('',(163.83814744267,0.493145088925));
#8959 = CARTESIAN_POINT('',(164.11994606626,0.4932730281));
#8960 = CARTESIAN_POINT('',(164.40155971382,0.493404872698));
#8961 = CARTESIAN_POINT('',(164.68295040246,0.493540895471));
#8962 = CARTESIAN_POINT('',(165.03395077903,0.493716274694));
#8963 = CARTESIAN_POINT('',(165.10380864469,0.493751462212));
#8964 = CARTESIAN_POINT('',(165.1736494867,0.493786928278));
#8965 = CARTESIAN_POINT('',(165.24347263987,0.493822676926));
#8966 = CARTESIAN_POINT('',(165.31327742224,0.493858712157));
#8967 = CARTESIAN_POINT('',(165.38306313513,0.493895037935));
#8968 = CARTESIAN_POINT('',(165.45282906307,0.493931658195));
#8969 = CARTESIAN_POINT('',(165.62875959857,0.494024785554));
#8970 = CARTESIAN_POINT('',(165.73578786757,0.494082147503));
#8971 = CARTESIAN_POINT('',(165.84208095111,0.494139913227));
#8972 = CARTESIAN_POINT('',(165.94699946409,0.494197575646));
#8973 = CARTESIAN_POINT('',(166.05070277502,0.494255421522));
#8974 = CARTESIAN_POINT('',(166.15435472537,0.49431377002));
#8975 = CARTESIAN_POINT('',(166.25988754177,0.494373992894));
#8976 = CARTESIAN_POINT('',(166.47205318243,0.494496823928));
#8977 = CARTESIAN_POINT('',(166.57684011174,0.494558251083));
#8978 = CARTESIAN_POINT('',(166.68294768922,0.494621314912));
#8979 = CARTESIAN_POINT('',(166.78925566414,0.494685419347));
#8980 = CARTESIAN_POINT('',(166.89511882197,0.494750203068));
#8981 = CARTESIAN_POINT('',(167.00036510447,0.494815566679));
#8982 = CARTESIAN_POINT('',(167.10529338173,0.494881709208));
#8983 = CARTESIAN_POINT('',(167.29824170137,0.495005238373));
#8984 = CARTESIAN_POINT('',(167.38600230174,0.495062138799));
#8985 = CARTESIAN_POINT('',(167.47393558005,0.495119889928));
#8986 = CARTESIAN_POINT('',(167.56199198024,0.495178485762));
#8987 = CARTESIAN_POINT('',(167.6500889021,0.495237896072));
#8988 = CARTESIAN_POINT('',(167.73811011566,0.495298062893));
#8989 = CARTESIAN_POINT('',(167.82590517566,0.49535889702));
#8990 = CARTESIAN_POINT('',(167.98394419641,0.495469899765));
#8991 = CARTESIAN_POINT('',(168.05455380501,0.495520043418));
#8992 = CARTESIAN_POINT('',(168.12512079964,0.49557070972));
#8993 = CARTESIAN_POINT('',(168.19564871216,0.495621901747));
#8994 = CARTESIAN_POINT('',(168.26614146839,0.495673621386));
#8995 = CARTESIAN_POINT('',(168.33660338814,0.495725869338));
#8996 = CARTESIAN_POINT('',(168.40703918516,0.495778645119));
#8997 = CARTESIAN_POINT('',(168.47745396718,0.495831947059));
#8998 = CARTESIAN_POINT('',(168.59841786538,0.495923540974));
#8999 = CARTESIAN_POINT('',(168.70887403532,0.496008585684));
#9000 = CARTESIAN_POINT('',(168.81317062691,0.496090741284));
#9001 = CARTESIAN_POINT('',(168.91527194276,0.496170923605));
#9002 = CARTESIAN_POINT('',(169.01682531747,0.496252901892));
#9003 = CARTESIAN_POINT('',(169.11946465087,0.496336796417));
#9004 = CARTESIAN_POINT('',(169.2232235678,0.496423696738));
#9005 = CARTESIAN_POINT('',(169.43364781163,0.496604311574));
#9006 = CARTESIAN_POINT('',(169.53951029031,0.496697562635));
#9007 = CARTESIAN_POINT('',(169.64519513253,0.49679287388));
#9008 = CARTESIAN_POINT('',(169.74993395626,0.496891156197));
#9009 = CARTESIAN_POINT('',(169.85491391963,0.49699136875));
#9010 = CARTESIAN_POINT('',(169.9582755769,0.497095468867));
#9011 = CARTESIAN_POINT('',(170.0614356557,0.497202248381));
#9012 = CARTESIAN_POINT('',(170.16386964863,0.497312292223));
#9013 = CARTESIAN_POINT('',(170.22658640815,0.497379648663));
#9014 = CARTESIAN_POINT('',(170.28907848751,0.497448181749));
#9015 = CARTESIAN_POINT('',(170.35135435454,0.497517906566));
#9016 = CARTESIAN_POINT('',(170.41342326563,0.4975888307));
#9017 = CARTESIAN_POINT('',(170.47529526575,0.49766095423));
#9018 = CARTESIAN_POINT('',(170.53698118848,0.497734269737));
#9019 = CARTESIAN_POINT('',(170.59849265597,0.497808762298));
#9020 = CARTESIAN_POINT('',(170.74910167516,0.497994464911));
#9021 = CARTESIAN_POINT('',(170.83804214291,0.498107007718));
#9022 = CARTESIAN_POINT('',(170.92668486131,0.498221857398));
#9023 = CARTESIAN_POINT('',(171.01499447383,0.498338802871));
#9024 = CARTESIAN_POINT('',(171.1029205061,0.498457645172));
#9025 = CARTESIAN_POINT('',(171.19040226395,0.498578239747));
#9026 = CARTESIAN_POINT('',(171.27733701169,0.498700538379));
#9027 = CARTESIAN_POINT('',(171.36351143047,0.498824630723));
#9028 = CARTESIAN_POINT('',(171.45524394331,0.498958741883));
#9029 = CARTESIAN_POINT('',(171.54664234849,0.499084179182));
#9030 = CARTESIAN_POINT('',(171.62519076061,0.49922287458));
#9031 = CARTESIAN_POINT('',(171.72093600091,0.49935147359));
#9032 = CARTESIAN_POINT('',(171.8097035839,0.499495294327));
#9033 = CARTESIAN_POINT('',(171.88395997247,0.4996575855));
#9034 = CARTESIAN_POINT('',(171.98447458793,0.499788724915));
#9035 = CARTESIAN_POINT('',(171.98593506169,0.5));
#9036 = CARTESIAN_POINT('',(171.98060395907,0.500144475399));
#9037 = CARTESIAN_POINT('',(171.93868958336,0.500267386875));
#9038 = CARTESIAN_POINT('',(171.87877890567,0.500377141368));
#9039 = CARTESIAN_POINT('',(171.81385582465,0.500480018613));
#9040 = CARTESIAN_POINT('',(171.75130116654,0.50058017114));
#9041 = CARTESIAN_POINT('',(171.69289268509,0.50067962427));
#9042 = CARTESIAN_POINT('',(171.63480506165,0.500778276122));
#9043 = CARTESIAN_POINT('',(171.56760990511,0.500873897606));
#9044 = CARTESIAN_POINT('',(171.5163100607,0.500951811232));
#9045 = CARTESIAN_POINT('',(171.46465062485,0.501028888852));
#9046 = CARTESIAN_POINT('',(171.41267007982,0.501105219597));
#9047 = CARTESIAN_POINT('',(171.360402811,0.501180867522));
#9048 = CARTESIAN_POINT('',(171.30787910687,0.501255871609));
#9049 = CARTESIAN_POINT('',(171.25512515906,0.501330245767));
#9050 = CARTESIAN_POINT('',(171.20216306229,0.50140397883));
#9051 = CARTESIAN_POINT('',(171.06533022255,0.501592076738));
#9052 = CARTESIAN_POINT('',(170.97589054779,0.501712762108));
#9053 = CARTESIAN_POINT('',(170.88520208688,0.501832460582));
#9054 = CARTESIAN_POINT('',(170.79612938062,0.501947294275));
#9055 = CARTESIAN_POINT('',(170.70969320704,0.50205613746));
#9056 = CARTESIAN_POINT('',(170.62496004709,0.502160402708));
#9057 = CARTESIAN_POINT('',(170.53901902245,0.502263613164));
#9058 = CARTESIAN_POINT('',(170.3603738577,0.502471714945));
#9059 = CARTESIAN_POINT('',(170.27334912344,0.50257035293));
#9060 = CARTESIAN_POINT('',(170.18587856332,0.50266660143));
#9061 = CARTESIAN_POINT('',(170.09799480203,0.502760526655));
#9062 = CARTESIAN_POINT('',(170.00968661195,0.50285217678));
#9063 = CARTESIAN_POINT('',(169.9208645138,0.50294154742));
#9064 = CARTESIAN_POINT('',(169.83146199517,0.503028670381));
#9065 = CARTESIAN_POINT('',(169.64643129677,0.503204141718));
#9066 = CARTESIAN_POINT('',(169.5515045061,0.503291460651));
#9067 = CARTESIAN_POINT('',(169.45672034967,0.503376283305));
#9068 = CARTESIAN_POINT('',(169.36195381572,0.503458990389));
#9069 = CARTESIAN_POINT('',(169.26713416451,0.503539871934));
#9070 = CARTESIAN_POINT('',(169.17225010284,0.50361914853));
#9071 = CARTESIAN_POINT('',(169.07735247421,0.503696984323));
#9072 = CARTESIAN_POINT('',(168.98255446467,0.503773491761));
#9073 = CARTESIAN_POINT('',(168.88430899584,0.503852806434));
#9074 = CARTESIAN_POINT('',(168.78593350348,0.503930746878));
#9075 = CARTESIAN_POINT('',(168.68759862328,0.504007826311));
#9076 = CARTESIAN_POINT('',(168.58924829238,0.504083901357));
#9077 = CARTESIAN_POINT('',(168.49084922785,0.50415890116));
#9078 = CARTESIAN_POINT('',(168.39240957819,0.504232880003));
#9079 = CARTESIAN_POINT('',(168.29391812291,0.504305838634));
#9080 = CARTESIAN_POINT('',(168.10392768735,0.504444474552));
#9081 = CARTESIAN_POINT('',(168.01747154863,0.504506643657));
#9082 = CARTESIAN_POINT('',(167.93198590077,0.504567330887));
#9083 = CARTESIAN_POINT('',(167.84510933712,0.504628225536));
#9084 = CARTESIAN_POINT('',(167.75609933523,0.5046897715));
#9085 = CARTESIAN_POINT('',(167.66582655228,0.504751292483));
#9086 = CARTESIAN_POINT('',(167.5767842033,0.504811113016));
#9087 = CARTESIAN_POINT('',(167.36169941494,0.504953938818));
#9088 = CARTESIAN_POINT('',(167.23016982203,0.50503955929));
#9089 = CARTESIAN_POINT('',(167.09853376793,0.505123593763));
#9090 = CARTESIAN_POINT('',(166.966800554,0.505206101473));
#9091 = CARTESIAN_POINT('',(166.83497875848,0.505287143847));
#9092 = CARTESIAN_POINT('',(166.70307623651,0.505366784505));
#9093 = CARTESIAN_POINT('',(166.57110012012,0.505445089258));
#9094 = CARTESIAN_POINT('',(166.37710550768,0.505558271152));
#9095 = CARTESIAN_POINT('',(166.31513881476,0.50559413431));
#9096 = CARTESIAN_POINT('',(166.25315806883,0.505629725561));
#9097 = CARTESIAN_POINT('',(166.19116421288,0.50566505336));
#9098 = CARTESIAN_POINT('',(166.12915780363,0.505700124629));
#9099 = CARTESIAN_POINT('',(166.06713901151,0.505734944762));
#9100 = CARTESIAN_POINT('',(166.00510762061,0.505769517625));
#9101 = CARTESIAN_POINT('',(165.87332949287,0.505842425499));
#9102 = CARTESIAN_POINT('',(165.80357977032,0.505880694017));
#9103 = CARTESIAN_POINT('',(165.73381164705,0.505918652883));
#9104 = CARTESIAN_POINT('',(165.66402356323,0.505956304366));
#9105 = CARTESIAN_POINT('',(165.59421461323,0.505993651231));
#9106 = CARTESIAN_POINT('',(165.52438454562,0.506030696738));
#9107 = CARTESIAN_POINT('',(165.45453376319,0.506067444638));
#9108 = CARTESIAN_POINT('',(165.13025796745,0.506236634586));
#9109 = CARTESIAN_POINT('',(164.87559439558,0.506365480977));
#9110 = CARTESIAN_POINT('',(164.62070669294,0.506490629618));
#9111 = CARTESIAN_POINT('',(164.36562631646,0.506612277559));
#9112 = CARTESIAN_POINT('',(164.11038209267,0.506730627093));
#9113 = CARTESIAN_POINT('',(163.85500021602,0.506845885222));
#9114 = CARTESIAN_POINT('',(163.59950424712,0.506958263116));
#9115 = CARTESIAN_POINT('',(163.24705638693,0.507109552586));
#9116 = CARTESIAN_POINT('',(163.15094320282,0.507150420653));
#9117 = CARTESIAN_POINT('',(163.05463414699,0.507191007697));
#9118 = CARTESIAN_POINT('',(162.95768254073,0.507231505596));
#9119 = CARTESIAN_POINT('',(162.86013710529,0.507271892033));
#9120 = CARTESIAN_POINT('',(162.76254228672,0.507311947476));
#9121 = CARTESIAN_POINT('',(162.66593823865,0.507351267267));
#9122 = CARTESIAN_POINT('',(162.22916170006,0.507527695947));
#9123 = CARTESIAN_POINT('',(161.88636999823,0.507662167077));
#9124 = CARTESIAN_POINT('',(161.54349523695,0.507792821343));
#9125 = CARTESIAN_POINT('',(161.20054554266,0.50791980224));
#9126 = CARTESIAN_POINT('',(160.85752728878,0.50804325765));
#9127 = CARTESIAN_POINT('',(160.51444509575,0.508163339848));
#9128 = CARTESIAN_POINT('',(160.171301831,0.508280205498));
#9129 = CARTESIAN_POINT('',(159.65232511634,0.508452303916));
#9130 = CARTESIAN_POINT('',(159.47653701265,0.508509790869));
#9131 = CARTESIAN_POINT('',(159.3007292757,0.508566496046));
#9132 = CARTESIAN_POINT('',(159.1249159187,0.508622446432));
#9133 = CARTESIAN_POINT('',(158.94907226262,0.508677654571));
#9134 = CARTESIAN_POINT('',(158.77322438412,0.50873215256));
#9135 = CARTESIAN_POINT('',(158.5973616875,0.508785958567));
#9136 = CARTESIAN_POINT('',(158.24568923606,0.508892215195));
#9137 = CARTESIAN_POINT('',(158.06987883334,0.508944667459));
#9138 = CARTESIAN_POINT('',(157.89405995409,0.508996463966));
#9139 = CARTESIAN_POINT('',(157.71823307602,0.509047614488));
#9140 = CARTESIAN_POINT('',(157.5423986355,0.50909812888));
#9141 = CARTESIAN_POINT('',(157.36655702758,0.509148017073));
#9142 = CARTESIAN_POINT('',(157.19070860593,0.509197289081));
#9143 = CARTESIAN_POINT('',(156.85627422905,0.509289840114));
#9144 = CARTESIAN_POINT('',(156.69768949051,0.509333232366));
#9145 = CARTESIAN_POINT('',(156.53909969679,0.509376139152));
#9146 = CARTESIAN_POINT('',(156.3805050524,0.509418567915));
#9147 = CARTESIAN_POINT('',(156.22190573687,0.509460526145));
#9148 = CARTESIAN_POINT('',(156.06330190477,0.509502021373));
#9149 = CARTESIAN_POINT('',(155.90469368568,0.509543061175));
#9150 = CARTESIAN_POINT('',(155.59696811819,0.509621814104));
#9151 = CARTESIAN_POINT('',(155.44785102752,0.509659579182));
#9152 = CARTESIAN_POINT('',(155.29873063135,0.509696954934));
#9153 = CARTESIAN_POINT('',(155.14960651351,0.509733947562));
#9154 = CARTESIAN_POINT('',(155.00047842724,0.509770563358));
#9155 = CARTESIAN_POINT('',(154.85134682521,0.509806808871));
#9156 = CARTESIAN_POINT('',(154.70221261489,0.509842690822));
#9157 = CARTESIAN_POINT('',(154.41257690975,0.509911683272));
#9158 = CARTESIAN_POINT('',(154.27207567577,0.509944833927));
#9159 = CARTESIAN_POINT('',(154.13157284827,0.50997767325));
#9160 = CARTESIAN_POINT('',(153.99106882832,0.510010206774));
#9161 = CARTESIAN_POINT('',(153.85056400696,0.510042440048));
#9162 = CARTESIAN_POINT('',(153.71005876517,0.51007437863));
#9163 = CARTESIAN_POINT('',(153.56955347391,0.510106028093));
#9164 = CARTESIAN_POINT('',(153.16527324323,0.510196278424));
#9165 = CARTESIAN_POINT('',(152.90149921573,0.510254164622));
#9166 = CARTESIAN_POINT('',(152.63772649281,0.510311068787));
#9167 = CARTESIAN_POINT('',(152.37395508493,0.510367007216));
#9168 = CARTESIAN_POINT('',(152.11018493175,0.510421996328));
#9169 = CARTESIAN_POINT('',(151.84641590218,0.510476052671));
#9170 = CARTESIAN_POINT('',(151.58264779429,0.510529192916));
#9171 = CARTESIAN_POINT('',(151.09044014906,0.510626677988));
#9172 = CARTESIAN_POINT('',(150.86200041901,0.510671247558));
#9173 = CARTESIAN_POINT('',(150.63356130102,0.510715153549));
#9174 = CARTESIAN_POINT('',(150.40512184353,0.510758406751));
#9175 = CARTESIAN_POINT('',(150.17668184844,0.510801018202));
#9176 = CARTESIAN_POINT('',(149.94824234871,0.510842999288));
#9177 = CARTESIAN_POINT('',(149.7198047026,0.510884361519));
#9178 = CARTESIAN_POINT('',(149.28878004096,0.510961258986));
#9179 = CARTESIAN_POINT('',(149.08619308662,0.51099692406));
#9180 = CARTESIAN_POINT('',(148.88360777687,0.511032119099));
#9181 = CARTESIAN_POINT('',(148.68102443084,0.511066852033));
#9182 = CARTESIAN_POINT('',(148.47844335164,0.511101130812));
#9183 = CARTESIAN_POINT('',(148.27586482634,0.511134963406));
#9184 = CARTESIAN_POINT('',(148.07328912599,0.511168357806));
#9185 = CARTESIAN_POINT('',(147.51896227122,0.511258561694));
#9186 = CARTESIAN_POINT('',(147.16721751485,0.511314508835));
#9187 = CARTESIAN_POINT('',(146.81548294173,0.511369189374));
#9188 = CARTESIAN_POINT('',(146.46375689956,0.511422622749));
#9189 = CARTESIAN_POINT('',(146.11203996582,0.511474832609));
#9190 = CARTESIAN_POINT('',(145.76033207188,0.511525843285));
#9191 = CARTESIAN_POINT('',(145.40863056878,0.511575675382));
#9192 = CARTESIAN_POINT('',(144.52063586381,0.511698584472));
#9193 = CARTESIAN_POINT('',(143.98435338895,0.511770129045));
#9194 = CARTESIAN_POINT('',(143.44809363753,0.511839082272));
#9195 = CARTESIAN_POINT('',(142.91185639401,0.511905494142));
#9196 = CARTESIAN_POINT('',(142.37564828554,0.511969514077));
#9197 = CARTESIAN_POINT('',(141.83946384601,0.512031129764));
#9198 = CARTESIAN_POINT('',(141.3033120691,0.512090534181));
#9199 = CARTESIAN_POINT('',(140.2308613934,0.512204921682));
#9200 = CARTESIAN_POINT('',(139.69456432082,0.512259914187));
#9201 = CARTESIAN_POINT('',(139.15828997048,0.51231274337));
#9202 = CARTESIAN_POINT('',(138.62204311868,0.512363460315));
#9203 = CARTESIAN_POINT('',(138.08582405363,0.512412115646));
#9204 = CARTESIAN_POINT('',(137.54963134368,0.512458759957));
#9205 = CARTESIAN_POINT('',(137.01346726571,0.512503444661));
#9206 = CARTESIAN_POINT('',(136.13416562644,0.512573600705));
#9207 = CARTESIAN_POINT('',(135.79101191954,0.512600198267));
#9208 = CARTESIAN_POINT('',(135.44786965109,0.512626028377));
#9209 = CARTESIAN_POINT('',(135.10473882032,0.512651102666));
#9210 = CARTESIAN_POINT('',(134.76161944311,0.512675434782));
#9211 = CARTESIAN_POINT('',(134.41851149722,0.512699040677));
#9212 = CARTESIAN_POINT('',(134.0754148251,0.512721933944));
#9213 = CARTESIAN_POINT('',(133.12526476914,0.51278336694));
#9214 = CARTESIAN_POINT('',(132.51823522379,0.512820399564));
#9215 = CARTESIAN_POINT('',(131.9112404643,0.512855263033));
#9216 = CARTESIAN_POINT('',(131.30428044037,0.512888006442));
#9217 = CARTESIAN_POINT('',(130.69735494537,0.512918679044));
#9218 = CARTESIAN_POINT('',(130.09046361638,0.512947330252));
#9219 = CARTESIAN_POINT('',(129.48360593413,0.512974009641));
#9220 = CARTESIAN_POINT('',(128.42840284528,0.513017059562));
#9221 = CARTESIAN_POINT('',(127.98004274021,0.513034304606));
#9222 = CARTESIAN_POINT('',(127.53169999938,0.51305051706));
#9223 = CARTESIAN_POINT('',(127.08337439434,0.513065720747));
#9224 = CARTESIAN_POINT('',(126.63506683033,0.513079940804));
#9225 = CARTESIAN_POINT('',(126.18677746574,0.513093191085));
#9226 = CARTESIAN_POINT('',(125.73850489987,0.5131054745));
#9227 = CARTESIAN_POINT('',(124.6038377936,0.513134178165));
#9228 = CARTESIAN_POINT('',(123.91746581829,0.513149322559));
#9229 = CARTESIAN_POINT('',(123.23113473993,0.513162297958));
#9230 = CARTESIAN_POINT('',(122.54483957073,0.513173154537));
#9231 = CARTESIAN_POINT('',(121.85858628587,0.513181943424));
#9232 = CARTESIAN_POINT('',(121.17236555502,0.51318871473));
#9233 = CARTESIAN_POINT('',(120.48618166923,0.513193519718));
#9234 = CARTESIAN_POINT('',(119.12568115537,0.513199248904));
#9235 = CARTESIAN_POINT('',(118.45136346041,0.513200238999));
#9236 = CARTESIAN_POINT('',(117.77708022392,0.513199433154));
#9237 = CARTESIAN_POINT('',(117.10283009958,0.513196852736));
#9238 = CARTESIAN_POINT('',(116.42861229251,0.513192535943));
#9239 = CARTESIAN_POINT('',(115.75442607558,0.513186524945));
#9240 = CARTESIAN_POINT('',(115.08027005996,0.513178846515));
#9241 = CARTESIAN_POINT('',(113.73352865429,0.513160257685));
#9242 = CARTESIAN_POINT('',(113.0609430028,0.513149349718));
#9243 = CARTESIAN_POINT('',(112.38838630287,0.513136865175));
#9244 = CARTESIAN_POINT('',(111.7158574966,0.513122819269));
#9245 = CARTESIAN_POINT('',(111.04335647056,0.513107261584));
#9246 = CARTESIAN_POINT('',(110.37088295774,0.513090238354));
#9247 = CARTESIAN_POINT('',(109.69843545453,0.513071755507));
#9248 = CARTESIAN_POINT('',(108.51726708263,0.513036785628));
#9249 = CARTESIAN_POINT('',(108.00853553574,0.513020907156));
#9250 = CARTESIAN_POINT('',(107.49981792516,0.513004223864));
#9251 = CARTESIAN_POINT('',(106.99111382437,0.512986747371));
#9252 = CARTESIAN_POINT('',(106.48242295778,0.512968489311));
#9253 = CARTESIAN_POINT('',(105.97374512319,0.512949461336));
#9254 = CARTESIAN_POINT('',(105.46508011442,0.512929675103));
#9255 = CARTESIAN_POINT('',(104.1976006118,0.512878509821));
#9256 = CARTESIAN_POINT('',(103.43880156032,0.512846220748));
#9257 = CARTESIAN_POINT('',(102.68002934967,0.512812295624));
#9258 = CARTESIAN_POINT('',(101.92128332532,0.51277680158));
#9259 = CARTESIAN_POINT('',(101.16256254385,0.512739765216));
#9260 = CARTESIAN_POINT('',(100.40386546313,0.512701200505));
#9261 = CARTESIAN_POINT('',(99.645190429201,0.5126611502));
#9262 = CARTESIAN_POINT('',(98.119107655751,0.512577648343));
#9263 = CARTESIAN_POINT('',(97.351700237472,0.51253416266));
#9264 = CARTESIAN_POINT('',(96.584314191486,0.512489215936));
#9265 = CARTESIAN_POINT('',(95.816948579911,0.512442836817));
#9266 = CARTESIAN_POINT('',(95.049602443125,0.512395055512));
#9267 = CARTESIAN_POINT('',(94.282274815714,0.512345905302));
#9268 = CARTESIAN_POINT('',(93.514964688079,0.512295418884));
#9269 = CARTESIAN_POINT('',(91.868160176199,0.512184244116));
#9270 = CARTESIAN_POINT('',(90.988670920234,0.512123142268));
#9271 = CARTESIAN_POINT('',(90.109201941812,0.512060350188));
#9272 = CARTESIAN_POINT('',(89.22975199573,0.511995904078));
#9273 = CARTESIAN_POINT('',(88.350319795557,0.511929840158));
#9274 = CARTESIAN_POINT('',(87.470904013638,0.51186219466));
#9275 = CARTESIAN_POINT('',(86.591503281089,0.511793003836));
#9276 = CARTESIAN_POINT('',(85.056820815137,0.511669619863));
#9277 = CARTESIAN_POINT('',(84.401532968445,0.511616099195));
#9278 = CARTESIAN_POINT('',(83.746252192381,0.511561755618));
#9279 = CARTESIAN_POINT('',(83.090978029825,0.511506601209));
#9280 = CARTESIAN_POINT('',(82.435710019141,0.511450647143));
#9281 = CARTESIAN_POINT('',(81.780447691444,0.511393904373));
#9282 = CARTESIAN_POINT('',(81.125190567854,0.511336384327));
#9283 = CARTESIAN_POINT('',(79.478381343556,0.511189900927));
#9284 = CARTESIAN_POINT('',(78.486835231055,0.511099944965));
#9285 = CARTESIAN_POINT('',(77.495298713062,0.511008293482));
#9286 = CARTESIAN_POINT('',(76.50376845718,0.510914934936));
#9287 = CARTESIAN_POINT('',(75.512245008063,0.510819984935));
#9288 = CARTESIAN_POINT('',(74.520725578105,0.510723424804));
#9289 = CARTESIAN_POINT('',(73.529209518455,0.510625296053));
#9290 = CARTESIAN_POINT('',(71.537546432854,0.510425095605));
#9291 = CARTESIAN_POINT('',(70.537399678007,0.510322992665));
#9292 = CARTESIAN_POINT('',(69.537252829856,0.510219363744));
#9293 = CARTESIAN_POINT('',(68.537104970181,0.510114219741));
#9294 = CARTESIAN_POINT('',(67.536954677988,0.510007605298));
#9295 = CARTESIAN_POINT('',(66.536800440863,0.509899562045));
#9296 = CARTESIAN_POINT('',(65.536641300733,0.509790092115));
#9297 = CARTESIAN_POINT('',(63.657053849079,0.50958174181));
#9298 = CARTESIAN_POINT('',(62.77762696956,0.509483176683));
#9299 = CARTESIAN_POINT('',(61.898194413646,0.509383546972));
#9300 = CARTESIAN_POINT('',(61.018755504887,0.509282865493));
#9301 = CARTESIAN_POINT('',(60.139309537083,0.50918114664));
#9302 = CARTESIAN_POINT('',(59.25985568481,0.509078407726));
#9303 = CARTESIAN_POINT('',(58.380393108997,0.508974665266));
#9304 = CARTESIAN_POINT('',(56.845668916317,0.508791890111));
#9305 = CARTESIAN_POINT('',(56.190411417497,0.50871330086));
#9306 = CARTESIAN_POINT('',(55.535148483676,0.508634162555));
#9307 = CARTESIAN_POINT('',(54.879879851832,0.508554479278));
#9308 = CARTESIAN_POINT('',(54.224605266891,0.508474255117));
#9309 = CARTESIAN_POINT('',(53.569324475279,0.508393494164));
#9310 = CARTESIAN_POINT('',(52.914037218464,0.508312200503));
#9311 = CARTESIAN_POINT('',(51.267272477998,0.50810658025));
#9312 = CARTESIAN_POINT('',(50.275786425418,0.507981568879));
#9313 = CARTESIAN_POINT('',(49.284283826976,0.507855369535));
#9314 = CARTESIAN_POINT('',(48.292764129223,0.50772798386));
#9315 = CARTESIAN_POINT('',(47.301226669167,0.50759941799));
#9316 = CARTESIAN_POINT('',(46.309670657073,0.507469682267));
#9317 = CARTESIAN_POINT('',(45.318095390888,0.507338783189));
#9318 = CARTESIAN_POINT('',(43.335044165781,0.507074692398));
#9319 = CARTESIAN_POINT('',(42.343568269724,0.506941499314));
#9320 = CARTESIAN_POINT('',(41.35207153182,0.50680716352));
#9321 = CARTESIAN_POINT('',(40.360553439015,0.506671685415));
#9322 = CARTESIAN_POINT('',(39.369013530414,0.506535063676));
#9323 = CARTESIAN_POINT('',(38.377451233727,0.506397300696));
#9324 = CARTESIAN_POINT('',(37.385865906184,0.506258401196));
#9325 = CARTESIAN_POINT('',(35.256266294693,0.505957654574));
#9326 = CARTESIAN_POINT('',(34.118244471646,0.50579544822));
#9327 = CARTESIAN_POINT('',(32.980190692464,0.50563175181));
#9328 = CARTESIAN_POINT('',(31.842104293548,0.505466553816));
#9329 = CARTESIAN_POINT('',(30.703984902647,0.505299848494));
#9330 = CARTESIAN_POINT('',(29.565831914437,0.505131634526));
#9331 = CARTESIAN_POINT('',(28.427644288392,0.504961906291));
#9332 = CARTESIAN_POINT('',(26.151442956423,0.5046194421));
#9333 = CARTESIAN_POINT('',(25.013429342509,0.50444670358));
#9334 = CARTESIAN_POINT('',(23.875380189056,0.504272433724));
#9335 = CARTESIAN_POINT('',(22.737295525136,0.504096609947));
#9336 = CARTESIAN_POINT('',(21.599174060689,0.503919231836));
#9337 = CARTESIAN_POINT('',(20.461015057205,0.503740291623));
#9338 = CARTESIAN_POINT('',(19.32281948643,0.503559752198));
#9339 = CARTESIAN_POINT('',(17.055235471252,0.503196884634));
#9340 = CARTESIAN_POINT('',(15.925847845985,0.503014576766));
#9341 = CARTESIAN_POINT('',(14.796422670213,0.502830673625));
#9342 = CARTESIAN_POINT('',(13.666959815988,0.502645150005));
#9343 = CARTESIAN_POINT('',(12.537459095195,0.50245798126));
#9344 = CARTESIAN_POINT('',(11.407920141619,0.502269148206));
#9345 = CARTESIAN_POINT('',(10.278342585959,0.502078631772));
#9346 = CARTESIAN_POINT('',(8.005275165508,0.501691808902));
#9347 = CARTESIAN_POINT('',(6.861784239656,0.501495463819));
#9348 = CARTESIAN_POINT('',(5.718253567488,0.501297334884));
#9349 = CARTESIAN_POINT('',(4.574683002464,0.501097393266));
#9350 = CARTESIAN_POINT('',(3.431072430279,0.500895608559));
#9351 = CARTESIAN_POINT('',(2.287421768868,0.500691948787));
#9352 = CARTESIAN_POINT('',(1.143730968401,0.500486380402));
#9353 = CARTESIAN_POINT('',(1.128668558423E-08,0.500278868281));
#9354 = ( GEOMETRIC_REPRESENTATION_CONTEXT(2) 
PARAMETRIC_REPRESENTATION_CONTEXT() REPRESENTATION_CONTEXT('2D SPACE',''
  ) );
#9355 = ORIENTED_EDGE('',*,*,#9356,.T.);
#9356 = EDGE_CURVE('',#7278,#9357,#9359,.T.);
#9357 = VERTEX_POINT('',#9358);
#9358 = CARTESIAN_POINT('',(1.505E+03,-0.1365,634.5));
#9359 = SURFACE_CURVE('',#9360,(#9363,#9370),.PCURVE_S1.);
#9360 = B_SPLINE_CURVE_WITH_KNOTS('',1,(#9361,#9362),.UNSPECIFIED.,.F.,
  .F.,(2,2),(0.,1.),.PIECEWISE_BEZIER_KNOTS.);
#9361 = CARTESIAN_POINT('',(1.505E+03,-0.1785,326.));
#9362 = CARTESIAN_POINT('',(1.505E+03,-0.1365,634.5));
#9363 = PCURVE('',#7131,#9364);
#9364 = DEFINITIONAL_REPRESENTATION('',(#9365),#9369);
#9365 = LINE('',#9366,#9367);
#9366 = CARTESIAN_POINT('',(344.85411166144,0.));
#9367 = VECTOR('',#9368,1.);
#9368 = DIRECTION('',(0.,1.));
#9369 = ( GEOMETRIC_REPRESENTATION_CONTEXT(2) 
PARAMETRIC_REPRESENTATION_CONTEXT() REPRESENTATION_CONTEXT('2D SPACE',''
  ) );
#9370 = PCURVE('',#7265,#9371);
#9371 = DEFINITIONAL_REPRESENTATION('',(#9372),#9376);
#9372 = LINE('',#9373,#9374);
#9373 = CARTESIAN_POINT('',(0.,0.));
#9374 = VECTOR('',#9375,1.);
#9375 = DIRECTION('',(0.,1.));
#9376 = ( GEOMETRIC_REPRESENTATION_CONTEXT(2) 
PARAMETRIC_REPRESENTATION_CONTEXT() REPRESENTATION_CONTEXT('2D SPACE',''
  ) );
#9377 = ORIENTED_EDGE('',*,*,#9378,.F.);
#9378 = EDGE_CURVE('',#7124,#9357,#9379,.T.);
#9379 = SURFACE_CURVE('',#9380,(#9444,#9450),.PCURVE_S1.);
#9380 = B_SPLINE_CURVE_WITH_KNOTS('',3,(#9381,#9382,#9383,#9384,#9385,
    #9386,#9387,#9388,#9389,#9390,#9391,#9392,#9393,#9394,#9395,#9396,
    #9397,#9398,#9399,#9400,#9401,#9402,#9403,#9404,#9405,#9406,#9407,
    #9408,#9409,#9410,#9411,#9412,#9413,#9414,#9415,#9416,#9417,#9418,
    #9419,#9420,#9421,#9422,#9423,#9424,#9425,#9426,#9427,#9428,#9429,
    #9430,#9431,#9432,#9433,#9434,#9435,#9436,#9437,#9438,#9439,#9440,
    #9441,#9442,#9443),.UNSPECIFIED.,.F.,.F.,(4,1,1,1,1,1,1,1,1,1,1,1,1,
    1,1,1,1,1,1,1,1,1,1,1,1,1,1,1,1,1,1,1,1,1,1,1,1,1,1,1,1,1,1,1,1,1,1,
    1,1,1,1,1,1,1,1,1,1,1,1,1,4),(0.,0.35849440387,1.429953510739,
    3.202361716455,5.655878478876,8.763104935621,12.489436970584,
    16.793490404742,21.627586077053,26.938286454494,32.666979775172,
    38.750511475935,45.121865083695,51.710895509332,58.445116581224,
    65.250541528214,72.052569947201,78.776908029355,85.350501785419,
    91.702457997413,97.764927609928,103.4739343251,108.77015004459,
    113.59965185191,117.9147507134,121.67508684318,124.84942948974,
    127.41930658845,129.38789492809,130.80633989542,131.85598387055,
    132.90562784567,134.324072813,136.29266115265,138.86253825135,
    142.03688089792,145.7972170277,150.11231588918,154.94181769651,
    160.23803341599,165.94704013117,172.00950974369,178.36146595568,
    184.93505971174,191.6593977939,198.46142621288,205.26685115987,
    212.00107223177,218.5901026574,224.96145626516,231.04498796593,
    236.7736812866,242.08438166405,246.91847733636,251.22253077052,
    254.94886280548,258.05608926222,260.50960602464,262.28201423036,
    263.35347333723,263.7119677411),.UNSPECIFIED.);
#9381 = CARTESIAN_POINT('',(1.505E+03,0.1365,634.5));
#9382 = CARTESIAN_POINT('',(1.50488131044E+03,0.150377772033,634.5));
#9383 = CARTESIAN_POINT('',(1.504407873664E+03,0.205640488321,634.5));
#9384 = CARTESIAN_POINT('',(1.503347522424E+03,0.328577866731,634.5));
#9385 = CARTESIAN_POINT('',(1.501593169863E+03,0.529280716323,634.5));
#9386 = CARTESIAN_POINT('',(1.499164020427E+03,0.801783560019,634.5));
#9387 = CARTESIAN_POINT('',(1.496086671264E+03,1.138323929813,634.5));
#9388 = CARTESIAN_POINT('',(1.492394824709E+03,1.529806793999,634.5));
#9389 = CARTESIAN_POINT('',(1.488128921767E+03,1.966251092557,634.5));
#9390 = CARTESIAN_POINT('',(1.483335699941E+03,2.437147731576,634.5));
#9391 = CARTESIAN_POINT('',(1.478067680141E+03,2.931680017248,634.5));
#9392 = CARTESIAN_POINT('',(1.472382588541E+03,3.438789213855,634.5));
#9393 = CARTESIAN_POINT('',(1.466342720223E+03,3.947104000508,634.5));
#9394 = CARTESIAN_POINT('',(1.460014252159E+03,4.444785975017,634.5));
#9395 = CARTESIAN_POINT('',(1.453466513682E+03,4.919367362546,634.5));
#9396 = CARTESIAN_POINT('',(1.446771223187E+03,5.357666591708,634.5));
#9397 = CARTESIAN_POINT('',(1.440001700184E+03,5.745859857409,634.5));
#9398 = CARTESIAN_POINT('',(1.433232062043E+03,6.069762691829,634.5));
#9399 = CARTESIAN_POINT('',(1.426536414313E+03,6.315338727254,634.5));
#9400 = CARTESIAN_POINT('',(1.419988043008E+03,6.469408721245,634.5));
#9401 = CARTESIAN_POINT('',(1.413658614205E+03,6.520491650101,634.5));
#9402 = CARTESIAN_POINT('',(1.407617390063E+03,6.459670186354,634.5));
#9403 = CARTESIAN_POINT('',(1.401930448118E+03,6.281373623857,634.5));
#9404 = CARTESIAN_POINT('',(1.396659955545E+03,5.983907293855,634.5));
#9405 = CARTESIAN_POINT('',(1.391863310813E+03,5.569804125245,634.5));
#9406 = CARTESIAN_POINT('',(1.387592704199E+03,5.045386546668,634.5));
#9407 = CARTESIAN_POINT('',(1.383893146873E+03,4.42132856103,634.5));
#9408 = CARTESIAN_POINT('',(1.380804384057E+03,3.708754548682,634.5));
#9409 = CARTESIAN_POINT('',(1.37834889504E+03,2.926853827787,634.5));
#9410 = CARTESIAN_POINT('',(1.37655009901E+03,2.074118449821,634.5));
#9411 = CARTESIAN_POINT('',(1.375351637206E+03,1.166358976216,634.5));
#9412 = CARTESIAN_POINT('',(1.374850453576E+03,-4.294835654255E-17,634.5
    ));
#9413 = CARTESIAN_POINT('',(1.375351637206E+03,-1.166358976216,634.5));
#9414 = CARTESIAN_POINT('',(1.37655009901E+03,-2.074118449821,634.5));
#9415 = CARTESIAN_POINT('',(1.37834889504E+03,-2.926853827787,634.5));
#9416 = CARTESIAN_POINT('',(1.380804384057E+03,-3.708754548682,634.5));
#9417 = CARTESIAN_POINT('',(1.383893146873E+03,-4.42132856103,634.5));
#9418 = CARTESIAN_POINT('',(1.387592704199E+03,-5.045386546668,634.5));
#9419 = CARTESIAN_POINT('',(1.391863310813E+03,-5.569804125245,634.5));
#9420 = CARTESIAN_POINT('',(1.396659955545E+03,-5.983907293855,634.5));
#9421 = CARTESIAN_POINT('',(1.401930448118E+03,-6.281373623857,634.5));
#9422 = CARTESIAN_POINT('',(1.407617390063E+03,-6.459670186354,634.5));
#9423 = CARTESIAN_POINT('',(1.413658614205E+03,-6.520491650101,634.5));
#9424 = CARTESIAN_POINT('',(1.419988043008E+03,-6.469408721245,634.5));
#9425 = CARTESIAN_POINT('',(1.426536414313E+03,-6.315338727254,634.5));
#9426 = CARTESIAN_POINT('',(1.433232062043E+03,-6.069762691829,634.5));
#9427 = CARTESIAN_POINT('',(1.440001700184E+03,-5.745859857409,634.5));
#9428 = CARTESIAN_POINT('',(1.446771223187E+03,-5.357666591708,634.5));
#9429 = CARTESIAN_POINT('',(1.453466513682E+03,-4.919367362546,634.5));
#9430 = CARTESIAN_POINT('',(1.460014252159E+03,-4.444785975017,634.5));
#9431 = CARTESIAN_POINT('',(1.466342720223E+03,-3.947104000508,634.5));
#9432 = CARTESIAN_POINT('',(1.472382588541E+03,-3.438789213855,634.5));
#9433 = CARTESIAN_POINT('',(1.478067680141E+03,-2.931680017248,634.5));
#9434 = CARTESIAN_POINT('',(1.483335699941E+03,-2.437147731576,634.5));
#9435 = CARTESIAN_POINT('',(1.488128921767E+03,-1.966251092557,634.5));
#9436 = CARTESIAN_POINT('',(1.492394824709E+03,-1.529806793999,634.5));
#9437 = CARTESIAN_POINT('',(1.496086671264E+03,-1.138323929813,634.5));
#9438 = CARTESIAN_POINT('',(1.499164020427E+03,-0.801783560019,634.5));
#9439 = CARTESIAN_POINT('',(1.501593169863E+03,-0.529280716323,634.5));
#9440 = CARTESIAN_POINT('',(1.503347522424E+03,-0.328577866731,634.5));
#9441 = CARTESIAN_POINT('',(1.504407873664E+03,-0.205640488321,634.5));
#9442 = CARTESIAN_POINT('',(1.50488131044E+03,-0.150377772033,634.5));
#9443 = CARTESIAN_POINT('',(1.505E+03,-0.1365,634.5));
#9444 = PCURVE('',#7131,#9445);
#9445 = DEFINITIONAL_REPRESENTATION('',(#9446),#9449);
#9446 = B_SPLINE_CURVE_WITH_KNOTS('',1,(#9447,#9448),.UNSPECIFIED.,.F.,
  .F.,(2,2),(0.,263.7119677411),.PIECEWISE_BEZIER_KNOTS.);
#9447 = CARTESIAN_POINT('',(0.,1.));
#9448 = CARTESIAN_POINT('',(344.85411166144,1.));
#9449 = ( GEOMETRIC_REPRESENTATION_CONTEXT(2) 
PARAMETRIC_REPRESENTATION_CONTEXT() REPRESENTATION_CONTEXT('2D SPACE',''
  ) );
#9450 = PCURVE('',#9451,#9456);
#9451 = PLANE('',#9452);
#9452 = AXIS2_PLACEMENT_3D('',#9453,#9454,#9455);
#9453 = CARTESIAN_POINT('',(1.505E+03,0.1365,634.5));
#9454 = DIRECTION('',(0.,0.,1.));
#9455 = DIRECTION('',(-0.99999944875,-1.049999421188E-03,0.));
#9456 = DEFINITIONAL_REPRESENTATION('',(#9457),#9521);
#9457 = B_SPLINE_CURVE_WITH_KNOTS('',3,(#9458,#9459,#9460,#9461,#9462,
    #9463,#9464,#9465,#9466,#9467,#9468,#9469,#9470,#9471,#9472,#9473,
    #9474,#9475,#9476,#9477,#9478,#9479,#9480,#9481,#9482,#9483,#9484,
    #9485,#9486,#9487,#9488,#9489,#9490,#9491,#9492,#9493,#9494,#9495,
    #9496,#9497,#9498,#9499,#9500,#9501,#9502,#9503,#9504,#9505,#9506,
    #9507,#9508,#9509,#9510,#9511,#9512,#9513,#9514,#9515,#9516,#9517,
    #9518,#9519,#9520),.UNSPECIFIED.,.F.,.F.,(4,1,1,1,1,1,1,1,1,1,1,1,1,
    1,1,1,1,1,1,1,1,1,1,1,1,1,1,1,1,1,1,1,1,1,1,1,1,1,1,1,1,1,1,1,1,1,1,
    1,1,1,1,1,1,1,1,1,1,1,1,1,4),(0.,0.35849440387,1.429953510739,
    3.202361716455,5.655878478876,8.763104935621,12.489436970584,
    16.793490404742,21.627586077053,26.938286454494,32.666979775172,
    38.750511475935,45.121865083695,51.710895509332,58.445116581224,
    65.250541528214,72.052569947201,78.776908029355,85.350501785419,
    91.702457997413,97.764927609928,103.4739343251,108.77015004459,
    113.59965185191,117.9147507134,121.67508684318,124.84942948974,
    127.41930658845,129.38789492809,130.80633989542,131.85598387055,
    132.90562784567,134.324072813,136.29266115265,138.86253825135,
    142.03688089792,145.7972170277,150.11231588918,154.94181769651,
    160.23803341599,165.94704013117,172.00950974369,178.36146595568,
    184.93505971174,191.6593977939,198.46142621288,205.26685115987,
    212.00107223177,218.5901026574,224.96145626516,231.04498796593,
    236.7736812866,242.08438166405,246.91847733636,251.22253077052,
    254.94886280548,258.05608926222,260.50960602464,262.28201423036,
    263.35347333723,263.7119677411),.UNSPECIFIED.);
#9458 = CARTESIAN_POINT('',(0.,0.));
#9459 = CARTESIAN_POINT('',(0.11867492246,-1.400238835217E-02));
#9460 = CARTESIAN_POINT('',(0.592053411724,-6.976218251653E-02));
#9461 = CARTESIAN_POINT('',(1.652274983685,-0.193812861347));
#9462 = CARTESIAN_POINT('',(3.40641583992,-0.396357669475));
#9463 = CARTESIAN_POINT('',(5.835277808261,-0.671410968455));
#9464 = CARTESIAN_POINT('',(8.912271907972,-1.011182367572));
#9465 = CARTESIAN_POINT('',(12.603705371128,-1.406541452699));
#9466 = CARTESIAN_POINT('',(16.869147695613,-1.847464706288));
#9467 = CARTESIAN_POINT('',(21.661872437614,-2.323393965867));
#9468 = CARTESIAN_POINT('',(26.929370075004,-2.82345739667));
#9469 = CARTESIAN_POINT('',(32.613926077025,-3.336535656623));
#9470 = CARTESIAN_POINT('',(38.653257334826,-3.851192021304));
#9471 = CARTESIAN_POINT('',(44.981199345081,-4.355518609272));
#9472 = CARTESIAN_POINT('',(51.528435902259,-4.836974856798));
#9473 = CARTESIAN_POINT('',(58.223262492253,-5.282303895492));
#9474 = CARTESIAN_POINT('',(64.992374160937,-5.677604942437));
#9475 = CARTESIAN_POINT('',(71.761668472425,-6.008615714435));
#9476 = CARTESIAN_POINT('',(78.457054657033,-6.261222040728));
#9477 = CARTESIAN_POINT('',(85.005260578424,-6.422167735868));
#9478 = CARTESIAN_POINT('',(91.334632255566,-6.479896533143));
#9479 = CARTESIAN_POINT('',(97.375916930117,-6.425418384777));
#9480 = CARTESIAN_POINT('',(103.06304295168,-6.253093206317));
#9481 = CARTESIAN_POINT('',(108.33384495818,-5.961161054444));
#9482 = CARTESIAN_POINT('',(113.13092185419,-5.5520945883));
#9483 = CARTESIAN_POINT('',(117.40207675195,-5.03216143328));
#9484 = CARTESIAN_POINT('',(121.10228729917,-4.411988324705));
#9485 = CARTESIAN_POINT('',(124.19179661469,-3.702657904333));
#9486 = CARTESIAN_POINT('',(126.64810527412,-2.923335876507));
#9487 = CARTESIAN_POINT('',(128.44779568401,-2.072489703401));
#9488 = CARTESIAN_POINT('',(129.64720997375,-1.165989114398));
#9489 = CARTESIAN_POINT('',(130.14961800387,-1.57023658434E-04));
#9490 = CARTESIAN_POINT('',(129.64965932625,1.166727552124));
#9491 = CARTESIAN_POINT('',(128.45215133035,2.075744909527));
#9492 = CARTESIAN_POINT('',(126.65425166377,2.930368552214));
#9493 = CARTESIAN_POINT('',(124.19958499495,3.714847104134));
#9494 = CARTESIAN_POINT('',(121.11157208403,4.430663922844));
#9495 = CARTESIAN_POINT('',(117.41267205786,5.058606097521));
#9496 = CARTESIAN_POINT('',(113.1426184364,5.587507521486));
#9497 = CARTESIAN_POINT('',(108.34641115657,6.006646936014));
#9498 = CARTESIAN_POINT('',(103.07623382902,6.309647116188));
#9499 = CARTESIAN_POINT('',(97.38948223003,6.493914866151));
#9500 = CARTESIAN_POINT('',(91.348325280483,6.561079578222));
#9501 = CARTESIAN_POINT('',(85.018846329249,6.516642574106));
#9502 = CARTESIAN_POINT('',(78.470316861049,6.369448451125));
#9503 = CARTESIAN_POINT('',(71.774414967052,6.130902977315));
#9504 = CARTESIAN_POINT('',(65.004440459986,5.814108437576));
#9505 = CARTESIAN_POINT('',(58.234513585893,5.433023381101));
#9506 = CARTESIAN_POINT('',(51.538766568025,5.001754444696));
#9507 = CARTESIAN_POINT('',(44.990533390483,4.53404844039));
#9508 = CARTESIAN_POINT('',(38.661546248658,4.043011628033));
#9509 = CARTESIAN_POINT('',(32.621147530393,3.541038979826));
#9510 = CARTESIAN_POINT('',(26.935526599646,3.039899405653));
#9511 = CARTESIAN_POINT('',(21.666990445029,2.550898810331));
#9512 = CARTESIAN_POINT('',(16.873276820631,2.085035311037));
#9513 = CARTESIAN_POINT('',(12.606917963624,1.653070448689));
#9514 = CARTESIAN_POINT('',(8.914662386907,1.265464237053));
#9515 = CARTESIAN_POINT('',(5.836961552809,0.932155267618));
#9516 = CARTESIAN_POINT('',(3.407527328812,0.662203179639));
#9517 = CARTESIAN_POINT('',(1.652964996825,0.463342509858));
#9518 = CARTESIAN_POINT('',(0.592485256511,0.341518567406));
#9519 = CARTESIAN_POINT('',(0.118990715607,0.286752989923));
#9520 = CARTESIAN_POINT('',(2.866498419842E-04,0.272999849509));
#9521 = ( GEOMETRIC_REPRESENTATION_CONTEXT(2) 
PARAMETRIC_REPRESENTATION_CONTEXT() REPRESENTATION_CONTEXT('2D SPACE',''
  ) );
#9522 = ADVANCED_FACE('',(#9523),#7265,.T.);
#9523 = FACE_BOUND('',#9524,.T.);
#9524 = EDGE_LOOP('',(#9525,#9526,#9546,#9547));
#9525 = ORIENTED_EDGE('',*,*,#9356,.F.);
#9526 = ORIENTED_EDGE('',*,*,#9527,.T.);
#9527 = EDGE_CURVE('',#7278,#7122,#9528,.T.);
#9528 = SURFACE_CURVE('',#9529,(#9532,#9539),.PCURVE_S1.);
#9529 = B_SPLINE_CURVE_WITH_KNOTS('',1,(#9530,#9531),.UNSPECIFIED.,.F.,
  .F.,(2,2),(0.,1.),.PIECEWISE_BEZIER_KNOTS.);
#9530 = CARTESIAN_POINT('',(1.505E+03,-320.,326.1785));
#9531 = CARTESIAN_POINT('',(1.505E+03,320.,326.1785));
#9532 = PCURVE('',#7265,#9533);
#9533 = DEFINITIONAL_REPRESENTATION('',(#9534),#9538);
#9534 = B_SPLINE_CURVE_WITH_KNOTS('',2,(#9535,#9536,#9537),
  .UNSPECIFIED.,.F.,.F.,(3,3),(0.499721131721,0.500278868279),
  .PIECEWISE_BEZIER_KNOTS.);
#9535 = CARTESIAN_POINT('',(6.312169758959E-14,5.786061588331E-04));
#9536 = CARTESIAN_POINT('',(0.1785,5.78606158833E-04));
#9537 = CARTESIAN_POINT('',(0.357,5.786061588329E-04));
#9538 = ( GEOMETRIC_REPRESENTATION_CONTEXT(2) 
PARAMETRIC_REPRESENTATION_CONTEXT() REPRESENTATION_CONTEXT('2D SPACE',''
  ) );
#9539 = PCURVE('',#8563,#9540);
#9540 = DEFINITIONAL_REPRESENTATION('',(#9541),#9545);
#9541 = LINE('',#9542,#9543);
#9542 = CARTESIAN_POINT('',(0.,0.));
#9543 = VECTOR('',#9544,1.);
#9544 = DIRECTION('',(0.,1.));
#9545 = ( GEOMETRIC_REPRESENTATION_CONTEXT(2) 
PARAMETRIC_REPRESENTATION_CONTEXT() REPRESENTATION_CONTEXT('2D SPACE',''
  ) );
#9546 = ORIENTED_EDGE('',*,*,#7121,.T.);
#9547 = ORIENTED_EDGE('',*,*,#9548,.F.);
#9548 = EDGE_CURVE('',#9357,#7124,#9549,.T.);
#9549 = SURFACE_CURVE('',#9550,(#9554,#9560),.PCURVE_S1.);
#9550 = LINE('',#9551,#9552);
#9551 = CARTESIAN_POINT('',(1.505E+03,-0.1365,634.5));
#9552 = VECTOR('',#9553,1.);
#9553 = DIRECTION('',(0.,1.,0.));
#9554 = PCURVE('',#7265,#9555);
#9555 = DEFINITIONAL_REPRESENTATION('',(#9556),#9559);
#9556 = B_SPLINE_CURVE_WITH_KNOTS('',1,(#9557,#9558),.UNSPECIFIED.,.F.,
  .F.,(2,2),(0.,0.273),.PIECEWISE_BEZIER_KNOTS.);
#9557 = CARTESIAN_POINT('',(0.,1.));
#9558 = CARTESIAN_POINT('',(0.357,1.));
#9559 = ( GEOMETRIC_REPRESENTATION_CONTEXT(2) 
PARAMETRIC_REPRESENTATION_CONTEXT() REPRESENTATION_CONTEXT('2D SPACE',''
  ) );
#9560 = PCURVE('',#9451,#9561);
#9561 = DEFINITIONAL_REPRESENTATION('',(#9562),#9566);
#9562 = LINE('',#9563,#9564);
#9563 = CARTESIAN_POINT('',(2.866498419842E-04,0.272999849509));
#9564 = VECTOR('',#9565,1.);
#9565 = DIRECTION('',(-1.049999421188E-03,-0.99999944875));
#9566 = ( GEOMETRIC_REPRESENTATION_CONTEXT(2) 
PARAMETRIC_REPRESENTATION_CONTEXT() REPRESENTATION_CONTEXT('2D SPACE',''
  ) );
#9567 = ADVANCED_FACE('',(#9568),#9451,.T.);
#9568 = FACE_BOUND('',#9569,.T.);
#9569 = EDGE_LOOP('',(#9570,#9571));
#9570 = ORIENTED_EDGE('',*,*,#9378,.T.);
#9571 = ORIENTED_EDGE('',*,*,#9548,.T.);
#9572 = ADVANCED_FACE('',(#9573),#8563,.T.);
#9573 = FACE_BOUND('',#9574,.T.);
#9574 = EDGE_LOOP('',(#9575,#9576));
#9575 = ORIENTED_EDGE('',*,*,#9527,.F.);
#9576 = ORIENTED_EDGE('',*,*,#7277,.T.);
#9577 = ( GEOMETRIC_REPRESENTATION_CONTEXT(3) 
GLOBAL_UNCERTAINTY_ASSIGNED_CONTEXT((#9581)) 
GLOBAL_UNIT_ASSIGNED_CONTEXT((#9578,#9579,#9580)) REPRESENTATION_CONTEXT
('Context #1','3D Context with UNIT and UNCERTAINTY') );
#9578 = ( LENGTH_UNIT() NAMED_UNIT(*) SI_UNIT(.MILLI.,.METRE.) );
#9579 = ( NAMED_UNIT(*) PLANE_ANGLE_UNIT() SI_UNIT($,.RADIAN.) );
#9580 = ( NAMED_UNIT(*) SI_UNIT($,.STERADIAN.) SOLID_ANGLE_UNIT() );
#9581 = UNCERTAINTY_MEASURE_WITH_UNIT(LENGTH_MEASURE(5.E-05),#9578,
  'distance_accuracy_value','confusion accuracy');
#9582 = PRODUCT_RELATED_PRODUCT_CATEGORY('part',$,(#7));
ENDSEC;
END-ISO-10303-21;
